timestamp,action_name,ema_slope,price_position_vs_channel,channel_width,above_ratio,below_ratio,stoch_d,stoch_slope,atr_14,atr_pct,volume_zscore,hour_of_day,day_of_week,recent_5_trade_avg_r,recent_10_trade_avg_r,recent_5_win_rate,recent_drawdown_pct,side,entry_price,stop_price,target_price,stop_distance_pct,required_leverage,close,net_r_multiple,net_pnl,reward,max_adverse_excursion_r,max_favorable_excursion_r,period
2024-01-07 14:30:00+00:00,base_tpe490,0.001847209521859447,3.667570453602954,0.0013540879739855007,1.0,0.0,74.27275584975658,-13.01189454303767,90.17000000000085,0.002034246725228266,-0.4456926729940203,14,6,0.0,0.0,0.5,0.0,short,44364.0,44456.69,44072.95339999999,0.002089306645027552,4.7862768367676,44325.99,3.022113449941376,3022.099348760095,3.022113449941376,0.0,3.022113449941376,train
2024-01-23 18:45:00+00:00,base_tpe490,0.0016714336019093422,0.9814530980082032,0.003078215579453527,1.0,0.0,42.48157034107028,-31.270944245511004,97.68785714285592,0.002487007326581748,-0.31207036675208916,18,1,0.0,0.0,0.5,0.0,short,39500.0,39654.34,39015.37240000001,0.00390734177215181,2.5592846961254954,39279.28,3.0655013130697117,3158.1392299999507,3.0655013130697117,0.0,3.0655013130697117,train
2024-02-15 08:20:00+00:00,base_tpe490,-0.0009727032563322295,-0.5159785530251536,0.001689995349084604,0.041666666666666664,0.5833333333333334,27.28255971158138,0.3353540658159524,92.41999999999929,0.0017810331341153271,-0.2664872706947073,8,3,0.0,0.0,0.5,0.0,long,51914.07,51634.01,52793.458399999996,0.005394683945989935,1.8536767121331297,51891.23,3.094875320632412,3286.1122409199857,3.094875320632412,0.0,3.094875320632412,train
2024-02-17 00:10:00+00:00,base_tpe490,0.0008194202935470083,2.661681561163197,0.0012038766016541128,0.6666666666666666,0.0,75.07395787489862,-10.157261392345376,50.12285714285723,0.0009617189216786225,-0.2205469357347098,0,5,0.0,0.0,0.5,0.0,short,52120.0,52208.0,51843.68,0.0016884113584036838,5.922727272727273,52117.99,3.0172283664017896,3302.8343759999966,3.0172283664017896,0.0,3.0172283664017896,train
2024-02-18 06:30:00+00:00,base_tpe490,0.00045309786596908557,0.16682419211093444,0.0010652675945999142,0.7916666666666666,0.0,45.000961384132026,-32.292584374034845,45.83214285714296,0.0008893639309084625,0.6393921377442668,6,6,0.0,0.0,0.5,0.0,short,51656.87,51691.1,51549.38780000002,0.0006626417744628338,15.091110137308254,51533.62,0.0,0.0,0.0,0.0,0.0,train
2024-02-18 13:25:00+00:00,base_tpe490,-0.0005551185860984035,-1.4479456342269326,0.0010434156796693774,0.4166666666666667,0.4166666666666667,18.2561555468061,3.5704977884705436,61.29499999999877,0.0011874903859677706,-0.6548677671421099,13,6,0.0,0.0,0.5,0.0,long,51628.0,51535.01,51919.9886,0.0018011544123343528,5.551994838154762,51617.26,3.023593867614666,3409.6757521999634,3.023593867614666,0.0,3.023593867614666,train
2024-02-18 17:55:00+00:00,base_tpe490,0.0006612446970512213,1.4866059127110567,0.0011002124693145197,0.7083333333333334,0.041666666666666664,74.12900412897932,-13.692688617796563,62.452857142858456,0.00120477119929647,-1.271618269255972,17,6,0.0,0.0,0.5,0.0,short,51885.88,51950.0,51684.543199999986,0.0012357890046386921,8.09199625701776,51837.94,2.9754349674961,3456.812345520215,2.9754349674961,0.0,2.9754349674961,train
2024-02-18 20:45:00+00:00,base_tpe490,-0.00033171973728837154,0.5128394579508793,0.0010848846852020678,0.16666666666666666,0.4583333333333333,30.558179247784874,9.070449629960024,54.25214285714225,0.0010481792320935022,0.3179983837615571,20,6,0.0,0.0,0.5,0.0,long,51721.51,51645.12,51961.3746,0.00147694837215695,6.770717371383741,51758.46,3.000734065291144,3589.9324870600126,3.000734065291144,0.0,3.000734065291144,train
2024-03-09 05:05:00+00:00,base_tpe490,0.00011468385568106793,0.9631510832315985,0.001531266434333231,0.375,0.041666666666666664,70.1349175341536,-2.7748589233318057,64.66285714285603,0.0009475392856498985,-0.23201592832935636,5,5,0.0,0.0,0.5,0.0,short,68249.29,68314.14,68045.66099999998,0.0009501930349752477,10.524177332304374,68242.93,0.0,0.0,0.0,0.0,0.0,train
2024-03-14 23:45:00+00:00,base_tpe490,0.0019075495091712448,1.9611050003948687,0.0036015242753006517,0.9166666666666666,0.0,85.45649006687779,-1.5035715885245509,145.52642857142615,0.002035872534316075,0.06432564047192024,23,3,0.0,0.0,0.5,0.0,short,71436.76,71709.9,70579.1004,0.0038235216714755742,2.615389909936302,71481.11,-1.044726538838261,-1287.3577959999975,-1.044726538838261,-1.0,0.0,train
2024-03-16 05:35:00+00:00,base_tpe490,-0.0008925127847149942,0.11021738325080621,0.0026836599826471426,0.20833333333333334,0.4583333333333333,26.810935067714173,9.164347732081737,186.43571428571263,0.0027022801815531168,-0.028868027534001587,5,5,0.0,0.0,0.5,0.0,long,68896.0,68775.0,69275.94,0.0017562703204830469,5.693884297520661,68992.0,3.049154466110801,3718.0703500000236,3.049154466110801,0.0,3.049154466110801,train
2024-03-17 11:35:00+00:00,base_tpe490,0.0033590871849025488,3.7228779471551756,0.0031933474133097784,1.0,0.0,75.19635736760594,-8.127895136894523,199.55714285714308,0.0029714769693411,-0.7670784903156146,11,6,0.0,0.0,0.5,0.0,short,67078.41,67360.5,66192.64740000002,0.004205376961081762,2.377908114431594,67157.56,-1.0434080302895103,-1311.0856959999846,-1.0434080302895103,-1.0,0.0,train
2024-03-18 06:00:00+00:00,base_tpe490,0.002522684460519334,3.1379728647245346,0.002603652745230979,0.8333333333333334,0.08333333333333333,81.40485557633806,-9.628278412075034,175.61928571428456,0.0025601773983944167,-0.4896149958844989,6,0,0.0,0.0,0.5,0.0,short,68624.15,68825.37,67992.31919999998,0.0029322038961502794,3.4104040353841363,68596.53,3.0822609387534516,3832.603428600066,3.0822609387534516,0.0,3.0822609387534516,train
2024-03-21 05:45:00+00:00,base_tpe490,-0.002288546943790088,-0.39834460179014536,0.0034907215665521503,0.0,1.0,45.66052065880198,22.99820397679214,227.18214285714097,0.003402642810006188,-0.015569270587210495,5,3,0.0,0.0,0.5,0.0,long,66536.0,66304.02,67264.41719999998,0.003486533605867439,2.868178291232053,66766.38,3.08909105751191,3959.470555159899,3.08909105751191,0.0,3.08909105751191,train
2024-03-23 02:15:00+00:00,base_tpe490,0.002360107929846794,2.1845464816033475,0.0029786959145356212,1.0,0.0,73.55309376018171,-12.517625469146921,194.25642857142833,0.0030376298447447746,-0.7642917243115951,2,5,0.0,0.0,0.5,0.0,short,64031.18,64334.25,63079.5402,0.004733162812242406,2.1127521694658022,63950.0,3.099436332900454,4095.4553640199883,3.099436332900454,0.0,3.099436332900454,train
2024-03-26 23:25:00+00:00,base_tpe490,0.00043869049761697035,1.2589933416016494,0.002146966288730329,0.5,0.20833333333333334,89.71479256924982,-0.30787577282862344,119.42000000000033,0.0017025948103792461,0.5672278455772458,23,1,0.0,0.0,0.5,0.0,short,70159.99,70280.0,69783.15860000002,0.0017105190579416382,5.846178651779274,70140.0,-1.0906668221311622,-1485.8345169999407,-1.0906668221311622,-1.0,0.0,train
2024-03-29 14:10:00+00:00,base_tpe490,0.0009600351848305004,3.15757297405466,0.0016605930736527511,0.5,0.125,70.4746246214751,-10.35393609028148,125.67857142856936,0.0017830285957251568,0.2724026741282319,14,4,0.0,0.0,0.5,0.0,short,70349.99,70598.0,69571.23860000003,0.0035253736354474924,2.8365787669852627,70486.01,3.0922576918655413,4166.703231339888,3.0922576918655413,0.0,3.0922576918655413,train
2024-04-01 14:00:00+00:00,base_tpe490,0.0007969570081113568,0.4337626700921973,0.001744698398876654,0.5416666666666666,0.125,70.35546685679758,-11.935186397122393,170.98571428571242,0.0024520074697214505,0.7765888733851695,14,0,0.0,0.0,0.5,0.0,short,69780.06,70040.0,68963.84839999999,0.0037251329391233302,2.6844679541432397,69732.95,3.0943307783141205,4298.3947904000515,3.0943307783141205,0.0,3.0943307783141205,train
2024-04-03 05:00:00+00:00,base_tpe490,0.002103615039406606,3.1622588707615145,0.0022658925009850315,1.0,0.0,74.04887768012273,-5.933019156041979,117.2385714285691,0.0017690516223908335,0.5850176416441539,5,2,0.0,0.0,0.5,0.0,short,66280.0,66478.59,65656.42740000002,0.0029962281231140087,3.3375295835641863,66271.99,-1.0573376972213004,-1514.2259259999748,-1.0573376972213004,-1.0,0.0,train
2024-04-04 05:10:00+00:00,base_tpe490,-0.0018462721454448883,-1.4226869673111313,0.001854580621736544,0.0,1.0,58.31294796422901,9.243930865871128,141.14071428571438,0.002153683709568118,-0.6302478104257978,5,3,0.0,0.0,0.5,0.0,long,65548.04,65225.0,66562.38559999998,0.004928293813209268,2.0290998018821598,65534.56,3.1019866709345547,4395.361105279939,3.1019866709345547,0.0,3.1019866709345547,train
2024-04-08 01:45:00+00:00,base_tpe490,0.0007860258831724052,0.9793900552176736,0.0017191741207286035,0.3333333333333333,0.2916666666666667,79.2698925279074,-7.579271463196662,125.88928571428447,0.0018127651083472693,1.269850529755091,1,0,0.0,0.0,0.5,0.0,short,69526.01,69766.43,68771.0912,0.0034579864427715366,2.891856334747546,69446.0,-1.0484389160352856,-1531.6771299999893,-1.0484389160352856,-1.0,0.0,train
2024-04-09 13:15:00+00:00,base_tpe490,4.717857716074854e-05,-0.1425152929618212,0.0019087418926880405,0.375,0.08333333333333333,30.634109806702327,-33.107662399740754,113.10714285714182,0.0016013125524661036,0.7466206919358284,13,1,0.0,0.0,0.5,0.0,short,70807.15,70931.99,70415.15239999996,0.0017630987831032752,5.671831944888956,70634.02,3.0529799725174334,4413.417608720365,3.0529799725174334,0.0,3.0529799725174334,train
2024-04-11 23:55:00+00:00,base_tpe490,-0.0008126634449736801,-1.1993935506878544,0.001656828171831354,0.0,0.8333333333333334,52.69788894021648,22.718408634488334,87.74714285714124,0.0012534190579487174,-0.5110192185860782,23,3,0.0,0.0,0.5,0.0,long,70008.01,69804.87,70645.86959999999,0.0029016679662798505,3.4462936890814313,70006.23,3.084060319096856,4594.471162559972,3.084060319096856,0.0,3.084060319096856,train
2024-04-20 05:10:00+00:00,base_tpe490,0.0005278384247368035,1.342550377305941,0.0023924706722662963,0.4583333333333333,0.0,60.86556048733341,-16.102448928150707,117.89642857142826,0.001840580432233025,-0.519496414175545,5,5,0.0,0.0,0.5,0.0,short,64084.87,64220.0,63660.56180000001,0.0021086100354108135,4.742460593502645,64053.94,-1.08051456467907,-1659.3298849999705,-1.08051456467907,-1.0,0.0,train
2024-04-20 14:20:00+00:00,base_tpe490,0.00037333392250000596,0.11455252989073288,0.001678350789072326,0.5833333333333334,0.125,63.84644360622675,-5.558678554161666,82.5199999999994,0.0012939058945316076,-0.10950216756800266,14,5,0.0,0.0,0.5,0.0,short,63818.35,64047.92,63097.5002,0.0035972412323414774,2.7799080890360273,63775.89,-1.0501425972032805,-1595.2586469999983,-1.0501425972032805,-1.0,0.0,train
2024-04-26 07:55:00+00:00,base_tpe490,-0.0001455778512596888,-0.5476467844042453,0.0014524954747174397,0.2916666666666667,0.25,19.30319152549647,-15.714335129944825,89.16357142857045,0.0013871780074905615,1.0382859483304796,7,4,0.0,0.0,0.5,0.0,short,64400.0,64610.82,63738.025200000004,0.003273602484472045,3.0547386395977654,64276.95,3.0859134591396344,4638.580323999974,3.0859134591396344,0.0,3.0859134591396344,train
2024-05-05 21:00:00+00:00,base_tpe490,-0.0012709080635267948,-2.627498159815285,0.0014017321752577124,0.0,1.0,31.7262887543568,12.726659074045614,67.83857142857129,0.0010653711198657467,-0.15321363143394084,21,6,0.0,0.0,0.5,0.0,long,63685.47,63582.08,64010.1146,0.0016234472321551433,6.159732082406458,63676.0,3.0368252631645167,4705.641549119995,3.0368252631645167,0.0,3.0368252631645167,train
2024-05-06 01:35:00+00:00,base_tpe490,0.001242428407734161,1.8038177059879084,0.001396166842793068,1.0,0.0,71.06686999457888,-10.825808239877617,99.31857142857085,0.0015482194429754744,0.2907598213088983,1,0,0.0,0.0,0.5,0.0,short,64260.08,64412.08,63782.8,0.0023653876559132825,4.227636842105263,64150.19,3.067947128908728,4898.215663999988,3.067947128908728,0.0,3.067947128908728,train
2024-05-06 13:20:00+00:00,base_tpe490,-0.0029656939473452887,-4.20297882085016,0.0025891409893233144,0.0,1.0,26.089988594860692,6.100849920107933,227.8585714285712,0.0035891152605073747,-0.3358239486607177,13,0,0.0,0.0,0.5,0.0,long,63621.35,63380.81,64376.6456,0.0037808062859401898,2.644938471771837,63486.0,-1.0476500924038423,-1723.969194000006,-1.0476500924038423,-1.0,0.0,train
2024-05-08 04:50:00+00:00,base_tpe490,-1.7207832932577e-05,-0.9890761785207088,0.0017425991426426092,0.375,0.2916666666666667,32.241441929897356,-31.114253039768485,100.35142857142897,0.001602706700247629,-0.9977274694846181,4,2,0.0,0.0,0.5,0.0,short,62888.0,63020.22,62472.82919999999,0.0021024678794046743,4.756315232188735,62613.72,3.0582272115891627,4979.799953240088,3.0582272115891627,0.0,3.0582272115891627,train
2024-05-08 22:05:00+00:00,base_tpe490,-0.0026611036219836427,-3.375156366088221,0.0022957770366066788,0.0,1.0,16.148628078708718,-4.783425576387781,145.90857142857098,0.002373203269079596,-0.42997078769969976,22,2,0.0,0.0,0.5,0.0,long,61565.27,61382.0,62140.73779999999,0.002976840676569709,3.3592661101108243,61481.7,-1.0605233176435018,-1779.6960819999708,-1.0605233176435018,-1.0,0.0,train
2024-05-12 21:50:00+00:00,base_tpe490,-0.0006192769077410194,-0.39680164923123284,0.0012284238655246166,0.08333333333333333,0.5416666666666666,47.01390487756138,17.003689875308282,91.78714285714315,0.0014984572194556892,-0.3149640703194016,21,6,0.0,0.0,0.5,0.0,long,61306.01,61045.73,62123.2892,0.00424558701504141,2.3553868910404283,61254.43,-1.0444430760385799,-1734.1161199999926,-1.0444430760385799,-1.0,0.0,train
2024-05-16 13:30:00+00:00,base_tpe490,-0.00040893084118220457,0.49890273470518337,0.001996338275399693,0.4166666666666667,0.3333333333333333,14.606855647781043,0.8730219151142844,218.0857142857151,0.0032980831344657305,-0.2663740800214056,13,3,0.0,0.0,0.5,0.0,long,66042.57,65904.16,66477.17740000002,0.002095769440831928,4.771517231413796,66124.99,-1.0783356086594484,-1771.6860640000414,-1.0783356086594484,-1.0,0.0,train
2024-05-22 09:00:00+00:00,base_tpe490,0.0004395304648111061,1.0009841744828352,0.0014263348927273285,0.375,0.5,74.61423734718119,-9.77851690426749,105.64214285714426,0.0015104806825270252,-0.09932957074381986,9,2,0.0,0.0,0.5,0.0,short,69934.12,70200.0,69099.25679999997,0.0038018638112555744,2.630288852113689,69939.42,-1.0437637713626609,-1696.3992640000286,-1.0437637713626609,-1.0,0.0,train
2024-05-26 08:40:00+00:00,base_tpe490,0.0008814462661429252,1.2339858519423612,0.0008034227911730255,0.9583333333333334,0.0,48.57438336235377,-22.02213506545283,85.19357142857396,0.0012312636728790528,-0.4027933956036302,8,6,0.0,0.0,0.5,0.0,short,69334.0,69491.06,68840.8316,0.002265266680128042,4.414491277218962,69191.98,3.0701123585677585,4937.692732839949,3.0701123585677585,0.0,3.0701123585677585,train
2024-05-28 11:30:00+00:00,base_tpe490,0.0010926535295558454,1.0053582251640956,0.0015487704554618445,0.9166666666666666,0.0,55.82103061029612,-6.4682645943657135,76.59357142857127,0.0011202356762494532,-0.20383527371078744,11,1,0.0,0.0,0.5,0.0,short,68436.18,68727.59,67521.15259999999,0.004258127791469417,2.348449950241899,68372.73,3.0996515813761256,5138.248364900036,3.0996515813761256,0.0,3.0996515813761256,train
2024-05-28 22:35:00+00:00,base_tpe490,0.0011298518352296529,2.3016011354250523,0.0016819390805489873,0.9583333333333334,0.0,84.72617365229101,-0.05025111071881838,73.14928571428234,0.0010681788914733135,0.3351547550514026,22,1,0.0,0.0,0.5,0.0,short,68537.7,68650.0,68185.078,0.0016385142775436426,6.103089937666805,68480.37,-1.0948983646279313,-1871.2470100000444,-1.0948983646279313,-1.0,0.0,train
2024-05-31 23:45:00+00:00,base_tpe490,-0.0006573183448796102,0.09406354063227147,0.0014109107184806127,0.0,0.4166666666666667,23.882872815636482,2.8692470064629134,101.69571428571466,0.0015060244149983644,0.07423894469540539,23,4,0.0,0.0,0.5,0.0,long,67489.76,67304.0,68073.04639999998,0.0027524175519366904,3.6331696813093184,67525.94,3.0802511336974017,5206.676925439842,3.0802511336974017,0.0,3.0802511336974017,train
2024-06-05 13:50:00+00:00,base_tpe490,0.0001328685477953007,-1.1561016742557462,0.0015536046640324801,0.4166666666666667,0.4166666666666667,44.97079888793176,-35.818100109764764,135.11500000000316,0.00191002261803793,-0.05909674476531265,13,2,0.0,0.0,0.5,0.0,short,71039.99,71166.0,70644.31860000003,0.0017737896641032008,5.6376470121421285,70740.0,3.0549020609589017,5322.909850639689,3.0549020609589017,0.0,3.0549020609589017,train
2024-06-25 01:20:00+00:00,base_tpe490,0.0008840395030617077,1.7533542713084544,0.0022507134964445865,0.9583333333333334,0.0,48.02678216661599,-22.77752766900862,116.50999999999944,0.001928462339701007,-0.8746497530323816,1,1,0.0,0.0,0.5,0.0,short,60425.69,60664.3,59676.4546,0.00394881713390448,2.5324039227190753,60416.01,-1.047478450269657,-1880.8896940000045,-1.047478450269657,-1.0,0.0,train
2024-06-26 01:10:00+00:00,base_tpe490,-0.00021424055328072796,1.6285391825757756,0.001432627203172079,0.0,0.6666666666666666,56.38141974670854,16.139576147756706,81.92500000000031,0.0013232600281466382,1.2679913703194754,1,2,0.0,0.0,0.5,0.0,long,61760.01,61643.48,62125.9142,0.0018868196426781478,5.299923624817697,61911.49,3.0485572126005285,5416.791651179958,3.0485572126005285,0.0,3.0485572126005285,train
2024-07-02 16:45:00+00:00,base_tpe490,-0.0025137191817532936,-3.04239252730896,0.0017900855089711155,0.0,1.0,27.424190348744183,11.134172752821478,99.60357142857121,0.001607023723378714,0.34799781879373537,16,1,0.0,0.0,0.5,0.0,long,61972.11,61806.28,62492.81620000001,0.0026758811342715576,3.737086775613541,61980.15,-1.0657641804734368,-1951.4269450000195,-1.0657641804734368,-1.0,0.0,train
2024-07-05 12:50:00+00:00,base_tpe490,0.002078720173175469,1.362364780357741,0.003982035864604549,1.0,0.0,42.40816306101621,-28.43471220449719,237.96714285714293,0.004308970938263892,-0.5888782353402476,12,4,0.0,0.0,0.5,0.0,short,55421.1,55568.99,54956.7254,0.002668478251063213,3.747454188924215,55225.98,3.066861857867413,5555.589037939946,3.066861857867413,0.0,3.066861857867413,train
2024-07-08 07:00:00+00:00,base_tpe490,0.0004747691871297888,0.5460792607725,0.0030694476972106884,0.375,0.375,80.66497999879151,-7.151727018262804,174.36785714285725,0.003138191872867872,-0.5923374063690359,7,0,0.0,0.0,0.5,0.0,short,55695.22,55794.62,55383.104,0.0017847133021469607,5.603140845070341,55563.16,-1.1059596644563476,-2064.8820800000276,-1.1059596644563476,-1.0,0.0,train
2024-07-10 10:40:00+00:00,base_tpe490,-0.0005839251025736421,0.3941250151946223,0.0020715155660130484,0.0,0.5833333333333334,54.626384998897,23.589773836237224,108.53857142857045,0.0018513154666457857,-0.16386476373239733,10,2,0.0,0.0,0.5,0.0,long,58554.45,58311.66,59316.810599999975,0.004146397071443649,2.4117323612999524,58627.81,-1.0466038209248185,-1932.4426709999514,-1.0466038209248185,-1.0,0.0,train
2024-07-11 16:25:00+00:00,base_tpe490,-0.0034259334507115644,-1.8874765267761915,0.0032071132921529465,0.0,1.0,30.4267762810207,19.040740426029092,182.76857142857105,0.0031715997125733044,-1.1962769300066776,16,3,0.0,0.0,0.5,0.0,long,57581.31,57336.81,58349.04,0.004246169460194636,2.3550638036809817,57626.62,-1.0463730241199987,-1911.8021500000002,-1.0463730241199987,-1.0,0.0,train
2024-07-14 13:20:00+00:00,base_tpe490,-0.0012814888866977835,-1.66523130452773,0.0014434136618504973,0.25,0.625,11.41662698408895,1.9230177966036894,91.19357142857292,0.0015266101964422608,2.7817125590021203,13,6,0.0,0.0,0.5,0.0,long,59771.9,59584.0,60361.906,0.0031436176531112687,3.1810484300159416,59735.99,-1.0587509088514317,-1914.174010000014,-1.0587509088514317,-1.0,0.0,train
2024-07-19 05:00:00+00:00,base_tpe490,0.0012118492719784561,2.272922837905892,0.0014417777000106941,1.0,0.0,63.30500655751679,-13.272690806030724,67.99214285714281,0.0010601573620165465,-0.2700391985708567,5,4,0.0,0.0,0.5,0.0,short,64128.0,64366.0,63380.68,0.0037113273453093813,2.694453781512605,64134.01,-1.0476071216139464,-1873.968,-1.0476071216139464,-1.0,0.0,train
2024-07-20 01:00:00+00:00,base_tpe490,-0.0003751592056393147,0.16344083624460132,0.0017505471065013738,0.5,0.3333333333333333,28.5783207186754,14.966172399091175,121.06499999999816,0.0018184480894015585,-0.13805122962780922,1,5,0.0,0.0,0.5,0.0,long,66474.0,66300.0,67020.36,0.00261756476216265,3.820344827586207,66576.0,-1.063120767392334,-1881.7952,-1.063120767392334,-1.0,0.0,train
2024-07-28 13:10:00+00:00,base_tpe490,0.0013055067868208289,3.924906146763806,0.0012188719607430976,1.0,0.0,76.29670601964906,-11.245342776127416,88.64071428571022,0.0013034247162230254,-0.9533380233239467,13,6,0.0,0.0,0.5,0.0,short,67948.0,68068.0,67571.2,0.001766056396067581,5.662333333333334,68006.01,-1.0890435207645255,-1907.194,-1.0890435207645255,-1.0,0.0,train
2024-08-01 07:45:00+00:00,base_tpe490,0.0001764175997188865,1.1032635626671223,0.0018365354029040355,0.4166666666666667,0.041666666666666664,71.52710622710624,-6.566762427967262,78.2021428571435,0.0012147715097152417,-1.1047172596082264,7,3,0.0,0.0,0.5,0.0,short,64410.36,64488.0,64166.570400000004,0.0012053961505571374,8.296027820711036,64376.01,-1.1345726358609214,-1965.292219999987,-1.1345726358609214,-1.0,0.0,train
2024-08-08 14:15:00+00:00,base_tpe490,0.0007453903112384159,1.5832429359177265,0.003812060903623436,0.625,0.16666666666666666,36.99268553317199,11.37404193121531,327.13214285714275,0.0056767923714104275,0.25705279980503604,14,3,0.0,0.0,0.5,0.0,long,57489.93,56826.42,59573.35140000001,0.011541325585193826,0.8664515983180332,57626.23,3.119089286882261,5341.500633400017,3.119089286882261,0.0,3.119089286882261,train
2024-08-13 01:20:00+00:00,base_tpe490,0.0017969732442450214,2.3129046248604155,0.0031209547408051134,1.0,0.0,63.57023511106977,-13.409551491328195,190.0735714285729,0.003184969602494925,-0.6113447271978675,1,1,0.0,0.0,0.5,0.0,short,59640.0,59890.62,58853.053199999995,0.004202213279678112,2.3796983480966953,59678.3,3.0944362599291027,5464.600236840037,3.0944362599291027,0.0,3.0944362599291027,train
2024-08-18 04:50:00+00:00,base_tpe490,-0.0005690081390174552,-0.13911811678632435,0.0014446685971643417,0.375,0.4583333333333333,14.070466899955212,-2.025431482341526,84.30571428571524,0.0014183807376714431,1.0560209310391595,4,6,0.0,0.0,0.5,0.0,long,59445.01,59300.0,59900.341400000005,0.002439397352275692,4.099373146679482,59438.0,3.0655465018670793,5581.091193860035,3.0655465018670793,0.0,3.0655465018670793,train
2024-08-29 19:15:00+00:00,base_tpe490,-0.004214581235853794,-4.048362827191556,0.003060748141603535,0.20833333333333334,0.5833333333333334,13.127307128666482,4.899817553546994,287.7778571428576,0.004853568923415779,-0.4128616333639053,19,3,0.0,0.0,0.5,0.0,long,59271.1,59085.27,59854.6062,0.0031352547869029214,3.189533444546061,59292.01,-1.0591419789727305,-1987.3738420000177,-1.0591419789727305,-1.0,0.0,train
2024-08-31 13:20:00+00:00,base_tpe490,0.00040397777581068764,2.724596063901954,0.0006558678122947916,0.8333333333333334,0.0,80.52812150649623,-1.4342592053760939,39.93500000000027,0.0006744636591008897,-0.4071802675101786,13,5,0.0,0.0,0.5,0.0,short,59207.0,59244.04,59090.6944,0.0006256017025014082,15.984611231101134,59210.01,0.0,0.0,0.0,0.0,0.0,train
2024-09-06 02:50:00+00:00,base_tpe490,0.002330901019304513,3.9402016119148495,0.0020208218396100923,0.6666666666666666,0.16666666666666666,90.69457844389603,1.7014943760417083,111.25071428571339,0.0019606071919317856,-0.4613748158924536,2,4,0.0,0.0,0.5,0.0,short,56739.0,56858.88,56362.57680000001,0.002112832443292927,4.732982982983087,56742.99,3.05119686749025,5664.649529119848,3.05119686749025,0.0,3.05119686749025,train
2024-09-10 08:35:00+00:00,base_tpe490,0.0019280209013628293,3.29173111779737,0.0014912650378230473,0.9166666666666666,0.0,83.66949512325579,-4.883244340225531,95.0392857142854,0.0016623397067495522,-0.617230521829594,8,1,0.0,0.0,0.5,0.0,short,57204.0,57378.0,56657.64,0.003041745332494231,3.287586206896552,57172.0,-1.0626981580740194,-2033.1352000000002,-1.0626981580740194,-1.0,0.0,train
2024-09-15 15:30:00+00:00,base_tpe490,0.0006480053804852139,2.380465855876219,0.0009138549905601267,0.8333333333333334,0.125,70.78264735772318,-6.703014688831814,75.52642857142928,0.001254175167243927,-0.7186612946478451,15,6,0.0,0.0,0.5,0.0,short,60242.0,60395.8,59759.06799999999,0.0025530360877793383,3.9169050715213825,60220.0,3.069697447975936,5810.468710400098,3.069697447975936,0.0,3.069697447975936,train
2024-09-16 09:15:00+00:00,base_tpe490,0.0010644641582237967,1.3298835245725533,0.0014447278050617974,1.0,0.0,46.68650935573788,-7.791963174492899,86.34428571428569,0.0014664179232124557,-0.016444508941267498,9,0,0.0,0.0,0.5,0.0,short,58891.1,59100.0,58235.153999999995,0.0035472253022952784,2.8191048348491905,58881.09,3.0870044662977687,6022.554288600033,3.0870044662977687,0.0,3.0870044662977687,train
2024-09-21 08:30:00+00:00,base_tpe490,0.0003123130769964346,0.8176094973908372,0.0007359316920773992,0.875,0.0,47.94374999999943,-16.007389220173806,36.486428571428924,0.0005790519563354458,0.20811067608482284,8,5,0.0,0.0,0.5,0.0,short,63019.99,63134.0,62661.99859999999,0.0018091085066818011,5.527584422418987,63010.63,-1.0926838046627612,-2197.5860040000357,-1.0926838046627612,-1.0,0.0,train
2024-09-25 05:35:00+00:00,base_tpe490,-0.0002665187235051692,0.1122787685510222,0.00132323916306761,0.4583333333333333,0.20833333333333334,19.040039734948827,-0.30259589649639906,62.384999999999955,0.0009711239103362384,0.3191723686779942,5,2,0.0,0.0,0.5,0.0,long,64263.0,64172.84,64546.10240000001,0.0014029846101178516,7.1276619343386765,64240.0,-1.1159410771791198,-2219.8300800000775,-1.1159410771791198,-1.0,0.0,train
2024-09-29 00:55:00+00:00,base_tpe490,0.0005619603258613088,-0.1965003563319163,0.0008224749502881159,0.5833333333333334,0.16666666666666666,40.91603469911085,-26.63327158340448,83.21071428571408,0.0012667740589204588,-0.4751922322897589,0,6,0.0,0.0,0.5,0.0,short,65891.16,65984.0,65599.64240000001,0.0014089902196288016,7.097281344248436,65687.1,3.027203925683688,5954.51339119983,3.027203925683688,0.0,3.027203925683688,train
2024-10-02 11:35:00+00:00,base_tpe490,-0.0010835678833086221,-1.2577386520241383,0.0020161719603232204,0.0,1.0,45.06545367201123,19.163872043629382,173.4000000000004,0.0028309275075218006,0.32997820675810874,11,2,0.0,0.0,0.5,0.0,long,61280.0,60888.89,62508.0854,0.006382343342036563,1.5668226330188415,61252.01,-1.0305027819965726,-2088.3514650000034,-1.0305027819965726,-1.0,0.0,train
2024-10-14 01:15:00+00:00,base_tpe490,-0.0004670901673188408,0.5641571946610885,0.0013273529380814137,0.2916666666666667,0.4166666666666667,24.238918369814467,6.802561739557774,89.41142857142871,0.0014260205041825979,-0.2560783164559405,1,0,0.0,0.0,0.5,0.0,long,62619.99,62479.9,63059.87259999999,0.0022371450394673732,4.469982868156297,62699.96,-1.0763685512879855,-2158.83852999995,-1.0763685512879855,-1.0,0.0,train
2024-10-18 10:15:00+00:00,base_tpe490,-0.00020007357639303692,0.2505885952454249,0.0012488164288209044,0.4166666666666667,0.3333333333333333,13.805859155579697,2.677522982294118,66.2042857142868,0.0009757666747182369,0.299766849363626,10,4,0.0,0.0,0.5,0.0,long,67833.99,67763.26,68056.08220000003,0.001042692608823548,9.590554220272864,67848.48,-1.146422853756651,-2274.589522000294,-1.146422853756651,-1.0,0.0,train
2024-10-19 07:55:00+00:00,base_tpe490,-0.0002833674243795464,-0.7946297841392402,0.0005811783484158848,0.0,0.8333333333333334,31.08542443973218,-19.15099418526789,26.16857142857043,0.00038288070513255585,-0.45388518784008514,7,5,0.0,0.0,0.5,0.0,long,68343.08,68302.31,68471.09780000002,0.0005965490580758736,16.763080696588954,68346.54,0.0,0.0,0.0,0.0,0.0,train
2024-10-19 21:55:00+00:00,base_tpe490,0.0003631257247714905,0.6532347333228907,0.00043830627391613973,0.8333333333333334,0.0,70.47053773729608,-14.467348699987511,32.39071428571229,0.0004747810109624107,-0.22602149214373465,21,5,0.0,0.0,0.5,0.0,short,68261.07,68343.03,68003.71560000004,0.0012006843725126466,8.3285834553449,68222.43,-1.1271093034938915,-2210.6395839998054,-1.1271093034938915,-1.0,0.0,train
2024-10-25 18:25:00+00:00,base_tpe490,-0.0027128743776258634,-1.0668446135740173,0.0030551367441404424,0.0,1.0,40.921136791756766,23.603951249480097,342.2557142857144,0.005077978710170646,0.266509170846384,18,4,0.0,0.0,0.5,0.0,long,67448.01,66770.7,69574.76339999998,0.0100419567604737,0.9958218540993079,67399.99,-1.0199210371670722,-1977.8372609999935,-1.0199210371670722,-1.0,0.0,train
2024-11-02 01:25:00+00:00,base_tpe490,0.00027125810819001616,0.9991878434958688,0.001509247898098415,0.5833333333333334,0.0,57.71033786247508,-26.785535506699496,49.84642857142587,0.0007164255975205711,-0.8383678432567153,1,5,0.0,0.0,0.5,0.0,short,69636.0,69675.92,69510.65120000001,0.0005732667011315735,17.443887775551868,69576.56,0.0,0.0,0.0,0.0,0.0,train
2024-11-02 23:45:00+00:00,base_tpe490,-0.0006879916038208159,-1.3348044136891801,0.0008066754603169773,0.125,0.5,13.957633753204979,2.347371578628419,72.29642857143024,0.001042997850444468,-0.6625084293740607,23,5,0.0,0.0,0.5,0.0,long,69293.99,69168.62,69687.65180000004,0.0018092478149982398,5.527158809922193,69315.99,-1.0849737523465466,-2082.5417740001517,-1.0849737523465466,-1.0,0.0,train
2024-11-05 01:00:00+00:00,base_tpe490,0.0007752709054128674,1.9218582463219402,0.0022700838102752735,0.5416666666666666,0.0,83.19846488235314,-2.6889447746537485,132.86214285714647,0.0019517176242010619,1.5745316281453705,1,1,0.0,0.0,0.5,0.0,short,67984.0,68114.0,67575.8,0.0019122146387385267,5.2295384615384615,68074.47,3.0578099507853884,5805.631359999958,3.0578099507853884,0.0,3.0578099507853884,train
2024-11-08 06:00:00+00:00,base_tpe490,0.00021518042970238322,0.5566856424289186,0.0013996393857843314,0.375,0.125,64.63643586499147,-10.157115475403359,82.55214285714464,0.0010871565156207318,-0.15364172737671009,6,4,0.0,0.0,0.5,0.0,short,75969.13,76139.83,75433.13200000001,0.002246965313410817,4.450446983011206,75934.0,-1.0636930428927318,-2081.2918199999667,-1.0636930428927318,-1.0,0.0,train
2024-11-18 14:25:00+00:00,base_tpe490,-0.0027540047682093516,-0.7231734211528011,0.002678872987464865,0.0,1.0,52.76817505866669,26.093082384138214,265.308571428574,0.0029356671641748862,-0.8685831835670254,14,0,0.0,0.0,0.5,0.0,long,89671.41,89376.9,90596.17140000004,0.0032843244017241313,3.044766221859943,90374.2,3.1008795892234136,6002.818158340211,3.1008795892234136,0.0,3.1008795892234136,train
2024-11-21 15:55:00+00:00,base_tpe490,-0.0019311085465883457,-0.9532614037084247,0.0033092345063033823,0.08333333333333333,0.7083333333333334,25.177373297116368,10.58137559131962,483.5507142857158,0.005001972797559953,-0.8217340999098537,15,3,0.0,0.0,0.5,0.0,long,96754.76,96123.0,98738.48639999998,0.006529497876900266,1.5315113334177661,96672.0,3.119160823226288,6225.396442879953,3.119160823226288,0.0,3.119160823226288,train
2024-11-22 11:30:00+00:00,base_tpe490,-0.0004878563644715035,1.7040910926044586,0.0016520675081559623,0.0,0.7916666666666666,70.17186917944875,25.82281317134219,163.6807142857142,0.001655495535306557,0.0685613576981958,11,4,0.0,0.0,0.5,0.0,long,98433.95,98219.84,99106.2554,0.00217516415830108,4.597354163747593,98871.13,-1.051563738702667,-2164.2573750000056,-1.051563738702667,-1.0,0.0,train
2024-11-26 17:00:00+00:00,base_tpe490,0.0029788722965576105,2.391063262440716,0.0035787303699832003,0.7916666666666666,0.041666666666666664,85.73640487326523,-9.503576242490325,354.03428571428856,0.003775963347631421,0.31692357955888967,17,1,0.0,0.0,0.5,0.0,short,93736.03,94345.12,91823.48740000001,0.0064979282779524215,1.5389520432120136,93759.99,3.118671661293661,6351.151183099953,3.118671661293661,0.0,3.118671661293661,train
2024-11-27 00:40:00+00:00,base_tpe490,-9.74077879910159e-05,-0.5793472721372208,0.002888687972657896,0.125,0.6666666666666666,70.76708939065843,-5.709639762318034,199.5164285714314,0.0021726987604813886,-0.43055516570496827,0,2,0.0,0.0,0.5,0.0,short,92220.0,92428.58,91565.0588,0.0022617653437432416,4.421325151021154,91828.85,-1.0527051302254042,-2210.6852980000176,-1.0527051302254042,-1.0,0.0,train
2024-12-05 17:45:00+00:00,base_tpe490,-0.0032882706497470264,-1.9872839849155617,0.003400159696919751,0.0,1.0,26.15662973505409,6.1303739206207375,331.4064285714298,0.003278097653875507,-0.2661499668040082,17,3,0.0,0.0,0.5,0.0,long,100880.0,100533.41,101968.29259999999,0.003435666137985691,2.9106437000490786,101097.18,-1.0336650602894175,-2147.864026999979,-1.0336650602894175,-1.0,0.0,train
2024-12-07 00:20:00+00:00,base_tpe490,-0.0017185611679120616,0.1776819627984311,0.00245528504181489,0.0,0.6666666666666666,54.610255877481926,8.966604188762865,297.3150000000002,0.002965927965404243,-0.21731279295756778,0,5,0.0,0.0,0.5,0.0,long,100217.2,99053.03,103872.6938,0.011616469029268411,0.8608467835453598,100243.5,-1.0134527018253847,-2084.053887999997,-1.0134527018253847,-1.0,0.0,train
2024-12-08 14:10:00+00:00,base_tpe490,0.0016599811287587806,3.588487039576269,0.0014440819851567238,0.9583333333333334,0.0,81.36537682805297,-8.030758536366804,163.48857142857327,0.001632005550889523,-0.3497300957967954,14,6,0.0,0.0,0.5,0.0,short,100131.98,100312.85,99564.04819999996,0.0018063160241114768,5.536129816995329,100176.48,3.07979907463658,6269.187649920393,3.07979907463658,0.0,3.07979907463658,train
2024-12-09 08:20:00+00:00,base_tpe490,0.00014142397093762493,2.245611035074848,0.001894142409354324,0.3333333333333333,0.6666666666666666,89.06834528022219,-2.4751333430038045,235.96571428571664,0.0023672394106896053,-0.7969929516408509,8,0,0.0,0.0,0.5,0.0,short,99551.65,99700.0,99085.83099999998,0.0014901812275337056,6.710593191775942,99679.7,3.067826029147191,6437.14951790025,3.067826029147191,0.0,3.067826029147191,train
2024-12-11 02:25:00+00:00,base_tpe490,-0.0009151133650761965,0.37362251092682613,0.0030855896351987093,0.041666666666666664,0.7916666666666666,42.133740474935415,18.3407185946011,327.6199999999995,0.0034016338890034414,-1.1075892166665562,2,2,0.0,0.0,0.5,0.0,long,95967.99,95658.24,96940.60500000001,0.003227638715784294,3.098240193704601,96312.54,3.103091929355319,6710.881668500037,3.103091929355319,0.0,3.103091929355319,train
2024-12-12 06:40:00+00:00,base_tpe490,-0.0007879526900456582,-1.2225042658027638,0.001609563329283182,0.041666666666666664,0.7916666666666666,25.994641965217454,12.198117649517169,127.8807142857165,0.001271789914823137,-0.8345722167514211,6,3,0.0,0.0,0.5,0.0,long,100563.23,100402.82,101066.91739999996,0.0015951158291155618,6.269137210897509,100551.76,3.0731749656619596,6852.45233495953,3.0731749656619596,0.0,3.0731749656619596,train
2024-12-13 16:30:00+00:00,base_tpe490,0.0001396354558908947,2.2403523047411693,0.0021084184609305875,0.625,0.2916666666666667,33.05648078507208,11.273264496611379,364.99428571428354,0.003621694365431344,-0.2901490552262109,16,4,0.0,0.0,0.5,0.0,long,100555.56,99866.66,102718.70599999998,0.006850938923715349,1.459653941065479,100779.98,3.121132948083918,7173.110370599929,3.121132948083918,0.0,3.121132948083918,train
2024-12-16 21:45:00+00:00,base_tpe490,-0.0007994595225788851,1.0162184391024611,0.0024539590364545975,0.20833333333333334,0.4583333333333333,25.517291555807013,7.055723547704318,200.18857142857243,0.001883862483254804,-0.8014127972411715,21,0,0.0,0.0,0.5,0.0,long,106083.99,105762.56,107093.28020000002,0.00302995767787399,3.3003761316615594,106264.96,-1.035330382445062,-2453.7328190000558,-1.035330382445062,-1.0,0.0,train
2024-12-19 06:05:00+00:00,base_tpe490,0.0006569934861321006,0.9627030043911641,0.002635138760612048,0.5416666666666666,0.08333333333333333,87.95631873623883,0.26231809818203544,174.64357142857418,0.001726687588337921,-0.3121672816584412,6,3,0.0,0.0,0.5,0.0,short,101200.01,101382.99,100625.45279999996,0.001808102588132259,5.530659634932462,101143.7,-1.0589143116044835,-2483.6562360001344,-1.0589143116044835,-1.0,0.0,train
2024-12-21 20:40:00+00:00,base_tpe490,0.00024126716664091326,0.7761127721930828,0.0022072929131283503,0.2916666666666667,0.6666666666666666,77.57951850488425,-6.454296347028276,211.34357142857127,0.0021669656158032147,-1.0442428212296324,20,5,0.0,0.0,0.5,0.0,short,97608.02,97899.0,96694.34280000001,0.0029811074950603024,3.3544580383531986,97529.73,3.1013241904947044,7197.006405439928,3.1013241904947044,0.0,3.1013241904947044,train
2024-12-26 03:30:00+00:00,base_tpe490,-0.0006282077227708879,0.3449760597767392,0.0018974325988866149,0.16666666666666666,0.5416666666666666,35.93658590665338,7.918739325095501,162.3585714285717,0.0016414778225515288,0.4014629293938369,3,3,0.0,0.0,0.5,0.0,long,98900.01,98550.0,99999.04139999997,0.0035390289647088484,2.825633839033213,98910.0,-1.0327501687602518,-2470.9563579999644,-1.0327501687602518,-1.0,0.0,train
2024-12-28 08:20:00+00:00,base_tpe490,-0.0003862120896234179,-1.4350225289369158,0.0009349820825888389,0.041666666666666664,0.6666666666666666,32.56237559300057,15.12047303669356,72.86000000000162,0.0007722065829604512,0.3017629305179068,8,5,0.0,0.0,0.5,0.0,long,94384.43,94307.0,94627.56019999998,0.000820368359484642,12.189646131991283,94352.99,0.0,0.0,0.0,0.0,0.0,train
2024-12-29 04:40:00+00:00,base_tpe490,0.00014712957232383393,0.2191969950139528,0.0009139048281355758,0.7083333333333334,0.08333333333333333,57.1354752018846,-17.33821173035865,61.88285714285718,0.0006509105873676918,0.35752502093726163,4,6,0.0,0.0,0.5,0.0,short,95134.35,95217.84,94872.19140000004,0.0008776009927012765,11.394699964068824,95071.21,0.0,0.0,0.0,0.0,0.0,train
2024-12-30 02:05:00+00:00,base_tpe490,0.00038998076438030797,0.6235831948831351,0.0019451615681335649,0.2916666666666667,0.3333333333333333,48.92764572472132,-16.868680050879043,241.70071428571413,0.0025785892831043065,-0.30247948696735866,2,0,0.0,0.0,0.5,0.0,short,93748.74,93983.76,93010.77720000004,0.002506913692919921,3.988968598417334,93733.7,-1.0467727269046618,-2478.6500059998943,-1.0467727269046618,-1.0,0.0,train
2025-01-05 10:35:00+00:00,base_tpe490,-0.001097329122224247,-4.690638162851054,0.0006547600166789896,0.0,1.0,21.861504674167705,-4.776384619018874,76.12357142857425,0.0007791221779493616,-0.42088630392008497,10,6,0.0,0.0,0.5,0.0,long,97702.76,97600.0,98025.42639999998,0.0010517614855506106,9.507859089140227,97704.28,-1.1015819566750022,-2581.1309679998803,-1.1015819566750022,-1.0,0.0,train
2025-01-05 16:35:00+00:00,base_tpe490,0.0007101817869176939,1.620436378995902,0.0010528068541087287,0.7083333333333334,0.125,67.61364350943217,-14.345150114704168,135.63928571428343,0.001383826384928205,-0.4018426275509768,16,6,0.0,0.0,0.5,0.0,short,98138.14,98286.52,97672.22679999999,0.0015119503997121269,6.613973581344987,98017.56,3.068290123685858,7110.178809680156,3.068290123685858,0.0,3.068290123685858,train
2025-01-07 04:10:00+00:00,base_tpe490,-0.0004912832684457475,0.7551479617152574,0.0012051843085107612,0.0,0.7083333333333334,40.174396082693605,26.776739135514337,87.32857142856976,0.0008573824698062494,-0.9374027878248579,4,1,0.0,0.0,0.5,0.0,long,101715.58,101625.0,102000.00120000001,0.000890522376218095,11.22936409803467,101854.86,0.0,0.0,0.0,0.0,0.0,train
2025-01-07 07:30:00+00:00,base_tpe490,7.757525225479961e-05,-0.47411038686910534,0.0008877225687773632,0.20833333333333334,0.25,56.482983660731236,-19.9091353654739,64.0557142857142,0.000629754027394208,1.3501070348386106,7,1,0.0,0.0,0.5,0.0,short,101803.44,102015.01,101139.11020000002,0.0020782205395023234,4.8118088575886775,101715.45,3.088547403224575,7376.663679219748,3.088547403224575,0.0,3.088547403224575,train
2025-01-09 20:50:00+00:00,base_tpe490,-0.003722806975617141,-2.60757432428779,0.0033818410710762005,0.0,0.9166666666666666,20.34436468753544,11.510599209595126,420.933571428573,0.004581063351287982,-0.26638632709034515,20,3,0.0,0.0,0.5,0.0,long,91780.44,91203.67,93591.49780000001,0.0062842365976890505,1.5912831804705405,91885.56,3.11860061404861,7678.535642420042,3.11860061404861,0.0,3.11860061404861,train
2025-01-21 09:35:00+00:00,base_tpe490,0.0003583009694045767,1.0146732196849186,0.002971288844106151,0.16666666666666666,0.125,58.26344277123211,-21.855216413291927,263.8328571428574,0.002575285580419895,0.29087933288357143,9,1,0.0,0.0,0.5,0.0,short,102542.0,102894.29,101435.80940000003,0.003435567864874818,2.9107269579040524,102448.0,-1.032324334757649,-2621.024029999954,-1.032324334757649,-1.0,0.0,train
2025-01-23 21:45:00+00:00,base_tpe490,-0.003798169768824685,-1.725965764173325,0.0060180326768333485,0.20833333333333334,0.7083333333333334,15.931883821303103,2.4321955886120694,722.0114285714278,0.007025138589306662,-1.0957215832894114,21,3,0.0,0.0,0.5,0.0,long,102941.99,102195.7,105285.34060000003,0.0072496169930269284,1.3793832156400176,102775.4,3.1226205748679403,7846.158135140067,3.1226205748679403,0.0,3.1226205748679403,train
2025-01-27 15:20:00+00:00,base_tpe490,0.004144207572608079,3.2361262855402346,0.003952402259094852,1.0,0.0,70.7294856615886,-14.742543103255713,528.2857142857122,0.005211057113524141,-0.7294246030797619,15,0,0.0,0.0,0.5,0.0,short,101676.01,102161.18,100152.5762,0.0047717254050389886,2.095678009769779,101377.84,3.11552944602952,8072.947239039995,3.11552944602952,0.0,3.11552944602952,train
2025-01-29 19:15:00+00:00,base_tpe490,0.0008015836463946862,-2.419751330726234,0.0024352864005924135,0.75,0.16666666666666666,48.23851711884165,-38.82460796067978,350.70642857142957,0.0034530581115439375,0.6384254102751011,19,2,0.0,0.0,0.5,0.0,short,102748.46,102924.47,102195.78860000003,0.0017130183751658638,5.837648997216242,101564.01,3.0794424436602625,8228.077454839658,3.0794424436602625,0.0,3.0794424436602625,train
2025-01-31 13:35:00+00:00,base_tpe490,0.000813356294638934,2.1975050525245607,0.0012344822354766593,1.0,0.0,58.290453003779795,-9.079040068818578,146.35928571428667,0.0013970914441122672,0.5031093216561174,13,4,0.0,0.0,0.5,0.0,short,104833.1,105030.56,104213.07560000003,0.0018835654006224354,5.309080320065043,104759.99,3.0857260286320787,8498.742336079724,3.0857260286320787,0.0,3.0857260286320787,train
2025-02-10 06:15:00+00:00,base_tpe490,0.0017228798421633307,2.4060055626227577,0.0020726567549032545,1.0,0.0,35.44647508331644,-34.6538943938845,203.28714285714108,0.0020961761581656285,-0.4225484768666659,6,0,0.0,0.0,0.5,0.0,short,97189.3,97500.0,96213.70200000002,0.003196853974665905,3.128075313807561,96979.99,-1.035707497225802,-2940.5886699999733,-1.035707497225802,-1.0,0.0,train
2025-02-11 11:20:00+00:00,base_tpe490,-0.0002978453406094053,0.583718842869497,0.0008800339596894529,0.08333333333333333,0.625,32.207098673948884,4.84803663560335,70.99000000000316,0.0007238591901668859,-0.41493646681474233,11,1,0.0,0.0,0.5,0.0,long,98087.74,97885.62,98722.39680000003,0.002060604108117996,4.852945774787018,98071.56,-1.0530345421458223,-2958.8073920001375,-1.0530345421458223,-1.0,0.0,train
2025-02-15 11:15:00+00:00,base_tpe490,0.00016252327408128626,0.13647481546967297,0.0006472328303815663,0.375,0.08333333333333333,61.40138921187946,-16.70373332274329,62.72428571428463,0.0006431862215205191,0.971975424659471,11,5,0.0,0.0,0.5,0.0,short,97548.87,97650.08,97231.07059999998,0.0010375312394700872,9.638264005532442,97521.19,-1.1024013056171076,-3064.916458000176,-1.1024013056171076,-1.0,0.0,train
2025-02-16 22:15:00+00:00,base_tpe490,0.00025092347820605164,1.106175797082306,0.000786298133720278,0.4583333333333333,0.375,63.469262882326085,-7.283586519994607,84.41642857143077,0.0008696488226734598,-0.8721980058377325,22,6,0.0,0.0,0.5,0.0,short,97054.8,97282.38,96340.1988,0.002344860841503993,4.264645399419951,97069.56,3.092422453252281,8502.780318040057,3.092422453252281,0.0,3.092422453252281,train
2025-02-20 18:50:00+00:00,base_tpe490,0.0019763408688200966,4.185682703747367,0.0016348181457382731,1.0,0.0,79.93468936856463,-6.209775276899478,174.73642857142946,0.0017785149755103584,-0.537576140673627,18,3,0.0,0.0,0.5,0.0,short,98244.56,98423.29,97683.34780000002,0.0018192355892274945,5.496814189000293,98248.5,-1.0594781677750218,-3003.1823079999353,-1.0594781677750218,-1.0,0.0,train
2025-02-25 22:35:00+00:00,base_tpe490,0.002848972559748797,2.0964942174185923,0.0038899444205187043,0.9166666666666666,0.0,69.83746204470846,-13.86509037772403,275.47571428571456,0.0031071993024564554,0.17667126552222254,22,1,0.0,0.0,0.5,0.0,short,88746.93,89217.4,87269.65419999999,0.005301253801117415,1.8863462069845003,88657.24,-1.024820954777939,-2874.1777640000073,-1.024820954777939,-1.0,0.0,train
2025-02-26 08:40:00+00:00,base_tpe490,-0.0008196517401907711,-1.0905829570414172,0.0018333209823934611,0.375,0.4166666666666667,22.399152192499,-0.09347941413704675,175.59071428571664,0.001985601976634659,-0.6063606780046975,8,2,0.0,0.0,0.5,0.0,long,88435.41,88138.0,89369.27740000002,0.00336301940591448,2.973518375306781,88431.98,-1.0372261605123323,-2879.149753000033,-1.0372261605123323,-1.0,0.0,train
2025-02-28 00:10:00+00:00,base_tpe490,0.0008633095386034125,0.8819751053759013,0.0028737996987221277,0.5833333333333334,0.25,83.5852853885643,0.3550370739351365,173.12642857142887,0.0020473656705219958,1.202944403790841,0,4,0.0,0.0,0.5,0.0,short,84669.98,84927.84,83860.2996,0.003045471370136152,3.283563949429916,84560.58,3.0975789424443105,8509.075269239973,3.0975789424443105,0.0,3.0975789424443105,train
2025-03-01 08:25:00+00:00,base_tpe490,-0.0005473914887079762,1.0623458256814875,0.0019930428088457955,0.08333333333333333,0.75,59.994323465760466,41.086596024410454,127.42000000000137,0.0014955435923022977,-0.7816337518260088,8,5,0.0,0.0,0.5,0.0,long,84819.99,84740.15,85070.68760000003,0.0009412875431842312,10.623746242483499,85199.79,0.0,0.0,0.0,0.0,0.0,train
2025-03-02 04:50:00+00:00,base_tpe490,-0.0005544651688381125,0.14087554002480437,0.0017085142402368711,0.125,0.4583333333333333,21.587755524934202,8.597692137952908,133.096428571429,0.001551291955169012,-1.0375759403630214,4,6,0.0,0.0,0.5,0.0,long,85690.79,85552.99,86123.48199999996,0.0016081074757274192,6.218489840348855,85797.15,3.0639001365732885,8677.335060799309,3.0639001365732885,0.0,3.0639001365732885,train
2025-03-05 16:40:00+00:00,base_tpe490,-0.0021865935336048184,-1.1784292324831642,0.005167537458553729,0.0,0.9166666666666666,17.481320349596782,1.5860889463473473,570.2642857142845,0.006472300334840617,-1.1599005608505517,16,2,0.0,0.0,0.5,0.0,long,88121.34,87622.64,89687.25799999999,0.0056592421313611104,1.7670210547423404,88108.44,3.116521905870348,9096.788053999946,3.116521905870348,0.0,3.116521905870348,train
2025-03-06 10:05:00+00:00,base_tpe490,-0.002053419990098721,-2.090150922943594,0.0022279997285950186,0.0,0.8333333333333334,17.152236607964646,0.028920704520690066,194.4185714285725,0.002140606951954268,0.8184214153601042,10,3,0.0,0.0,0.5,0.0,long,90824.91,90613.17,91489.77360000001,0.002331298759338217,4.289454519693859,90824.04,3.0894498574384364,9298.820587640164,3.0894498574384364,0.0,3.0894498574384364,train
2025-03-07 07:40:00+00:00,base_tpe490,0.000752974756488168,0.9781009728886251,0.003095664300088987,0.5833333333333334,0.0,70.57642936655567,-11.87925127842631,191.78071428571587,0.002173751367495294,-0.7215737199060728,7,4,0.0,0.0,0.5,0.0,short,88423.7,88612.96,87829.42359999997,0.0021403763923021693,4.672075451759254,88225.69,-1.0560602184140322,-3276.787996000153,-1.0560602184140322,-1.0,0.0,train
2025-03-08 06:40:00+00:00,base_tpe490,5.872703289483148e-05,0.7528492927794463,0.0022336268445548057,0.2916666666666667,0.2916666666666667,84.67218309807382,-4.242717167627916,125.7842857142875,0.0014554997189804154,1.754586683126546,6,5,0.0,0.0,0.5,0.0,short,86414.41,86584.6,85880.0134,0.0019694631948537554,5.0775257065631845,86420.0,3.0779848911148346,9449.642707060133,3.0779848911148346,0.0,3.0779848911148346,train
2025-03-11 15:05:00+00:00,base_tpe490,-0.0027848454146620297,0.6532146644214867,0.005318643165971136,0.125,0.6666666666666666,25.102333428346668,15.901248685114135,715.9321428571451,0.008846444564322528,0.5821547721595594,15,1,0.0,0.0,0.5,0.0,long,80010.06,79279.9,82302.7624,0.009125852424057718,1.0957880464555663,80928.8,3.1231443281846176,9883.232201600042,3.1231443281846176,0.0,3.1231443281846176,train
2025-03-13 06:35:00+00:00,base_tpe490,-0.0014829204560467607,-1.7153096844711304,0.001859237926932721,0.0,0.9583333333333334,15.414795326038035,9.564314553596365,133.27071428571384,0.0016043651485858298,-0.8255287428662756,6,3,0.0,0.0,0.5,0.0,long,83096.07,82976.15,83472.61880000004,0.0014431488757532431,6.92929202801794,83067.57,3.0535467917910513,9964.965804160904,3.0535467917910513,0.0,3.0535467917910513,train
2025-03-20 05:15:00+00:00,base_tpe490,-0.000863698584365305,-1.5027747146066572,0.0017972698800480657,0.0,0.5,34.806447259040205,14.1940985720057,108.45000000000125,0.0012678311774942752,2.4277835076770238,5,3,0.0,0.0,0.5,0.0,long,85603.21,85430.38,86145.89620000002,0.0020189663448368553,4.953029566626115,85539.78,3.0791661809546524,10355.380959940214,3.0791661809546524,0.0,3.0791661809546524,train
2025-03-23 03:05:00+00:00,base_tpe490,0.00038827660742768845,2.1607054647309094,0.0005442354055126495,0.7083333333333334,0.041666666666666664,83.1292500317193,-8.614151634381813,44.954999999999664,0.0005342683435399484,-1.125950335299893,3,6,0.0,0.0,0.5,0.0,short,84200.01,84257.48,84019.55419999998,0.0006825414866340416,14.651124064729126,84143.11,0.0,0.0,0.0,0.0,0.0,train
2025-03-25 12:05:00+00:00,base_tpe490,0.0013043581966453012,2.198577595741892,0.0013719373943931509,1.0,0.0,77.42767654066509,-8.899664326104329,125.6392857142855,0.0014406927578436213,2.114758542276866,12,1,0.0,0.0,0.5,0.0,short,87267.83,87480.0,86601.6162,0.0024312510119708286,4.113108827826777,87207.55,-1.05001668497856,-3639.9911959999713,-1.05001668497856,-1.0,0.0,train
2025-03-31 20:20:00+00:00,base_tpe490,-0.0011129281737998567,-0.41468155777904364,0.00237391916265673,0.5416666666666666,0.4166666666666667,18.136833465917807,6.650509992908047,184.84571428571508,0.0022326424396180936,-0.6238084525568874,20,0,0.0,0.0,0.5,0.0,long,82709.26,82400.0,83680.33639999997,0.003739121834725577,2.6744247558688934,82792.35,-1.0352505438144746,-3551.104215999942,-1.0352505438144746,-1.0,0.0,train
2025-04-07 10:50:00+00:00,base_tpe490,0.0015096145743997865,1.2130586775158396,0.004546931371688956,0.3333333333333333,0.375,85.47533355145917,-2.696713307022023,366.36785714285776,0.004760998815530817,-0.37487095647158797,10,0,0.0,0.0,0.5,0.0,short,76958.95,77533.33,75155.39679999999,0.007463459415701548,1.3398612416866773,76951.89,-1.0203558447696257,-3463.802676000028,-1.0203558447696257,-1.0,0.0,train
2025-04-07 13:00:00+00:00,base_tpe490,0.0010569372790319024,1.5862551742510826,0.004343495750020989,0.5,0.08333333333333333,62.421471320768816,3.687789539478615,347.6057142857192,0.004503015251390933,-0.034078229434303164,13,0,0.0,0.0,0.5,0.0,short,77159.95,77666.0,75570.953,0.006558454223985408,1.524749530678778,77193.99,-1.0227370657893828,-3436.4171850000193,-1.0227370657893828,-1.0,0.0,train
2025-04-10 12:55:00+00:00,base_tpe490,9.777232601938526e-05,-0.12111701947365187,0.002221530336933678,0.125,0.5416666666666666,38.3653417484352,-12.96818902635843,261.52500000000043,0.0032006306169369307,-0.4198609190625265,12,3,0.0,0.0,0.5,0.0,short,81684.0,82157.26,80197.96360000002,0.005793790705646084,1.7259857160968792,81710.46,3.1158630733754085,10362.40299007988,3.1158630733754085,0.0,3.1158630733754085,train
2025-04-28 16:40:00+00:00,base_tpe490,-0.002489379400914776,-1.5679893564159897,0.0019301652340771066,0.0,1.0,23.6280913713943,16.984601940684627,167.80214285714152,0.0017847811470076262,-0.8247309500257332,16,0,0.0,0.0,0.5,0.0,long,93608.7,93514.66,93903.98559999997,0.0010046074777236903,9.954136537644233,94018.33,3.0307462485742125,10393.424389519045,3.0307462485742125,0.0,3.0307462485742125,train
2025-04-30 03:15:00+00:00,base_tpe490,0.0001772480588042006,1.4326573009943213,0.0012721154029564307,0.25,0.125,68.3839748072168,-10.336548643826134,94.62928571428658,0.0009995403718310494,-0.09575801105834643,3,2,0.0,0.0,0.5,0.0,short,94685.51,94780.0,94388.81139999998,0.0009979351645252293,10.020691078420441,94672.8,0.0,0.0,0.0,0.0,0.0,train
2025-05-06 16:50:00+00:00,base_tpe490,0.0010500364158957038,1.3816205946743938,0.00158233964006879,0.9166666666666666,0.0,57.05532681309089,-9.574114169460863,171.17214285714206,0.001813259615199517,-0.3949280956669927,16,1,0.0,0.0,0.5,0.0,short,94388.02,94850.0,92937.40280000001,0.0048944770745269995,2.0431191826486175,94400.24,-1.0244762357261208,-3619.703039999969,-1.0244762357261208,-1.0,0.0,train
2025-05-12 23:40:00+00:00,base_tpe490,0.0008182547118256097,1.7288134821533772,0.0016330361985386664,0.6666666666666666,0.0,85.91369454464004,-9.833991096193444,99.37071428571446,0.0009659971288181446,-0.6208040043447204,23,0,0.0,0.0,0.5,0.0,short,102903.86,102992.66,102625.02799999999,0.0008629413901480752,11.588272522522143,102868.54,0.0,0.0,0.0,0.0,0.0,train
2025-05-13 03:10:00+00:00,base_tpe490,-0.0013608126328661216,-1.409232782986673,0.0019417697803262156,0.041666666666666664,0.75,26.216086036117826,-3.21553222522223,257.68214285714515,0.0025252742675843853,-0.5367128048115231,3,1,0.0,0.0,0.5,0.0,long,102142.86,101771.19,103309.9038,0.0036387271709446773,2.748213737993394,102041.25,-1.0297651470419569,-3601.133029999984,-1.0297651470419569,-1.0,0.0,train
2025-05-18 20:30:00+00:00,base_tpe490,-0.002053215618480751,-1.9511374668322632,0.0020323964379755557,0.0,0.9583333333333334,32.060728618068346,13.243999548042112,245.3107142857147,0.002358064413447385,-0.22744577667197496,20,6,0.0,0.0,0.5,0.0,long,103883.98,103285.71,105762.54779999996,0.005759020784532798,1.7364063048456688,104030.54,3.1203958436996135,10799.851579779772,3.1203958436996135,0.0,3.1203958436996135,train
2025-05-22 09:30:00+00:00,base_tpe490,-0.0005574472412100172,0.3559614262558247,0.001959536705169781,0.4166666666666667,0.4166666666666667,26.72707785247972,11.363572974311303,180.33428571428314,0.0016302148546829315,-2.031812454667532,9,3,0.0,0.0,0.5,0.0,long,110454.54,110272.72,111025.45479999996,0.0016461070771739436,6.074938950610747,110619.95,3.0821986727176327,11000.477066599402,3.0821986727176327,0.0,3.0821986727176327,train
2025-05-28 23:50:00+00:00,base_tpe490,0.0008022948157094716,2.073116127193632,0.0012312870527382243,0.4166666666666667,0.4583333333333333,85.29486018623477,-7.422479812541297,146.98642857143153,0.0013638556080929527,-0.6279399502089945,23,2,0.0,0.0,0.5,0.0,short,107859.16,108028.0,107329.00240000001,0.0015653746978930348,6.3882468609335605,107772.72,-1.0619457587104428,-3906.9593679999243,-1.0619457587104428,-1.0,0.0,train
2025-06-03 05:15:00+00:00,base_tpe490,-0.0009078646022916845,-1.5739022891697236,0.001058236450135865,0.0,1.0,28.824630026298337,19.193468958532108,72.61071428571242,0.000689549896584795,0.7562679575702904,5,1,0.0,0.0,0.5,0.0,long,105254.64,105154.95,105567.66660000001,0.0009471316418924841,10.558194402647963,105301.61,0.0,0.0,0.0,0.0,0.0,train
2025-06-03 21:00:00+00:00,base_tpe490,-0.00036714744379084393,-1.1470901877576982,0.001293702746996454,0.5833333333333334,0.3333333333333333,38.65095310736577,15.992458221904084,150.50928571428605,0.0014238789321045216,-0.4578974411014509,21,1,0.0,0.0,0.5,0.0,long,105644.91,105353.5,106559.93740000001,0.002758391294005584,3.6253014652894118,105703.71,-1.0370631852863526,-3774.8821690000436,-1.0370631852863526,-1.0,0.0,train
2025-06-10 04:45:00+00:00,base_tpe490,-0.00023190592309103498,0.19051174410780863,0.0011135163721537362,0.16666666666666666,0.4166666666666667,21.949533131262214,2.5881979719946884,74.71785714285735,0.0006824067101980476,-0.3513925442837979,4,1,0.0,0.0,0.5,0.0,long,109415.1,109366.0,109569.27400000002,0.00044874976123045006,22.284134419549297,109491.68,0.0,0.0,0.0,0.0,0.0,train
2025-06-16 14:05:00+00:00,base_tpe490,0.00017039403874457822,0.9275712643983809,0.001153281273836774,0.16666666666666666,0.4166666666666667,69.73690718590132,31.92855275492049,182.9357142857147,0.0017128812199036958,2.044243838407026,14,0,0.0,0.0,0.5,0.0,long,106684.0,106495.09,107277.17740000002,0.0017707435041806035,5.647345296702029,106800.0,3.0842886819174162,11110.318251900288,3.0842886819174162,0.0,3.0842886819174162,train
2025-06-18 14:50:00+00:00,base_tpe490,0.00098538999913226,-0.2728415357812941,0.0018417734759022875,0.4166666666666667,0.5833333333333334,83.58269827828128,-8.304209063322062,328.2571428571412,0.0031402550688510813,-0.29924222118869903,14,2,0.0,0.0,0.5,0.0,short,104967.21,105254.07,104066.46960000001,0.0027328534310857703,3.6591790420414068,104532.0,3.102446779134628,11520.367255879937,3.102446779134628,0.0,3.102446779134628,train
2025-06-19 08:25:00+00:00,base_tpe490,-0.0001532414180965213,1.2043260644184723,0.0007941955267892166,0.125,0.6666666666666666,81.33262598471661,37.921222520071886,55.437857142859556,0.000528601226879568,-0.44370166052025795,8,3,0.0,0.0,0.5,0.0,long,104706.07,104617.69,104983.58320000002,0.0008440771389853965,11.847258429508315,104876.52,0.0,0.0,0.0,0.0,0.0,train
2025-06-21 03:55:00+00:00,base_tpe490,0.0003779591295597659,0.801621073854928,0.0008027560659370954,0.7083333333333334,0.0,74.95634832235386,-15.300179673904154,49.17499999999979,0.0004751397326289425,1.0742537968946013,3,5,0.0,0.0,0.5,0.0,short,103549.85,103650.0,103235.37900000003,0.0009671670214876619,10.339475786321122,103495.87,0.0,0.0,0.0,0.0,0.0,train
2025-06-22 10:20:00+00:00,base_tpe490,-0.0006112630430412227,0.022604546687000654,0.0014003738476474287,0.125,0.5,29.697949036668614,11.587411157542022,144.8314285714275,0.0014140000397496503,0.10042958650295554,10,6,0.0,0.0,0.5,0.0,long,102340.0,102080.0,103156.4,0.0025405511041625955,3.936153846153846,102426.75,-1.0410735097528396,-3985.7770000000005,-1.0410735097528396,-1.0,0.0,train
2024-01-05 00:55:00+00:00,faster_confirm,-0.00015486652958426748,0.9811581964950712,0.002520571000143818,0.3333333333333333,0.08333333333333333,39.1176321417242,3.3302027497561184,89.05928571428532,0.0020144100851208257,-0.6319209461545306,0,4,0.0,0.0,0.5,0.0,long,44119.92,43950.84,44525.712,0.003832282560802507,2.6094109297373755,44211.1,-1.069143702223439,-1069.1328440000102,-1.069143702223439,-1.0,0.0,train
2024-01-05 07:10:00+00:00,faster_confirm,0.00014180316734308253,1.7440445334035153,0.0024574712649888955,0.20833333333333334,0.4583333333333333,82.77338086831222,10.082159760070397,80.41499999999984,0.001833972937524499,0.9512732756270479,7,4,0.0,0.0,0.5,0.0,short,43765.28,43926.0,43379.551999999996,0.003672317416911332,2.7230761572921653,43847.43,-1.0723282092525988,-1060.8498880000072,-1.0723282092525988,-1.0,0.0,train
2024-02-18 13:25:00+00:00,faster_confirm,-0.0005551185860984035,-1.4479456342269326,0.0010434156796693774,0.4166666666666667,0.4166666666666667,18.2561555468061,3.5704977884705436,61.29499999999877,0.0011874903859677706,-0.6548677671421099,13,6,0.0,0.0,0.5,0.0,long,51628.0,51535.01,51851.17599999999,0.0018011544123343528,5.551994838154762,51617.26,2.282243834311316,2233.613447199918,2.282243834311316,0.0,2.282243834311316,train
2024-02-21 17:10:00+00:00,faster_confirm,0.00016961605555057332,1.1652274761928718,0.002281085206672986,0.25,0.4166666666666667,83.7933685446864,5.255737016746437,99.85642857142895,0.0019462595741898928,0.3488675676599434,17,2,0.0,0.0,0.5,0.0,short,51305.96,51426.0,51017.863999999994,0.002339689190105806,4.274071976007966,51306.84,2.306704680321256,2309.070353600042,2.306704680321256,0.0,2.306704680321256,train
2024-03-01 01:00:00+00:00,faster_confirm,-0.00011401969820909028,0.10342985799268758,0.0036461833958818515,0.08333333333333333,0.375,73.31814325751603,-10.584463996871023,175.58285714285634,0.0028600702242321174,-0.5042065627961304,1,4,0.0,0.0,0.5,0.0,short,61415.39,61749.0,60614.725999999995,0.005432026076851431,1.8409337250082398,61391.1,-1.039739639722719,-1064.813978000002,-1.039739639722719,-1.0,0.0,train
2024-03-11 04:40:00+00:00,faster_confirm,-7.859608172937135e-05,0.4369239961219995,0.002107557395940712,0.08333333333333333,0.4583333333333333,65.293492923509,-9.118817737655604,82.67000000000242,0.001205347151498044,-1.1684761688078604,4,0,0.0,0.0,0.5,0.0,short,68545.51,68721.33,68123.54199999997,0.0025650111874578945,3.8986184734385896,68586.05,-1.066743522461317,-1081.1036440000403,-1.066743522461317,-1.0,0.0,train
2024-03-13 14:10:00+00:00,faster_confirm,-0.001239151738984125,-0.3282177862588974,0.002687310915316196,0.125,0.5833333333333334,36.00773799048385,16.468848905110843,295.7864285714303,0.004070067102378722,0.014553521874275688,14,2,0.0,0.0,0.5,0.0,long,72342.77,72000.0,73165.41800000002,0.004738137619004692,2.1105338856959226,72673.6,2.3608522141942845,2367.076664800046,2.3608522141942845,0.0,2.3608522141942845,train
2024-03-25 08:10:00+00:00,faster_confirm,-0.0001535658229347945,0.77412594650501,0.002161240020948579,0.5416666666666666,0.16666666666666666,29.930600734486994,12.153117206640012,130.33428571428416,0.0019433853592324196,-0.5211915848108396,8,0,0.0,0.0,0.5,0.0,long,66930.0,66710.0,67458.0,0.0032870162856715973,3.042272727272727,67065.59,2.344801923762718,2406.5218,2.344801923762718,0.0,2.344801923762718,train
2024-03-26 23:25:00+00:00,faster_confirm,0.00043869049761697035,1.2589933416016494,0.002146966288730329,0.5,0.20833333333333334,89.71479256924982,-0.30787577282862344,119.42000000000033,0.0017025948103792461,0.5672278455772458,23,1,0.0,0.0,0.5,0.0,short,70194.03,70305.33,69926.90999999999,0.0015856049296500416,6.306741239892019,70140.0,2.3006325009074264,2416.5700000000934,2.3006325009074264,0.0,2.3006325009074264,train
2024-04-01 13:55:00+00:00,faster_confirm,0.0007904943155561779,1.683421453661025,0.001704892018726593,0.5,0.16666666666666666,79.62420092046567,1.5712160022044799,158.61285714285623,0.0022697890260855213,-0.4670550323415409,13,0,0.0,0.0,0.5,0.0,short,69850.0,70070.0,69322.0,0.0031496062992125984,3.1750000000000003,69880.0,2.345239389224321,2520.1192,2.345239389224321,0.0,2.345239389224321,train
2024-04-08 15:00:00+00:00,faster_confirm,-0.00019419236356817412,1.2253098408733014,0.002645147982227233,0.5416666666666666,0.20833333333333334,28.513913181834425,10.94374135020816,214.01714285714323,0.002979076764201482,-0.5136786718459386,15,0,0.0,0.0,0.5,0.0,long,71600.0,71331.13,72245.28799999999,0.003755167597765298,2.6629969873917223,71840.09,-1.0462855969400016,-1150.661960999981,-1.0462855969400016,-1.0,0.0,train
2024-04-14 06:00:00+00:00,faster_confirm,0.0017738858193856464,1.619363531018025,0.00443433484063365,0.7916666666666666,0.08333333333333333,88.1524523825379,1.0844056046373396,183.22000000000168,0.0028531385770123436,0.08670700750729358,6,6,0.0,0.0,0.5,0.0,short,64249.72,64464.0,63735.448000000004,0.0033351118106039815,2.99840022400599,64217.0,-1.0558568593287339,-1149.0508359999942,-1.0558568593287339,-1.0,0.0,train
2024-04-20 05:00:00+00:00,faster_confirm,0.00045760441895298094,1.3939759426138534,0.002459218962603709,0.375,0.0,73.85997281868245,6.025579606706515,118.16357142857098,0.0018445768010355759,0.17086043155598535,5,5,0.0,0.0,0.5,0.0,short,64084.87,64220.0,63760.55800000001,0.0021086100354108135,4.742460593502645,64059.99,-1.0832898474096653,-1166.4538919999793,-1.0832898474096653,-1.0,0.0,train
2024-05-11 13:30:00+00:00,faster_confirm,-8.042704224220627e-05,0.2637735637914585,0.0009610655348673961,0.125,0.5833333333333334,68.09022915440917,-4.327464200985261,59.020714285715385,0.000971022586707638,-1.0600985125648976,13,5,0.0,0.0,0.5,0.0,short,60841.49,60932.73,60622.51399999999,0.0014996345421521603,6.668291319596285,60782.02,-1.1189897680159782,-1191.8453880000611,-1.1189897680159782,-1.0,0.0,train
2024-05-13 23:05:00+00:00,faster_confirm,-0.0004997482680007785,0.39375821343983075,0.0014830165381806916,0.25,0.4583333333333333,21.710185673430683,7.772164626845473,79.02285714285765,0.0012565655584503308,-0.15401907651668184,23,0,0.0,0.0,0.5,0.0,long,62797.85,62715.57,62995.32199999999,0.0013102359396061942,7.632213174526116,62887.97,2.26896876519199,2389.641599999927,2.26896876519199,0.0,2.26896876519199,train
2024-06-02 22:45:00+00:00,faster_confirm,0.00017789784387938634,1.438908237783697,0.0009533090781846082,0.5,0.041666666666666664,82.27907382389135,-2.2282879904331026,50.17571428571058,0.0007390142770328174,-0.5873282770718848,22,6,0.0,0.0,0.5,0.0,short,67907.99,67965.93,67768.93400000004,0.0008532132964027911,11.720398688300714,67895.46,0.0,0.0,0.0,0.0,0.0,train
2024-06-14 22:00:00+00:00,faster_confirm,0.0009765650970236426,0.6502318802912204,0.00237060131688304,0.3333333333333333,0.5,63.9028804027894,-20.431571269128035,194.66071428571428,0.002952088478703583,1.9998997274150279,22,4,0.0,0.0,0.5,0.0,short,66156.12,66627.52,65024.75999999997,0.0071255690327668665,1.4033966907085018,65940.0,-1.030497986211879,-1109.90272000002,-1.030497986211879,-1.0,0.0,train
2024-06-26 01:00:00+00:00,faster_confirm,-0.0002503234282233686,-0.31876129777487844,0.0014151631858163756,0.041666666666666664,0.6666666666666666,43.017490805699495,7.163441056271374,76.25071428571547,0.0012350295859412266,-0.09846878792311964,1,2,0.0,0.0,0.5,0.0,long,61760.01,61643.48,62039.682,0.0018868196426781478,5.299923624817697,61739.99,2.304804162352997,2456.878554399988,2.304804162352997,0.0,2.304804162352997,train
2024-06-27 23:45:00+00:00,faster_confirm,0.00015053049996509334,0.9772739883962517,0.0010595137217747283,0.4583333333333333,0.20833333333333334,76.24049739210747,-1.3302403248953283,47.86571428571291,0.000776484041973684,1.8268461380649514,23,3,0.0,0.0,0.5,0.0,short,61637.99,61691.23,61510.213999999985,0.0008637530198503429,11.577383546204722,61644.17,0.0,0.0,0.0,0.0,0.0,train
2024-07-04 16:10:00+00:00,faster_confirm,0.0006017902782829961,1.5045157301895606,0.0032750936297778577,0.25,0.6666666666666666,83.96386572612491,-4.444573849318175,188.30928571428635,0.003254436058311613,-0.5618289356167158,16,3,0.0,0.0,0.5,0.0,short,57950.03,58350.19,56989.64599999999,0.0069052595831271095,1.4481714814074245,57862.34,-1.0341596381665288,-1127.8090480000096,-1.0341596381665288,-1.0,0.0,train
2024-07-16 12:05:00+00:00,faster_confirm,0.0009890807928870941,2.164499604745239,0.0024559208568669813,0.5,0.2916666666666667,84.19679616221956,-1.514390611877829,165.3492857142867,0.0025936113549420974,-0.3078730982747772,12,1,0.0,0.0,0.5,0.0,short,63742.0,63872.2,63429.520000000004,0.002042609268614055,4.895698924731292,63752.53,-1.0860704645373822,-1172.1598599999759,-1.0860704645373822,-1.0,0.0,train
2024-07-23 09:55:00+00:00,faster_confirm,0.0002915159280672303,0.7026170731582339,0.0018343634471645613,0.25,0.375,86.470569998876,-5.382852252379536,103.2057142857115,0.0015418059386973582,-1.392805842980771,9,1,0.0,0.0,0.5,0.0,short,66981.72,67149.3,66579.52799999999,0.002501876631415284,3.9969996419620064,66938.2,2.3309597795641213,2488.4199168000637,2.3309597795641213,0.0,2.3309597795641213,train
2024-08-02 02:45:00+00:00,faster_confirm,-0.0011264277892381765,-1.4382086374245915,0.0026264387111648154,0.375,0.2916666666666667,17.41829870092664,7.610165721905123,210.2828571428576,0.003271459241775687,1.7412352654984284,2,4,0.0,0.0,0.5,0.0,long,64218.0,63854.06,65091.456000000006,0.005667258401071387,1.7645216244435784,64278.0,-1.0366308883722826,-1132.455698000007,-1.0366308883722826,-1.0,0.0,train
2024-08-08 14:05:00+00:00,faster_confirm,0.0011390927605814415,0.9877844854594479,0.0037418140991149003,0.625,0.16666666666666666,27.029845095255773,-6.528517970915594,309.74285714285725,0.005388330722628036,-0.771849848910144,14,3,0.0,0.0,0.5,0.0,long,57489.93,56826.42,59082.35400000001,0.011541325585193826,0.8664515983180332,57484.01,2.3756784297049243,2568.2434232000105,2.3756784297049243,0.0,2.3756784297049243,train
2024-08-20 10:55:00+00:00,faster_confirm,1.261678110528012e-05,0.15806462668034968,0.001346643845464923,0.625,0.041666666666666664,19.636941849549828,0.9701617137778165,57.08071428571514,0.0009401262415912234,-0.1875025516791317,10,1,0.0,0.0,0.5,0.0,long,60725.91,60668.3,60864.174000000006,0.0009486889533643971,10.540862697448254,60716.01,0.0,0.0,0.0,0.0,0.0,train
2024-08-27 19:30:00+00:00,faster_confirm,0.00027268554012263883,0.7831634865069717,0.0017972556283289854,0.4166666666666667,0.375,84.71552231997708,-1.1628733275835543,93.93428571428532,0.0015136043460245781,-0.40887899130660743,19,1,0.0,0.0,0.5,0.0,short,62097.0,62196.75,61857.6,0.0016063577950625634,6.225263157894737,62060.0,2.290714285375485,2535.3535800000163,2.290714285375485,0.0,2.290714285375485,train
2024-09-23 06:45:00+00:00,faster_confirm,-0.0004761423659482671,0.18467734732421762,0.00188684707958255,0.20833333333333334,0.3333333333333333,35.053759766797796,15.958500312253673,87.7028571428569,0.0013761015065836843,-0.27221060587443047,6,0,0.0,0.0,0.5,0.0,long,63639.99,63524.36,63917.50199999999,0.0018169393175579912,5.503761134653761,63732.84,-1.0953155383795934,-1240.0558929999743,-1.0953155383795934,-1.0,0.0,train
2024-09-25 14:25:00+00:00,faster_confirm,-0.0001834810641513132,0.07949272483284686,0.001539267573924859,0.125,0.75,85.4062578143985,8.29222156554961,152.1757142857137,0.0023887190872587285,0.1956293583423925,14,2,0.0,0.0,0.5,0.0,short,63692.06,63875.99,63250.628,0.002887801085410023,3.4628423856902026,63705.99,-1.0632990949788699,-1190.626447000002,-1.0632990949788699,-1.0,0.0,train
2024-10-02 18:40:00+00:00,faster_confirm,-0.0010069544763217978,-0.9240903140552711,0.003023347399113977,0.375,0.2916666666666667,25.385846510475766,6.571294902486237,198.60857142857017,0.003244140812316262,-0.7937915742421996,18,2,0.0,0.0,0.5,0.0,long,61191.74,60832.0,62055.115999999995,0.005878898034277142,1.7009990548729734,61220.7,-1.0368245966605403,-1148.6143299999937,-1.0368245966605403,-1.0,0.0,train
2024-10-18 10:10:00+00:00,faster_confirm,-0.00014977060260104252,-0.13551698372716273,0.001254053198605264,0.4166666666666667,0.2916666666666667,11.820670383691285,-1.2635470132189486,68.74142857142995,0.0010136461686243651,0.2285575806473176,10,4,0.0,0.0,0.5,0.0,long,67833.99,67763.26,68003.74200000003,0.001042692608823548,9.590554220272864,67816.0,2.249496164042059,2466.251851200345,2.249496164042059,0.0,2.249496164042059,train
2024-10-23 00:35:00+00:00,faster_confirm,-0.0006740202805195506,-2.2192117069592014,0.0011865320561669666,0.4583333333333333,0.4583333333333333,11.999892833745285,-0.4654178285008239,82.6107142857145,0.0012287775440385912,-0.25843707127653953,0,2,0.0,0.0,0.5,0.0,long,67256.0,67142.96,67527.29599999999,0.0016807422386105864,5.949752300071109,67230.0,-1.0973847263497274,-1230.1876799999366,-1.0973847263497274,-1.0,0.0,train
2024-10-24 08:10:00+00:00,faster_confirm,-3.0659512173962664e-05,0.736096639941177,0.0011388181518168998,0.4583333333333333,0.2916666666666667,21.096395764091227,-7.628199980944153,75.96285714285685,0.0011299960898318584,-0.4630611658907382,8,3,0.0,0.0,0.5,0.0,long,67175.0,67086.0,67388.6,0.0013248976553777447,7.547752808988764,67224.0,-1.1213789806691064,-1243.2925000000002,-1.1213789806691064,-1.0,0.0,train
2024-10-25 01:25:00+00:00,faster_confirm,-0.0006322053712773811,-0.29947525219440907,0.0013213289465543855,0.2916666666666667,0.4583333333333333,10.965503875792955,-1.654564878401315,78.60928571428667,0.0011558487598264825,-0.6858957718553818,1,4,0.0,0.0,0.5,0.0,long,67960.0,67880.9,68149.84000000001,0.0011639199529135643,8.591656131478507,68010.01,-1.1355439538635081,-1244.8814500000808,-1.1355439538635081,-1.0,0.0,train
2024-10-31 23:45:00+00:00,faster_confirm,-7.414252242761017e-05,-0.1541616240129587,0.0018898968185225822,0.041666666666666664,0.4583333333333333,80.66390851854693,-0.846830649518111,93.23214285714182,0.001323681121247594,-0.35820533324478737,23,3,0.0,0.0,0.5,0.0,short,70544.56,70646.0,70301.10399999999,0.0014379563782097773,6.954313880126024,70433.99,2.292193067495252,2484.3606320000595,2.292193067495252,0.0,2.292193067495252,train
2024-12-16 21:25:00+00:00,faster_confirm,-0.0006590570425589762,-0.3412022088110604,0.0025268390984709704,0.2916666666666667,0.2916666666666667,15.078497032363055,0.22264837348935806,213.80071428571475,0.0020184523911237367,-2.1100329972182084,21,0,0.0,0.0,0.5,0.0,long,105828.01,105688.93,106161.802,0.0013142078359028176,7.609146534368613,105923.09,2.3190791699311255,2571.1079280000104,2.3190791699311255,0.0,2.3190791699311255,train
2024-12-20 14:55:00+00:00,faster_confirm,0.001394785424277249,1.7771254545254893,0.0048941610386540255,0.5833333333333334,0.2916666666666667,84.70998488794537,3.5771984949486324,496.62285714285827,0.005193279260003878,-0.7341841519229034,14,4,0.0,0.0,0.5,0.0,short,95602.46,96231.13,94093.65200000002,0.006575876813211691,1.5207097523342974,95627.99,-1.0247220456262474,-1162.4161479999968,-1.0247220456262474,-1.0,0.0,train
2025-01-01 12:45:00+00:00,faster_confirm,0.0003620405324435073,1.9628172323824078,0.0011263662741353804,0.25,0.5,81.48227567789448,11.104573724658039,117.09999999999854,0.0012495912950759758,-0.4659957774713301,12,2,0.0,0.0,0.5,0.0,short,93782.31,93972.0,93327.05399999999,0.0020226629094549104,4.943977542305807,93710.64,-1.0616242454379943,-1191.945141000014,-1.0616242454379943,-1.0,0.0,train
2025-01-08 14:50:00+00:00,faster_confirm,-0.0004348602980736538,-1.2358708045371838,0.002651055771873723,0.041666666666666664,0.875,53.09183491928633,-8.943287237840899,327.8207142857126,0.0034475490273037737,0.6386985338525255,14,2,0.0,0.0,0.5,0.0,short,95100.0,95760.78,93514.128,0.006948264984227117,1.4392082084808888,95088.05,-1.0241358487095327,-1137.6482579999981,-1.0241358487095327,-1.0,0.0,train
2025-01-20 05:05:00+00:00,faster_confirm,2.029690556076544e-05,1.9383103681935012,0.004507354597011372,0.16666666666666666,0.4166666666666667,74.70895785237659,8.363893080099103,316.31285714285747,0.0030797945661201263,0.14214576979976035,5,0,0.0,0.0,0.5,0.0,short,102308.19,102800.27,101127.198,0.004809781113320466,2.0790966915948554,102705.83,-1.0294173197609375,-1131.797344000004,-1.0294173197609375,-1.0,0.0,train
2025-01-25 12:05:00+00:00,faster_confirm,0.0001331348423434366,0.8588371648712702,0.0009590816593547379,0.4166666666666667,0.2916666666666667,86.86256229523977,11.644731905577899,75.6464285714267,0.000723698890803048,1.032085503466477,12,5,0.0,0.0,0.5,0.0,short,104527.09,104684.0,104150.506,0.0015011419527703631,6.661595181951289,104527.49,-1.0729206670057228,-1167.5041590000244,-1.0729206670057228,-1.0,0.0,train
2025-02-11 10:10:00+00:00,faster_confirm,-5.284794136560028e-05,0.594007766291508,0.0009452425316054762,0.5833333333333334,0.16666666666666666,30.0112049894675,7.798703571843937,94.96285714285789,0.0009680209698558398,-0.7556287101462683,10,1,0.0,0.0,0.5,0.0,long,98070.81,97913.8,98447.63399999999,0.0016009860630293027,6.246150563658574,98100.0,-1.0729797793469436,-1155.0372609999642,-1.0729797793469436,-1.0,0.0,train
2025-02-16 17:30:00+00:00,faster_confirm,-9.402322822150302e-05,-0.7222033106232236,0.0006892283983323387,0.041666666666666664,0.5416666666666666,76.17270282302233,0.180796489589639,50.491428571428905,0.0005205301914580299,1.8138161838756064,17,6,0.0,0.0,0.5,0.0,short,97064.08,97169.15,96811.91200000003,0.0010824807694050408,9.238039402303892,97000.0,2.2954350349056987,2444.469547199757,2.2954350349056987,0.0,2.2954350349056987,train
2025-03-01 08:15:00+00:00,faster_confirm,-0.0007090029383597351,1.1580174844423199,0.002014366521162267,0.08333333333333333,0.75,29.560266962562174,20.497138789483575,119.36214285714335,0.0014007757038448038,-0.48202467992954595,8,5,0.0,0.0,0.5,0.0,long,84819.99,84740.15,85011.60600000003,0.0009412875431842312,10.623746242483499,85211.46,0.0,0.0,0.0,0.0,0.0,train
2025-03-05 15:40:00+00:00,faster_confirm,-0.001338335390882056,-0.7522248610629252,0.004532150935833416,0.375,0.4583333333333333,20.71937592717606,-5.622823608928741,648.4299999999993,0.0073192839082535585,-1.0413653708166635,15,2,0.0,0.0,0.5,0.0,long,88559.01,88150.0,89540.63399999998,0.004618502397440924,2.165204029241367,88592.0,-1.0336290051202803,-1125.9912339999862,-1.0336290051202803,-1.0,0.0,train
2025-04-23 12:10:00+00:00,faster_confirm,-0.0003212911362995057,1.505972803313771,0.0014763565186527651,0.08333333333333333,0.5,37.423636051255016,13.345617984755776,114.30285714285648,0.0012188065265282815,2.453812308722915,12,2,0.0,0.0,0.5,0.0,long,93461.85,93324.45,93791.61000000003,0.0014701185563950289,6.802172489082538,93782.61,2.3179442971031676,2498.9968400001876,2.3179442971031676,0.0,2.3179442971031676,train
2025-05-09 04:05:00+00:00,faster_confirm,-7.223442016507005e-05,0.9482105249864455,0.0017048298818553478,0.5,0.16666666666666666,13.01419764130976,-1.3672877020063314,131.2892857142859,0.0012793852458012267,0.02977606443312787,4,4,0.0,0.0,0.5,0.0,long,102516.95,102364.0,102884.02999999998,0.001491948404629645,6.7026446551161785,102619.04,2.325553718862578,2565.2966679999076,2.325553718862578,0.0,2.325553718862578,train
2025-05-12 23:40:00+00:00,faster_confirm,0.0008182547118256097,1.7288134821533772,0.0016330361985386664,0.6666666666666666,0.0,85.91369454464004,-9.833991096193444,99.37071428571446,0.0009659971288181446,-0.6208040043447204,23,0,0.0,0.0,0.5,0.0,short,102994.5,103120.0,102693.3,0.001218511668098782,8.206733067729083,102868.54,2.311459343856483,2609.0527999999736,2.311459343856483,0.0,2.311459343856483,train
2025-05-18 23:15:00+00:00,faster_confirm,0.002481563681139312,4.460713918371953,0.002186322168160208,0.4583333333333333,0.4166666666666667,91.12427212122792,0.7797315114766263,305.3092857142869,0.0028918855639463487,1.0259376536321265,23,6,0.0,0.0,0.5,0.0,short,105583.99,105979.99,104633.59000000001,0.0037505686231406863,2.6662623737373736,105574.47,-1.0339119194135995,-1193.9772,-1.0339119194135995,-1.0,0.0,train
2025-05-22 09:20:00+00:00,faster_confirm,-0.0005007119115048159,-0.11559984707010822,0.0020012200999146618,0.4166666666666667,0.375,18.234759353481575,5.547020722016271,198.8442857142831,0.001799221763004631,-0.9942390933294655,9,3,0.0,0.0,0.5,0.0,long,110454.54,110272.72,110890.90799999998,0.0016461070771739436,6.074938950610747,110516.83,2.3362508960061583,2670.1066111999226,2.3362508960061583,0.0,2.3362508960061583,train
2025-05-23 10:10:00+00:00,faster_confirm,0.0006943010989199403,0.16529103624007568,0.0010018237740699227,0.625,0.125,79.48540558190726,-12.636696484552772,113.04642857143024,0.0010189776367808218,1.3051032796919388,10,4,0.0,0.0,0.5,0.0,short,111309.66,111381.61,111136.98000000001,0.0006463949310418978,15.47041834607429,110941.03,0.0,0.0,0.0,0.0,0.0,train
2025-05-28 23:50:00+00:00,faster_confirm,0.0008022948157094716,2.073116127193632,0.0012312870527382243,0.4166666666666667,0.4583333333333333,85.29486018623477,-7.422479812541297,146.98642857143153,0.0013638556080929527,-0.6279399502089945,23,2,0.0,0.0,0.5,0.0,short,107892.43,108033.8,107553.14199999996,0.0013102865511510854,7.631918370233603,107772.72,2.3207136766709158,2714.298410400245,2.3207136766709158,0.0,2.3207136766709158,train
2025-06-28 11:35:00+00:00,faster_confirm,-6.820344505533629e-05,2.0463441605269064,0.00023540301552371463,0.125,0.4166666666666667,27.990452436502615,9.621047550083947,18.825714285715158,0.00017538172175103744,1.0106077267742077,11,5,0.0,0.0,0.5,0.0,long,107329.41,107264.5,107485.19400000002,0.0006047736589626598,16.535111693112654,107341.37,0.0,0.0,0.0,0.0,0.0,train
2024-01-05 07:20:00+00:00,balanced,0.0003173355619984134,1.5151804107780025,0.0024126242693499264,0.2916666666666667,0.375,78.69572143107425,-4.30904804274779,80.91428571428592,0.0018462541625061618,-0.45219148315734853,7,4,0.0,0.0,0.5,0.0,short,43765.28,43926.0,43347.407999999996,0.003672317416911332,2.7230761572921653,43826.19,-1.0722200115552012,-1072.2198400000073,-1.0722200115552012,-1.0,0.0,train
2024-02-18 13:25:00+00:00,balanced,-0.0005551185860984035,-1.4479456342269326,0.0010434156796693774,0.4166666666666667,0.4166666666666667,18.2561555468061,3.5704977884705436,61.29499999999877,0.0011874903859677706,-0.6548677671421099,13,6,0.0,0.0,0.5,0.0,long,51628.0,51535.01,51869.774,0.0018011544123343528,5.551994838154762,51617.26,2.4823531332365127,2455.7276989999746,2.4823531332365127,0.0,2.4823531332365127,train
2024-02-21 17:20:00+00:00,balanced,0.0002733367376875037,1.0086480282028791,0.002278726892968991,0.3333333333333333,0.3333333333333333,78.31921737917295,-6.724932320233421,97.81500000000025,0.0019070303454022614,-0.10021143112043043,17,2,0.0,0.0,0.5,0.0,short,51263.99,51403.09,50902.33,0.0027134056479021346,3.6854054636952216,51291.79,2.518245690711468,2553.0739099999723,2.518245690711468,0.0,2.518245690711468,train
2024-03-01 01:00:00+00:00,balanced,-0.00011401969820909028,0.10342985799268758,0.0036461833958818515,0.08333333333333333,0.375,73.31814325751603,-10.584463996871023,175.58285714285634,0.0028600702242321174,-0.5042065627961304,1,4,0.0,0.0,0.5,0.0,short,61415.39,61749.0,60548.004,0.005432026076851431,1.8409337250082398,61391.1,-1.039596407971273,-1080.5169550000019,-1.039596407971273,-1.0,0.0,train
2024-03-13 14:10:00+00:00,balanced,-0.001239151738984125,-0.3282177862588974,0.002687310915316196,0.125,0.5833333333333334,36.00773799048385,16.468848905110843,295.7864285714303,0.004070067102378722,0.014553521874275688,14,2,0.0,0.0,0.5,0.0,long,72595.47,72181.82,73670.95999999999,0.005698013939437188,1.754997461622169,72673.6,2.5661024603571376,2639.340884999977,2.5661024603571376,0.0,2.5661024603571376,train
2024-03-16 05:30:00+00:00,balanced,-0.0009596467044506874,0.2945846710689152,0.0026936627628648784,0.20833333333333334,0.4583333333333333,20.13026316285279,-0.24930614192576783,186.85214285714028,0.002706920086973066,0.29695463042045844,5,5,0.0,0.0,0.5,0.0,long,68896.0,68775.0,69210.6,0.0017562703204830469,5.693884297520661,69027.58,2.5078762550588154,2645.685560000051,2.5078762550588154,0.0,2.5078762550588154,train
2024-03-25 08:10:00+00:00,balanced,-0.0001535658229347945,0.77412594650501,0.002161240020948579,0.5416666666666666,0.16666666666666666,29.930600734486994,12.153117206640012,130.33428571428416,0.0019433853592324196,-0.5211915848108396,8,0,0.0,0.0,0.5,0.0,long,67024.0,66818.07,67559.41799999998,0.003072481499164374,3.2546981984170484,67065.59,-1.0578074606234906,-1143.9132089999634,-1.0578074606234906,-1.0,0.0,train
2024-03-26 23:30:00+00:00,balanced,0.0004978142811088511,0.7968535255013977,0.0021312873735305146,0.5,0.20833333333333334,85.22710542381395,-7.491647844221362,115.76928571428496,0.0016521570181683442,-0.5405562848307519,23,1,0.0,0.0,0.5,0.0,short,70194.03,70305.33,69904.65,0.0015856049296500416,6.306741239892019,70071.6,2.500806696313416,2675.791692000045,2.500806696313416,0.0,2.500806696313416,train
2024-04-01 14:00:00+00:00,balanced,0.0007969570081113568,0.4337626700921973,0.001744698398876654,0.5416666666666666,0.125,70.35546685679758,-11.935186397122393,170.98571428571242,0.0024520074697214505,0.7765888733851695,14,0,0.0,0.0,0.5,0.0,short,69780.06,70040.0,69104.21599999999,0.0037251329391233302,2.6844679541432397,69732.95,2.552411426737983,2799.2624204000504,2.552411426737983,0.0,2.552411426737983,train
2024-04-14 06:00:00+00:00,balanced,0.0017738858193856464,1.619363531018025,0.00443433484063365,0.7916666666666666,0.08333333333333333,88.1524523825379,1.0844056046373396,183.22000000000168,0.0028531385770123436,0.08670700750729358,6,6,0.0,0.0,0.5,0.0,short,64249.72,64464.0,63692.592000000004,0.0033351118106039815,2.99840022400599,64217.0,-1.0555590693412753,-1187.200863999994,-1.0555590693412753,-1.0,0.0,train
2024-04-20 05:05:00+00:00,balanced,0.0004927255635722918,1.215885384284918,0.0024205058265122995,0.4166666666666667,0.0,68.72521292718129,-5.131255407305474,116.38357142857058,0.0018175498815860044,-0.7356676294842498,5,5,0.0,0.0,0.5,0.0,short,64084.87,64220.0,63733.53200000001,0.0021086100354108135,4.742460593502645,64033.22,-1.0829887523291775,-1205.2036019999784,-1.0829887523291775,-1.0,0.0,train
2024-05-09 03:25:00+00:00,balanced,0.00022795053644165467,-0.021145702695889616,0.0015600390178985984,0.2916666666666667,0.3333333333333333,48.85603568461899,-35.44073103201727,82.38357142857265,0.00133905010604129,0.03710321449085791,3,3,0.0,0.0,0.5,0.0,short,61641.99,61787.22,61264.39199999999,0.0023560238726881336,4.244439165461588,61523.89,2.522059279519363,2776.2458008000413,2.522059279519363,0.0,2.522059279519363,train
2024-05-28 11:30:00+00:00,balanced,0.0010926535295558454,1.0053582251640956,0.0015487704554618445,0.9166666666666666,0.0,55.82103061029612,-6.4682645943657135,76.59357142857127,0.0011202356762494532,-0.20383527371078744,11,1,0.0,0.0,0.5,0.0,short,68436.18,68727.59,67678.51399999998,0.004258127791469417,2.348449950241899,68372.73,2.5568231089915896,2885.4861182000463,2.5568231089915896,0.0,2.5568231089915896,train
2024-06-14 22:00:00+00:00,balanced,0.0009765650970236426,0.6502318802912204,0.00237060131688304,0.3333333333333333,0.5,63.9028804027894,-20.431571269128035,194.66071428571428,0.002952088478703583,1.9998997274150279,22,4,0.0,0.0,0.5,0.0,short,66156.12,66627.52,64930.479999999974,0.0071255690327668665,1.4033966907085018,65940.0,-1.0298536019175974,-1191.9332800000216,-1.0298536019175974,-1.0,0.0,train
2024-06-26 01:05:00+00:00,balanced,-0.00023961993297381542,0.19313587489214762,0.0014112874906642826,0.0,0.7083333333333334,48.594125244660646,11.6739146572695,79.41928571428642,0.001285434301112641,-0.6645163878164843,1,2,0.0,0.0,0.5,0.0,long,61760.01,61643.48,62062.988,0.0018868196426781478,5.299923624817697,61784.01,2.5054552990820644,2869.973739999956,2.5054552990820644,0.0,2.5054552990820644,train
2024-07-02 03:55:00+00:00,balanced,0.00043385259789864355,1.9824099543057188,0.0009988401249328056,0.375,0.20833333333333334,78.94944024705792,-10.213334310859778,54.06999999999867,0.0008563690049220022,0.695989017281727,3,1,0.0,0.0,0.5,0.0,short,63144.71,63222.39,62942.742,0.0012301901457778537,8.12882466529348,63138.67,-1.1372497351684265,-1335.3533440000044,-1.1372497351684265,-1.0,0.0,train
2024-07-16 12:50:00+00:00,balanced,0.0016473898313320245,0.801781103558644,0.0026182631708160015,0.7916666666666666,0.08333333333333333,73.05209727797897,-15.60831135496555,175.9550000000007,0.0027655444486357457,1.02244360689992,12,1,0.0,0.0,0.5,0.0,short,63931.99,64158.0,63344.363999999994,0.0035351629129642616,2.8287239502676615,63624.0,2.547139663368603,2956.80266120002,2.547139663368603,0.0,2.547139663368603,train
2024-07-23 09:55:00+00:00,balanced,0.0002915159280672303,0.7026170731582339,0.0018343634471645613,0.25,0.375,86.470569998876,-5.382852252379536,103.2057142857115,0.0015418059386973582,-1.392805842980771,9,1,0.0,0.0,0.5,0.0,short,66981.72,67149.3,66546.012,0.002501876631415284,3.9969996419620064,66938.2,2.531926502329388,3014.016777999991,2.531926502329388,0.0,2.531926502329388,train
2024-08-01 07:40:00+00:00,balanced,0.0001772562301777592,1.0997521323934254,0.0018574618503299696,0.375,0.041666666666666664,73.53869463869464,-4.26243846119192,88.35785714285781,0.0013725705586550131,-1.7168111849454484,7,3,0.0,0.0,0.5,0.0,short,64410.36,64488.0,64208.496,0.0012053961505571374,8.296027820711036,64374.0,-1.1369926331348406,-1387.753383999991,-1.1369926331348406,-1.0,0.0,train
2024-08-02 02:50:00+00:00,balanced,-0.0012822393804031715,-1.5942607117769314,0.002633528496272689,0.3333333333333333,0.3333333333333333,26.125842124490372,17.75732854205866,212.26785714285765,0.003304191294524729,-0.6624750583198009,2,4,0.0,0.0,0.5,0.0,long,64218.0,63854.06,65164.244000000006,0.005667258401071387,1.7645216244435784,64242.0,-1.0357645115386107,-1249.7980700000078,-1.0357645115386107,-1.0,0.0,train
2024-08-08 14:10:00+00:00,balanced,0.0009061299297475842,1.1296976722020644,0.0037257244342600968,0.625,0.16666666666666666,31.308350840719676,3.5940520111425833,306.7464285714289,0.005333294883983688,-0.7883962151412804,14,3,0.0,0.0,0.5,0.0,long,57489.93,56826.42,59215.056000000004,0.011541325585193826,0.8664515983180332,57515.37,2.576554261976715,3076.712262200007,2.576554261976715,0.0,2.576554261976715,train
2024-08-27 19:35:00+00:00,balanced,0.0002653376495584914,0.6919786804782941,0.0017732595026983546,0.4166666666666667,0.3333333333333333,81.67627940346998,-3.496802081688614,87.77357142857103,0.001414561989179227,-0.8698987962446622,19,1,0.0,0.0,0.5,0.0,short,62097.0,62196.75,61837.65,0.0016063577950625634,6.225263157894737,62050.0,2.491585708107846,3052.042934999982,2.491585708107846,0.0,2.491585708107846,train
2024-09-04 08:55:00+00:00,balanced,6.728441855423117e-05,0.951644246350378,0.001809222629641562,0.25,0.375,74.77362883996011,-8.84752993066563,67.44500000000127,0.0011877672564381716,-0.7953715976541318,8,2,0.0,0.0,0.5,0.0,short,56790.52,56909.94,56480.027999999984,0.0021028157516431536,4.755528387204603,56783.01,2.508296740310332,3149.072396000136,2.508296740310332,0.0,2.508296740310332,train
2024-09-23 06:50:00+00:00,balanced,-0.0004906148973130054,-0.0332521724924537,0.001867278653160344,0.16666666666666666,0.3333333333333333,41.10684314265914,17.735983327122216,88.34642857142795,0.0013867743403479266,-0.7931127585361135,6,0,0.0,0.0,0.5,0.0,long,63639.99,63524.36,63940.62799999999,0.0018169393175579912,5.503761134653761,63706.42,-1.0942530543041482,-1408.2493369999709,-1.0942530543041482,-1.0,0.0,train
2024-10-14 01:10:00+00:00,balanced,-0.00046378342515576823,0.27552375392793566,0.0013327776961728469,0.2916666666666667,0.4166666666666667,17.9612829075155,-4.197566088271092,90.91357142857201,0.0014505183261917327,-0.0063021434059816715,1,0,0.0,0.0,0.5,0.0,long,62619.99,62479.9,62984.22399999999,0.0022371450394673732,4.469982868156297,62676.61,-1.0792390200651978,-1373.7177399999682,-1.0792390200651978,-1.0,0.0,train
2024-10-18 10:10:00+00:00,balanced,-0.00014977060260104252,-0.13551698372716273,0.001254053198605264,0.4166666666666667,0.2916666666666667,11.820670383691285,-1.2635470132189486,68.74142857142995,0.0010136461686243651,0.2285575806473176,10,4,0.0,0.0,0.5,0.0,long,67833.99,67763.26,68017.88800000004,0.001042692608823548,9.590554220272864,67816.0,2.450675275102093,3085.7148062005367,2.450675275102093,0.0,2.450675275102093,train
2024-10-24 08:15:00+00:00,balanced,-5.887941689450478e-05,0.4207290396232689,0.0011334103856833076,0.4166666666666667,0.2916666666666667,25.098114682921715,2.267468690625318,72.87714285714277,0.0010844814538981742,-1.1761647507572934,8,3,0.0,0.0,0.5,0.0,long,67175.0,67086.0,67406.4,0.0013248976553777447,7.547752808988764,67199.99,-1.1201115858974353,-1444.9258000000002,-1.1201115858974353,-1.0,0.0,train
2024-10-25 02:00:00+00:00,balanced,-0.0007098649582506584,0.36650610574021203,0.001288526720757424,0.16666666666666666,0.75,16.981256739321474,-0.5035433196547707,67.58500000000016,0.0009932250252439514,-0.36229787350620934,2,4,0.0,0.0,0.5,0.0,long,67949.76,67845.01,68222.11,0.0015415801321446904,6.486850596658711,68046.01,-1.1033052060469255,-1407.31075,-1.1033052060469255,-1.0,0.0,train
2024-10-25 10:20:00+00:00,balanced,-7.231272388066771e-05,1.1751723239168204,0.0012028555295486704,0.20833333333333334,0.5833333333333334,73.83151908065335,-6.537457058532709,79.96357142857076,0.0011798565087747653,-1.189974213445046,10,4,0.0,0.0,0.5,0.0,short,67765.99,67878.0,67474.76400000002,0.0016528940254542839,6.0499946433357,67773.98,-1.0972050162189635,-1384.088820999941,-1.0972050162189635,-1.0,0.0,train
2024-12-07 00:20:00+00:00,balanced,-0.0017185611679120616,0.1776819627984311,0.00245528504181489,0.0,0.6666666666666666,54.610255877481926,8.966604188762865,297.3150000000002,0.002965927965404243,-0.21731279295756778,0,5,0.0,0.0,0.5,0.0,long,100217.2,99053.03,103244.04199999999,0.011616469029268411,0.8608467835453598,100243.5,-1.0166056849419718,-1268.2405719999983,-1.0166056849419718,-1.0,0.0,train
2024-12-16 21:45:00+00:00,balanced,-0.0007994595225788851,1.0162184391024611,0.0024539590364545975,0.20833333333333334,0.4583333333333333,25.517291555807013,7.055723547704318,200.18857142857243,0.001883862483254804,-0.8014127972411715,21,0,0.0,0.0,0.5,0.0,long,106083.99,105762.56,106919.70800000003,0.00302995767787399,3.3003761316615594,106264.96,-1.0392085711847632,-1283.354060000029,-1.0392085711847632,-1.0,0.0,train
2025-01-08 15:25:00+00:00,balanced,-0.00022637354619697188,-1.8948517421949607,0.003068191885756183,0.125,0.8333333333333334,46.78837883496182,-4.7365426774399,476.3464285714269,0.005024890759853642,-0.3039354539780186,15,2,0.0,0.0,0.5,0.0,short,95212.02,95878.79,93478.41800000003,0.007003002352013847,1.4279589663602368,94797.37,2.5768193939542114,3149.0177455999446,2.5768193939542114,0.0,2.5768193939542114,train
2025-01-25 12:20:00+00:00,balanced,0.000184312362763498,0.4084952793744895,0.0009403156154663578,0.5,0.16666666666666666,71.5836751853705,-15.278887109869274,75.28642857142715,0.0007205294460295275,-0.39599228032873823,12,5,0.0,0.0,0.5,0.0,short,104527.09,104684.0,104119.12399999998,0.0015011419527703631,6.661595181951289,104487.65,-1.0717078204966375,-1343.4940630000278,-1.0717078204966375,-1.0,0.0,train
2025-02-11 10:10:00+00:00,balanced,-5.284794136560028e-05,0.594007766291508,0.0009452425316054762,0.5833333333333334,0.16666666666666666,30.0112049894675,7.798703571843937,94.96285714285789,0.0009680209698558398,-0.7556287101462683,10,1,0.0,0.0,0.5,0.0,long,98070.81,97913.8,98479.03599999998,0.0016009860630293027,6.246150563658574,98100.0,-1.0717536917877597,-1329.1451859999586,-1.0717536917877597,-1.0,0.0,train
2025-02-28 12:00:00+00:00,balanced,0.0010873949924738691,0.8801124615997789,0.004511818250648862,0.375,0.16666666666666666,80.48017534633205,-7.7332563803739305,267.1764285714297,0.003326702110269356,2.508608294141701,12,4,0.0,0.0,0.5,0.0,short,80473.87,80739.26,79783.856,0.0032978406531213103,3.032287199969862,80312.7,-1.0458312082091346,-1283.1004309999973,-1.0458312082091346,-1.0,0.0,train
2025-03-01 08:20:00+00:00,balanced,-0.0006281051923006694,1.4256160878398938,0.0020121437494620164,0.08333333333333333,0.75,44.554596175721834,32.572914041050744,124.30142857143073,0.001457916413574239,-0.734806025202784,8,5,0.0,0.0,0.5,0.0,long,84819.99,84740.15,85027.57400000004,0.0009412875431842312,10.623746242483499,85259.64,0.0,0.0,0.0,0.0,0.0,train
2025-03-05 15:45:00+00:00,balanced,-0.0014838259912564576,-1.1940749113214137,0.004555334302655936,0.375,0.5,24.22034405942997,2.067215690397745,596.3528571428562,0.006746166147800414,-0.23392397300491435,15,2,0.0,0.0,0.5,0.0,long,88559.01,88150.0,89622.43599999999,0.004618502397440924,2.165204029241367,88398.78,-1.0326863529316812,-1253.7054819999844,-1.0326863529316812,-1.0,0.0,train
2025-03-31 20:20:00+00:00,balanced,-0.0011129281737998567,-0.41468155777904364,0.00237391916265673,0.5416666666666666,0.4166666666666667,18.136833465917807,6.650509992908047,184.84571428571508,0.0022326424396180936,-0.6238084525568874,20,0,0.0,0.0,0.5,0.0,long,82709.26,82400.0,83513.33599999998,0.003739121834725577,2.6744247558688934,82792.35,-1.0406581398202666,-1250.3570259999797,-1.0406581398202666,-1.0,0.0,train
2025-04-07 10:50:00+00:00,balanced,0.0015096145743997865,1.2130586775158396,0.004546931371688956,0.3333333333333333,0.375,85.47533355145917,-2.696713307022023,366.36785714285776,0.004760998815530817,-0.37487095647158797,10,0,0.0,0.0,0.5,0.0,short,76958.95,77533.33,75465.56199999999,0.007463459415701548,1.3398612416866773,76951.89,-1.0258207421470038,-1219.6666000000098,-1.0258207421470038,-1.0,0.0,train
2025-04-17 11:00:00+00:00,balanced,-0.0003282528787494428,1.1401544572862605,0.0010237487992563186,0.08333333333333333,0.5833333333333334,47.55753875058808,8.282350918545724,78.31571428571313,0.0009270052798599227,1.3961397077230873,11,3,0.0,0.0,0.5,0.0,long,84468.18,84238.99,85064.07399999996,0.0027133294454786145,3.685508966359985,84482.49,-1.05212954918841,-1238.1449739999373,-1.05212954918841,-1.0,0.0,train
2025-05-12 23:40:00+00:00,balanced,0.0008182547118256097,1.7288134821533772,0.0016330361985386664,0.6666666666666666,0.0,85.91369454464004,-9.833991096193444,99.37071428571446,0.0009659971288181446,-0.6208040043447204,23,0,0.0,0.0,0.5,0.0,short,102916.42,102997.85,102704.70199999998,0.0007912245684411445,12.63863686601872,102868.54,0.0,0.0,0.0,0.0,0.0,train
2025-05-18 20:25:00+00:00,balanced,-0.0019828225749568273,-2.4695473312838407,0.002048644090020396,0.0,0.9583333333333334,27.27549109933849,10.505697760668784,256.07357142857137,0.002463876301881412,-0.19369929485681295,20,6,0.0,0.0,0.5,0.0,long,103883.98,103285.71,105439.48199999997,0.005759020784532798,1.7364063048456688,103931.18,2.574697119917955,2998.0105425999586,2.574697119917955,0.0,2.574697119917955,train
2025-05-18 23:20:00+00:00,balanced,0.0026613876394498965,4.871370679507295,0.002182824535715614,0.5,0.375,88.74484102393606,-3.576567112944474,311.3157142857152,0.0029454661580913134,0.8336460950980332,23,6,0.0,0.0,0.5,0.0,short,105583.99,105979.99,104554.39,0.0037505686231406863,2.6662623737373736,105693.19,-1.0336251008476731,-1234.5366000000001,-1.0336251008476731,-1.0,0.0,train
2025-05-22 09:25:00+00:00,balanced,-0.0005432474772365754,0.624273702888651,0.001993559203115859,0.4166666666666667,0.4166666666666667,22.208818482065535,8.614752707660536,200.5942857142831,0.0018124027146543902,-0.6838149403944729,9,3,0.0,0.0,0.5,0.0,long,110454.54,110272.72,110927.27199999997,0.0016461070771739436,6.074938950610747,110678.65,2.5365406579736844,2998.3132783998344,2.5365406579736844,0.0,2.5365406579736844,train
2025-05-28 23:55:00+00:00,balanced,0.0008594000059727498,2.126917843512976,0.0012142038724851502,0.4583333333333333,0.4583333333333333,80.7890406823744,-10.80258680920187,138.54571428571737,0.0012854279664495927,-0.5892470068884887,23,2,0.0,0.0,0.5,0.0,short,107892.43,108033.8,107524.86799999997,0.0013102865511510854,7.631918370233603,107781.78,2.5210130523424534,3055.557807000171,2.5210130523424534,0.0,2.5210130523424534,train
2025-06-23 11:05:00+00:00,balanced,-0.00029992916198206903,-0.5226175933809787,0.00115025694995764,0.125,0.3333333333333333,41.82433207402093,27.264884148542713,113.43428571428583,0.0011187979428850308,-0.5713529628914168,11,0,0.0,0.0,0.5,0.0,long,101418.0,101198.68,101988.23200000002,0.0021625352501529016,4.624202079153601,101389.43,-1.0536432524385515,-1309.2353920000396,-1.0536432524385515,-1.0,0.0,train
2025-06-28 11:35:00+00:00,balanced,-6.820344505533629e-05,2.0463441605269064,0.00023540301552371463,0.125,0.4166666666666667,27.990452436502615,9.621047550083947,18.825714285715158,0.00017538172175103744,1.0106077267742077,11,5,0.0,0.0,0.5,0.0,long,107329.41,107264.5,107498.176,0.0006047736589626598,16.535111693112654,107341.37,0.0,0.0,0.0,0.0,0.0,train
2024-02-18 13:25:00+00:00,quality,-0.0005551185860984035,-1.4479456342269326,0.0010434156796693774,0.4166666666666667,0.4166666666666667,18.2561555468061,3.5704977884705436,61.29499999999877,0.0011874903859677706,-0.6548677671421099,13,6,0.0,0.0,0.5,0.0,long,51628.0,51535.01,51888.371999999996,0.0018011544123343528,5.551994838154762,51617.26,2.6824615136257566,2682.450413599954,2.6824615136257566,0.0,2.6824615136257566,train
2024-03-13 14:10:00+00:00,quality,-0.001239151738984125,-0.3282177862588974,0.002687310915316196,0.125,0.5833333333333334,36.00773799048385,16.468848905110843,295.7864285714303,0.004070067102378722,0.014553521874275688,14,2,0.0,0.0,0.5,0.0,long,72595.47,72181.82,73753.68999999999,0.005698013939437188,1.754997461622169,72673.6,2.7660860100681752,2840.226505999967,2.7660860100681752,0.0,2.7660860100681752,train
2024-03-16 05:30:00+00:00,quality,-0.0009596467044506874,0.2945846710689152,0.0026936627628648784,0.20833333333333334,0.4583333333333333,20.13026316285279,-0.24930614192576783,186.85214285714028,0.002706920086973066,0.29695463042045844,5,5,0.0,0.0,0.5,0.0,long,68896.0,68775.0,69234.8,0.0017562703204830469,5.693884297520661,69027.58,2.7078786463597107,2857.3990400000257,2.7078786463597107,0.0,2.7078786463597107,train
2024-03-25 08:10:00+00:00,quality,-0.0001535658229347945,0.77412594650501,0.002161240020948579,0.5416666666666666,0.16666666666666666,29.930600734486994,12.153117206640012,130.33428571428416,0.0019433853592324196,-0.5211915848108396,8,0,0.0,0.0,0.5,0.0,long,67024.0,66818.07,67600.60399999998,0.003072481499164374,3.2546981984170484,67065.59,-1.0577870786411039,-1146.4179969999632,-1.0577870786411039,-1.0,0.0,train
2024-03-26 23:30:00+00:00,quality,0.0004978142811088511,0.7968535255013977,0.0021312873735305146,0.5,0.20833333333333334,85.22710542381395,-7.491647844221362,115.76928571428496,0.0016521570181683442,-0.5405562848307519,23,1,0.0,0.0,0.5,0.0,short,70194.03,70305.33,69882.38999999998,0.0015856049296500416,6.306741239892019,70071.6,2.70082726137415,2896.180744000135,2.70082726137415,0.0,2.70082726137415,train
2024-04-01 14:00:00+00:00,quality,0.0007969570081113568,0.4337626700921973,0.001744698398876654,0.5416666666666666,0.125,70.35546685679758,-11.935186397122393,170.98571428571242,0.0024520074697214505,0.7765888733851695,14,0,0.0,0.0,0.5,0.0,short,69780.06,70040.0,69052.22799999999,0.0037251329391233302,2.6844679541432397,69732.95,2.752449305172464,3031.23883440004,2.752449305172464,0.0,2.752449305172464,train
2024-04-20 05:05:00+00:00,quality,0.0004927255635722918,1.215885384284918,0.0024205058265122995,0.4166666666666667,0.0,68.72521292718129,-5.131255407305474,116.38357142857058,0.0018175498815860044,-0.7356676294842498,5,5,0.0,0.0,0.5,0.0,short,64084.87,64220.0,63706.50600000001,0.0021086100354108135,4.742460593502645,64033.22,-1.0828398129077572,-1225.347645999978,-1.0828398129077572,-1.0,0.0,train
2024-05-09 03:25:00+00:00,quality,0.00022795053644165467,-0.021145702695889616,0.0015600390178985984,0.2916666666666667,0.3333333333333333,48.85603568461899,-35.44073103201727,82.38357142857265,0.00133905010604129,0.03710321449085791,3,3,0.0,0.0,0.5,0.0,short,61641.99,61787.22,61235.34599999999,0.0023560238726881336,4.244439165461588,61523.89,2.722209912590517,3047.0939656000583,2.722209912590517,0.0,2.722209912590517,train
2024-05-28 11:30:00+00:00,quality,0.0010926535295558454,1.0053582251640956,0.0015487704554618445,0.9166666666666666,0.0,55.82103061029612,-6.4682645943657135,76.59357142857127,0.0011202356762494532,-0.20383527371078744,11,1,0.0,0.0,0.5,0.0,short,68436.18,68727.59,67620.23199999999,0.004258127791469417,2.348449950241899,68372.73,2.7569870473159512,3170.0290236000155,2.7569870473159512,0.0,2.7569870473159512,train
2024-06-14 22:00:00+00:00,quality,0.0009765650970236426,0.6502318802912204,0.00237060131688304,0.3333333333333333,0.5,63.9028804027894,-20.431571269128035,194.66071428571428,0.002952088478703583,1.9998997274150279,22,4,0.0,0.0,0.5,0.0,short,66156.12,66627.52,64836.19999999997,0.0071255690327668665,1.4033966907085018,65940.0,-1.0296771025614389,-1216.580960000022,-1.0296771025614389,-1.0,0.0,train
2024-07-02 03:55:00+00:00,quality,0.00043385259789864355,1.9824099543057188,0.0009988401249328056,0.375,0.20833333333333334,78.94944024705792,-10.213334310859778,54.06999999999867,0.0008563690049220022,0.695989017281727,3,1,0.0,0.0,0.5,0.0,short,63144.71,63222.39,62927.206,0.0012301901457778537,8.12882466529348,63138.67,-1.1372849811983667,-1329.8908800000045,-1.1372849811983667,-1.0,0.0,train
2024-07-16 12:50:00+00:00,quality,0.0016473898313320245,0.801781103558644,0.0026182631708160015,0.7916666666666666,0.08333333333333333,73.05209727797897,-15.60831135496555,175.9550000000007,0.0027655444486357457,1.02244360689992,12,1,0.0,0.0,0.5,0.0,short,63931.99,64158.0,63299.16199999999,0.0035351629129642616,2.8287239502676615,63624.0,2.7471041281701907,3175.827502800044,2.7471041281701907,0.0,2.7471041281701907,train
2024-08-01 07:40:00+00:00,quality,0.0001772562301777592,1.0997521323934254,0.0018574618503299696,0.375,0.041666666666666664,73.53869463869464,-4.26243846119192,88.35785714285781,0.0013725705586550131,-1.7168111849454484,7,3,0.0,0.0,0.5,0.0,short,64410.36,64488.0,64192.968,0.0012053961505571374,8.296027820711036,64374.0,-1.137218411806371,-1350.8043599999912,-1.137218411806371,-1.0,0.0,train
2024-08-08 14:10:00+00:00,quality,0.0009061299297475842,1.1296976722020644,0.0037257244342600968,0.625,0.16666666666666666,31.308350840719676,3.5940520111425833,306.7464285714289,0.005333294883983688,-0.7883962151412804,14,3,0.0,0.0,0.5,0.0,long,57489.93,56826.42,59347.75800000001,0.011541325585193826,0.8664515983180332,57515.37,2.776412780557304,3260.285994400015,2.776412780557304,0.0,2.776412780557304,train
2024-09-23 06:50:00+00:00,quality,-0.0004906148973130054,-0.0332521724924537,0.001867278653160344,0.16666666666666666,0.3333333333333333,41.10684314265914,17.735983327122216,88.34642857142795,0.0013867743403479266,-0.7931127585361135,6,0,0.0,0.0,0.5,0.0,long,63639.99,63524.36,63963.75399999999,0.0018169393175579912,5.503761134653761,63706.42,-1.094768360063952,-1321.288250999973,-1.094768360063952,-1.0,0.0,train
2024-10-18 10:10:00+00:00,quality,-0.00014977060260104252,-0.13551698372716273,0.001254053198605264,0.4166666666666667,0.2916666666666667,11.820670383691285,-1.2635470132189486,68.74142857142995,0.0010136461686243651,0.2285575806473176,10,4,0.0,0.0,0.5,0.0,long,67833.99,67763.26,68032.03400000003,0.001042692608823548,9.590554220272864,67816.0,-1.1497600152490621,-1372.4721370001766,-1.1497600152490621,-1.0,0.0,train
2024-10-25 02:00:00+00:00,quality,-0.0007098649582506584,0.36650610574021203,0.001288526720757424,0.16666666666666666,0.75,16.981256739321474,-0.5035433196547707,67.58500000000016,0.0009932250252439514,-0.36229787350620934,2,4,0.0,0.0,0.5,0.0,long,67949.76,67845.01,68243.06,0.0015415801321446904,6.486850596658711,68046.01,-1.1039401329173848,-1302.6243250000002,-1.1039401329173848,-1.0,0.0,train
2024-12-07 00:20:00+00:00,quality,-0.0017185611679120616,0.1776819627984311,0.00245528504181489,0.0,0.6666666666666666,54.610255877481926,8.966604188762865,297.3150000000002,0.002965927965404243,-0.21731279295756778,0,5,0.0,0.0,0.5,0.0,long,100217.2,99053.03,103476.87599999999,0.011616469029268411,0.8608467835453598,100243.5,-1.0171599103040014,-1186.8705909999983,-1.0171599103040014,-1.0,0.0,train
2024-12-16 21:45:00+00:00,quality,-0.0007994595225788851,1.0162184391024611,0.0024539590364545975,0.20833333333333334,0.4583333333333333,25.517291555807013,7.055723547704318,200.18857142857243,0.001883862483254804,-0.8014127972411715,21,0,0.0,0.0,0.5,0.0,long,106083.99,105762.56,106983.99400000002,0.00302995767787399,3.3003761316615594,106264.96,-1.0397685414612747,-1200.9937050000271,-1.0397685414612747,-1.0,0.0,train
2025-01-08 15:25:00+00:00,quality,-0.00022637354619697188,-1.8948517421949607,0.003068191885756183,0.125,0.8333333333333334,46.78837883496182,-4.7365426774399,476.3464285714269,0.005024890759853642,-0.3039354539780186,15,2,0.0,0.0,0.5,0.0,short,95212.02,95878.79,93345.06400000003,0.007003002352013847,1.4279589663602368,94797.37,2.776253753584262,3173.37967079996,2.776253753584262,0.0,2.776253753584262,train
2025-01-25 12:20:00+00:00,quality,0.000184312362763498,0.4084952793744895,0.0009403156154663578,0.5,0.16666666666666666,71.5836751853705,-15.278887109869274,75.28642857142715,0.0007205294460295275,-0.39599228032873823,12,5,0.0,0.0,0.5,0.0,short,104527.09,104684.0,104087.74199999998,0.0015011419527703631,6.661595181951289,104487.65,-1.0722428820215155,-1259.6718610000262,-1.0722428820215155,-1.0,0.0,train
2025-02-11 10:10:00+00:00,quality,-5.284794136560028e-05,0.594007766291508,0.0009452425316054762,0.5833333333333334,0.16666666666666666,30.0112049894675,7.798703571843937,94.96285714285789,0.0009680209698558398,-0.7556287101462683,10,1,0.0,0.0,0.5,0.0,long,98070.81,97913.8,98510.43799999998,0.0016009860630293027,6.246150563658574,98100.0,-1.0722945542866686,-1246.2247209999614,-1.0722945542866686,-1.0,0.0,train
2025-02-28 12:00:00+00:00,quality,0.0010873949924738691,0.8801124615997789,0.004511818250648862,0.375,0.16666666666666666,80.48017534633205,-7.7332563803739305,267.1764285714297,0.003326702110269356,2.508608294141701,12,4,0.0,0.0,0.5,0.0,short,80473.87,80739.26,79730.77799999999,0.0032978406531213103,3.032287199969862,80312.7,-1.0463779446656092,-1203.0720969999975,-1.0463779446656092,-1.0,0.0,train
2025-03-01 08:20:00+00:00,quality,-0.0006281051923006694,1.4256160878398938,0.0020121437494620164,0.08333333333333333,0.75,44.554596175721834,32.572914041050744,124.30142857143073,0.001457916413574239,-0.734806025202784,8,5,0.0,0.0,0.5,0.0,long,84819.99,84740.15,85043.54200000003,0.0009412875431842312,10.623746242483499,85259.64,0.0,0.0,0.0,0.0,0.0,train
2025-03-05 15:45:00+00:00,quality,-0.0014838259912564576,-1.1940749113214137,0.004555334302655936,0.375,0.5,24.22034405942997,2.067215690397745,596.3528571428562,0.006746166147800414,-0.23392397300491435,15,2,0.0,0.0,0.5,0.0,long,88559.01,88150.0,89704.23799999998,0.004618502397440924,2.165204029241367,88398.78,-1.033238926204219,-1175.5182159999854,-1.033238926204219,-1.0,0.0,train
2025-03-31 20:20:00+00:00,quality,-0.0011129281737998567,-0.41468155777904364,0.00237391916265673,0.5416666666666666,0.4166666666666667,18.136833465917807,6.650509992908047,184.84571428571508,0.0022326424396180936,-0.6238084525568874,20,0,0.0,0.0,0.5,0.0,long,82709.26,82400.0,83575.18799999998,0.003739121834725577,2.6744247558688934,82792.35,-1.0412166109038115,-1172.361807999981,-1.0412166109038115,-1.0,0.0,train
2025-04-07 10:50:00+00:00,quality,0.0015096145743997865,1.2130586775158396,0.004546931371688956,0.3333333333333333,0.375,85.47533355145917,-2.696713307022023,366.36785714285776,0.004760998815530817,-0.37487095647158797,10,0,0.0,0.0,0.5,0.0,short,76958.95,77533.33,75350.68599999999,0.007463459415701548,1.3398612416866773,76951.89,-1.0263852687004211,-1143.580324000009,-1.0263852687004211,-1.0,0.0,train
2025-04-17 11:00:00+00:00,quality,-0.0003282528787494428,1.1401544572862605,0.0010237487992563186,0.08333333333333333,0.5833333333333334,47.55753875058808,8.282350918545724,78.31571428571313,0.0009270052798599227,1.3961397077230873,11,3,0.0,0.0,0.5,0.0,long,84468.18,84238.99,85109.91199999995,0.0027133294454786145,3.685508966359985,84482.49,-1.0526998017198212,-1160.9105229999411,-1.0526998017198212,-1.0,0.0,train
2025-05-18 23:20:00+00:00,quality,0.0026613876394498965,4.871370679507295,0.002182824535715614,0.5,0.375,88.74484102393606,-3.576567112944474,311.3157142857152,0.0029454661580913134,0.8336460950980332,23,6,0.0,0.0,0.5,0.0,short,105583.99,105979.99,104475.19,0.0037505686231406863,2.6662623737373736,105693.19,-1.0344169328927084,-1128.733,-1.0344169328927084,-1.0,0.0,train
2025-05-28 23:55:00+00:00,quality,0.0008594000059727498,2.126917843512976,0.0012142038724851502,0.4583333333333333,0.4583333333333333,80.7890406823744,-10.80258680920187,138.54571428571737,0.0012854279664495927,-0.5892470068884887,23,2,0.0,0.0,0.5,0.0,short,107892.43,108033.8,107496.59399999997,0.0013102865511510854,7.631918370233603,107781.78,2.7200034933696813,2937.32403680019,2.7200034933696813,0.0,2.7200034933696813,train
2025-06-23 11:05:00+00:00,quality,-0.00029992916198206903,-0.5226175933809787,0.00115025694995764,0.125,0.3333333333333333,41.82433207402093,27.264884148542713,113.43428571428583,0.0011187979428850308,-0.5713529628914168,11,0,0.0,0.0,0.5,0.0,long,101418.0,101198.68,102032.09600000002,0.0021625352501529016,4.624202079153601,101389.43,-1.054610360263079,-1169.8546960000353,-1.054610360263079,-1.0,0.0,train
2024-02-18 13:25:00+00:00,high_quality_low_freq,-0.0005551185860984035,-1.4479456342269326,0.0010434156796693774,0.4166666666666667,0.4166666666666667,18.2561555468061,3.5704977884705436,61.29499999999877,0.0011874903859677706,-0.6548677671421099,13,6,0.0,0.0,0.5,0.0,long,51628.0,51535.01,51906.969999999994,0.0018011544123343528,5.551994838154762,51617.26,2.8824615136257408,2882.4495859999342,2.8824615136257408,0.0,2.8824615136257408,train
2024-03-13 14:15:00+00:00,high_quality_low_freq,-0.0012666991164726252,-0.8319290546555662,0.0027319373602234815,0.08333333333333333,0.625,47.50684273563343,27.013694302825826,312.587142857144,0.004307561857701351,-0.17155098858509965,14,2,0.0,0.0,0.5,0.0,long,72595.47,72181.82,73836.41999999998,0.005698013939437188,1.754997461622169,72567.07,-1.0338951941370795,-1063.6599149999856,-1.0338951941370795,-1.0,0.0,train
2024-03-14 23:45:00+00:00,high_quality_low_freq,0.0019075495091712448,1.9611050003948687,0.0036015242753006517,0.9166666666666666,0.0,85.45649006687779,-1.5035715885245509,145.52642857142615,0.002035872534316075,0.06432564047192024,23,3,0.0,0.0,0.5,0.0,short,71436.76,71709.9,70617.34,0.0038235216714755742,2.615389909936302,71481.11,-1.046432669361843,-1065.4609779999978,-1.046432669361843,-1.0,0.0,train
2024-03-16 05:35:00+00:00,high_quality_low_freq,-0.0008925127847149942,0.11021738325080621,0.0026836599826471426,0.20833333333333334,0.4583333333333333,26.810935067714173,9.164347732081737,186.43571428571263,0.0027022801815531168,-0.028868027534001587,5,5,0.0,0.0,0.5,0.0,long,68896.0,68775.0,69259.0,0.0017562703204830469,5.693884297520661,68992.0,2.9074301160252487,2929.3251,2.9074301160252487,0.0,2.9074301160252487,train
2024-03-18 06:00:00+00:00,high_quality_low_freq,0.002522684460519334,3.1379728647245346,0.002603652745230979,0.8333333333333334,0.08333333333333333,81.40485557633806,-9.628278412075034,175.61928571428456,0.0025601773983944167,-0.4896149958844989,6,0,0.0,0.0,0.5,0.0,short,68624.15,68825.37,68020.48999999999,0.0029322038961502794,3.4104040353841363,68596.53,2.9406583336514034,3048.951882000018,2.9406583336514034,0.0,2.9406583336514034,train
2024-03-25 08:15:00+00:00,high_quality_low_freq,-0.00015632584705547624,0.2876821478690928,0.002165299530210942,0.5,0.16666666666666666,40.10448772380648,23.584915731963164,134.41571428571373,0.0020063244713970046,-0.22634258922755263,8,0,0.0,0.0,0.5,0.0,long,67024.0,66818.07,67641.78999999998,0.003072481499164374,3.2546981984170484,66996.0,-1.0579294991128112,-1129.1435969999638,-1.0579294991128112,-1.0,0.0,train
2024-03-26 23:25:00+00:00,high_quality_low_freq,0.00043869049761697035,1.2589933416016494,0.002146966288730329,0.5,0.20833333333333334,89.71479256924982,-0.30787577282862344,119.42000000000033,0.0017025948103792461,0.5672278455772458,23,1,0.0,0.0,0.5,0.0,short,70159.99,70280.0,69799.96000000002,0.0017105190579416382,5.846178651779274,70140.0,-1.0927959430129657,-1154.0099939999538,-1.0927959430129657,-1.0,0.0,train
2024-04-01 14:00:00+00:00,high_quality_low_freq,0.0007969570081113568,0.4337626700921973,0.001744698398876654,0.5416666666666666,0.125,70.35546685679758,-11.935186397122393,170.98571428571242,0.0024520074697214505,0.7765888733851695,14,0,0.0,0.0,0.5,0.0,short,69780.06,70040.0,69000.23999999999,0.0037251329391233302,2.6844679541432397,69732.95,2.9519553033066277,3083.2137420000286,2.9519553033066277,0.0,2.9519553033066277,train
2024-04-20 05:10:00+00:00,high_quality_low_freq,0.0005278384247368035,1.342550377305941,0.0023924706722662963,0.4583333333333333,0.0,60.86556048733341,-16.102448928150707,117.89642857142826,0.001840580432233025,-0.519496414175545,5,5,0.0,0.0,0.5,0.0,short,64084.87,64220.0,63679.48000000001,0.0021086100354108135,4.742460593502645,64053.94,-1.0833024517101164,-1164.8864879999792,-1.0833024517101164,-1.0,0.0,train
2024-05-28 11:30:00+00:00,high_quality_low_freq,0.0010926535295558454,1.0053582251640956,0.0015487704554618445,0.9166666666666666,0.0,55.82103061029612,-6.4682645943657135,76.59357142857127,0.0011202356762494532,-0.20383527371078744,11,1,0.0,0.0,0.5,0.0,short,68436.18,68727.59,67561.94999999998,0.004258127791469417,2.348449950241899,68372.73,2.956282467906396,3144.4395000000386,2.956282467906396,0.0,2.956282467906396,train
2024-07-05 12:50:00+00:00,high_quality_low_freq,0.002078720173175469,1.362364780357741,0.003982035864604549,1.0,0.0,42.40816306101621,-28.43471220449719,237.96714285714293,0.004308970938263892,-0.5888782353402476,12,4,0.0,0.0,0.5,0.0,short,55421.1,55568.99,54977.43,0.002668478251063213,3.747454188924215,55225.98,2.9232506786818684,3201.2829829999873,2.9232506786818684,0.0,2.9232506786818684,train
2024-07-10 10:40:00+00:00,high_quality_low_freq,-0.0005839251025736421,0.3941250151946223,0.0020715155660130484,0.0,0.5833333333333334,54.626384998897,23.589773836237224,108.53857142857045,0.0018513154666457857,-0.16386476373239733,10,2,0.0,0.0,0.5,0.0,long,58554.45,58311.66,59282.81999999998,0.004146397071443649,2.4117323612999524,58627.81,-1.0500601534099594,-1183.5270169999703,-1.0500601534099594,-1.0,0.0,train
2024-07-20 01:00:00+00:00,high_quality_low_freq,-0.0003751592056393147,0.16344083624460132,0.0017505471065013738,0.5,0.3333333333333333,28.5783207186754,14.966172399091175,121.06499999999816,0.0018184480894015585,-0.13805122962780922,1,5,0.0,0.0,0.5,0.0,long,66474.0,66300.0,66996.0,0.00261756476216265,3.820344827586207,66576.0,-1.0664375598836462,-1189.3848,-1.0664375598836462,-1.0,0.0,train
2024-07-28 13:10:00+00:00,high_quality_low_freq,0.0013055067868208289,3.924906146763806,0.0012188719607430976,1.0,0.0,76.29670601964906,-11.245342776127416,88.64071428571022,0.0013034247162230254,-0.9533380233239467,13,6,0.0,0.0,0.5,0.0,short,67948.0,68068.0,67588.0,0.001766056396067581,5.662333333333334,68006.01,2.907603671600561,3208.215,2.907603671600561,0.0,2.907603671600561,train
2024-08-01 07:45:00+00:00,high_quality_low_freq,0.0001764175997188865,1.1032635626671223,0.0018365354029040355,0.4166666666666667,0.041666666666666664,71.52710622710624,-6.566762427967262,78.2021428571435,0.0012147715097152417,-1.1047172596082264,7,3,0.0,0.0,0.5,0.0,short,64410.36,64488.0,64177.44,0.0012053961505571374,8.296027820711036,64376.01,-1.1376064574842795,-1291.7262359999916,-1.1376064574842795,-1.0,0.0,train
2024-08-08 14:15:00+00:00,high_quality_low_freq,0.0007453903112384159,1.5832429359177265,0.003812060903623436,0.625,0.16666666666666666,36.99268553317199,11.37404193121531,327.13214285714275,0.0056767923714104275,0.25705279980503604,14,3,0.0,0.0,0.5,0.0,long,57489.93,56826.42,59480.46000000001,0.011541325585193826,0.8664515983180332,57626.23,2.976020159201306,3340.6606540000103,2.976020159201306,0.0,2.976020159201306,train
2024-10-18 10:15:00+00:00,high_quality_low_freq,-0.00020007357639303692,0.2505885952454249,0.0012488164288209044,0.4166666666666667,0.3333333333333333,13.805859155579697,2.677522982294118,66.2042857142868,0.0009757666747182369,0.299766849363626,10,4,0.0,0.0,0.5,0.0,long,67833.99,67763.26,68046.18000000004,0.001042692608823548,9.590554220272864,67848.48,-1.1500335293574393,-1329.3946090001712,-1.1500335293574393,-1.0,0.0,train
2024-12-07 00:20:00+00:00,high_quality_low_freq,-0.0017185611679120616,0.1776819627984311,0.00245528504181489,0.0,0.6666666666666666,54.610255877481926,8.966604188762865,297.3150000000002,0.002965927965404243,-0.21731279295756778,0,5,0.0,0.0,0.5,0.0,long,100217.2,99053.03,103709.70999999999,0.011616469029268411,0.8608467835453598,100243.5,-1.0173415283074458,-1162.4478549999983,-1.0173415283074458,-1.0,0.0,train
2024-12-16 21:45:00+00:00,high_quality_low_freq,-0.0007994595225788851,1.0162184391024611,0.0024539590364545975,0.20833333333333334,0.4583333333333333,25.517291555807013,7.055723547704318,200.18857142857243,0.001883862483254804,-0.8014127972411715,21,0,0.0,0.0,0.5,0.0,long,106083.99,105762.56,107048.28000000003,0.00302995767787399,3.3003761316615594,106264.96,-1.0399523314965142,-1176.2358840000268,-1.0399523314965142,-1.0,0.0,train
2025-02-11 11:20:00+00:00,high_quality_low_freq,-0.0002978453406094053,0.583718842869497,0.0008800339596894529,0.08333333333333333,0.625,32.207098673948884,4.84803663560335,70.99000000000316,0.0007238591901668859,-0.41493646681474233,11,1,0.0,0.0,0.5,0.0,long,98087.74,97885.62,98694.10000000003,0.002060604108117996,4.852945774787018,98071.56,-1.0584098745971942,-1184.656924000055,-1.0584098745971942,-1.0,0.0,train
2025-03-01 08:25:00+00:00,high_quality_low_freq,-0.0005473914887079762,1.0623458256814875,0.0019930428088457955,0.08333333333333333,0.75,59.994323465760466,41.086596024410454,127.42000000000137,0.0014955435923022977,-0.7816337518260088,8,5,0.0,0.0,0.5,0.0,long,84819.99,84740.15,85059.51000000004,0.0009412875431842312,10.623746242483499,85199.79,0.0,0.0,0.0,0.0,0.0,train
2025-03-05 16:40:00+00:00,high_quality_low_freq,-0.0021865935336048184,-1.1784292324831642,0.005167537458553729,0.0,0.9166666666666666,17.481320349596782,1.5860889463473473,570.2642857142845,0.006472300334840617,-1.1599005608505517,16,2,0.0,0.0,0.5,0.0,long,88121.34,87622.64,89617.43999999999,0.0056592421313611104,1.7670210547423404,88108.44,2.9709178115103234,3290.033659999981,2.9709178115103234,0.0,2.9709178115103234,train
2025-03-08 06:40:00+00:00,high_quality_low_freq,5.872703289483148e-05,0.7528492927794463,0.0022336268445548057,0.2916666666666667,0.2916666666666667,84.67218309807382,-4.242717167627916,125.7842857142875,0.0014554997189804154,1.754586683126546,6,5,0.0,0.0,0.5,0.0,short,86414.41,86584.6,85903.84,0.0019694631948537554,5.0775257065631845,86420.0,2.932472704116599,3343.969171000047,2.932472704116599,0.0,2.932472704116599,train
2025-03-31 20:20:00+00:00,high_quality_low_freq,-0.0011129281737998567,-0.41468155777904364,0.00237391916265673,0.5416666666666666,0.4166666666666667,18.136833465917807,6.650509992908047,184.84571428571508,0.0022326424396180936,-0.6238084525568874,20,0,0.0,0.0,0.5,0.0,long,82709.26,82400.0,83637.03999999998,0.003739121834725577,2.6744247558688934,82792.35,-1.0408548418930916,-1221.7194039999802,-1.0408548418930916,-1.0,0.0,train
2025-04-07 10:50:00+00:00,high_quality_low_freq,0.0015096145743997865,1.2130586775158396,0.004546931371688956,0.3333333333333333,0.375,85.47533355145917,-2.696713307022023,366.36785714285776,0.004760998815530817,-0.37487095647158797,10,0,0.0,0.0,0.5,0.0,short,76958.95,77533.33,75235.80999999998,0.007463459415701548,1.3398612416866773,76951.89,-1.0260195502749314,-1191.7332360000096,-1.0260195502749314,-1.0,0.0,train
2025-04-17 11:00:00+00:00,high_quality_low_freq,-0.0003282528787494428,1.1401544572862605,0.0010237487992563186,0.08333333333333333,0.5833333333333334,47.55753875058808,8.282350918545724,78.31571428571313,0.0009270052798599227,1.3961397077230873,11,3,0.0,0.0,0.5,0.0,long,84468.18,84238.99,85155.74999999996,0.0027133294454786145,3.685508966359985,84482.49,-1.0523302965672257,-1209.8009589999388,-1.0523302965672257,-1.0,0.0,train
2025-05-28 23:50:00+00:00,high_quality_low_freq,0.0008022948157094716,2.073116127193632,0.0012312870527382243,0.4166666666666667,0.4583333333333333,85.29486018623477,-7.422479812541297,146.98642857143153,0.0013638556080929527,-0.6279399502089945,23,2,0.0,0.0,0.5,0.0,short,107859.16,108028.0,107352.64000000001,0.0015653746978930348,6.3882468609335605,107772.72,-1.0680185506122626,-1214.9166159999766,-1.0680185506122626,-1.0,0.0,train
2025-06-10 04:45:00+00:00,high_quality_low_freq,-0.00023190592309103498,0.19051174410780863,0.0011135163721537362,0.16666666666666666,0.4166666666666667,21.949533131262214,2.5881979719946884,74.71785714285735,0.0006824067101980476,-0.3513925442837979,4,1,0.0,0.0,0.5,0.0,long,109415.1,109366.0,109562.40000000002,0.00044874976123045006,22.284134419549297,109491.68,0.0,0.0,0.0,0.0,0.0,train
2025-07-06 10:30:00+00:00,base_tpe490,-0.0002603514650638691,0.08569708879002054,0.00027969231778333877,0.0,0.9583333333333334,51.584354593061335,17.782504899611467,48.91857142856835,0.0004528885954893159,1.8253222699174416,10,6,0.0,0.0,0.5,0.0,long,108014.59,107817.8,108632.51059999998,0.0018218835066632535,5.488825143554221,108014.58,3.079184293625585,3079.1485288999143,3.079184293625585,0.0,3.079184293625585,val
2025-07-11 14:00:00+00:00,base_tpe490,2.887027435132866e-05,1.5365288437573112,0.001604019501135999,0.375,0.16666666666666666,42.95058881773807,23.09799889508847,260.07142857142964,0.0022049068303023737,-0.05221269070214556,14,4,0.0,0.0,0.5,0.0,long,117651.35,117273.45,118837.95600000003,0.003212032841102195,3.1132931992589916,117951.21,-1.036163606031913,-1068.0360400000238,-1.036163606031913,-1.0,0.0,val
2025-07-12 19:45:00+00:00,base_tpe490,0.0001567454991619786,2.0865807862893697,0.0006726555433743496,0.3333333333333333,0.125,56.370577495178736,-21.005661458853936,56.50857142857213,0.00048052826135081884,-0.5001645209486218,19,5,0.0,0.0,0.5,0.0,short,117608.52,117639.98,117509.73560000003,0.0002674976268725416,37.38350921806436,117596.77,0.0,0.0,0.0,0.0,0.0,val
2025-07-14 12:05:00+00:00,base_tpe490,-0.0004190246921751913,0.5404314287731918,0.0014500974606133235,0.375,0.375,26.569044854427432,4.143388693294188,176.83071428571253,0.0014526495840681921,-0.03791498582366724,12,0,0.0,0.0,0.5,0.0,long,121724.59,121369.97,122838.09679999998,0.002913297962227643,3.4325359539789524,121729.78,-1.038002160674673,-1058.8658919999866,-1.038002160674673,-1.0,0.0,val
2025-07-14 14:00:00+00:00,base_tpe490,0.00012460782056231666,0.8606102837843632,0.0015977831222683295,0.375,0.20833333333333334,71.35635450701469,25.81496379372848,248.07428571428733,0.0020364725272993375,-0.7533213108834964,14,0,0.0,0.0,0.5,0.0,long,121736.23,121302.69,123097.54559999998,0.0035613062766934184,2.8079584352078655,121815.68,-1.0329718371179564,-1042.7828899999852,-1.0329718371179564,-1.0,0.0,val
2025-07-20 01:35:00+00:00,base_tpe490,0.0002782714034167023,1.7846605844055723,0.0007796553729740815,0.375,0.3333333333333333,82.76094699677117,-5.310854874178915,93.62928571428658,0.0007936030992568026,-0.5042057208852376,1,6,0.0,0.0,0.5,0.0,short,117980.0,118070.16,117696.89759999998,0.0007641973215799584,13.085625554569148,117979.99,0.0,0.0,0.0,0.0,0.0,val
2025-07-26 08:25:00+00:00,base_tpe490,-6.411592257108179e-05,2.9780990486762176,0.0004182507980409828,0.08333333333333333,0.625,47.88895375007125,30.742454535263168,32.21357142857284,0.000274175601949783,-0.5403761587298828,8,5,0.0,0.0,0.5,0.0,long,117335.55,117304.46,117433.17259999999,0.0002649665851482906,37.740607912516296,117492.48,0.0,0.0,0.0,0.0,0.0,val
2025-08-08 14:30:00+00:00,base_tpe490,0.00044325149275072496,-0.9918284819892923,0.0009724668531955148,0.4166666666666667,0.4583333333333333,37.81524826335471,-33.00585435292664,212.92500000000084,0.0018272277138933481,-0.3459524664257519,14,4,0.0,0.0,0.5,0.0,short,116862.95,117125.0,116040.11299999998,0.002242370229401217,4.459566876550227,116528.99,3.0918302536815054,3089.022346200054,3.0918302536815054,0.0,3.0918302536815054,val
2025-08-11 10:10:00+00:00,base_tpe490,-0.00031822726836601065,-0.490348377788523,0.0012350091845280506,0.5,0.25,35.87079407806188,1.2797229895072917,136.13142857143143,0.0011223627047019225,0.14989901150192778,10,0,0.0,0.0,0.5,0.0,long,121262.58,121080.0,121835.8812,0.0015056582170691218,6.641613539270393,121290.05,-1.0644795294174187,-1096.38229600001,-1.0644795294174187,-1.0,0.0,val
2025-08-16 15:30:00+00:00,base_tpe490,0.0003209808304395115,2.297977082543532,0.0005950810327960364,0.9583333333333334,0.0,72.21769696969754,-5.501900745641976,53.732142857142854,0.00045635094372161865,0.4999445912106512,15,5,0.0,0.0,0.5,0.0,short,117762.06,117825.0,117564.42839999999,0.0005344675526226556,18.710209723545542,117743.03,0.0,0.0,0.0,0.0,0.0,val
2025-08-26 06:15:00+00:00,base_tpe490,0.00037735387245563874,0.8252020019026028,0.0016206993173085733,0.625,0.0,66.72387660484893,-14.78458590741235,113.50357142857476,0.0010304454028517544,1.0495168923583869,6,1,0.0,0.0,0.5,0.0,short,110293.55,110375.58,110035.9758,0.0007437424944613609,13.445513836401508,110150.01,0.0,0.0,0.0,0.0,0.0,val
2025-08-27 03:40:00+00:00,base_tpe490,-0.0005066090533853118,-0.0004251002831970173,0.001179775710436391,0.08333333333333333,0.6666666666666666,16.682112829977463,9.680060318264191,113.03357142857256,0.0010165620856587934,-0.9126511823141206,3,2,0.0,0.0,0.5,0.0,long,111072.18,111000.0,111298.82519999998,0.000649847693634833,15.388221113883448,111192.0,0.0,0.0,0.0,0.0,0.0,val
2025-08-29 00:55:00+00:00,base_tpe490,8.773661372631605e-05,-0.8030995753434224,0.0010486530086599851,0.5833333333333334,0.125,16.776863708029104,-24.962686988066224,144.31785714285903,0.0012862446352308549,-1.0953831143189097,0,4,0.0,0.0,0.5,0.0,short,112344.68,112638.64,111421.64559999997,0.0026165903004931467,3.821767587426778,112200.94,3.096168342377479,3155.033747600065,3.096168342377479,0.0,3.096168342377479,val
2025-08-30 00:05:00+00:00,base_tpe490,2.7402809226500394e-05,-0.1332016592684973,0.0013309364082150943,0.20833333333333334,0.20833333333333334,66.51957919345314,-24.46057555954782,85.70928571428625,0.0007913528055291402,1.9418590972913505,0,5,0.0,0.0,0.5,0.0,short,108485.67,108549.99,108283.70519999998,0.0005928893650194259,16.86655317163996,108307.3,0.0,0.0,0.0,0.0,0.0,val
2025-08-30 07:35:00+00:00,base_tpe490,-9.452200217706942e-05,1.9532236603578903,0.0009336268064542507,0.25,0.16666666666666666,34.70797966553922,7.841459012342021,73.20928571428625,0.0006751429928657527,1.613305632732278,7,5,0.0,0.0,0.5,0.0,long,108255.3,108120.0,108680.142,0.0012498233342848148,8.001130820398942,108435.23,3.056571472553215,3211.1236774000326,3.056571472553215,0.0,3.056571472553215,val
2025-09-01 17:40:00+00:00,base_tpe490,-0.0005097307404543462,0.3729447069154055,0.00151298117738633,0.08333333333333333,0.625,36.305283572205404,1.639870312874372,159.65642857143186,0.0014668301956904386,-0.39196982710442546,17,0,0.0,0.0,0.5,0.0,long,108745.99,108391.3,109859.71660000001,0.0032616375095762366,3.0659446277030447,108844.52,-1.037430180161532,-1123.179756000007,-1.037430180161532,-1.0,0.0,val
2025-09-03 04:45:00+00:00,base_tpe490,-0.0003076750915271825,-0.5351889357338828,0.0011134711838384963,0.20833333333333334,0.6666666666666666,29.689155349448544,8.410866109685585,98.72285714286097,0.0008895207642202157,-0.22492446678127911,4,2,0.0,0.0,0.5,0.0,long,110951.46,110836.48,111312.49720000004,0.0010363090309943688,9.649631240214811,110984.32,-1.0963048711784944,-1174.6261300000976,-1.0963048711784944,-1.0,0.0,val
2025-09-06 03:55:00+00:00,base_tpe490,0.00047957730538652116,2.021678030758508,0.0007465264361189131,0.5833333333333334,0.20833333333333334,59.67176595485513,-18.111086488088915,70.90500000000091,0.0006383109736193687,-0.4824290632722047,3,5,0.0,0.0,0.5,0.0,short,111201.89,111307.7,110869.64660000001,0.0009515126046868239,10.509582270107027,111082.22,0.0,0.0,0.0,0.0,0.0,val
2025-09-11 12:40:00+00:00,base_tpe490,0.0002951444794826889,-1.0240750546141733,0.001027387782331487,0.25,0.4166666666666667,50.2539409794649,-17.191124076477507,203.76500000000047,0.0017895493794080094,-0.1943855706520185,12,3,0.0,0.0,0.5,0.0,short,114210.66,114484.36,113351.24200000001,0.0023964488078433055,4.172841066861571,113863.86,-1.0459731265809373,-1108.4012899999889,-1.0459731265809373,-1.0,0.0,val
2025-09-20 01:20:00+00:00,base_tpe490,0.00014987896512992096,2.1809136936384332,0.0004975875454326887,0.5416666666666666,0.20833333333333334,79.22887799446525,-12.455348710901603,46.182142857142026,0.0003991554240409718,-0.533524159905665,1,5,0.0,0.0,0.5,0.0,short,115675.7,115730.41,115503.91059999997,0.0004729601809196435,21.14342898921339,115699.65,0.0,0.0,0.0,0.0,0.0,val
2025-07-03 13:00:00+00:00,faster_confirm,-0.00039187388581704964,-1.1285630348999485,0.0012438860100731227,0.625,0.25,15.362391655048622,0.7285577541780981,213.89785714285765,0.0019579399989533533,-0.1059094053155287,13,3,0.0,0.0,0.5,0.0,long,109070.01,108800.0,109718.03399999999,0.0024755659232083573,4.039480389615278,109246.38,2.3529641550010547,2352.9218839999644,2.3529641550010547,0.0,2.3529641550010547,val
2025-07-11 13:50:00+00:00,faster_confirm,-2.259459848387354e-05,0.47278791487001726,0.0015489463837608894,0.4166666666666667,0.16666666666666666,25.19580826112936,10.10622813201689,227.26571428571646,0.0019302195880488426,-0.4227511200424285,13,4,0.0,0.0,0.5,0.0,long,117651.35,117273.45,118558.31000000003,0.003212032841102195,3.1132931992589916,117740.86,-1.0362323810716343,-1060.5883600000236,-1.0362323810716343,-1.0,0.0,val
2025-07-12 19:35:00+00:00,faster_confirm,7.974735634003427e-05,1.5125280611192737,0.0006912436554405962,0.25,0.125,65.96889080666728,-24.0016188226965,59.676428571427614,0.0005076787481654466,0.41479677847322344,19,5,0.0,0.0,0.5,0.0,short,117608.52,117639.98,117533.01600000002,0.0002674976268725416,37.38350921806436,117547.62,0.0,0.0,0.0,0.0,0.0,val
2025-07-13 10:00:00+00:00,faster_confirm,4.340566290754091e-05,1.3603692522558568,0.0003938949344290632,0.625,0.20833333333333334,25.016417387348298,0.6396412960873832,47.133571428567976,0.00040001082424304536,-0.03311844988678458,10,6,0.0,0.0,0.5,0.0,long,117792.5,117689.63,118039.38799999999,0.000873315363881362,11.450617283951136,117830.74,0.0,0.0,0.0,0.0,0.0,val
2025-07-14 12:05:00+00:00,faster_confirm,-0.0004190246921751913,0.5404314287731918,0.0014500974606133235,0.375,0.375,26.569044854427432,4.143388693294188,176.83071428571253,0.0014526495840681921,-0.03791498582366724,12,0,0.0,0.0,0.5,0.0,long,121724.59,121369.97,122575.67799999999,0.002913297962227643,3.4325359539789524,121729.78,-1.0380718312691826,-1051.4641059999867,-1.0380718312691826,-1.0,0.0,val
2025-07-17 06:40:00+00:00,faster_confirm,0.00020977902275402715,0.043645306760270286,0.0013165927000246037,0.2916666666666667,0.4583333333333333,62.8429037283644,-9.977251214422843,161.8285714285708,0.0013665529883092593,-0.8735742409063172,6,3,0.0,0.0,0.5,0.0,short,118374.45,118768.99,117427.55399999997,0.003332982750923093,3.0003155573578737,118421.0,-1.0353219525796609,-1037.8147780000209,-1.0353219525796609,-1.0,0.0,val
2025-07-21 10:50:00+00:00,faster_confirm,-0.0002578575483572682,-0.4691681785133989,0.0010961071788892999,0.375,0.4166666666666667,13.748542754537283,-2.8878190947750895,117.1921428571451,0.0009883944661476666,-0.23646824411156828,10,0,0.0,0.0,0.5,0.0,long,118588.21,118481.17,118845.10600000003,0.0009026192401420693,11.078868647233836,118568.19,0.0,0.0,0.0,0.0,0.0,val
2025-07-26 08:15:00+00:00,faster_confirm,-0.00011167605365089667,1.7234972726801374,0.0004240302532932351,0.0,0.6666666666666666,20.68900152935831,4.092617076746674,27.107142857145977,0.0002308404803959155,0.17667989934028216,8,5,0.0,0.0,0.5,0.0,long,117335.55,117304.46,117410.166,0.0002649665851482906,37.740607912516296,117428.03,0.0,0.0,0.0,0.0,0.0,val
2025-08-05 19:20:00+00:00,faster_confirm,-8.514552301066529e-05,1.001365597240928,0.0014346123496911296,0.125,0.4166666666666667,86.31691473656142,8.456273520232784,140.77214285714166,0.001238586497167947,-0.6285055742990654,19,1,0.0,0.0,0.5,0.0,short,113644.71,113762.68,113361.58200000004,0.0010380597565868804,9.633356785624557,113655.48,-1.094847740133779,-1086.1125269998875,-1.094847740133779,-1.0,0.0,val
2025-08-09 05:55:00+00:00,faster_confirm,0.000615440463010295,2.222871150131742,0.0007033917388449196,0.4583333333333333,0.4166666666666667,83.17366440544274,-9.634369385731759,130.88428571428292,0.0011211679716774123,-0.40027730804833483,5,5,0.0,0.0,0.5,0.0,short,116743.51,116979.0,116178.33399999999,0.002017157099354005,4.95747207949371,116739.23,-1.0526565714206118,-1032.8340850000218,-1.0526565714206118,-1.0,0.0,val
2025-08-10 18:40:00+00:00,faster_confirm,-0.0001452080595226594,0.7644167309448835,0.0007977386517446153,0.25,0.16666666666666666,16.934811438782578,2.5750921511878495,45.95357142856977,0.00038758929615180114,-0.7437392663203435,18,6,0.0,0.0,0.5,0.0,long,118498.01,118442.57,118631.06599999996,0.0004678559580872943,21.37409992785464,118562.54,0.0,0.0,0.0,0.0,0.0,val
2025-08-11 09:55:00+00:00,faster_confirm,-0.00015227636022465988,0.42022705474933886,0.0012276100777910545,0.5416666666666666,0.16666666666666666,34.591071088554585,13.791582424310583,118.89428571428809,0.000979039282560184,0.3467168230537187,9,0,0.0,0.0,0.5,0.0,long,121262.58,121080.0,121700.77200000001,0.0015056582170691218,6.641613539270393,121439.75,-1.0650709481609777,-1034.0056340000094,-1.0650709481609777,-1.0,0.0,val
2025-08-27 10:35:00+00:00,faster_confirm,-9.379919610750891e-05,-0.2360145767927887,0.0011032890914676472,0.08333333333333333,0.7083333333333334,79.12203164351497,-1.484053605495248,128.46142857142695,0.001157988686086216,0.747411415150853,10,2,0.0,0.0,0.5,0.0,short,111080.97,111267.7,110632.81800000001,0.0016810260119262184,5.9487479248113555,110934.96,-1.0639646860377208,-1021.920100999979,-1.0639646860377208,-1.0,0.0,val
2025-09-06 09:10:00+00:00,faster_confirm,2.3388829501475046e-05,-2.200793295289746,0.0004141535244612968,0.25,0.625,65.20492389691711,-30.26894626621879,40.385000000001,0.00036474229468920407,3.4452021807866466,9,5,0.0,0.0,0.5,0.0,short,110910.9,110952.77,110810.41199999997,0.00037751023569378573,26.489347981842315,110722.01,0.0,0.0,0.0,0.0,0.0,val
2025-09-08 18:15:00+00:00,faster_confirm,0.00014510282168056396,1.752817194515276,0.0011649624004846865,0.6666666666666666,0.041666666666666664,27.553711376746037,5.145321248562123,112.78500000000246,0.0010031575202348346,-0.37745163734826326,18,0,0.0,0.0,0.5,0.0,long,112291.74,112075.2,112811.43600000003,0.0019283697981704454,5.185727348295732,112430.0,-1.0567042340741333,-1004.1481360000357,-1.0567042340741333,-1.0,0.0,val
2025-09-29 05:40:00+00:00,faster_confirm,7.110886449219094e-05,0.9625185328799405,0.000776350622831406,0.6666666666666666,0.08333333333333333,17.114684951302436,2.1513468293669966,64.57428571428422,0.0005780487268400567,-0.630124280892587,5,0,0.0,0.0,0.5,0.0,long,111620.0,111575.38,111727.08799999999,0.0003997491488980052,25.015688032275136,111710.8,0.0,0.0,0.0,0.0,0.0,val
2025-07-11 13:55:00+00:00,balanced,3.193728691564114e-05,1.7611085049037705,0.001599999338386262,0.375,0.16666666666666666,33.47294465294003,17.304125599885325,253.73357142857276,0.0021504816918684645,0.8164887576010793,13,4,0.0,0.0,0.5,0.0,long,117651.35,117273.45,118633.89000000003,0.003212032841102195,3.1132931992589916,117989.18,-1.0364620371912772,-1036.4609800000233,-1.0364620371912772,-1.0,0.0,val
2025-07-12 19:30:00+00:00,balanced,5.650244459885776e-05,0.6381025878448557,0.0006923485283601305,0.25,0.125,77.37623895403267,-7.165144013495336,54.94285714285589,0.00046769682140908255,3.277970328788618,19,5,0.0,0.0,0.5,0.0,short,117543.2,117610.0,117369.51999999999,0.000568301696737905,17.596287425148933,117475.37,0.0,0.0,0.0,0.0,0.0,val
2025-07-13 10:00:00+00:00,balanced,4.340566290754091e-05,1.3603692522558568,0.0003938949344290632,0.625,0.20833333333333334,25.016417387348298,0.6396412960873832,47.133571428567976,0.00040001082424304536,-0.03311844988678458,10,6,0.0,0.0,0.5,0.0,long,117792.5,117689.63,118059.96199999998,0.000873315363881362,11.450617283951136,117830.74,0.0,0.0,0.0,0.0,0.0,val
2025-07-14 12:05:00+00:00,balanced,-0.0004190246921751913,0.5404314287731918,0.0014500974606133235,0.375,0.375,26.569044854427432,4.143388693294188,176.83071428571253,0.0014526495840681921,-0.03791498582366724,12,0,0.0,0.0,0.5,0.0,long,121724.59,121369.97,122646.60199999998,0.002913297962227643,3.4325359539789524,121729.78,-1.0383042658462294,-1027.508571999987,-1.0383042658462294,-1.0,0.0,val
2025-07-17 06:45:00+00:00,balanced,0.0001653702596535267,0.19324503558938144,0.0013059968172566322,0.2916666666666667,0.4166666666666667,58.047627596335005,-12.15114788473619,163.192142857142,0.0013778183767027218,-0.5228373960488313,6,3,0.0,0.0,0.5,0.0,short,118374.45,118768.99,117348.64599999998,0.003332982750923093,3.0003155573578737,118442.42,-1.035557064509884,-1014.1491880000203,-1.035557064509884,-1.0,0.0,val
2025-07-26 08:20:00+00:00,balanced,-8.8776324333756e-05,1.7209718308859439,0.00041525932606109665,0.041666666666666664,0.6666666666666666,31.32676827697382,14.248283156161904,27.610000000001623,0.00023512273858295694,-0.061319704849707585,8,5,0.0,0.0,0.5,0.0,long,117335.55,117304.46,117416.38399999999,0.0002649665851482906,37.740607912516296,117428.03,0.0,0.0,0.0,0.0,0.0,val
2025-08-05 19:25:00+00:00,balanced,-6.75112665159134e-05,0.7292518242701352,0.001419140128824661,0.16666666666666666,0.375,83.07349148698782,-0.568209865415426,133.36214285714232,0.0011738425576148627,-0.9518068359080448,19,1,0.0,0.0,0.5,0.0,short,113644.71,113762.68,113337.98800000004,0.0010380597565868804,9.633356785624557,113611.61,-1.0950849107592862,-1061.37592599989,-1.0950849107592862,-1.0,0.0,val
2025-08-10 18:45:00+00:00,balanced,-0.0001416594214861901,0.7348322914790413,0.0007864722358395371,0.20833333333333334,0.16666666666666666,23.350841148483347,10.527398755997165,42.15714285714057,0.0003555777607233071,-0.15330441369206038,18,6,0.0,0.0,0.5,0.0,long,118498.01,118442.57,118642.15399999997,0.0004678559580872943,21.37409992785464,118559.56,0.0,0.0,0.0,0.0,0.0,val
2025-08-11 10:00:00+00:00,balanced,-0.00019811599181436123,-0.9433181829817177,0.001244564834930633,0.5,0.16666666666666666,39.23825552802665,16.329243424051235,131.00428571428867,0.0010806147334795387,-0.12032633145826249,10,0,0.0,0.0,0.5,0.0,long,121262.58,121080.0,121737.288,0.0015056582170691218,6.641613539270393,121231.26,-1.0652023938407473,-1021.1027740000092,-1.0652023938407473,-1.0,0.0,val
2025-09-06 03:50:00+00:00,balanced,0.0005212772755152021,1.4443758310192654,0.0007542664451756147,0.5416666666666666,0.20833333333333334,64.96033455220035,-17.712259695378208,82.78857142857305,0.0007456238664689084,-0.4855175665709285,3,5,0.0,0.0,0.5,0.0,short,111201.89,111307.7,110926.784,0.0009515126046868239,10.509582270107027,111032.62,0.0,0.0,0.0,0.0,0.0,val
2025-09-06 09:10:00+00:00,balanced,2.3388829501475046e-05,-2.200793295289746,0.0004141535244612968,0.25,0.625,65.20492389691711,-30.26894626621879,40.385000000001,0.00036474229468920407,3.4452021807866466,9,5,0.0,0.0,0.5,0.0,short,110897.99,110910.91,110864.39800000002,0.00011650346412949642,85.83435758515093,110722.01,0.0,0.0,0.0,0.0,0.0,val
2025-07-14 12:05:00+00:00,quality,-0.0004190246921751913,0.5404314287731918,0.0014500974606133235,0.375,0.375,26.569044854427432,4.143388693294188,176.83071428571253,0.0014526495840681921,-0.03791498582366724,12,0,0.0,0.0,0.5,0.0,long,121724.59,121369.97,122717.52599999998,0.002913297962227643,3.4325359539789524,121729.78,-1.0381992697632436,-1038.191937999987,-1.0381992697632436,-1.0,0.0,val
2025-07-17 06:45:00+00:00,quality,0.0001653702596535267,0.19324503558938144,0.0013059968172566322,0.2916666666666667,0.4166666666666667,58.047627596335005,-12.15114788473619,163.192142857142,0.0013778183767027218,-0.5228373960488313,6,3,0.0,0.0,0.5,0.0,short,118374.45,118768.99,117269.73799999997,0.003332982750923093,3.0003155573578737,118442.42,-1.0354512163352538,-1024.6672280000205,-1.0354512163352538,-1.0,0.0,val
2025-08-05 19:25:00+00:00,quality,-6.75112665159134e-05,0.7292518242701352,0.001419140128824661,0.16666666666666666,0.375,83.07349148698782,-0.568209865415426,133.36214285714232,0.0011738425576148627,-0.9518068359080448,19,1,0.0,0.0,0.5,0.0,short,113644.71,113762.68,113314.39400000004,0.0010380597565868804,9.633356785624557,113611.61,-1.0949780287162294,-1072.381345999889,-1.0949780287162294,-1.0,0.0,val
2025-08-11 10:00:00+00:00,quality,-0.00019811599181436123,-0.9433181829817177,0.001244564834930633,0.5,0.16666666666666666,39.23825552802665,16.329243424051235,131.00428571428867,0.0010806147334795387,-0.12032633145826249,10,0,0.0,0.0,0.5,0.0,long,121262.58,121080.0,121773.804,0.0015056582170691218,6.641613539270393,121231.26,-1.0650942466057882,-1031.6946740000094,-1.0650942466057882,-1.0,0.0,val
2025-09-06 03:50:00+00:00,quality,0.0005212772755152021,1.4443758310192654,0.0007542664451756147,0.5416666666666666,0.20833333333333334,64.96033455220035,-17.712259695378208,82.78857142857305,0.0007456238664689084,-0.4855175665709285,3,5,0.0,0.0,0.5,0.0,short,111201.89,111307.7,110905.622,0.0009515126046868239,10.509582270107027,111032.62,0.0,0.0,0.0,0.0,0.0,val
2025-07-14 12:05:00+00:00,high_quality_low_freq,-0.0004190246921751913,0.5404314287731918,0.0014500974606133235,0.375,0.375,26.569044854427432,4.143388693294188,176.83071428571253,0.0014526495840681921,-0.03791498582366724,12,0,0.0,0.0,0.5,0.0,long,121724.59,121369.97,122788.44999999998,0.002913297962227643,3.4325359539789524,121729.78,-1.0381992697632436,-1038.191937999987,-1.0381992697632436,-1.0,0.0,val
2025-08-11 10:10:00+00:00,high_quality_low_freq,-0.00031822726836601065,-0.490348377788523,0.0012350091845280506,0.5,0.25,35.87079407806188,1.2797229895072917,136.13142857143143,0.0011223627047019225,0.14989901150192778,10,0,0.0,0.0,0.5,0.0,long,121262.58,121080.0,121810.32,0.0015056582170691218,6.641613539270393,121290.05,-1.0648755855508907,-1053.8028580000096,-1.0648755855508907,-1.0,0.0,val
2025-09-06 03:55:00+00:00,high_quality_low_freq,0.00047957730538652116,2.021678030758508,0.0007465264361189131,0.5833333333333334,0.20833333333333334,59.67176595485513,-18.111086488088915,70.90500000000091,0.0006383109736193687,-0.4824290632722047,3,5,0.0,0.0,0.5,0.0,short,111201.89,111307.7,110884.46,0.0009515126046868239,10.509582270107027,111082.22,0.0,0.0,0.0,0.0,0.0,val
2025-10-04 21:55:00+00:00,base_tpe490,0.0005577737256013396,3.308870282838871,0.0006121081287165776,0.8333333333333334,0.0,82.30982338762287,-15.019456324846672,73.04928571428484,0.0005978303066370357,-0.7649151122992266,21,5,0.0,0.0,0.5,0.0,short,122236.69,122327.33,121952.0804,0.0007415122251755951,13.485954324801499,122190.67,0.0,0.0,0.0,0.0,0.0,test
2025-10-14 16:55:00+00:00,base_tpe490,0.0025209200954934177,2.068658983304414,0.0030289526792545178,0.75,0.08333333333333333,70.7479600590304,-2.2494032483825492,412.625,0.0036733668462495335,0.16243322211615385,16,1,0.0,0.0,0.5,0.0,short,112552.0,113187.62,110556.15320000002,0.00564734522709499,1.7707435260061173,112328.83,-1.0257330966416467,-1025.6893839999927,-1.0257330966416467,-1.0,0.0,test
2025-10-18 17:25:00+00:00,base_tpe490,-0.0006065399313519198,1.0335817808295198,0.0010159371853347672,0.041666666666666664,0.625,41.71758915929139,12.384344584115066,117.29214285714157,0.001096862667776211,0.19984335706506864,17,5,0.0,0.0,0.5,0.0,long,106815.68,106542.63,107673.05699999996,0.002556272637125826,3.911945797473157,106934.21,-1.0467271525661759,-1035.971334999958,-1.0467271525661759,-1.0,0.0,test
2025-10-21 00:40:00+00:00,base_tpe490,-0.0008743408420240177,-0.7343382294554363,0.0013107355861028559,0.0,0.75,25.88396991480844,13.317633350770716,132.14428571428394,0.0011958860619654497,0.7574421313535666,0,1,0.0,0.0,0.5,0.0,long,110360.83,110168.0,110966.3162,0.0017472684828485046,5.723218897474408,110499.06,-1.0620698557287698,-1040.153287000009,-1.0620698557287698,-1.0,0.0,test
2025-10-26 01:05:00+00:00,base_tpe490,0.0004843482277517233,2.9236997632600024,0.0005695317012402233,1.0,0.0,62.940442813559876,-22.841073139348914,82.41428571428489,0.0007375850399496389,-0.4129743589952693,1,6,0.0,0.0,0.5,0.0,short,111786.45,111853.89,111574.68839999998,0.0006032931540450773,16.575689501778786,111735.3,0.0,0.0,0.0,0.0,0.0,test
2025-10-29 11:20:00+00:00,base_tpe490,-0.00011163816075291619,1.3875273049888504,0.0010780454837577777,0.08333333333333333,0.5416666666666666,55.15844850515359,8.641756323712087,124.84642857143106,0.001103371096819638,-0.3068795169326933,11,2,0.0,0.0,0.5,0.0,long,112994.79,112732.91,113817.09319999996,0.002317628980946733,4.31475446769529,113149.99,-1.0485058145055108,-1015.9559999999634,-1.0485058145055108,-1.0,0.0,test
2025-11-06 05:15:00+00:00,base_tpe490,0.0006586924067512464,0.21512775387070612,0.0016525044746150959,0.9166666666666666,0.0,46.99631210804809,-30.1273141436089,161.0407142857127,0.0015552396808963711,-0.33268832506532536,5,3,0.0,0.0,0.5,0.0,short,103862.97,104200.0,102804.6958,0.003244948608729356,3.081712903895806,103547.2,3.099899528110727,2972.2352715799993,3.099899528110727,0.0,3.099899528110727,test
2025-11-06 13:55:00+00:00,base_tpe490,0.0002944510937208074,1.5853941748819362,0.0017663854206499616,0.2916666666666667,0.5833333333333334,75.8447187310573,-5.190720744898414,198.85428571428722,0.0019246500567441315,-1.067332555453615,13,3,0.0,0.0,0.5,0.0,short,103425.75,103626.46,102795.52059999997,0.0019406192365054777,5.152994369986383,103319.71,3.080060911758091,3044.7538408801265,3.080060911758091,0.0,3.080060911758091,test
2025-11-10 20:50:00+00:00,base_tpe490,0.0009046797545400081,1.3380554703695418,0.0017560003649254759,0.625,0.125,81.2020779566604,-0.6235957696416818,174.7321428571418,0.0016491531156336517,-0.1275876281582547,20,0,0.0,0.0,0.5,0.0,short,105985.52,106299.22,105000.50200000001,0.0029598382873433754,3.378562958240389,105952.65,-1.0416912125811115,-1061.4747099999906,-1.0416912125811115,-1.0,0.0,test
2025-11-11 01:55:00+00:00,base_tpe490,0.0018692300114431628,0.9724437791478687,0.0020945063867316483,0.625,0.125,49.15383333333326,-18.899411134088588,339.02500000000043,0.0031950226160763233,0.3932685523368485,1,1,0.0,0.0,0.5,0.0,short,106249.98,107366.0,102745.67719999998,0.010503719624229616,0.9520436909732765,106110.36,3.1211221406229113,3147.102579800018,3.1211221406229113,0.0,3.1211221406229113,test
2025-11-25 03:00:00+00:00,base_tpe490,-0.0013581631230477264,-0.9657795548885489,0.0018370547509118454,0.0,0.9583333333333334,36.10188955005689,20.57164884875599,149.31071428571573,0.001699638938423594,0.08189220100765673,3,1,0.0,0.0,0.5,0.0,long,87644.69,87457.53,88232.37240000001,0.0021354402645500084,4.6828750801452435,87848.49,3.0769529364879014,3199.545646160029,3.0769529364879014,0.0,3.0769529364879014,test
2025-11-26 07:25:00+00:00,base_tpe490,0.0006587265719933225,2.328836201748455,0.0015723024316124847,0.875,0.0,79.67586216490722,-2.3566212651954572,108.01857142857314,0.001230279996940468,-0.6217354133608225,7,2,0.0,0.0,0.5,0.0,short,87794.0,87889.0,87495.7,0.0010820785019477414,9.241473684210526,87799.99,-1.1145929303649107,-1194.6625000000001,-1.1145929303649107,-1.0,0.0,test
2025-11-28 06:15:00+00:00,base_tpe490,0.0007930362323059668,1.0885043125972176,0.0011293471301717685,1.0,0.0,53.81465016235442,-31.513976954903676,99.16214285714419,0.0010853049520307349,0.26641095423891364,6,4,0.0,0.0,0.5,0.0,short,91553.73,91645.28,91266.26299999999,0.0009999592588964198,10.000407427634853,91368.0,0.0,0.0,0.0,0.0,0.0,test
2025-11-28 11:20:00+00:00,base_tpe490,0.0006425637991294514,-0.7492063327776032,0.001450295131996419,0.9166666666666666,0.08333333333333333,37.16066100456277,-27.559219174990034,155.04571428571322,0.001698915143781319,-0.22907956232970075,11,4,0.0,0.0,0.5,0.0,short,91587.83,91860.14,90732.77660000001,0.0029732116155606883,3.3633663839007304,91261.6,-1.0461578386625356,-1108.806981999991,-1.0461578386625356,-1.0,0.0,test
2025-11-29 22:10:00+00:00,base_tpe490,0.0006593691018747296,0.3416612823922163,0.0010629674068298612,0.7916666666666666,0.125,80.97851989034032,-11.333248666783803,79.97142857142795,0.0008812799143996598,0.3967571137477403,22,5,0.0,0.0,0.5,0.0,short,90981.22,91048.0,90771.53080000001,0.0007339976315991238,13.624022162324287,90744.64,0.0,0.0,0.0,0.0,0.0,test
2025-12-01 20:35:00+00:00,base_tpe490,-4.517413353974866e-05,0.885383590451251,0.003077147699027835,0.20833333333333334,0.7083333333333334,67.62597143899528,-7.2096998090082565,242.39857142857156,0.002839344972239752,-0.651905847534341,20,0,0.0,0.0,0.5,0.0,short,85456.88,85815.13,84331.975,0.004192172707451992,2.3853979064898816,85371.3,-1.0374483848149303,-1088.051875,-1.0374483848149303,-1.0,0.0,test
2025-12-06 03:40:00+00:00,base_tpe490,0.0006277135515071465,2.6454314397146415,0.0013826217477620575,0.3333333333333333,0.5,78.86616806985728,-7.51989366298497,111.70214285714299,0.0012455847027864767,0.6307382244331314,3,5,0.0,0.0,0.5,0.0,short,89685.46,89803.03,89316.29020000003,0.0013109148350244557,7.628260610700501,89678.48,3.0453096319587263,3160.7869113797724,3.0453096319587263,0.0,3.0453096319587263,test
2025-12-07 04:20:00+00:00,base_tpe490,0.0006366710496839614,2.703906667869098,0.0008499458586110129,0.8333333333333334,0.0,82.9560589610815,-8.787873183733183,58.11500000000212,0.0006480662779495894,-0.40408041212636275,4,6,0.0,0.0,0.5,0.0,short,89682.07,89749.59,89470.05720000004,0.000752881819074755,13.28229709715846,89674.47,0.0,0.0,0.0,0.0,0.0,test
2025-12-09 22:35:00+00:00,base_tpe490,-0.0008646126293545947,0.3060563583506819,0.0025321087312640115,0.20833333333333334,0.4583333333333333,37.321356832621966,1.7663603613808974,250.44785714285743,0.0026970007323031567,1.1396050438280978,22,1,0.0,0.0,0.5,0.0,long,92775.81,92400.0,93955.85339999999,0.004050732620927779,2.468689231260493,92861.62,-1.0359591998852786,-1107.9766789999935,-1.0359591998852786,-1.0,0.0,test
2025-12-17 02:45:00+00:00,base_tpe490,-0.0006970468535824649,-0.12024492316105699,0.0014673331526527517,0.125,0.5833333333333334,19.440235634976627,8.21202246921686,116.11714285714386,0.0013272469151167892,0.17644305846410716,2,2,0.0,0.0,0.5,0.0,long,87431.96,87239.16,88037.35200000001,0.002205143290851571,4.534852697095367,87487.22,-1.0613149730485825,-1123.351720000016,-1.0613149730485825,-1.0,0.0,test
2025-12-23 13:15:00+00:00,base_tpe490,0.00017057571129521672,1.103590618322892,0.0010799810808991396,0.5416666666666666,0.041666666666666664,50.49408221542756,-19.57952903509912,97.91642857142558,0.0011152212821346878,-0.8848835103306923,13,1,0.0,0.0,0.5,0.0,short,87860.36,87963.03,87537.9762,0.0011685588358617955,8.55754943021345,87800.0,3.033051413454621,3176.2522832399586,3.033051413454621,0.0,3.033051413454621,test
2025-12-28 09:30:00+00:00,base_tpe490,0.000363418702815291,2.713039547830849,0.0003721041347080658,0.75,0.125,63.56686676787567,10.469212768743056,40.23285714285885,0.00045805061154304444,0.12838337070881886,9,6,0.0,0.0,0.5,0.0,short,87836.6,87972.95,87408.46100000004,0.0015523141833813155,6.441994866153695,87834.96,-1.0826086930531025,-1168.111454999931,-1.0826086930531025,-1.0,0.0,test
2025-12-28 18:45:00+00:00,base_tpe490,-0.00045221440855081784,-3.7869907859646883,0.0005206323912591812,0.08333333333333333,0.7916666666666666,47.83437275404029,15.671965558079492,57.49357142857168,0.0006560770992600641,-0.17250559078256653,18,6,0.0,0.0,0.5,0.0,long,87681.86,87500.26,88252.08400000002,0.002071123947416328,4.828296255506453,87632.34,-1.0644355204057414,-1136.0715200000343,-1.0644355204057414,-1.0,0.0,test
2025-12-29 01:15:00+00:00,base_tpe490,0.0013359387286873898,2.795947996600323,0.001044460665256631,0.9583333333333334,0.0,65.0049562303993,-18.02010244082055,151.64571428571693,0.0017225385550090537,0.676033466590426,1,0,0.0,0.0,0.5,0.0,short,88144.0,88350.0,87497.16,0.0023370847703757486,4.278834951456311,88036.18,-1.058013965627064,-1117.1944,-1.058013965627064,-1.0,0.0,test
2025-12-30 19:35:00+00:00,base_tpe490,-0.0004993851133924412,0.1641626116508536,0.0017022648001834234,0.08333333333333333,0.4166666666666667,41.080195075559516,23.973493474900927,124.75071428571599,0.001412805531299788,-1.8287374666623764,19,1,0.0,0.0,0.5,0.0,long,88227.23,87973.19,89024.91559999998,0.002879383156424537,3.472966068335783,88299.99,-1.0489354110233409,-1095.8909039999737,-1.0489354110233409,-1.0,0.0,test
2025-12-30 23:55:00+00:00,base_tpe490,0.0005876047260382144,1.990430993401871,0.0010993853218745561,0.9166666666666666,0.0,87.04406836632033,-4.636788906940183,71.15928571428438,0.0008041915766560639,-0.8416240765112298,23,1,0.0,0.0,0.5,0.0,short,88494.03,88573.65,88244.02320000001,0.0008997217100407264,11.114547852299067,88485.49,0.0,0.0,0.0,0.0,0.0,test
2025-10-25 21:55:00+00:00,faster_confirm,-0.00031665069583862427,0.2573935815919823,0.0005171116546948935,0.20833333333333334,0.6666666666666666,8.645467172755312,-2.2426107013345344,46.35857142857276,0.0004158548882626702,-0.22112955564279432,21,5,0.0,0.0,0.5,0.0,long,111414.72,111346.86,111577.584,0.0006090757127963036,16.418320070733724,111477.76,0.0,0.0,0.0,0.0,0.0,test
2025-11-14 16:05:00+00:00,faster_confirm,0.0010846003961993856,1.2434374669921497,0.004159385035197856,0.5,0.25,82.02578132046979,-5.552028949548642,458.09000000000066,0.004741601406550536,-0.7414639395196764,16,4,0.0,0.0,0.5,0.0,short,96706.0,97322.35,95226.75999999998,0.006373441151531506,1.5690111138151877,96610.82,-1.0262248853521292,-1026.1902400000095,-1.0262248853521292,-1.0,0.0,test
2025-11-28 08:10:00+00:00,faster_confirm,-0.0003768946493963337,-0.9238811018846197,0.0011766119942175674,0.4583333333333333,0.375,11.569108850082369,3.614702052093616,119.65071428571433,0.0013130282935959205,-0.15848222470566706,8,4,0.0,0.0,0.5,0.0,long,91010.92,90904.3,91266.80799999999,0.0011715077707158145,8.536008253611328,91125.77,2.2961052225549063,2272.5291263999234,2.2961052225549063,0.0,2.2961052225549063,test
2025-12-01 20:25:00+00:00,faster_confirm,-0.0003347906047189452,0.49135536345998937,0.0031130063819097002,0.20833333333333334,0.75,76.40484643613038,18.90611059553342,245.75142857142782,0.00288215619180222,0.15559212476950537,20,0,0.0,0.0,0.5,0.0,short,85456.88,85815.13,84597.08,0.004192172707451992,2.3853979064898816,85266.52,-1.0377904960423614,-1050.7113250000002,-1.0377904960423614,-1.0,0.0,test
2025-12-08 00:55:00+00:00,faster_confirm,-7.054721694764317e-05,0.7426190164523125,0.002415849809436498,0.08333333333333333,0.5416666666666666,81.12137327138782,2.0410321797957636,195.26571428571748,0.002161293265672321,-0.36861109117826535,0,0,0.0,0.0,0.5,0.0,short,90400.03,90627.11,89855.038,0.0025119460690444656,3.9809771886559493,90346.7,-1.0540179305875008,-1056.0680840000077,-1.0540179305875008,-1.0,0.0,test
2025-12-09 22:05:00+00:00,faster_confirm,-0.0004095824338392615,-0.3949759866297665,0.002595642514970368,0.3333333333333333,0.20833333333333334,17.012890363736975,3.1137822245180082,230.54285714285757,0.0024862117160100445,-0.9480229412580993,22,1,0.0,0.0,0.5,0.0,long,92775.81,92400.0,93677.75399999999,0.004050732620927779,2.468689231260493,92728.57,-1.036696071335549,-1027.766779999994,-1.036696071335549,-1.0,0.0,test
2025-12-23 12:25:00+00:00,faster_confirm,0.00022632012534232228,-0.24056978158757827,0.0011032829972367074,0.3333333333333333,0.3333333333333333,65.14291096089909,-17.015676140518607,96.05071428571475,0.0010957817256193772,0.018441994681649858,12,1,0.0,0.0,0.5,0.0,short,87744.65,87940.0,87275.80999999998,0.0022263465635797264,4.491663680573196,87654.97,-1.061382746898154,-1041.3293050000293,-1.061382746898154,-1.0,0.0,test
2025-12-25 01:15:00+00:00,faster_confirm,-2.7929209195073007e-05,1.2508405021760518,0.0009516977935223593,0.5416666666666666,0.16666666666666666,34.37080171524151,16.334107509755704,80.15428571428596,0.0009141785181050242,0.8126195212446248,1,3,0.0,0.0,0.5,0.0,long,87591.56,87508.52,87790.85599999999,0.0009480365459867777,10.548116570328366,87679.03,0.0,0.0,0.0,0.0,0.0,test
2025-12-25 14:25:00+00:00,faster_confirm,0.00020858726308583552,0.5838498591178515,0.0006383356800880815,0.375,0.4166666666666667,82.19183076583877,-3.625654690420987,64.21857142857334,0.0007332961473413751,-0.7607176514577089,14,3,0.0,0.0,0.5,0.0,short,87638.3,87692.68,87507.78800000003,0.0006205049618715801,16.11590658330562,87575.22,0.0,0.0,0.0,0.0,0.0,test
2025-12-30 19:25:00+00:00,faster_confirm,-0.00047281788251937854,0.4566395524739381,0.0017359001992329494,0.16666666666666666,0.4166666666666667,21.941098178117592,5.468555419176745,125.62785714285876,0.001422016274659706,-0.20570720672256634,19,1,0.0,0.0,0.5,0.0,long,88227.23,87973.19,88836.92599999998,0.002879383156424537,3.472966068335783,88344.88,-1.049665863400395,-1018.8968399999756,-1.049665863400395,-1.0,0.0,test
2025-10-14 16:55:00+00:00,balanced,0.0025209200954934177,2.068658983304414,0.0030289526792545178,0.75,0.08333333333333333,70.7479600590304,-2.2494032483825492,412.625,0.0036733668462495335,0.16243322211615385,16,1,0.0,0.0,0.5,0.0,short,112552.0,113187.62,110899.388,0.00564734522709499,1.7707435260061173,112328.83,-1.0257330966416467,-1025.6893839999927,-1.0257330966416467,-1.0,0.0,test
2025-10-25 21:55:00+00:00,balanced,-0.00031665069583862427,0.2573935815919823,0.0005171116546948935,0.20833333333333334,0.6666666666666666,8.645467172755312,-2.2426107013345344,46.35857142857276,0.0004158548882626702,-0.22112955564279432,21,5,0.0,0.0,0.5,0.0,long,111414.72,111346.86,111591.156,0.0006090757127963036,16.418320070733724,111477.76,0.0,0.0,0.0,0.0,0.0,test
2025-11-18 22:10:00+00:00,balanced,-0.0004184055615655004,1.6299729987852158,0.0023378003729964806,0.20833333333333334,0.3333333333333333,18.197737407415524,7.637100046034153,162.2514285714299,0.001743236742266032,0.3210577645342079,22,1,0.0,0.0,0.5,0.0,long,92661.73,92516.68,93038.86,0.0015653711623990069,6.388261289210488,93074.81,2.5209545326701024,2495.074842000032,2.5209545326701024,0.0,2.5209545326701024,test
2025-11-28 08:10:00+00:00,balanced,-0.0003768946493963337,-0.9238811018846197,0.0011766119942175674,0.4583333333333333,0.375,11.569108850082369,3.614702052093616,119.65071428571433,0.0013130282935959205,-0.15848222470566706,8,4,0.0,0.0,0.5,0.0,long,91097.05,90958.03,91458.50200000001,0.001526064784754326,6.552801755142953,91125.77,2.518212707074326,2555.213002800035,2.518212707074326,0.0,2.518212707074326,test
2025-12-01 20:30:00+00:00,balanced,-0.00015193514906207428,0.4029132634263264,0.003090711138058411,0.20833333333333334,0.75,73.34394855412259,5.611140115960467,244.4114285714282,0.0028672225804034523,0.06750874254136101,20,0,0.0,0.0,0.5,0.0,short,85456.88,85815.13,84525.43000000001,0.004192172707451992,2.3853979064898816,85243.27,-1.0375268682513332,-1079.2507,-1.0375268682513332,-1.0,0.0,test
2025-12-09 22:10:00+00:00,balanced,-0.0004684970599763054,-0.6895007952096859,0.002612638734369055,0.2916666666666667,0.25,23.298586593596934,11.909584363073417,243.4207142857153,0.0026272668559603747,0.0756420755740777,22,1,0.0,0.0,0.5,0.0,long,92775.81,92400.0,93752.916,0.004050732620927779,2.468689231260493,92651.69,-1.036323410592,-1066.8107519999937,-1.036323410592,-1.0,0.0,test
2025-12-25 14:30:00+00:00,balanced,0.00024091501720577732,1.6264446117092421,0.000643093416040389,0.375,0.4166666666666667,77.35809100458118,-9.887000147877686,65.44857142857238,0.0007468311636177038,-0.8065493649015848,14,3,0.0,0.0,0.5,0.0,short,87638.3,87692.68,87496.91200000003,0.0006205049618715801,16.11590658330562,87635.03,0.0,0.0,0.0,0.0,0.0,test
2025-12-25 23:10:00+00:00,balanced,-0.0007001027523401179,-2.0517994576976637,0.0009737901505372915,0.0,0.8333333333333334,37.82842632445418,12.094475302774033,127.03571428571324,0.00144864689700648,1.4987425883215861,23,3,0.0,0.0,0.5,0.0,long,87709.82,87361.54,88615.34800000004,0.003970821055156804,2.5183708510392973,87692.67,-1.0385284441846518,-1058.0048280000392,-1.0385284441846518,-1.0,0.0,test
2025-12-30 19:30:00+00:00,balanced,-0.0004651658862719774,0.3361731150080324,0.0017268958149075629,0.125,0.4166666666666667,30.24025233395347,14.664074555196752,127.84000000000171,0.0014473521686111128,-0.8731116920281617,19,1,0.0,0.0,0.5,0.0,long,88227.23,87973.19,88887.73399999998,0.002879383156424537,3.472966068335783,88326.81,-1.0492827124671718,-1057.8691439999748,-1.0492827124671718,-1.0,0.0,test
2025-10-14 16:55:00+00:00,quality,0.0025209200954934177,2.068658983304414,0.0030289526792545178,0.75,0.08333333333333333,70.7479600590304,-2.2494032483825492,412.625,0.0036733668462495335,0.16243322211615385,16,1,0.0,0.0,0.5,0.0,short,112552.0,113187.62,110772.26400000001,0.00564734522709499,1.7707435260061173,112328.83,-1.0257330966416467,-1025.6893839999927,-1.0257330966416467,-1.0,0.0,test
2025-12-01 20:30:00+00:00,quality,-0.00015193514906207428,0.4029132634263264,0.003090711138058411,0.20833333333333334,0.75,73.34394855412259,5.611140115960467,244.4114285714282,0.0028672225804034523,0.06750874254136101,20,0,0.0,0.0,0.5,0.0,short,85456.88,85815.13,84453.78,0.004192172707451992,2.3853979064898816,85243.27,-1.0380171596548182,-1027.364275,-1.0380171596548182,-1.0,0.0,test
2025-12-09 22:10:00+00:00,quality,-0.0004684970599763054,-0.6895007952096859,0.002612638734369055,0.2916666666666667,0.25,23.298586593596934,11.909584363073417,243.4207142857153,0.0026272668559603747,0.0756420755740777,22,1,0.0,0.0,0.5,0.0,long,92775.81,92400.0,93828.078,0.004050732620927779,2.468689231260493,92651.69,-1.0368191481525888,-1015.4980219999941,-1.0368191481525888,-1.0,0.0,test
2025-12-25 23:10:00+00:00,quality,-0.0007001027523401179,-2.0517994576976637,0.0009737901505372915,0.0,0.8333333333333334,37.82842632445418,12.094475302774033,127.03571428571324,0.00144864689700648,1.4987425883215861,23,3,0.0,0.0,0.5,0.0,long,87709.82,87361.54,88685.00400000004,0.003970821055156804,2.5183708510392973,87692.67,-1.0390292741200413,-1007.1290680000373,-1.0390292741200413,-1.0,0.0,test
2025-12-30 19:30:00+00:00,quality,-0.0004651658862719774,0.3361731150080324,0.0017268958149075629,0.125,0.4166666666666667,30.24025233395347,14.664074555196752,127.84000000000171,0.0014473521686111128,-0.8731116920281617,19,1,0.0,0.0,0.5,0.0,long,88227.23,87973.19,88938.54199999997,0.002879383156424537,3.472966068335783,88326.81,-1.0497889120681851,-1006.9886359999758,-1.0497889120681851,-1.0,0.0,test
2025-10-14 16:55:00+00:00,high_quality_low_freq,0.0025209200954934177,2.068658983304414,0.0030289526792545178,0.75,0.08333333333333333,70.7479600590304,-2.2494032483825492,412.625,0.0036733668462495335,0.16243322211615385,16,1,0.0,0.0,0.5,0.0,short,112552.0,113187.62,110645.14000000001,0.00564734522709499,1.7707435260061173,112328.83,-1.0257330966416467,-1025.6893839999927,-1.0257330966416467,-1.0,0.0,test
2025-11-28 06:15:00+00:00,high_quality_low_freq,0.0007930362323059668,1.0885043125972176,0.0011293471301717685,1.0,0.0,53.81465016235442,-31.513976954903676,99.16214285714419,0.0010853049520307349,0.26641095423891364,6,4,0.0,0.0,0.5,0.0,short,91553.73,91645.28,91279.07999999999,0.0009999592588964198,10.000407427634853,91368.0,0.0,0.0,0.0,0.0,0.0,test
2025-12-01 20:35:00+00:00,high_quality_low_freq,-4.517413353974866e-05,0.885383590451251,0.003077147699027835,0.20833333333333334,0.7083333333333334,67.62597143899528,-7.2096998090082565,242.39857142857156,0.002839344972239752,-0.651905847534341,20,0,0.0,0.0,0.5,0.0,short,85456.88,85815.13,84382.13,0.004192172707451992,2.3853979064898816,85371.3,-1.0380171596548182,-1027.364275,-1.0380171596548182,-1.0,0.0,test
2025-12-09 22:35:00+00:00,high_quality_low_freq,-0.0008646126293545947,0.3060563583506819,0.0025321087312640115,0.20833333333333334,0.4583333333333333,37.321356832621966,1.7663603613808974,250.44785714285743,0.0026970007323031567,1.1396050438280978,22,1,0.0,0.0,0.5,0.0,long,92775.81,92400.0,93903.23999999999,0.004050732620927779,2.468689231260493,92861.62,-1.0368191481525888,-1015.4980219999941,-1.0368191481525888,-1.0,0.0,test
2025-12-23 13:15:00+00:00,high_quality_low_freq,0.00017057571129521672,1.103590618322892,0.0010799810808991396,0.5416666666666666,0.041666666666666664,50.49408221542756,-19.57952903509912,97.91642857142558,0.0011152212821346878,-0.8848835103306923,13,1,0.0,0.0,0.5,0.0,short,87860.36,87963.03,87552.35,0.0011685588358617955,8.55754943021345,87800.0,2.8922839210142457,2803.5124099999507,2.8922839210142457,0.0,2.8922839210142457,test
2025-12-30 19:35:00+00:00,high_quality_low_freq,-0.0004993851133924412,0.1641626116508536,0.0017022648001834234,0.08333333333333333,0.4166666666666667,41.080195075559516,23.973493474900927,124.75071428571599,0.001412805531299788,-1.8287374666623764,19,1,0.0,0.0,0.5,0.0,long,88227.23,87973.19,88989.34999999998,0.002879383156424537,3.472966068335783,88299.99,-1.0493905945219841,-1046.594635999975,-1.0493905945219841,-1.0,0.0,test
