entry_time,exit_time,side,entry_price_raw,entry_price_filled,exit_price_raw,exit_price_filled,qty,notional,target_risk_amount,actual_risk_amount,target_risk_pct,actual_risk_pct,stop_distance,stop_distance_pct,required_leverage,raw_qty,max_qty,cap_hit,stop_price,target_price,gross_pnl,fees,slippage_cost,net_pnl,r_multiple,equity_before,equity_after,exit_reason,bars_held,period
2024-01-04 00:45:00+00:00,2024-01-04 01:20:00+00:00,short,42911.68,42890.22416,42685.55468526912,42706.897462611756,13.871500000000001,595249.36912,1000.0,999.9964349999516,0.01,0.009999964349999516,72.08999999999651,0.0016799621921117166,5.95251491191595,13.871549452074468,23.303678625493106,False,42983.77,42685.55468526912,2543.0162828209973,1187.360472588059,593.6810204684277,1355.6558102329382,1.3556606431631966,100000.0,101355.65581023294,target,6,2024-Q1
2024-01-04 10:55:00+00:00,2024-01-04 13:50:00+00:00,long,42819.9,42841.30995,43458.59658184914,43436.86728355821,4.9776,213140.33424,1013.5565581023294,1013.5389120000129,0.01,0.009999825899184654,203.62000000000262,0.004755265659191232,2.1029319320302253,4.977686661930638,23.670222445692996,False,42616.28,43458.59658184914,2964.4461835193383,429.45825499775935,214.72992229292652,2534.987928521579,2.501125411671956,101355.65581023294,103890.64373875452,target,34,2024-Q1
2024-01-05 08:55:00+00:00,2024-01-05 09:00:00+00:00,short,43876.41,43854.471795000005,43947.99,43969.963995,14.513900000000001,636817.8270990001,1038.906437387545,1038.9049619999198,0.01,0.009999985798647767,71.57999999999447,0.001631400563537319,6.12970243084708,14.513920611729889,23.67801826511205,False,43947.99,43651.884406596815,-1676.242241579903,1274.6750786124812,637.3372795799834,-2950.917320192384,-2.8404112292541077,103890.64373875452,100939.72641856213,stop,0,2024-Q1
2024-01-07 17:30:00+00:00,2024-01-07 23:30:00+00:00,long,43946.91,43968.883455,43700.0,43678.15,4.0881,179659.36277100001,1009.3972641856213,1009.3927710000142,0.01,0.009999955486449523,246.9100000000035,0.005618369983236671,1.7798756631970913,4.088118197665575,22.968560569687863,False,43700.0,44721.394692193164,-1188.5474373855056,358.3098374673855,179.1546663854915,-1546.8572748528911,-1.5324631989591189,100939.72641856213,99392.86914370923,stop,71,2024-Q1
2024-01-17 21:30:00+00:00,2024-01-18 07:00:00+00:00,short,42711.1,42689.74445,42876.48,42897.918240000006,6.0099,256689.43988999998,993.9286914370924,993.917262000028,0.01,0.00999988500747425,165.38000000000466,0.003872061361098278,2.582603700568315,6.009969110152766,23.270969172816724,False,42876.48,42192.35115064231,-1251.1036605210481,514.3732940006311,257.1863985210201,-1765.476954521679,-1.7762816101705148,99392.86914370923,97627.39218918755,stop,113,2024-Q1
2024-02-06 01:55:00+00:00,2024-02-06 02:05:00+00:00,short,42690.11,42668.764945,42769.22,42790.60461,12.3407,526825.840477,976.2739218918755,976.2727770000072,0.01,0.009999988272841846,79.11000000000058,0.0018531224210947355,5.3962975603589545,12.340714472151035,22.86885468067137,False,42769.22,42441.96499169981,-1503.586753865494,1054.6284418673886,527.3139768654869,-2558.2151957328824,-2.6203897681076724,97627.39218918755,95069.17699345466,stop,1,2024-Q1
2024-02-15 08:20:00+00:00,2024-02-15 14:30:00+00:00,long,51914.07,51940.027035,52792.53657849262,52766.14031020337,3.3946,176227.502022,950.6917699345466,950.6916759999921,0.01,0.009999999011934704,280.0599999999977,0.005394683945989935,1.8536767121331297,3.3946003354086787,18.312795932481247,False,51634.01,52792.53657849262,2804.324124005372,355.4355556700274,177.7185233456699,2448.8885683353446,2.5759019776411347,95069.17699345466,97518.06556179,target,73,2024-Q1
2024-02-18 13:25:00+00:00,2024-02-18 14:35:00+00:00,long,51628.0,51653.814,51919.68252208108,51893.722680820036,10.4869,541417.6732,975.1806556179,975.1768309999786,0.01,0.009999960780416435,92.98999999999796,0.0018011544123343528,5.551994838154762,10.486941129346397,18.888600287012864,False,51535.01,51919.68252208108,2515.898344891649,1085.8926624180917,542.9470959204164,1430.005682473557,1.466406539834608,97518.06556179,98948.07124426356,target,13,2024-Q1
2024-02-21 22:30:00+00:00,2024-02-21 22:35:00+00:00,short,51341.74,51316.069129999996,51416.01,51441.718005,13.322700000000001,684010.599498,989.4807124426355,989.4769290000544,0.01,0.009999961763351892,74.27000000000407,0.0014465812806500925,6.912850410663414,13.322750941733961,19.272442119075738,False,51416.01,51108.77666077037,-1673.982266962583,1369.0111706634648,684.5053379625288,-3042.993437626048,-3.0753556231990538,98948.07124426356,95905.0778066375,stop,0,2024-Q1
2024-02-23 19:05:00+00:00,2024-02-23 19:20:00+00:00,short,51101.18,51075.62941,51193.69,51219.286845,10.366900000000001,529760.8229420001,959.0507780663751,959.0419190000213,0.01,0.009999907626722626,92.51000000000204,0.0018103300158626872,5.5238547184087,10.36699576333752,18.767683604691225,False,51193.69,50811.00309799202,-1489.2822629015104,1060.4811673239597,530.2403439014892,-2549.76343022547,-2.6586569155225983,95905.0778066375,93355.31437641203,stop,2,2024-Q1
2024-03-09 05:25:00+00:00,2024-03-09 06:30:00+00:00,short,68283.49,68249.348255,68370.0,68404.185,10.7912,736860.797288,933.5531437641204,933.5467119999435,0.01,0.00999993110446663,86.50999999999476,0.0012669241129882897,7.893132585828707,10.791274347060188,13.671725680162513,False,68370.0,68012.13334890598,-1670.874282643927,1474.655608061356,737.3275706439836,-3145.529890705283,-3.369440275748594,93355.31437641203,90209.78448570675,stop,12,2024-Q1
2024-03-09 17:10:00+00:00,2024-03-09 17:10:00+00:00,long,68100.0,68134.05,68000.0,67966.0,9.020900000000001,614323.29,902.0978448570676,902.0900000000001,0.01,0.00999991303762544,100.0,0.0014684287812041115,6.8100000000000005,9.020978448570675,13.246664388503195,False,68000.0,68413.67084856553,-1515.9622450000263,1227.7449410450004,613.8722450000264,-2743.707186045027,-3.0415005000000295,90209.78448570675,87466.07729966173,stop,0,2024-Q1
2024-03-13 14:25:00+00:00,2024-03-14 13:50:00+00:00,long,72183.65,72219.74182499999,71634.52,71598.70274000001,1.5928,114974.11772,874.6607729966173,874.6542639999842,0.01,0.009999925582616323,549.1299999999901,0.007607401399070152,1.3145093147342395,1.5928118532890811,12.117159121166875,False,71634.52,73906.11073072786,-989.1910545879716,229.074018503132,114.53679058798733,-1218.2650730911037,-1.3928532944202576,87466.07729966173,86247.81222657063,stop,280,2024-Q1
2024-03-17 11:00:00+00:00,2024-03-17 11:10:00+00:00,short,67060.04,67026.50997999999,67420.36,67454.07018,2.3936,160514.91174399998,862.4781222657064,862.4619520000168,0.01,0.009999812513902995,360.320000000007,0.005373095512618349,1.8611245559502303,2.3936448775135704,12.861282550170062,False,67420.36,65929.82119844866,-1023.4080947200173,321.89271667097603,160.94614272000047,-1345.3008113909932,-1.5598378667850694,86247.81222657063,84902.51141517964,stop,1,2024-Q1
2024-03-23 02:35:00+00:00,2024-03-23 03:30:00+00:00,short,64120.92,64088.85954,63324.227411728396,63355.88952543426,3.3427000000000002,214336.99928400002,849.0251141517965,849.0123730000175,0.01,0.009999849931980026,253.99000000000524,0.003961109728307162,2.524545060829114,3.3427501639898383,13.241000193880506,False,64374.91,63324.227411728396,2450.0988676889015,426.0095627010271,213.0054471265835,2024.0893049878744,2.384051598489287,84902.51141517964,86926.60072016752,target,10,2024-Q1
2024-03-25 08:20:00+00:00,2024-03-25 13:55:00+00:00,long,66930.0,66963.465,67620.07586684417,67586.26582891075,3.9512,264453.816,869.2660072016753,869.264,0.01,0.009999976909235394,220.0,0.0032870162856715973,3.042272727272727,3.9512091236439786,12.987688737511956,False,66710.0,67620.07586684417,2460.810635192167,531.6328964511922,265.8171298825191,1929.1777387409747,2.2193231730992826,86926.60072016752,88855.77845890849,target,66,2024-Q1
2024-03-27 16:40:00+00:00,2024-03-31 23:55:00+00:00,long,69170.0,69204.585,71280.01,71244.369995,1.0958,75796.486,888.5577845890849,888.4965560000078,0.01,0.009999310921696494,810.820000000007,0.011722133873066459,0.8530869983473448,1.095875514404032,12.845999488059634,False,68359.18,71713.30597433905,2235.196397520994,153.903964883521,76.95256047900027,2081.292432637473,2.34248790114326,88855.77845890849,90937.07089154597,end_of_data,1239,2024-Q1
2024-04-01 14:10:00+00:00,2024-04-01 14:30:00+00:00,short,69899.88,69864.93006,69334.8960675638,69369.56351559758,5.5518,388070.153784,1000.0,999.9902159999741,0.01,0.00999990215999974,180.11999999999534,0.0025768284580745394,3.880739506995437,5.551854319342804,14.306176205166588,False,70080.0,69334.8960675638,2750.1759812133705,773.0020614330026,386.50181488598594,1977.173919780368,1.9771932646393202,100000.0,101977.17391978037,target,3,2024-Q2
2024-04-08 01:50:00+00:00,2024-04-08 02:30:00+00:00,short,69687.8,69652.9561,69207.16215874306,69241.76573982243,6.6551,463779.27778,1019.7717391978038,1019.7609729999729,0.01,0.009999894425414855,153.22999999999593,0.002198806677782853,4.547921425308481,6.655170261683945,14.633432813172515,False,69841.03,69207.16215874306,2736.5129660177477,924.3582633162023,462.17993133135724,1812.1547027015454,1.7770386891454353,101977.17391978037,103789.32862248192,target,7,2024-Q2
2024-04-12 03:20:00+00:00,2024-04-12 03:25:00+00:00,short,70684.97,70649.627515,70775.0,70810.3875,11.5283,814877.5396509999,1037.8932862248191,1037.8928489999867,0.01,0.009999995787381628,90.02999999999884,0.001273679538945816,7.851268466066969,11.528304856434882,14.683366014370794,False,70775.0,70402.57213503646,-1853.2893350754648,1630.7934910974245,815.3964860754784,-3484.0828261728893,-3.3568810398200695,103789.32862248192,100305.24579630903,stop,0,2024-Q2
2024-04-14 06:10:00+00:00,2024-04-14 06:20:00+00:00,short,64335.73,64303.562135,64466.0,64498.233,7.6997,495365.82028100005,1003.0524579630903,1003.0399189999754,0.01,0.009999874991950666,130.2699999999968,0.002024846846379093,4.938645121670498,7.699796253650994,15.590908161966768,False,64466.0,63927.1109855737,-1498.9072592405005,991.7351820009596,495.86734024052504,-2490.64244124146,-2.4830940365011744,100305.24579630903,97814.60335506756,stop,1,2024-Q2
2024-04-20 05:15:00+00:00,2024-04-20 08:05:00+00:00,short,64161.89,64129.809055,63827.23457166543,63859.148188951265,9.1681,588242.6237090001,978.1460335506756,978.1445890000215,0.01,0.009999985231748587,106.69000000000233,0.0016628250819918542,6.01386165526278,9.168113539700574,15.244969148363236,False,64268.58,63827.23457166543,2481.4458860213867,1173.4155589082698,586.7085464927718,1308.030327113117,1.3372566201591372,97814.60335506756,99122.63368218068,target,33,2024-Q2
2024-04-23 05:25:00+00:00,2024-04-23 07:35:00+00:00,long,66314.0,66347.157,66181.1,66148.00945000001,7.4584,494596.3376,991.2263368218067,991.2213599999566,0.01,0.009999949791266985,132.89999999999418,0.0020041016979822387,4.98976674191143,7.458437447869452,14.947467153569484,False,66181.1,66730.86855774357,-1485.322086919957,988.2019494506801,494.10072692000034,-2473.524036370637,-2.4954305225734292,99122.63368218068,96649.10964581004,stop,25,2024-Q2
2024-04-26 07:55:00+00:00,2024-04-26 13:20:00+00:00,short,64400.0,64367.8,63738.71911705415,63770.58847661268,4.5844000000000005,295235.36000000004,966.4910964581004,966.4832079999987,0.01,0.009999918380436918,210.8199999999997,0.003273602484472045,3.0547386395977654,4.584437417977904,15.007625721399075,False,64610.82,63738.71911705415,2737.8565078168594,587.4376281321832,293.7195719601035,2150.418879684676,2.224993524858715,96649.10964581004,98799.52852549471,target,64,2024-Q2
2024-04-29 15:05:00+00:00,2024-04-29 15:30:00+00:00,short,62779.71,62748.320145,63014.67,63046.177335,4.2049,263982.402579,987.9952852549471,987.9833039999965,0.01,0.009999878731658649,234.95999999999913,0.0037426104708033715,2.6719318181818283,4.204950992743236,15.737493614655868,False,63014.67,62042.708974210436,-1252.4596982310104,528.953282453652,264.47639423101396,-1781.4129806846624,-1.8030800454545626,98799.52852549471,97018.11554481005,stop,4,2024-Q2
2024-05-05 21:00:00+00:00,2024-05-05 23:20:00+00:00,long,63685.47,63717.312735,64009.7742903319,63977.769403186736,9.383700000000001,597605.344839,970.1811554481005,970.1807429999947,0.01,0.009999995748751628,103.38999999999942,0.0016234472321551433,6.159732082406458,9.383703989245634,15.233948268704,False,63582.08,64009.7742903319,2444.0472372638783,1198.252342260103,599.1269319235734,1245.7948950037753,1.2840853665591485,97018.11554481005,98263.91043981383,target,27,2024-Q2
2024-05-13 01:00:00+00:00,2024-05-13 01:45:00+00:00,short,61663.64,61632.80818,61198.27792906818,61228.877068032714,6.6233,408416.78681200003,982.6391043981383,982.6327880000039,0.01,0.009999935720061352,148.36000000000058,0.002405955924755668,4.1563521164734265,6.623342574805436,15.935470309539598,False,61812.0,61198.27792906818,2675.3569338929233,813.7497999032951,406.87567050980147,1861.6071339896282,1.8945094817959818,98263.91043981383,100125.51757380346,target,8,2024-Q2
2024-05-16 13:40:00+00:00,2024-05-16 14:00:00+00:00,long,65907.33,65940.283665,66369.49262827644,66336.3078819623,6.7955000000000005,447873.26101500005,1001.2551757380346,1001.2489699999763,0.01,0.009999938020414689,147.3399999999965,0.0022355631763568105,4.4731457852586916,6.795542118488247,15.191863723474073,False,65759.99,66369.49262827644,2691.18256636737,898.8855778573825,449.4435740851353,1792.2969885099874,1.7900612557034938,100125.51757380346,101917.81456231345,target,3,2024-Q2
2024-05-22 09:00:00+00:00,2024-05-22 10:30:00+00:00,short,69934.12,69899.15294,70200.0,70235.1,3.8332,268071.46878399997,1019.1781456231345,1019.1712160000179,0.01,0.009999932007734405,265.88000000000466,0.0038018638112555744,2.630288852113689,3.833226062972456,14.573403449176661,False,70200.0,69100.13194783396,-1287.7522703920226,537.162618369608,268.5810543920047,-1824.9148887616307,-1.7905871556341113,101917.81456231345,100092.89967355182,stop,17,2024-Q2
2024-05-27 06:00:00+00:00,2024-05-27 11:35:00+00:00,long,68482.18,68516.42108999999,68321.95,68287.78902499999,6.2468,427794.48202399997,1000.9289967355181,1000.9247639999746,0.01,0.009999957711930043,160.22999999999593,0.0023397327596755236,4.273992385945312,6.246826416623252,14.615904410979882,False,68321.95,68984.77480065652,-1428.2187836419873,854.5885397463819,427.29401964201276,-2282.8073233883692,-2.280698215783606,100092.89967355182,97810.09235016345,stop,66,2024-Q2
2024-05-28 10:45:00+00:00,2024-05-28 13:05:00+00:00,short,68716.91,68682.55154500001,68134.10956336524,68168.17661814693,5.264200000000001,361739.55762200005,978.1009235016345,978.0883600000154,0.01,0.009999871552093274,185.8000000000029,0.002703846840610308,3.6984343379977895,5.264267618415603,14.233773368180183,False,68902.71,68134.10956336524,2707.772489939989,720.4096031964382,360.2055685927123,1987.362886743551,2.0318848153386875,97810.09235016345,99797.455236907,target,27,2024-Q2
2024-06-02 15:00:00+00:00,2024-06-02 18:00:00+00:00,short,68249.99,68215.865005,67591.24985092755,67625.04547585301,4.752000000000001,324323.9524800001,997.97455236907,997.9675199999753,0.01,0.009999929533583016,210.00999999999476,0.0030770700479222745,3.2498447692967813,4.752033485877315,14.622339906116762,False,68460.0,67591.24985092755,2807.5744025064932,645.5160066050137,322.7587858858311,2162.0583959014793,2.1664616859489905,99797.455236907,101959.51363280848,target,35,2024-Q2
2024-06-12 05:05:00+00:00,2024-06-12 05:40:00+00:00,short,67546.78,67513.00661,67301.77170018546,67335.42258603555,13.0533,881708.383374,1019.5951363280848,1019.5932630000076,0.01,0.009999981626745652,78.11000000000058,0.0011563837684046608,8.64764818845212,13.053323983204162,15.094651977904569,False,67624.89,67301.77170018546,2318.0575400151006,1760.2170008246107,880.1092999539976,557.8405391904898,0.5471206602024064,101959.51363280848,102517.35417199897,target,6,2024-Q2
2024-06-26 01:10:00+00:00,2024-06-26 01:55:00+00:00,long,61760.01,61790.890005,62125.53063983341,62094.46787451349,8.797500000000001,543333.6879750001,1025.1735417199898,1025.1726749999898,0.01,0.009999991545626525,116.52999999999884,0.0018868196426781478,5.299923624817697,8.797507437741354,16.59930984013749,False,61643.48,62125.53063983341,2670.7263070449003,1089.88143594502,544.9415218894792,1580.8448710998803,1.5420279038357085,102517.35417199897,104098.19904309885,target,8,2024-Q2
2024-07-01 22:55:00+00:00,2024-07-02 00:15:00+00:00,long,62895.79,62927.237895,62804.6,62773.1977,10.9661,689721.5227190001,1000.0,999.9986590000256,0.01,0.009999986590000256,91.19000000000233,0.0014498585676402558,6.897224476367847,10.96611470555954,15.899315359581301,False,62804.6,63181.82644680692,-1689.2201823895155,1378.4435467783296,689.2215233894899,-3067.6637291678453,-3.0676678429103443,100000.0,96932.33627083215,stop,15,2024-Q3
2024-07-06 07:45:00+00:00,2024-07-06 09:50:00+00:00,short,56529.78,56501.51511,56683.9,56712.24195,6.2894000000000005,355538.398332,969.3233627083215,969.3223280000166,0.01,0.009999989325457894,154.12000000000262,0.002726350606706812,3.667906825849925,6.289406713653679,17.147127809595606,False,56683.9,56046.350488190794,-1325.345387496019,712.0466036531641,356.02305949600236,-2037.391991149183,-2.10187254775498,96932.33627083215,94894.94427968297,stop,24,2024-Q3
2024-07-11 00:10:00+00:00,2024-07-11 00:10:00+00:00,short,57796.28,57767.38186,57534.9921831449,57563.75967923648,11.3919,658409.442132,948.9494427968297,948.9452700000331,0.01,0.009999956027195882,83.30000000000291,0.0014412692304764756,6.938328931572387,11.391950093598998,16.41886714502784,False,57879.58,57534.9921831449,2319.643521039977,1313.8408313008279,656.9211597915917,1005.802689739149,1.059916437266307,94894.94427968297,95900.74696942212,target,0,2024-Q3
2024-07-14 13:25:00+00:00,2024-07-14 14:25:00+00:00,long,59639.98,59669.79999000001,59577.77,59547.981114999995,15.415600000000001,919386.0756880001,959.0074696942212,959.0044760000987,0.01,0.009999968783411839,62.2100000000064,0.0010430922344374764,9.586879922841,15.415648122393867,16.079942845289704,False,59577.77,59835.11463489264,-1877.9110494501815,1837.8136264022382,918.9065734500826,-3715.7246758524198,-3.874564476852387,95900.74696942212,92185.0222935697,stop,11,2024-Q3
2024-07-18 23:15:00+00:00,2024-07-19 00:20:00+00:00,short,64009.48,63977.47526000001,63655.18877654525,63687.01637093352,8.1615,522413.37102,921.8502229356969,921.8414249999763,0.01,0.0099999045622,112.94999999999709,0.0017645823712362152,5.667063302346317,8.161577892303857,14.401776470230612,False,64122.43,63655.18877654525,2370.5802231161506,1041.933748445864,520.9675971098308,1328.6464746702866,1.441296126034172,92185.0222935697,93513.66876823998,target,12,2024-Q3
2024-08-08 14:20:00+00:00,2024-08-08 14:30:00+00:00,long,57108.93,57137.484465,58391.62420103902,58362.4283889385,2.2867,130590.99023100002,935.1366876823998,935.1002310000007,0.01,0.009999610145951075,408.9300000000003,0.007160526383527065,1.3965453745139746,2.286789151400971,16.37461405217012,False,56700.0,58391.62420103902,2801.079270870158,264.1136507231012,132.0575586457678,2536.9656201470566,2.7130413789268486,93513.66876823998,96050.63438838703,target,1,2024-Q3
2024-08-11 12:45:00+00:00,2024-08-11 13:05:00+00:00,long,60466.58,60496.81329,60228.21,60198.095895,4.0294,243644.037452,960.5063438838703,960.4880780000105,0.01,0.00999980983067966,238.37000000000262,0.003942177645899646,2.536669043923285,4.029476628283172,15.884912688692998,False,60228.21,61214.277201725665,-1203.6518714129986,486.32806707003897,243.16379341298813,-1689.9799384830376,-1.759501213176973,96050.63438838703,94360.65444990399,stop,3,2024-Q3
2024-08-13 01:30:00+00:00,2024-08-13 03:10:00+00:00,short,59730.74,59700.87463,59126.798148171925,59156.36154724601,4.9008,292728.410592,943.60654449904,943.6000320000044,0.01,0.0099999309828967,192.54000000000087,0.003223465840202229,3.102250960839292,4.90083382413543,15.797670420608215,False,59923.28,59126.798148171925,2668.549715960757,582.4955430574473,291.2485114782615,2086.05417290331,2.21073982848625,94360.65444990399,96446.7086228073,target,19,2024-Q3
2024-08-16 23:40:00+00:00,2024-08-17 01:40:00+00:00,long,58863.11,58892.541555,59362.22305423748,59332.54194271036,6.0612,356781.082332,964.4670862280731,964.458144000016,0.01,0.009999907283222158,159.12000000000262,0.0027032210836295026,3.6992904725992353,6.061256198014437,16.384915547752623,False,58703.99,59362.22305423748,2666.9303499900284,716.5858760963221,358.2936943541931,1950.3444738937064,2.022217849501278,96446.7086228073,98397.05309670101,target,23,2024-Q3
2024-08-22 06:40:00+00:00,2024-08-22 07:55:00+00:00,short,60795.45,60765.052274999995,60944.53,60975.002264999996,6.6002,401262.12909,983.9705309670102,983.9578160000116,0.01,0.00999987077898577,149.08000000000175,0.002452157192684679,4.078041990877333,6.600285289555934,16.18493704655546,False,60944.53,60327.8294989585,-1385.7119239980066,803.508707974908,401.754107997995,-2189.220631972915,-2.224913097263195,98397.05309670101,96207.8324647281,stop,14,2024-Q3
2024-08-29 19:20:00+00:00,2024-08-29 22:05:00+00:00,long,59235.0,59264.6175,58915.01,58885.552495,3.0065,178090.0275,962.078324647281,962.0499349999939,0.01,0.009999704913346869,319.98999999999796,0.0054020427112348775,1.8511515984874645,3.0065887204202855,16.2417206828274,False,58915.01,60238.71534832483,-1139.6589375324902,355.21848608996754,177.60900253249633,-1494.8774236224576,-1.5538459795462354,96207.8324647281,94712.95504110564,stop,32,2024-Q3
2024-09-01 23:45:00+00:00,2024-09-02 00:50:00+00:00,long,57396.0,57424.698,57205.0,57176.3975,4.9587,284609.5452,947.1295504110565,947.1117,0.01,0.009999811531473718,191.0,0.0033277580319186007,3.0050261780104712,4.95879345764951,16.501664757318565,False,57205.0,57995.11132076016,-1231.247689349988,568.27245225585,284.1359893499879,-1799.520141605838,-1.9000083534031287,94712.95504110564,92913.4348994998,stop,12,2024-Q3
2024-09-04 17:25:00+00:00,2024-09-04 17:30:00+00:00,short,58370.0,58340.815,57902.63043563736,57931.58175085518,6.2358,363983.646,929.134348994998,929.1342000000001,0.01,0.009999998396410616,149.0,0.0025526811718348465,3.9174496644295305,6.23580099996643,15.918011803923214,False,58519.0,57902.63043563736,2551.8966950173003,725.0514116589827,362.52643443525983,1826.8452833583176,1.9661802174091938,92913.4348994998,94740.28018285811,target,0,2024-Q3
2024-09-07 00:30:00+00:00,2024-09-07 05:05:00+00:00,short,53941.1,53914.12945,54095.65,54122.697825,6.13,330658.94299999997,947.4028018285811,947.3915000000178,0.01,0.009999880707249952,154.5500000000029,0.002865162186162368,3.4902038175347125,6.130073127328135,17.563653722830665,False,54095.65,53456.321703541966,-1278.5241387500157,662.26575119575,331.13263874999785,-1940.7898899457657,-2.0485616452604116,94740.28018285811,92799.49029291235,stop,54,2024-Q3
2024-09-15 15:30:00+00:00,2024-09-15 17:10:00+00:00,short,60242.0,60211.879,59759.574234906206,59789.45402202366,6.0337000000000005,363482.15540000005,927.9949029291236,927.9830600000176,0.01,0.009999872381528514,153.8000000000029,0.0025530360877793383,3.9169050715213825,6.033777002139831,15.404450432076018,False,60395.8,59759.574234906206,2548.7855896158508,724.0520430549843,362.02674923057623,1824.7335465608664,1.966343595281612,92799.49029291235,94624.22383947321,target,19,2024-Q3
2024-09-20 21:45:00+00:00,2024-09-21 00:20:00+00:00,short,63235.5,63203.88225,63300.0,63331.65,14.6704,927690.0792,946.2422383947321,946.2408,0.01,0.009999984798874182,64.5,0.0010199966790805798,9.803953488372093,14.670422300693522,14.96378202741707,False,63300.0,63033.18230267523,-1874.4039995999865,1856.3268723204003,928.1631995999863,-3730.7308719203866,-3.9426865465116134,94624.22383947321,90893.49296755283,stop,30,2024-Q3
2024-09-21 08:30:00+00:00,2024-09-21 09:30:00+00:00,short,63019.99,62988.480005,63134.0,63165.567,7.9724,502420.56827600003,908.9349296755282,908.9333240000163,0.01,0.009999982334538375,114.01000000000204,0.0018091085066818011,5.527584422418987,7.9724140836375055,14.42296213749841,False,63134.0,62662.373865550435,-1411.8083589380408,1005.750524342662,502.87503493802456,-2417.5588832807025,-2.6597758267257228,90893.49296755283,88475.93408427213,stop,11,2024-Q3
2024-09-23 06:55:00+00:00,2024-09-23 07:05:00+00:00,long,63639.99,63671.809994999996,63524.36,63492.59782,7.6516,486947.747484,884.7593408427213,884.75450799998,0.01,0.009999945376753675,115.62999999999738,0.0018169393175579912,5.503761134653761,7.65164179575146,13.90256882257086,False,63524.36,64002.68760219631,-1371.2598782299488,973.0111828372541,486.5053702299688,-2344.271061067203,-2.649628840396093,88475.93408427213,86131.66302320492,stop,1,2024-Q3
2024-10-02 11:40:00+00:00,2024-10-02 12:50:00+00:00,long,61250.0,61280.625,60888.88,60858.43556,2.7691000000000003,169607.37500000003,1000.0,999.9773920000074,0.01,0.009999773920000074,361.1200000000026,0.00589583673469392,1.6961120957022475,2.769162605228159,16.3265306122449,False,60888.88,62382.72816833985,-1169.0847783040056,338.215272596696,169.1073863039981,-1507.3000509007015,-1.5073341287106723,100000.0,98492.6999490993,stop,13,2024-Q4
2024-10-07 11:35:00+00:00,2024-10-07 13:45:00+00:00,long,62814.16,62845.56708,63329.23890042948,63297.574280979265,5.9979000000000005,376753.0502640001,984.926999490993,984.9151590000384,0.01,0.009999879783060463,164.2100000000064,0.0026142194689860758,3.825233542415051,5.997972105784998,15.680015453378553,False,62649.95,63329.23890042948,2711.093990753527,756.5939475690177,378.2977461324416,1954.5000431845094,1.9844349285565552,98492.6999490993,100447.19999228381,target,25,2024-Q4
2024-10-18 10:15:00+00:00,2024-10-18 11:45:00+00:00,long,67833.99,67867.90699500001,67763.26,67729.37836999999,14.201400000000001,963337.6255860002,1004.4719999228382,1004.4650220001489,0.01,0.009999930531436519,70.73000000001048,0.001042692608823548,9.590554220272864,14.201498655771093,14.807797682590072,False,67763.26,68055.84939119044,-1967.300415075296,1925.6712883825112,962.8353930751473,-3892.971703457807,-3.8756667660820048,100447.19999228381,96554.22828882601,stop,17,2024-Q4
2024-10-21 20:20:00+00:00,2024-10-22 00:25:00+00:00,short,67727.62,67693.75619,67057.7759028883,67091.30479083974,4.5213,306216.888306,965.5422828882602,965.5236150000131,0.01,0.009999806659029047,213.5500000000029,0.0031530710808973196,3.171511121517166,4.521387416943325,14.256255909897028,False,67941.17,67057.7759028883,2723.8635110232744,609.4036962126708,304.70260524782884,2114.459814810604,2.1899617802828937,96554.22828882601,98668.68810363661,target,48,2024-Q4
2024-10-25 02:05:00+00:00,2024-10-25 02:20:00+00:00,long,67949.76,67983.73487999999,67845.01,67811.087495,9.419400000000001,640045.969344,986.6868810363661,986.6821500000001,0.01,0.009999952051289453,104.75,0.0015415801321446904,6.486850596658711,9.419445165024975,14.520829522228867,False,67845.01,68278.33021387238,-1626.2347782688994,1279.1057498790751,639.5526282688993,-2905.3405281479745,-2.9445556789975114,98668.68810363661,95763.34757548863,stop,2,2024-Q4
2024-10-25 18:40:00+00:00,2024-10-25 23:10:00+00:00,long,66972.0,67005.486,66006.6,65973.59670000001,0.9919,66429.5268,957.6334757548864,957.5802599999943,0.01,0.009999444299345843,965.3999999999942,0.014414979394373681,0.693722809198264,0.9919551230110754,14.29901265834806,False,66006.6,70000.17837205161,-1023.5309966699953,131.90195213013,65.95073667000108,-1155.4329488001254,-1.2066173427594804,95763.34757548863,94607.9146266885,stop,53,2024-Q4
2024-11-02 13:55:00+00:00,2024-11-02 13:55:00+00:00,short,69630.78,69595.96461,69377.3025872742,69411.99123856783,11.7074,815195.393772,946.0791462668851,946.0749939999728,0.01,0.009999956110787045,80.80999999999767,0.0011605499751689938,8.616604380646208,11.707451383082692,13.58708241192882,False,69711.59,69377.3025872742,2153.849848704903,1627.421742301523,813.7116130411137,526.4281064033798,0.5564338025441934,94607.9146266885,95134.3427330919,target,0,2024-Q4
2024-11-05 01:20:00+00:00,2024-11-05 01:30:00+00:00,short,68024.55,67990.537725,67536.9486659049,67570.71714023786,6.1199,416303.44354500005,951.343427330919,951.3384549999822,0.01,0.009999947733586066,155.4499999999971,0.0022852043857695065,4.375976198134531,6.119931986689847,13.985295416594727,False,68180.0,67536.9486659049,2569.259996685839,829.6213236497692,414.8114078427826,1739.6386730360696,1.8286222572975903,95134.3427330919,96873.98140612796,target,1,2024-Q4
2024-11-08 06:00:00+00:00,2024-11-08 07:35:00+00:00,short,75969.13,75931.145435,76139.83,76177.899915,5.6751000000000005,431132.4096630001,968.7398140612796,968.7395699999836,0.01,0.0099999974806311,170.6999999999971,0.002246965313410817,4.450446983011206,5.675101429767405,12.751756062775494,False,76139.83,75433.69386149866,-1400.3563494480186,863.234043265785,431.61677944803495,-2263.5903927138033,-2.3366345949033978,96873.98140612796,94610.39101341416,stop,18,2024-Q4
2024-11-19 23:05:00+00:00,2024-11-20 08:15:00+00:00,long,91743.59,91789.461795,93072.26834743872,93025.732213265,2.2335000000000003,204909.30826500003,946.1039101341416,946.0882649999924,0.01,0.00999983463619607,423.5899999999965,0.004617107309622356,2.1658582591657205,2.233536934616373,10.312479707128766,False,91320.0,93072.26834743872,2761.209979194889,412.78473581745993,206.39310980949105,2348.425243377429,2.4822475135313598,94610.39101341416,96958.81625679159,target,109,2024-Q4
2024-11-26 21:05:00+00:00,2024-11-26 22:25:00+00:00,long,91169.35,91214.93467500001,92355.80998469912,92309.63207970677,2.5633,233694.39485500002,969.5881625679159,969.568225,0.01,0.009999794370757755,378.25,0.004148872400647805,2.4102934567085263,2.5633527100275373,10.635023311759005,False,90791.1,92355.80998469912,2806.0378574848464,470.4285219623399,235.21502129440438,2335.6093355225066,2.4089169542684905,96958.81625679159,99294.42559231409,target,15,2024-Q4
2024-11-27 00:40:00+00:00,2024-11-27 01:15:00+00:00,short,92220.0,92173.89,92428.58,92474.79429,4.760400000000001,439004.08800000005,992.9442559231409,992.9242320000085,0.01,0.009999798337892456,208.58000000000175,0.0022617653437432416,4.421325151021154,4.760496001165656,10.767124874464768,False,92428.58,91565.74534406202,-1432.4247821160282,879.0015966941162,439.50055011601967,-2311.4263788101443,-2.327898045306366,99294.42559231409,96982.99921350395,stop,6,2024-Q4
2024-12-06 07:05:00+00:00,2024-12-06 07:35:00+00:00,short,98022.09,97973.07895499999,98275.9,98325.03795,3.821,374542.40589,969.8299921350396,969.8080099999911,0.01,0.00999977334032535,253.80999999999767,0.002589314306601682,3.8620263189,3.8210866086247526,9.893994222476174,False,98275.9,97225.96201925584,-1344.8353198950313,750.055104694005,375.02730989504005,-2094.8904245890362,-2.1601083956700413,96982.99921350395,94888.10878891492,stop,5,2024-Q4
2024-12-09 08:25:00+00:00,2024-12-09 08:35:00+00:00,short,99556.11,99506.331945,99011.04416644767,99060.5496885309,5.460500000000001,543626.138655,948.8810878891492,948.8710850000224,0.01,0.009999894582269006,173.77000000000407,0.0017454478685437194,5.729188582609062,5.460557563958836,9.531118561072235,False,99729.88,99011.04416644767,2434.1940114495287,1084.2744571598955,542.1379726629864,1349.9195542896332,1.4226585419552555,94888.10878891492,96238.02834320455,target,1,2024-Q4
2024-12-10 22:00:00+00:00,2024-12-11 00:35:00+00:00,short,96936.4,96887.93179999999,96107.36794724129,96155.42163121491,3.6412,352964.81967999996,962.3802834320455,962.3691600000107,0.01,0.009999884417498713,264.3000000000029,0.0027265299722292443,3.6676655315928466,3.641242086386814,9.927955684676196,False,97200.7,96107.36794724129,2667.216026580247,702.9094585137398,351.45548392474143,1964.3065680665075,2.04111545726017,96238.02834320455,98202.33491127106,target,30,2024-Q4
2024-12-12 06:40:00+00:00,2024-12-12 09:00:00+00:00,long,100563.23,100613.511615,101066.38940818392,101015.85621347983,6.1219,615638.037737,982.0233491127105,982.0139789999323,0.01,0.009999904583604995,160.40999999998894,0.0015951158291155618,6.269137210897509,6.121958413520218,9.765232770593293,False,100402.82,101066.38940818392,2463.1133974336767,1234.3548269091707,617.1781835275149,1228.758570524506,1.2512638280117505,98202.33491127106,99431.09348179556,target,27,2024-Q4
2024-12-13 16:25:00+00:00,2024-12-13 16:50:00+00:00,long,100050.01,100100.035005,101147.88933706419,101097.31539239566,2.8408,284222.068408,994.3109348179556,994.3084079999852,0.01,0.00999997458724548,350.00999999999476,0.0034983504749274367,2.8584900431416673,2.8408072192736507,9.938139284723267,False,99700.0,101147.88933706419,2833.074124513586,571.5614330089217,285.7814962183773,2261.5126915046644,2.274457978338546,99431.09348179556,101692.60617330023,target,4,2024-Q4
2024-12-19 06:10:00+00:00,2024-12-19 07:20:00+00:00,short,101301.94,101251.28903,101415.25,101465.957625,8.9747,909154.520918,1016.9260617330023,1016.9232569999791,0.01,0.00999997241949903,113.30999999999767,0.0011185373152774534,8.94024710969924,8.974724752740475,10.038564530284438,False,101415.25,100946.51956149041,-1926.58623954646,1819.3264735546286,909.662982546481,-3745.9127131010887,-3.683574632909753,101692.60617330023,97946.69346019914,stop,13,2024-Q4
2024-12-20 05:10:00+00:00,2024-12-20 05:15:00+00:00,short,97640.0,97591.18,97015.85774552432,97064.36567439708,4.9224000000000006,480623.13600000006,979.4669346019914,979.45915199998,0.01,0.009999920542473294,198.97999999999593,0.0020378943056124123,4.907025831741984,4.922439112483724,10.031410637054398,False,97838.98,97015.85774552432,2593.1908363477855,958.1724580276523,479.08699708329584,1635.0183783201333,1.6693073672154186,97946.69346019914,99581.71183851927,target,0,2024-Q4
2024-12-21 14:00:00+00:00,2024-12-22 04:40:00+00:00,long,96808.0,96856.404,96398.39,96350.190805,2.4311000000000003,235349.92880000002,995.8171183851928,995.8028710000016,0.01,0.009999856927693567,409.6100000000006,0.004231158581935383,2.36341886184419,2.4311347828060628,10.286516800111485,False,96398.39,98092.82716280926,-1230.6548983644743,469.7045526304355,234.85202736447275,-1700.3594509949098,-1.7075261585532295,99581.71183851927,97881.35238752437,stop,175,2024-Q4
2024-12-30 02:05:00+00:00,2024-12-30 12:25:00+00:00,short,93932.0,93885.034,94274.29,94321.427145,2.8596,268607.9472,978.8135238752437,978.8124839999816,0.01,0.00999998937616577,342.2899999999936,0.0036440190776305583,2.7442227351077086,2.859603037994864,10.420448024903587,False,94274.29,92858.33605244507,-1247.9098374419843,538.195196290242,269.0973534420027,-1786.1050337322263,-1.8247673205323154,97881.35238752437,96095.24735379215,stop,123,2024-Q4
2025-01-05 10:35:00+00:00,2025-01-05 12:05:00+00:00,long,97702.76,97751.61137999999,97600.0,97551.2,9.7314,950784.638664,1000.0,999.9986639999491,0.01,0.009999986639999492,102.75999999999476,0.0010517614855506106,9.507859089140227,9.731413001168265,10.23512539461526,False,97600.0,98025.08816398591,-1950.2833033319073,1900.569778663332,950.2846393319583,-3850.8530819952393,-3.850858226742026,100000.0,96149.14691800476,stop,17,2025-Q1
2025-01-08 15:35:00+00:00,2025-01-08 15:35:00+00:00,short,95800.0,95752.1,94923.85458578674,94971.31651307964,3.4422,329762.76,961.4914691800476,961.475304000024,0.01,0.009999831873911088,279.320000000007,0.0029156576200418264,3.429757983674553,3.4422578733353273,10.036445398539119,False,96079.32,94923.85458578674,2687.6129186772814,656.5081443213228,328.2548261275921,2031.1047743559586,2.112487721635654,96149.14691800476,98180.25169236072,target,0,2025-Q1
2025-01-09 20:50:00+00:00,2025-01-10 02:30:00+00:00,long,91780.44,91826.33022,93589.59935327142,93542.80455359479,1.7022000000000002,156228.66496800003,981.8025169236072,981.777894000007,0.01,0.009999749206961932,576.7700000000041,0.0062842365976890505,1.5912831804705405,1.7022426910616022,10.697295817318016,False,91203.67,93589.59935327142,2921.782610645045,315.53534121161306,157.76844049356262,2606.247269433432,2.6546200371399005,98180.25169236072,100786.49896179415,target,67,2025-Q1
2025-01-15 11:50:00+00:00,2025-01-15 13:20:00+00:00,long,96687.79,96736.13389499999,97210.96160832242,97162.35612751826,6.0427,584255.308633,1007.8649896179414,1007.8619329999613,0.01,0.009999969672346875,166.7899999999936,0.0017250368428112133,5.796977636549176,6.042718326146533,10.423911743333274,False,96521.0,97210.96160832242,2575.533084438129,1171.670405659071,585.8359931718245,1403.8626787790581,1.3929117003163092,100786.49896179415,102190.3616405732,target,17,2025-Q1
2025-01-20 00:05:00+00:00,2025-01-20 00:40:00+00:00,long,101134.6,101185.1673,99651.6,99601.7742,0.6890000000000001,69681.7394,1021.903616405732,1021.787,0.01,0.009998858831656333,1483.0,0.014663626493801329,0.6819595414699934,0.6890786354725098,10.104391735427162,False,99651.6,105786.33868422681,-1090.9578459000008,138.34220269349998,69.17084590000078,-1229.3000485935008,-1.2030883624409987,102190.3616405732,100961.0615919797,stop,6,2025-Q1
2025-01-27 15:25:00+00:00,2025-01-27 16:35:00+00:00,short,101836.8,101785.88160000001,100327.60407921181,100377.76788125142,2.0983,213684.15744,1009.610615919797,1009.5760619999988,0.01,0.00999965775003498,481.1399999999994,0.004724618212669678,2.1165731387953635,2.098371816768089,9.91400570245527,False,102317.94,100327.60407921181,2954.645016050161,424.1999857065099,212.1007845396944,2530.445030343651,2.506443175099425,100961.0615919797,103491.50662232334,target,13,2025-Q1
2025-02-04 06:05:00+00:00,2025-02-04 06:15:00+00:00,long,98542.0,98591.271,99521.21765505185,99471.45704622433,3.3151,326676.58420000004,1034.9150662232335,1034.907917999977,0.01,0.009999930929372952,312.179999999993,0.003167989283757109,3.1565763341662567,3.315122897761729,10.502273814446971,False,98229.82,99521.21765505185,2917.9047618382924,656.5977497460383,328.29968642409165,2261.307012092254,2.185032091031218,103491.50662232334,105752.8136344156,target,1,2025-Q1
2025-02-16 22:15:00+00:00,2025-02-16 23:05:00+00:00,short,97054.8,97006.2726,96340.94788283456,96389.11835677597,4.6468,450994.24464,1057.5281363441559,1057.5187440000082,0.01,0.009999911185869908,227.58000000000175,0.002344860841503993,4.264645399419951,4.646841270516512,10.896196131918833,False,97282.38,96340.94788283456,2867.7923374133943,898.6697026979466,449.33568063098556,1969.1226347154477,1.8620214969120514,105752.8136344156,107721.93626913104,target,9,2025-Q1
2025-02-25 22:35:00+00:00,2025-02-26 00:35:00+00:00,short,89162.12,89117.53894,88227.22403585042,88271.33764786835,3.6142000000000003,322249.73410400003,1077.2193626913104,1077.2123100000106,0.01,0.009999934528736262,298.0500000000029,0.003342787273339877,2.9915155175305865,3.6142236627790636,12.08158086294169,False,89460.17,88227.22403585042,3058.3407100222066,641.1188777638738,320.56028360718733,2417.221832258333,2.2439604614788604,107721.93626913104,110139.15810138937,target,23,2025-Q1
2025-02-26 08:40:00+00:00,2025-02-26 12:45:00+00:00,long,88435.41,88479.627705,88138.0,88093.931,3.7032000000000003,327494.01031200006,1101.3915810138938,1101.368712000013,0.01,0.009999792362550476,297.4100000000035,0.00336301940591448,2.973518375306781,3.7032768938969127,12.454192059650017,False,88138.0,89368.29847071876,-1428.3120379560348,653.8872025963561,326.94332595602185,-2082.199240552391,-1.8905560125920544,110139.15810138937,108056.95886083698,stop,48,2025-Q1
2025-02-28 00:10:00+00:00,2025-02-28 01:20:00+00:00,short,84669.98,84627.64501,83861.14834988891,83903.07892406386,4.1905,354809.55118999997,1080.56958860837,1080.5623300000025,0.01,0.009999932826090574,257.8600000000006,0.003045471370136152,3.283563949429916,4.190528149415836,12.762133504795557,False,84927.84,83861.14834988891,3036.2941831153857,706.2279986456946,353.1148466751041,2330.066184469691,2.15634593190907,108056.95886083698,110387.02504530667,target,13,2025-Q1
2025-03-02 05:05:00+00:00,2025-03-02 05:10:00+00:00,long,85625.99,85668.802995,85921.21700266992,85878.25639416858,11.7283,1004247.2985170002,1103.8702504530668,1103.8675960001162,0.01,0.009999975953215974,94.1200000000099,0.001099198969845603,9.097533999149064,11.72832820285753,12.891766278592128,False,85531.87,85921.21700266992,2456.5323014687965,2011.9553766339861,1005.978553944728,444.57692483481037,0.4027447915363606,110387.02504530667,110831.60197014148,target,0,2025-Q1
2025-03-05 15:55:00+00:00,2025-03-05 16:10:00+00:00,long,88528.31,88572.574155,87926.06,87882.09697,1.8402,162909.796062,1108.3160197014147,1108.26045,0.01,0.009999498611403002,602.25,0.006802908583706161,1.4699594852635949,1.8402922701559397,12.519340081171942,False,87926.06,90417.3926854859,-1270.6161158369928,324.711885804225,162.35566583699284,-1595.3280016412177,-1.439488345579072,110831.60197014148,109236.27396850026,stop,2,2025-Q1
2025-03-06 10:05:00+00:00,2025-03-06 10:25:00+00:00,long,90824.91,90870.322455,91489.07665475267,91443.3321164253,5.1589,468556.628199,1092.3627396850027,1092.345486000027,0.01,0.009999842051688978,211.74000000000524,0.002331298759338217,4.289454519693859,5.158981485241219,12.027127135991686,False,90613.17,91489.07665475267,2956.0995423269696,940.537912568526,470.2698128765759,2015.5616297584436,1.8451686353729242,109236.27396850026,111251.83559825871,target,3,2025-Q1
2025-03-07 07:40:00+00:00,2025-03-07 09:10:00+00:00,short,88423.7,88379.48814999999,88612.96,88657.26648,5.8782000000000005,519772.19334000006,1112.518355982587,1112.508132000055,0.01,0.009999908100549737,189.2600000000093,0.0021403763923021693,4.672075451759254,5.878254020831303,12.581676134142626,False,88612.96,87830.04655200485,-1632.8365794060917,1040.6574510660662,520.3284474060367,-2673.4940304721576,-2.403123135527809,111251.83559825871,108578.34156778656,stop,17,2025-Q1
2025-03-12 19:50:00+00:00,2025-03-12 19:55:00+00:00,short,82761.62,82720.23919,83035.42,83076.93771,3.9656000000000002,328199.480272,1085.7834156778656,1085.7812800000115,0.01,0.009999980330535323,273.8000000000029,0.0033082967684779844,3.02270343316286,3.9656078001382546,13.119407470248474,False,83035.42,81902.78921662757,-1414.5236509120214,657.48528471464,328.7423709120098,-2072.0089356266612,-1.908311529948867,108578.34156778656,106506.3326321599,stop,0,2025-Q1
2025-03-20 05:15:00+00:00,2025-03-20 08:45:00+00:00,long,85603.21,85646.011605,86145.32732757581,86102.25466391203,6.1624,527521.221304,1065.063326321599,1065.0475920000108,0.01,0.009999852268675492,172.83000000000175,0.0020189663448368553,4.953029566626115,6.162491039296351,12.441862008698026,False,85430.38,86145.32732757581,2811.552226239429,1058.3815160555437,529.1915932137099,1753.1707101838851,1.6460961212932044,106506.3326321599,108259.50334234379,target,41,2025-Q1
2025-03-25 12:10:00+00:00,2025-03-25 13:15:00+00:00,short,87319.47,87275.81026500001,87500.0,87543.75,5.996700000000001,523628.66574900004,1082.5950334234378,1082.5842509999932,0.01,0.00999990040206068,180.52999999999884,0.002067465595015623,4.836839860411043,5.9967597264911365,12.39809441609572,False,87500.0,86753.20001708466,-1606.754208874456,1048.3404570411258,524.169957874463,-2655.0946659155816,-2.4525524581232787,108259.50334234379,105604.4086764282,stop,12,2025-Q1
2025-03-26 14:55:00+00:00,2025-03-26 16:55:00+00:00,long,86712.5,86755.85625,86434.36,86391.14282,3.7968,329230.02,1056.044086764282,1056.0419519999978,0.01,0.009999979785273068,278.1399999999994,0.003207611359377246,3.11758466959086,3.7968076751430364,12.178683428159516,False,86434.36,87584.94409820017,-1384.743951024013,657.4045260689761,328.7019990240152,-2042.1484770929892,-1.9337759008772726,105604.4086764282,103562.2601993352,stop,23,2025-Q1
2025-04-02 23:30:00+00:00,2025-04-03 00:00:00+00:00,long,82821.6,82863.0108,82320.0,82278.84,1.9936,165113.14176000003,1000.0,999.9897600000116,0.01,0.009999897600000116,501.6000000000058,0.006056391086383332,1.6511483253588326,1.9936204146730232,12.074144909057539,False,82320.0,84394.97297640472,-1164.6029068800142,329.22679375487996,164.61314688000266,-1493.8297006348942,-1.4938449976076522,100000.0,98506.17029936511,stop,5,2025-Q2
2025-04-07 10:50:00+00:00,2025-04-07 12:30:00+00:00,short,77239.9,77201.28005,77577.88,77616.66894,2.9145000000000003,225115.68855000002,985.0617029936511,985.0427100000306,0.01,0.009999807189807879,337.9800000000105,0.004375717731379902,2.2853393691933723,2.9145561956140025,12.753275224251341,False,77577.88,76179.75526601818,-1210.650919905006,451.21691233135505,225.6082099049753,-1661.8678322363612,-1.6871023107579868,98506.17029936511,96844.30246712876,stop,19,2025-Q2
2025-04-07 13:00:00+00:00,2025-04-07 13:50:00+00:00,short,77159.95,77121.370025,77666.0,77704.833,1.9137000000000002,147660.996315,968.4430246712876,968.4278850000056,0.01,0.009999843669984746,506.0500000000029,0.006558454223985408,1.524749530678778,1.9137299173427171,12.55111005996359,False,77666.0,75572.61867083413,-1116.5730952575043,296.2909047289425,148.14521025749863,-1412.8639999864467,-1.458925359203632,96844.30246712876,95431.4384671423,stop,9,2025-Q2
2025-04-08 14:00:00+00:00,2025-04-08 14:55:00+00:00,short,79929.47,79889.505265,78531.972268386,78571.2382545202,2.1419,171200.93179300003,954.314384671423,954.2807069999976,0.01,0.009999647100871931,445.52999999999884,0.005574039212320548,1.7940311539065878,2.1419755901318105,11.939455931228157,False,80375.0,78531.972268386,2823.5961097466875,339.40706654446035,169.704281597338,2484.1890432022274,2.6032057705660328,95431.4384671423,97915.62751034454,target,10,2025-Q2
2025-04-10 13:00:00+00:00,2025-04-10 15:25:00+00:00,short,81938.23,81897.260885,80281.6715145557,80321.81235031298,1.854,151913.47842,979.1562751034454,979.1344800000184,0.01,0.009999777409347403,528.1200000000099,0.006445343034625107,1.5515078012572607,1.854041269225606,11.949931980510751,False,82466.35,80281.6715145557,2920.8815833097365,300.75416177827026,150.3778487039969,2620.127421531466,2.6759627763608296,97915.62751034454,100535.754931876,target,28,2025-Q2
2025-04-23 12:20:00+00:00,2025-04-23 13:05:00+00:00,long,93461.85,93508.580925,93892.83374592908,93845.88732905612,7.317,683860.3564500001,1005.35754931876,1005.3558000000639,0.01,0.009999982600034214,137.40000000000873,0.0014701185563950289,6.802172489082538,7.317012731577119,10.7568761940702,False,93324.45,93892.83374592908,2468.0709584785923,1370.8726442149286,685.4371104844276,1097.1983142636636,1.0913532445563987,100535.754931876,101632.95324613966,target,8,2025-Q2
2025-05-11 17:00:00+00:00,2025-05-11 22:35:00+00:00,long,104038.28,104090.29914,103750.0,103698.125,3.5254000000000003,366776.552312,1016.3295324613966,1016.3023119999959,0.01,0.00999973216894195,288.27999999999884,0.002770903171409589,3.60893159428335,3.525494423690165,9.768803679389901,False,103750.0,104942.53032224471,-1382.57071315601,732.5373104631561,366.2684011560141,-2115.108023619166,-2.081179978285019,101632.95324613966,99517.8452225205,stop,66,2025-Q2
2025-05-29 00:10:00+00:00,2025-05-29 00:10:00+00:00,short,107903.21,107849.25839500001,107461.74964772891,107515.48052255277,7.071000000000001,762983.5979100001,995.178452225205,995.1725399999342,0.01,0.009999940591305434,140.7399999999907,0.0013043170819477075,7.666847378144603,7.071042008137494,9.222880878383553,False,108043.95,107461.74964772891,2360.143336074467,1522.844068886016,761.4228148344589,837.2992671884508,0.8413609032947253,99517.8452225205,100355.14448970895,target,0,2025-Q2
2025-06-03 21:00:00+00:00,2025-06-03 21:55:00+00:00,long,105644.91,105697.732455,105353.5,105300.82325,3.4437,363809.37656700006,1003.5514448970896,1003.5286170000121,0.01,0.009999772528880372,291.4100000000035,0.002758391294005584,3.6253014652894118,3.4437783360113845,9.499288180538839,False,105353.5,106558.97821980482,-1366.8362292585123,726.6157262813085,363.3076122585003,-2093.451955539821,-2.086090939586824,100355.14448970895,98261.69253416914,stop,10,2025-Q2
2025-06-05 03:05:00+00:00,2025-06-05 05:55:00+00:00,short,105080.25,105027.709875,104576.52598428863,104628.81424728078,6.1187000000000005,642954.525675,982.6169253416914,982.6020329999787,0.01,0.009999848442039532,160.5899999999965,0.001528260543727261,6.543386885858539,6.118792735174748,9.351109512412574,False,105240.84,104576.52598428863,2440.7226773255866,1282.8253741469996,641.4134576075742,1157.897303178587,1.1783990509804003,98261.69253416914,99419.58983734772,target,33,2025-Q2
2025-06-22 10:20:00+00:00,2025-06-22 13:15:00+00:00,long,102340.0,102391.17,102080.0,102028.96,3.8238000000000003,391327.69200000004,994.1958983734772,994.1880000000001,0.01,0.0099999205551593,260.0,0.0025405511041625955,3.936153846153846,3.8238303783595278,9.714636489871774,False,102080.0,103155.54420627038,-1385.018597999969,781.6616930940002,390.83059799996886,-2166.680291093969,-2.1793466538461224,99419.58983734772,97252.90954625375,stop,34,2025-Q2
2025-07-11 14:00:00+00:00,2025-07-11 15:45:00+00:00,long,117651.35,117710.175675,117273.45,117214.813275,2.6462000000000003,311329.00237000006,1000.0,999.9989800000233,0.01,0.009999989800000234,377.90000000000873,0.003212032841102195,3.1132931992589916,2.646202699126692,8.499689973808206,False,117273.45,118836.71213672917,-1310.827982880034,621.65850575949,310.8290028800106,-1932.486488639524,-1.932488459777708,100000.0,98067.51351136048,stop,20,2025-Q3
2025-07-14 12:00:00+00:00,2025-07-14 13:30:00+00:00,long,121546.69,121607.463345,121355.55,121294.872225,5.1306,623607.447714,980.6751351136048,980.6628839999971,0.01,0.009999875074699368,191.13999999999942,0.0015725644194835697,6.359039970702123,5.130664094975452,8.068299804080265,False,121355.55,122146.24045994815,-1603.7800002719864,1246.234722875442,623.1171162719893,-2850.0147231474284,-2.9062124912106255,98067.51351136048,95217.49878821305,stop,17,2025-Q3
2025-07-14 14:05:00+00:00,2025-07-14 14:25:00+00:00,long,121582.41,121643.201205,121188.0,121127.406,2.4141,293512.095981,952.1749878821305,952.1451810000084,0.01,0.009999686960038843,394.4100000000035,0.0032439725450417005,3.0826401460408945,2.4141755733427703,7.831519278834254,False,121188.0,122819.55919382731,-1245.1812043905052,586.0725228535905,293.0360233904968,-1831.2537272440957,-1.923292543812265,95217.49878821305,93386.24506096895,stop,3,2025-Q3
2025-07-21 18:15:00+00:00,2025-07-21 18:45:00+00:00,long,117570.92,117629.70546,117321.84,117263.17908,3.7492,440796.893264,933.8624506096895,933.8507360000066,0.01,0.009999874557439638,249.08000000000175,0.002118551083890487,4.720207162357442,3.749247031514706,7.942971362388672,False,117321.84,118352.21134960702,-1374.180703895984,880.660402717368,440.32996789597735,-2254.841106613352,-2.4145626487072085,93386.24506096895,91131.4039543556,stop,5,2025-Q3
2025-07-27 03:20:00+00:00,2025-07-27 06:45:00+00:00,short,118159.99,118100.91000500001,118358.18,118417.35909,4.5981000000000005,543311.4500190001,911.314039543556,911.2974389999439,0.01,0.009999817839483517,198.18999999998778,0.0016773021053910699,5.961955194510686,4.598183760752875,7.712543302885825,False,118358.18,117538.32574522802,-1455.0645377384342,1087.5346531257196,543.7670987384903,-2542.5991908641536,-2.790087058353195,91131.4039543556,88588.80476349144,stop,40,2025-Q3
2025-08-08 14:35:00+00:00,2025-08-09 09:10:00+00:00,short,116657.64,116599.31118,117271.73,117330.365865,1.4426,168290.311464,885.8880476349144,885.886233999995,0.01,0.009999979527493071,614.0899999999965,0.00526403585740288,1.8996831083391794,1.442602953369896,7.593913674534427,False,117271.73,114731.41868604395,-1054.6194885809937,337.466952105117,168.73325458099856,-1392.0864406861106,-1.5714054325017521,88588.80476349144,87196.71832280533,stop,222,2025-Q3
2025-08-11 10:10:00+00:00,2025-08-11 10:45:00+00:00,long,121262.58,121323.21129,121080.0,121019.46,4.7758,579125.829564,871.9671832280534,871.9655640000084,0.01,0.00999998143017219,182.58000000000175,0.0015056582170691218,6.641613539270393,4.775808868594836,7.1907358661514,False,121080.0,121835.28023531096,-1450.655410782001,1157.380129546782,578.6898467819924,-2608.035540328783,-2.9909845617811097,87196.71832280533,84588.68278247655,stop,6,2025-Q3
2025-08-30 07:35:00+00:00,2025-08-30 08:05:00+00:00,long,108255.3,108309.42765,108679.69665810917,108625.35680978012,6.2519,676801.31007,845.8868278247655,845.8820700000182,0.01,0.009999943753412503,135.3000000000029,0.0012498233342848148,8.001130820398942,6.251935165001828,7.813814453655068,False,108120.0,108679.69665810917,1975.1575140293337,1356.2545789640994,678.1279528033631,618.9029350652343,0.731665745161404,84588.68278247655,85207.58571754178,target,5,2025-Q3
2025-09-01 17:40:00+00:00,2025-09-01 20:45:00+00:00,long,108745.99,108800.362995,108391.3,108337.10435000001,2.4023000000000003,261240.49177700005,852.0758571754178,852.0717870000057,0.01,0.009999952232241087,354.6900000000023,0.0032616375095762366,3.0659446277030447,2.402311475303539,7.835469217535448,False,108391.3,109858.54913277709,-1112.8862428834868,521.6293378028936,260.81445588348106,-1634.5155806863804,-1.9182838883108912,85207.58571754178,83573.0701368554,stop,36,2025-Q3
2025-09-03 22:15:00+00:00,2025-09-03 23:30:00+00:00,long,111898.44,111954.38922,111759.5,111703.62025,6.015000000000001,673069.1166000001,835.730701368554,835.7241000000141,0.01,0.009999921010816893,138.94000000000233,0.0012416616353186187,8.053723909601132,6.015047512368937,7.468653730727202,False,111759.5,112334.25427699696,-1508.3753545499405,1345.3029269620502,672.6512545499263,-2853.6782815119905,-3.4146176728802513,83573.0701368554,80719.3918553434,stop,14,2025-Q3
2025-09-24 01:00:00+00:00,2025-09-24 01:15:00+00:00,short,112210.28,112154.17486,112380.0,112436.19,4.756,533672.0916800001,807.1939185534341,807.1883200000055,0.01,0.009999930641778886,169.72000000000116,0.0015125173914546971,6.6114942257835985,4.756032986998754,7.193582607167847,False,112380.0,111677.91783581457,-1341.264005840015,1068.1517752741602,534.0756858400096,-2409.415781114175,-2.984948767735091,80719.3918553434,78309.97607422923,stop,2,2025-Q3
2025-10-06 08:15:00+00:00,2025-10-06 09:10:00+00:00,long,123465.45,123527.18272499999,124045.61560150677,123983.59279370602,5.4065,667515.955425,1000.0,999.986239999956,0.01,0.00999986239999956,184.95999999999185,0.001498070917815404,6.675251405709636,5.406574394463906,8.099431865351805,False,123280.49,124045.61560150677,2467.581036459136,1338.1670078418842,669.0842880872215,1129.414028617252,1.1294295695681789,100000.0,101129.41402861725,target,10,2025-Q4
2025-10-14 16:55:00+00:00,2025-10-14 18:10:00+00:00,short,112552.0,112495.724,113187.62,113244.21381,1.591,179070.232,1011.2941402861725,1011.2714199999925,0.01,0.009999775334541407,635.6199999999953,0.00564734522709499,1.7707435260061173,1.5910357450775303,8.985128121101113,False,113187.62,110558.24535234779,-1190.8472877099987,359.15224105570996,179.575867710006,-1549.9995287657086,-1.5327235578018412,101129.41402861725,99579.41449985154,stop,14,2025-Q4
2025-10-22 14:25:00+00:00,2025-10-22 15:00:00+00:00,short,108221.55,108167.43922500001,109014.34,109068.84717,1.256,135926.2668,995.7941449985154,995.7442399999919,0.01,0.0099994988422178,792.7899999999936,0.007325620451749153,1.3650720871857727,1.256062948572161,9.201440424744566,False,109014.34,105734.79887965736,-1132.1683789199806,272.84877571212,136.42413891998854,-1405.0171546321005,-1.4110221261557203,99579.41449985154,98174.39734521943,stop,6,2025-Q4
2025-10-23 01:45:00+00:00,2025-10-23 03:05:00+00:00,short,108249.8,108195.67510000001,108500.0,108554.25,3.9238000000000004,424750.5652400001,981.7439734521944,981.7347599999887,0.01,0.00999990615218983,250.1999999999971,0.0023113206675670264,4.326530775379747,3.9238368243493436,9.069245148279206,False,108500.0,107464.99553688905,-1406.97619261997,850.4833561073801,425.2414326199814,-2257.45954872735,-2.299459732613905,98174.39734521943,95916.93779649209,stop,15,2025-Q4
2025-10-26 01:15:00+00:00,2025-10-26 03:35:00+00:00,short,111771.47,111715.584265,111369.68901007243,111425.37385457747,7.4882,836967.121654,959.1693779649208,959.1635379999739,0.01,0.009999939114351635,128.0899999999965,0.0011459990639829333,8.726010617534785,7.488245592668803,8.581522440072774,False,111899.56,111369.68901007243,2173.153595325982,1670.92412259102,835.4628134496804,502.2294727349622,0.5236119314775035,95916.93779649209,96419.16726922705,target,27,2025-Q4
2025-10-29 11:20:00+00:00,2025-10-29 13:50:00+00:00,long,112994.79,113051.28739499999,112732.91,112676.54354500001,3.6818,416024.217822,964.1916726922706,964.1897839999635,0.01,0.009999980411650915,261.8799999999901,0.002317628980946733,4.31475446769529,3.6818072120524934,8.533063096911553,False,112732.91,113816.23121822337,-1379.7319069299424,831.0847279548921,415.5421229299789,-2210.8166348848345,-2.2929268403085654,96419.16726922705,94208.35063434222,stop,29,2025-Q4
2025-11-06 13:55:00+00:00,2025-11-06 14:05:00+00:00,short,103425.75,103374.037125,102796.18123984411,102847.57933046404,4.693700000000001,485449.44277500006,942.0835063434222,942.0725270000302,0.01,0.009999883456792119,200.7100000000064,0.0019406192365054777,5.152994369986383,4.693754702523004,9.108790667154187,False,103626.46,102796.18123984411,2471.0349502134513,967.9424011570118,483.9719393302467,1503.0925490564396,1.595516805742061,94208.35063434222,95711.44318339866,target,1,2025-Q4
2025-11-10 20:50:00+00:00,2025-11-11 01:15:00+00:00,short,105985.52,105932.52724000001,106299.22,106352.36961,3.051,323361.82152000006,957.1144318339866,957.0986999999911,0.01,0.009999835632673877,313.6999999999971,0.0029598382873433754,3.378562958240389,3.0510501492954907,9.030615048489517,False,106299.22,105001.53454804995,-1280.9390708699511,647.68122028935,323.8403708699599,-1928.6202911593011,-2.015069387472075,95711.44318339866,93782.82289223936,stop,52,2025-Q4
2025-11-11 01:50:00+00:00,2025-11-11 05:15:00+00:00,short,106967.9,106914.41605,105298.85741478279,105351.50684349018,1.7625000000000002,188530.92375000002,937.8282289223936,937.8262500000103,0.01,0.009999978898882309,532.1000000000058,0.0049743895131156715,2.0102969366660184,1.762503719079841,8.76738001701813,False,107500.0,105298.85741478279,2754.627476473563,374.1186890997765,187.0600799717604,2380.5087873737866,2.538326035738241,93782.82289223936,96163.33167961315,target,40,2025-Q4
2025-11-26 07:25:00+00:00,2025-11-26 07:55:00+00:00,short,87794.0,87750.103,87889.0,87932.9445,10.1224,888685.9856,961.6333167961316,961.628,0.01,0.009999944710774485,95.0,0.0010820785019477414,9.241473684210526,10.12245596627507,10.953291988018902,False,87889.0,87496.01269386275,-1850.7947995999496,1778.3340800140002,889.1667995999494,-3629.1288796139497,-3.7739426052631053,96163.33167961315,92534.2027999992,stop,5,2025-Q4
2025-11-28 06:25:00+00:00,2025-11-28 06:25:00+00:00,short,91610.55,91564.744725,91305.53646685492,91351.18923508834,9.516,871765.9938,925.342027999992,925.3358399999114,0.01,0.009999933127428633,97.23999999999069,0.0010614498002685356,9.42107671740115,9.516063636364464,10.100823846161736,False,91707.79,91305.53646685492,2032.194041999301,1740.6280275642007,870.314739409351,291.5660144351002,0.3150921015175724,92534.2027999992,92825.7688144343,target,0,2025-Q4
2025-11-28 11:30:00+00:00,2025-11-28 13:45:00+00:00,short,91725.62,91679.75718999999,92030.0,92076.015,3.0496000000000003,279726.45075200003,928.257688144343,928.2372480000143,0.01,0.009999779800969173,304.38000000000466,0.003318374953475427,3.0135232275444706,3.049667153375152,10.119939098196808,False,92030.0,90770.86867113622,-1208.4278173760308,560.381602870624,280.1905693760165,-1768.8094202466548,-1.9055574682633587,92825.7688144343,91056.95939418764,stop,26,2025-Q4
2025-11-29 21:25:00+00:00,2025-11-29 21:40:00+00:00,short,90943.33,90897.858335,91035.27,91080.787635,9.9039,900693.6459870001,910.5695939418764,910.5645660000231,0.01,0.009999944782453897,91.94000000000233,0.0010109592424205527,9.89159560582964,9.903954687207454,10.01249452754673,False,91035.27,90654.94102182884,-1811.7134942700338,1802.298311822283,901.1489282700109,-3614.011806092317,-3.968979181748903,91056.95939418764,87442.94758809533,stop,2,2025-Q4
2025-12-01 20:40:00+00:00,2025-12-01 21:05:00+00:00,short,85504.04,85461.28798,85833.01,85875.926505,2.658,227269.73831999997,874.4294758809533,874.402260000003,0.01,0.00999968875842248,328.97000000000116,0.003847420542935763,2.599143994893142,2.6580827305862242,10.226762102480226,False,85833.01,84472.15700947397,-1102.1091994500057,455.41431610113,227.70693945000255,-1557.5235155511357,-1.7812436984679458,87442.94758809533,85885.42407254419,stop,4,2025-Q4
2025-12-06 03:45:00+00:00,2025-12-06 08:20:00+00:00,short,89710.0,89665.145,89407.52720072828,89452.23096432864,8.906500000000001,799002.1150000001,858.854240725442,858.8537949999379,0.01,0.009999994810231087,96.42999999999302,0.0010749080370080594,9.30312143523867,8.906504622270084,9.573673400127543,False,89806.43,89407.52720072828,1896.3188587069812,1595.3089090262933,797.6551280066242,301.0099496806879,0.35047868616649663,85885.42407254419,86186.43402222489,target,54,2025-Q4
2025-12-17 02:45:00+00:00,2025-12-17 03:55:00+00:00,long,87345.85,87389.52292500001,87188.37,87144.775815,5.4728,478026.36788000003,861.8643402222489,861.8565440000574,0.01,0.009999909542351068,157.48000000001048,0.0018029477073039013,5.546472567944767,5.472849506109928,9.867261469460184,False,87188.37,87839.81885232104,-1339.4519836080613,955.1913101442722,477.59543960800374,-2294.643293752333,-2.6624422703834343,86186.43402222489,83891.79072847255,stop,13,2025-Q4
2025-12-18 20:35:00+00:00,2025-12-19 03:25:00+00:00,long,85082.0,85124.541,87064.3683958493,87020.83621165137,1.3274000000000001,112937.84680000001,838.9179072847255,838.903526000007,0.01,0.009999828573396829,631.9900000000052,0.007428010625044137,1.346255478725918,1.3274227555573959,9.860110332205702,False,84450.01,87064.3683958493,2517.142263946038,228.50577371074604,114.2535447043305,2288.636490235292,2.7281283476632723,83891.79072847255,86180.42721870785,target,81,2025-Q4
2025-12-25 16:15:00+00:00,2025-12-25 22:45:00+00:00,short,88359.81,88315.630095,87629.17649243628,87672.99108068249,3.6998,326913.625038,861.8042721870785,861.794414000028,0.01,0.009999885609907394,232.93000000000757,0.0026361532465948895,3.7934061735284046,3.6998423225305905,9.753351350428192,False,88592.74,87629.17649243628,2377.6358251719184,651.1227006257901,325.5620261123258,1726.5131245461284,2.0033932646795645,86180.42721870785,87906.94034325397,target,77,2025-Q4
2025-12-28 18:45:00+00:00,2025-12-28 20:00:00+00:00,long,87681.86,87725.70093,87500.26,87456.50987,4.8406,424432.811516,879.0694034325397,879.0529600000282,0.01,0.00999981294500244,181.60000000000582,0.002071123947416328,4.828296255506453,4.840690547535856,10.025670115033368,False,87500.26,88251.48626099502,-1303.0462450360578,847.9870095984801,423.9932850360296,-2151.033254634538,-2.44698937665197,87906.94034325397,85755.90708861942,stop,14,2025-Q4
2025-12-29 01:20:00+00:00,2025-12-29 01:40:00+00:00,short,88192.72,88148.62364,88444.19,88488.412095,3.4101000000000004,300745.99447200005,857.5590708861943,857.537847000004,0.01,0.009999752508172198,251.47000000000116,0.0028513691379515355,3.5070871276891715,3.4101843992770124,9.72369455082227,False,88444.19,87403.93191711226,-1158.7126103955059,602.3499555599236,301.1747633955019,-1761.0625659554294,-2.0536266383067536,85755.90708861942,83994.84452266399,stop,3,2025-Q4
2025-12-30 19:40:00+00:00,2025-12-30 20:50:00+00:00,long,88096.9,88140.94845,87960.2,87916.2199,6.1444,541302.59236,839.9484452266399,839.9394799999822,0.01,0.009999893264560359,136.6999999999971,0.0015517004571102627,6.444542794440517,6.144465583223539,9.534370054186242,False,87960.2,88525.68804998907,-1380.822102619999,1081.7656652097398,540.8826226200167,-2462.587767829739,-2.931863338332175,83994.84452266399,81532.25675483425,stop,13,2025-Q4
2024-01-04 00:45:00+00:00,2024-01-04 01:20:00+00:00,short,42911.68,42890.22416,42685.55468526912,42706.897462611756,13.871500000000001,595249.36912,1000.0,999.9964349999516,0.01,0.009999964349999516,72.08999999999651,0.0016799621921117166,5.95251491191595,13.871549452074468,23.303678625493106,False,42983.77,42685.55468526912,2543.0162828209973,1187.360472588059,593.6810204684277,1355.6558102329382,1.3556606431631966,100000.0,101355.65581023294,target,6,2024-2025-Full
2024-01-04 10:55:00+00:00,2024-01-04 13:50:00+00:00,long,42819.9,42841.30995,43458.59658184914,43436.86728355821,4.9776,213140.33424,1013.5565581023294,1013.5389120000129,0.01,0.009999825899184654,203.62000000000262,0.004755265659191232,2.1029319320302253,4.977686661930638,23.670222445692996,False,42616.28,43458.59658184914,2964.4461835193383,429.45825499775935,214.72992229292652,2534.987928521579,2.501125411671956,101355.65581023294,103890.64373875452,target,34,2024-2025-Full
2024-01-05 08:55:00+00:00,2024-01-05 09:00:00+00:00,short,43876.41,43854.471795000005,43947.99,43969.963995,14.513900000000001,636817.8270990001,1038.906437387545,1038.9049619999198,0.01,0.009999985798647767,71.57999999999447,0.001631400563537319,6.12970243084708,14.513920611729889,23.67801826511205,False,43947.99,43651.884406596815,-1676.242241579903,1274.6750786124812,637.3372795799834,-2950.917320192384,-2.8404112292541077,103890.64373875452,100939.72641856213,stop,0,2024-2025-Full
2024-01-07 17:30:00+00:00,2024-01-07 23:30:00+00:00,long,43946.91,43968.883455,43700.0,43678.15,4.0881,179659.36277100001,1009.3972641856213,1009.3927710000142,0.01,0.009999955486449523,246.9100000000035,0.005618369983236671,1.7798756631970913,4.088118197665575,22.968560569687863,False,43700.0,44721.394692193164,-1188.5474373855056,358.3098374673855,179.1546663854915,-1546.8572748528911,-1.5324631989591189,100939.72641856213,99392.86914370923,stop,71,2024-2025-Full
2024-01-17 21:30:00+00:00,2024-01-18 07:00:00+00:00,short,42711.1,42689.74445,42876.48,42897.918240000006,6.0099,256689.43988999998,993.9286914370924,993.917262000028,0.01,0.00999988500747425,165.38000000000466,0.003872061361098278,2.582603700568315,6.009969110152766,23.270969172816724,False,42876.48,42192.35115064231,-1251.1036605210481,514.3732940006311,257.1863985210201,-1765.476954521679,-1.7762816101705148,99392.86914370923,97627.39218918755,stop,113,2024-2025-Full
2024-02-06 01:55:00+00:00,2024-02-06 02:05:00+00:00,short,42690.11,42668.764945,42769.22,42790.60461,12.3407,526825.840477,976.2739218918755,976.2727770000072,0.01,0.009999988272841846,79.11000000000058,0.0018531224210947355,5.3962975603589545,12.340714472151035,22.86885468067137,False,42769.22,42441.96499169981,-1503.586753865494,1054.6284418673886,527.3139768654869,-2558.2151957328824,-2.6203897681076724,97627.39218918755,95069.17699345466,stop,1,2024-2025-Full
2024-02-15 08:20:00+00:00,2024-02-15 14:30:00+00:00,long,51914.07,51940.027035,52792.53657849262,52766.14031020337,3.3946,176227.502022,950.6917699345466,950.6916759999921,0.01,0.009999999011934704,280.0599999999977,0.005394683945989935,1.8536767121331297,3.3946003354086787,18.312795932481247,False,51634.01,52792.53657849262,2804.324124005372,355.4355556700274,177.7185233456699,2448.8885683353446,2.5759019776411347,95069.17699345466,97518.06556179,target,73,2024-2025-Full
2024-02-18 13:25:00+00:00,2024-02-18 14:35:00+00:00,long,51628.0,51653.814,51919.68252208108,51893.722680820036,10.4869,541417.6732,975.1806556179,975.1768309999786,0.01,0.009999960780416435,92.98999999999796,0.0018011544123343528,5.551994838154762,10.486941129346397,18.888600287012864,False,51535.01,51919.68252208108,2515.898344891649,1085.8926624180917,542.9470959204164,1430.005682473557,1.466406539834608,97518.06556179,98948.07124426356,target,13,2024-2025-Full
2024-02-21 22:30:00+00:00,2024-02-21 22:35:00+00:00,short,51341.74,51316.069129999996,51416.01,51441.718005,13.322700000000001,684010.599498,989.4807124426355,989.4769290000544,0.01,0.009999961763351892,74.27000000000407,0.0014465812806500925,6.912850410663414,13.322750941733961,19.272442119075738,False,51416.01,51108.77666077037,-1673.982266962583,1369.0111706634648,684.5053379625288,-3042.993437626048,-3.0753556231990538,98948.07124426356,95905.0778066375,stop,0,2024-2025-Full
2024-02-23 19:05:00+00:00,2024-02-23 19:20:00+00:00,short,51101.18,51075.62941,51193.69,51219.286845,10.366900000000001,529760.8229420001,959.0507780663751,959.0419190000213,0.01,0.009999907626722626,92.51000000000204,0.0018103300158626872,5.5238547184087,10.36699576333752,18.767683604691225,False,51193.69,50811.00309799202,-1489.2822629015104,1060.4811673239597,530.2403439014892,-2549.76343022547,-2.6586569155225983,95905.0778066375,93355.31437641203,stop,2,2024-2025-Full
2024-03-09 05:25:00+00:00,2024-03-09 06:30:00+00:00,short,68283.49,68249.348255,68370.0,68404.185,10.7912,736860.797288,933.5531437641204,933.5467119999435,0.01,0.00999993110446663,86.50999999999476,0.0012669241129882897,7.893132585828707,10.791274347060188,13.671725680162513,False,68370.0,68012.13334890598,-1670.874282643927,1474.655608061356,737.3275706439836,-3145.529890705283,-3.369440275748594,93355.31437641203,90209.78448570675,stop,12,2024-2025-Full
2024-03-09 17:10:00+00:00,2024-03-09 17:10:00+00:00,long,68100.0,68134.05,68000.0,67966.0,9.020900000000001,614323.29,902.0978448570676,902.0900000000001,0.01,0.00999991303762544,100.0,0.0014684287812041115,6.8100000000000005,9.020978448570675,13.246664388503195,False,68000.0,68413.67084856553,-1515.9622450000263,1227.7449410450004,613.8722450000264,-2743.707186045027,-3.0415005000000295,90209.78448570675,87466.07729966173,stop,0,2024-2025-Full
2024-03-13 14:25:00+00:00,2024-03-14 13:50:00+00:00,long,72183.65,72219.74182499999,71634.52,71598.70274000001,1.5928,114974.11772,874.6607729966173,874.6542639999842,0.01,0.009999925582616323,549.1299999999901,0.007607401399070152,1.3145093147342395,1.5928118532890811,12.117159121166875,False,71634.52,73906.11073072786,-989.1910545879716,229.074018503132,114.53679058798733,-1218.2650730911037,-1.3928532944202576,87466.07729966173,86247.81222657063,stop,280,2024-2025-Full
2024-03-17 11:00:00+00:00,2024-03-17 11:10:00+00:00,short,67060.04,67026.50997999999,67420.36,67454.07018,2.3936,160514.91174399998,862.4781222657064,862.4619520000168,0.01,0.009999812513902995,360.320000000007,0.005373095512618349,1.8611245559502303,2.3936448775135704,12.861282550170062,False,67420.36,65929.82119844866,-1023.4080947200173,321.89271667097603,160.94614272000047,-1345.3008113909932,-1.5598378667850694,86247.81222657063,84902.51141517964,stop,1,2024-2025-Full
2024-03-23 02:35:00+00:00,2024-03-23 03:30:00+00:00,short,64120.92,64088.85954,63324.227411728396,63355.88952543426,3.3427000000000002,214336.99928400002,849.0251141517965,849.0123730000175,0.01,0.009999849931980026,253.99000000000524,0.003961109728307162,2.524545060829114,3.3427501639898383,13.241000193880506,False,64374.91,63324.227411728396,2450.0988676889015,426.0095627010271,213.0054471265835,2024.0893049878744,2.384051598489287,84902.51141517964,86926.60072016752,target,10,2024-2025-Full
2024-03-25 08:20:00+00:00,2024-03-25 13:55:00+00:00,long,66930.0,66963.465,67620.07586684417,67586.26582891075,3.9512,264453.816,869.2660072016753,869.264,0.01,0.009999976909235394,220.0,0.0032870162856715973,3.042272727272727,3.9512091236439786,12.987688737511956,False,66710.0,67620.07586684417,2460.810635192167,531.6328964511922,265.8171298825191,1929.1777387409747,2.2193231730992826,86926.60072016752,88855.77845890849,target,66,2024-2025-Full
2024-03-27 16:40:00+00:00,2024-04-01 15:10:00+00:00,long,69170.0,69204.585,68359.18,68325.00041,1.0958,75796.486,888.5577845890849,888.4965560000078,0.01,0.009999310921696494,810.820000000007,0.011722133873066459,0.8530869983473448,1.095875514404032,12.845999488059634,False,68359.18,71713.30597433905,-963.8487937220144,150.704919692278,75.35223772200673,-1114.5537134142924,-1.2544265995042108,88855.77845890849,87741.2247454942,stop,1421,2024-2025-Full
2024-04-08 01:50:00+00:00,2024-04-08 02:30:00+00:00,short,69687.8,69652.9561,69207.16215874306,69241.76573982243,5.726100000000001,399039.31158000004,877.412247454942,877.4103029999768,0.01,0.00999997783875287,153.22999999999593,0.002198806677782853,4.547921425308481,5.726112689779843,12.590614820025054,False,69841.03,69207.16215874306,2354.5171214127854,795.3250667270072,397.66322140861666,1559.1920546857782,1.7770386891454355,87741.2247454942,89300.41680017997,target,7,2024-2025-Full
2024-04-12 03:20:00+00:00,2024-04-12 03:25:00+00:00,short,70684.97,70649.627515,70775.0,70810.3875,9.9189,701117.148933,893.0041680017997,892.9985669999885,0.01,0.009999937279107848,90.02999999999884,0.001273679538945816,7.851268466066969,9.91896221261592,12.633579217785616,False,70775.0,70402.57213503646,-1594.56221521647,1403.1277429322836,701.5636482164814,-2997.6899581487532,-3.3568810398200695,89300.41680017997,86302.72684203122,stop,0,2024-2025-Full
2024-04-14 06:10:00+00:00,2024-04-14 06:20:00+00:00,short,64335.73,64303.562135,64466.0,64498.233,6.6249,426217.77767700003,863.0272684203122,863.0257229999788,0.01,0.009999982093030083,130.2699999999968,0.002024846846379093,4.938645121670498,6.624911863209745,13.41443189375969,False,64466.0,63927.1109855737,-1289.6750135385005,853.2990125898616,426.64929053852154,-2142.9740261283623,-2.483094036501175,86302.72684203122,84159.75281590286,stop,1,2024-2025-Full
2024-04-20 05:15:00+00:00,2024-04-20 08:05:00+00:00,short,64161.89,64129.809055,63827.23457166543,63859.148188951265,7.8882,506121.820698,841.5975281590286,841.5920580000184,0.01,0.00999993500267257,106.69000000000233,0.0016628250819918542,6.01386165526278,7.888251271525075,13.116782067346032,False,64268.58,63827.23457166543,2135.0270435656134,1009.6024925317364,504.8019062231304,1125.424551033877,1.337256620159137,84159.75281590286,85285.17736693674,target,33,2024-2025-Full
2024-04-23 05:25:00+00:00,2024-04-23 07:35:00+00:00,long,66314.0,66347.157,66181.1,66148.00945000001,6.4172,425550.2008,852.8517736693674,852.8458799999627,0.01,0.009999930894563549,132.89999999999418,0.0020041016979822387,4.98976674191143,6.417244346647139,12.860810291482453,False,66181.1,66730.86855774357,-1277.969657859963,850.2479821429401,425.12377786000036,-2128.217640002903,-2.4954305225734292,85285.17736693674,83156.95972693384,stop,25,2024-2025-Full
2024-04-26 07:55:00+00:00,2024-04-26 13:20:00+00:00,short,64400.0,64367.8,63738.71911705415,63770.58847661268,3.9444000000000004,254019.36000000002,831.5695972693384,831.558407999999,0.01,0.009999865443982365,210.8199999999997,0.003273602484472045,3.0547386395977654,3.944453074989752,12.912571386169851,False,64610.82,63738.71911705415,2355.6411328489708,505.42905950715107,252.7151818426473,1850.2120733418196,2.2249935248587156,83156.95972693384,85007.17180027565,target,64,2024-2025-Full
2024-04-29 15:05:00+00:00,2024-04-29 15:30:00+00:00,short,62779.71,62748.320145,63014.67,63046.177335,3.6179,227130.712809,850.0717180027566,850.0617839999969,0.01,0.009999883139239323,234.95999999999913,0.0037426104708033715,2.6719318181818283,3.617942279548688,13.54054865820114,False,63014.67,62042.708974210436,-1077.6175277010088,455.11191243289204,227.55574370101203,-1532.7294401339009,-1.8030800454545624,85007.17180027565,83474.44236014175,stop,4,2024-2025-Full
2024-05-05 21:00:00+00:00,2024-05-05 23:20:00+00:00,long,63685.47,63717.312735,64009.7742903319,63977.769403186736,8.0737,514177.379139,834.7444236014176,834.7398429999954,0.01,0.00999994512570204,103.38999999999942,0.0016234472321551433,6.159732082406458,8.07374430410506,13.107297843627716,False,63582.08,64009.7742903319,2102.8490019392534,1030.9717846590784,515.4865469134088,1071.877217280175,1.2840853665591483,83474.44236014175,84546.31957742192,target,27,2024-2025-Full
2024-05-13 01:00:00+00:00,2024-05-13 01:45:00+00:00,short,61663.64,61632.80818,61198.27792906818,61228.877068032714,5.6987000000000005,351402.585268,845.4631957742192,845.4591320000034,0.01,0.009999951934345148,148.36000000000058,0.002405955924755668,4.1563521164734265,5.698727391306389,13.710886930681017,False,61812.0,61198.27792906818,2301.882227767971,700.1518857229642,350.0766058511929,1601.7303420450069,1.8945094817959818,84546.31957742192,86148.04991946692,target,8,2024-2025-Full
2024-05-16 13:40:00+00:00,2024-05-16 14:00:00+00:00,long,65907.33,65940.283665,66369.49262827644,66336.3078819623,5.8468,385346.977044,861.4804991946693,861.4675119999796,0.01,0.009999849245633513,147.3399999999965,0.0022355631763568105,4.4731457852586916,5.846888144391813,13.071087831879538,False,65759.99,66369.49262827644,2315.4743917352275,773.3947754567791,386.698063271425,1542.0796162784484,1.790061255703494,86148.04991946692,87690.12953574538,target,3,2024-2025-Full
2024-05-22 09:00:00+00:00,2024-05-22 10:30:00+00:00,short,69934.12,69899.15294,70200.0,70235.1,3.2981000000000003,230649.721172,876.9012953574538,876.8988280000154,0.01,0.009999971862768919,265.88000000000466,0.0038018638112555744,2.630288852113689,3.2981092799662948,12.538962317070034,False,70200.0,69100.13194783396,-1107.9869985860194,462.1767796214141,231.08817058600403,-1570.1637782074336,-1.7905871556341115,87690.12953574538,86119.96575753794,stop,17,2024-2025-Full
2024-05-27 06:00:00+00:00,2024-05-27 11:35:00+00:00,long,68482.18,68516.42108999999,68321.95,68287.78902499999,5.374700000000001,368071.172846,861.1996575753794,861.1881809999782,0.01,0.009999866737343654,160.22999999999593,0.0023397327596755236,4.273992385945312,5.374771625634409,12.575529248271295,False,68321.95,68984.77480065652,-1228.8287597554893,735.2815881050905,367.640578755511,-1964.1103478605796,-2.280698215783606,86119.96575753794,84155.85540967736,stop,66,2024-2025-Full
2024-05-28 10:45:00+00:00,2024-05-28 13:05:00+00:00,short,68716.91,68682.55154500001,68134.10956336524,68168.17661814693,4.5293,311239.50046300003,841.5585540967736,841.5439400000132,0.01,0.0099998263448611,185.8000000000029,0.002703846840610308,3.6984343379977895,4.529378654987946,12.246746166216926,False,68902.71,68134.10956336524,2329.75835619566,619.8380030693414,309.9196614541567,1709.9203531263183,2.0318848153386875,84155.85540967736,85865.77576280368,target,27,2024-2025-Full
2024-06-02 15:00:00+00:00,2024-06-02 18:00:00+00:00,short,68249.99,68215.865005,67591.24985092755,67625.04547585301,4.0886000000000005,279046.90911400004,858.6577576280368,858.6468859999786,0.01,0.009999873388111135,210.00999999999476,0.0030770700479222745,3.2498447692967813,4.0886517671923155,12.58106788921195,False,68460.0,67591.24985092755,2415.6247268703805,555.3991465920158,277.7002466272746,1860.2255802783648,2.166461685948991,85865.77576280368,87726.00134308204,target,35,2024-2025-Full
2024-06-12 05:05:00+00:00,2024-06-12 05:40:00+00:00,short,67546.78,67513.00661,67301.77170018546,67335.42258603555,11.231,758617.88618,877.2600134308204,877.2534100000065,0.01,0.009999924726640758,78.11000000000058,0.0011563837684046608,8.64764818845212,11.231084540146126,12.987443863805506,False,67624.89,67301.77170018546,1994.4461731446909,1514.4827083006753,757.2420420723761,479.96346484401556,0.547120660202406,87726.00134308204,88205.96480792605,target,6,2024-2025-Full
2024-06-26 01:10:00+00:00,2024-06-26 01:55:00+00:00,long,61760.01,61790.890005,62125.53063983341,62094.46787451349,7.5693,467480.04369300004,882.0596480792606,882.0505289999912,0.01,0.00999989661607025,116.52999999999884,0.0018868196426781478,5.299923624817697,7.56937825520698,14.282051574785374,False,61643.48,62125.53063983341,2297.8719677084355,937.7254393974015,468.86341138255574,1360.146528311034,1.542027903835708,88205.96480792605,89566.11133623708,target,8,2024-2025-Full
2024-07-01 22:55:00+00:00,2024-07-02 00:15:00+00:00,long,62895.79,62927.237895,62804.6,62773.1977,9.821900000000001,617756.159801,895.6611133623709,895.659061000023,0.01,0.009999977085503466,91.19000000000233,0.0014498585676402558,6.897224476367847,9.821922506440925,14.24039849666203,False,62804.6,63181.82644680692,-1512.9673912705139,1234.6171083705306,617.3083302704911,-2747.584499641044,-3.0676678429103434,89566.11133623708,86818.52683659604,stop,15,2024-2025-Full
2024-07-06 07:45:00+00:00,2024-07-06 09:50:00+00:00,short,56529.78,56501.51511,56683.9,56712.24195,5.633100000000001,318437.90371800005,868.1852683659604,868.1733720000149,0.01,0.009999862974339937,154.12000000000262,0.002726350606706812,3.667906825849925,5.633177188982258,15.358016046868753,False,56683.9,56046.350488190794,-1187.045362404017,637.7444148946861,318.87199040400213,-1824.789777298703,-2.10187254775498,86818.52683659604,84993.73705929733,stop,24,2024-2025-Full
2024-07-11 00:10:00+00:00,2024-07-11 00:10:00+00:00,short,57796.28,57767.38186,57534.9921831449,57563.75967923648,10.2033,589712.783724,849.9373705929734,849.9348900000298,0.01,0.009999970814403162,83.30000000000291,0.0014412692304764756,6.938328931572387,10.203329779026935,14.705745258915856,False,57879.58,57534.9921831449,2077.6181969844533,1176.7582364672917,588.3797847331479,900.8599605171617,1.0599164372663066,84993.73705929733,85894.5970198145,target,0,2024-2025-Full
2024-07-14 13:25:00+00:00,2024-07-14 14:25:00+00:00,long,59639.98,59669.79999000001,59577.77,59547.981114999995,13.8072,823461.131856,858.945970198145,858.9459120000884,0.01,0.009999999322447993,62.2100000000064,0.0010430922344374764,9.586879922841,13.80720093550967,14.402184075147995,False,59577.77,59835.11463489264,-1681.9775709001624,1646.063747272956,823.031658900074,-3328.0413181731183,-3.8745644768523864,85894.5970198145,82566.55570164138,stop,11,2024-2025-Full
2024-07-18 23:15:00+00:00,2024-07-19 00:20:00+00:00,short,64009.48,63977.47526000001,63655.18877654525,63687.01637093352,7.3100000000000005,467909.29880000005,825.6655570164138,825.6644999999788,0.01,0.009999987198007402,112.94999999999709,0.0017645823712362152,5.667063302346317,7.310009358268571,12.899113647172477,False,64122.43,63655.18877654525,2123.2544790760353,933.2274338221241,466.61436437822255,1190.0270452539112,1.4412961260341721,82566.55570164138,83756.58274689529,target,12,2024-2025-Full
2024-08-08 14:20:00+00:00,2024-08-08 14:30:00+00:00,long,57108.93,57137.484465,58391.62420103902,58362.4283889385,2.0481000000000003,116964.79953300001,837.565827468953,837.5295330000007,0.01,0.009999566667266478,408.9300000000003,0.007160526383527065,1.3965453745139746,2.048188754723186,14.666109616638813,False,56700.0,58391.62420103902,2508.807650618433,236.55537151615147,118.27834252958284,2272.2522791022816,2.7130413789268486,83756.58274689529,86028.83502599757,target,1,2024-2025-Full
2024-08-11 12:45:00+00:00,2024-08-11 13:05:00+00:00,long,60466.58,60496.81329,60228.21,60198.095895,3.609,218223.88722,860.2883502599757,860.2773300000094,0.01,0.009999871900392898,238.37000000000262,0.003942177645899646,2.536669043923285,3.6090462317404297,14.227501377785476,False,60228.21,61214.277201725665,-1078.0710785549988,435.587927248665,217.79374855498935,-1513.6590058036638,-1.7595012131769732,86028.83502599757,84515.1760201939,stop,3,2024-2025-Full
2024-08-13 01:30:00+00:00,2024-08-13 03:10:00+00:00,short,59730.74,59700.87463,59126.798148171925,59156.36154724601,4.3894,262182.110156,845.151760201939,845.1350760000039,0.01,0.009999802589277799,192.54000000000087,0.003223465840202229,3.102250960839292,4.38948665317303,14.149360282526871,False,59923.28,59126.798148171925,2390.0857254403663,521.7119524764037,260.85663897377594,1868.3737729639627,2.21073982848625,84515.1760201939,86383.54979315787,target,19,2024-2025-Full
2024-08-16 23:40:00+00:00,2024-08-17 01:40:00+00:00,long,58863.11,58892.541555,59362.22305423748,59332.54194271036,5.4288,319556.051568,863.8354979315787,863.8306560000142,0.01,0.009999943948453426,159.12000000000262,0.0027032210836295026,3.6992904725992353,5.428830429434166,14.675328876295843,False,58703.99,59362.22305423748,2388.674104801997,641.82033329237,320.910844042441,1746.8537715096272,2.022217849501278,86383.54979315787,88130.4035646675,target,23,2024-2025-Full
2024-08-22 06:40:00+00:00,2024-08-22 07:55:00+00:00,short,60795.45,60765.052274999995,60944.53,60975.002264999996,5.9116,359398.38221999997,881.3040356466751,881.3013280000104,0.01,0.00999996927681532,149.08000000000175,0.002452157192684679,4.078041990877333,5.911618162373657,14.496216997269945,False,60944.53,60327.8294989585,-1241.1403608840058,719.678506418664,359.83903288399546,-1960.8188673026698,-2.2249130972631948,88130.4035646675,86169.58469736483,stop,14,2024-2025-Full
2024-08-29 19:20:00+00:00,2024-08-29 22:05:00+00:00,long,59235.0,59264.6175,58915.01,58885.552495,2.6928,159508.008,861.6958469736483,861.6690719999946,0.01,0.00999968927581875,319.98999999999796,0.0054020427112348775,1.8511515984874645,2.692883674407493,14.547072625536394,False,58915.01,60238.71534832483,-1020.7462454639913,318.154777762536,159.07717346399673,-1338.9010232265273,-1.5538459795462356,86169.58469736483,84830.6836741383,stop,32,2024-2025-Full
2024-09-01 23:45:00+00:00,2024-09-02 00:50:00+00:00,long,57396.0,57424.698,57205.0,57176.3975,4.4413,254912.8548,848.306836741383,848.2883,0.01,0.00999978148541801,191.0,0.0033277580319186007,3.0050261780104712,4.4413970510020055,14.779894709411508,False,57205.0,57995.11132076016,-1102.777010649989,508.97784544415,254.48871064998912,-1611.754856094139,-1.9000083534031285,84830.6836741383,83218.92881804417,stop,12,2024-2025-Full
2024-09-04 17:25:00+00:00,2024-09-04 17:30:00+00:00,short,58370.0,58340.815,57902.63043563736,57931.58175085518,5.585100000000001,326002.287,832.1892881804416,832.1799000000001,0.01,0.009999887186958845,149.0,0.0025526811718348465,3.9174496644295305,5.585163007922427,14.257140451952058,False,58519.0,57902.63043563736,2285.608619798763,649.3929630932014,324.6971341230267,1636.2156567055615,1.966180217409194,83218.92881804417,84855.14447474973,target,0,2024-2025-Full
2024-09-07 00:30:00+00:00,2024-09-07 05:05:00+00:00,short,53941.1,53914.12945,54095.65,54122.697825,5.4904,296158.21544,848.5514447474973,848.541320000016,0.01,0.009999880681984057,154.5500000000029,0.002865162186162368,3.4902038175347125,5.490465511145139,15.731074166961692,False,54095.65,53456.321703541966,-1145.123806100014,593.1653964706601,296.58248609999805,-1738.2892025706742,-2.0485616452604116,84855.14447474973,83116.85527217906,stop,54,2024-2025-Full
2024-09-15 15:30:00+00:00,2024-09-15 17:10:00+00:00,short,60242.0,60211.879,59759.574234906206,59789.45402202366,5.4042,325559.8164,831.1685527217907,831.1659600000157,0.01,0.009999968806305696,153.8000000000029,0.0025530360877793383,3.9169050715213825,5.404216857748862,13.797160664018303,False,60395.8,59759.574234906206,2282.869065979744,648.5112039176204,324.2562537401395,1634.3578620621236,1.9663435952816122,83116.85527217906,84751.21313424119,target,19,2024-2025-Full
2024-09-20 21:45:00+00:00,2024-09-21 00:20:00+00:00,short,63235.5,63203.88225,63300.0,63331.65,13.139700000000001,830895.49935,847.5121313424119,847.51065,0.01,0.009999982521283684,64.5,0.0010199966790805798,9.803953488372093,13.139722966549021,13.402473789918824,False,63300.0,63033.18230267523,-1678.829904674988,1662.6389331053251,831.3192546749879,-3341.468837780313,-3.942686546511614,84751.21313424119,81409.74429646088,stop,30,2024-2025-Full
2024-09-21 08:30:00+00:00,2024-09-21 09:30:00+00:00,short,63019.99,62988.480005,63134.0,63165.567,7.1405,449994.238595,814.0974429646088,814.0884050000146,0.01,0.009999888981783786,114.01000000000204,0.0018091085066818011,5.527584422418987,7.140579273437368,12.918082706211296,False,63134.0,62662.373865550435,-1264.4896877975366,900.8029726392026,450.401282797522,-2165.2926604367394,-2.659775826725723,81409.74429646088,79244.45163602414,stop,11,2024-2025-Full
2024-09-23 06:55:00+00:00,2024-09-23 07:05:00+00:00,long,63639.99,63671.809994999996,63524.36,63492.59782,6.8532,436137.579468,792.4445163602414,792.435515999982,0.01,0.009999886422833731,115.62999999999738,0.0018169393175579912,5.503761134653761,6.853277837587645,12.451989957261802,False,63524.36,64002.68760219631,-1228.1768777099542,871.483119637758,435.741361709972,-2099.6599973477123,-2.6496288403960935,79244.45163602414,77144.79163867643,stop,1,2024-2025-Full
2024-10-02 11:40:00+00:00,2024-10-02 12:50:00+00:00,long,61250.0,61280.625,60888.88,60858.43556,2.1362,130842.25,771.4479163867643,771.4245440000057,0.01,0.009999697032213553,361.1200000000026,0.00589583673469392,1.6961120957022475,2.136264721939407,12.59506802264105,False,60888.88,62382.72816833985,-901.8810817280041,260.913461168272,130.45653772799852,-1162.7945428962762,-1.5073341287106723,77144.79163867643,75981.99709578016,stop,13,2024-2025-Full
2024-10-07 11:35:00+00:00,2024-10-07 13:45:00+00:00,long,62814.16,62845.56708,63329.23890042948,63297.574280979265,4.6271,290647.39973600005,759.8199709578016,759.8160910000297,0.01,0.009999948935827957,164.2100000000064,0.0026142194689860758,3.825233542415051,4.627123628023702,12.096316673785044,False,62649.95,63329.23890042948,2091.482519651152,583.6769293913871,291.83906052608756,1507.8055902597648,1.984434928556555,75981.99709578016,77489.80268603993,target,25,2024-2025-Full
2024-10-18 10:15:00+00:00,2024-10-18 11:45:00+00:00,long,67833.99,67867.90699500001,67763.26,67729.37836999999,10.9557,743168.844243,774.8980268603992,774.8966610001148,0.01,0.009999982373677089,70.73000000001048,0.001042692608823548,9.590554220272864,10.95571931090463,11.423447549825674,False,67763.26,68055.84939119044,-1517.6780569127284,1485.5631792733307,742.7813959126136,-3003.241236186059,-3.875666766082005,77489.80268603993,74486.56144985386,stop,17,2024-2025-Full
2024-10-21 20:20:00+00:00,2024-10-22 00:25:00+00:00,short,67727.62,67693.75619,67057.7759028883,67091.30479083974,3.488,236233.93855999998,744.8656144985387,744.8624000000101,0.01,0.009999956844584231,213.5500000000029,0.0031530710808973196,3.171511121517166,3.4880150526739806,10.997959392320869,False,67941.17,67057.7759028883,2101.35048027098,470.130292701169,235.06573045460974,1631.2201875698108,2.1899617802828937,74486.56144985386,76117.78163742367,target,48,2024-2025-Full
2024-10-25 02:05:00+00:00,2024-10-25 02:20:00+00:00,long,67949.76,67983.73487999999,67845.01,67811.087495,7.2666,493763.726016,761.1778163742367,761.1763500000001,0.01,0.009999980735457535,104.75,0.0015415801321446904,6.486850596658711,7.266613998799396,11.202067768513631,False,67845.01,68278.33021387238,-1254.5594878409222,986.766656270175,493.38313784092225,-2241.326144111097,-2.944555678997511,76117.78163742367,73876.45549331258,stop,2,2024-2025-Full
2024-10-25 18:40:00+00:00,2024-10-25 23:10:00+00:00,long,66972.0,67005.486,66006.6,65973.59670000001,0.7652,51246.9744,738.7645549331257,738.7240799999955,0.01,0.009999452126758655,965.3999999999942,0.014414979394373681,0.693722809198264,0.7652419255574168,11.030946588621001,False,66006.6,70000.17837205161,-789.6016923599964,101.75559408204002,50.87761236000084,-891.3572864420364,-1.2066173427594804,73876.45549331258,72985.09820687053,stop,53,2024-2025-Full
2024-11-02 13:55:00+00:00,2024-11-02 13:55:00+00:00,short,69630.78,69595.96461,69377.3025872742,69411.99123856783,9.031600000000001,628877.352648,729.8509820687053,729.843595999979,0.01,0.009999898800318041,80.80999999999767,0.0011605499751689938,8.616604380646208,9.031691400429729,10.481729230502737,False,69711.59,69377.3025872742,1661.573901426722,1255.4642540419254,627.7326993476026,406.1096473847965,0.5564338025441936,72985.09820687053,73391.20785425534,target,0,2024-2025-Full
2024-11-05 01:20:00+00:00,2024-11-05 01:30:00+00:00,short,68024.55,67990.537725,67536.9486659049,67570.71714023786,4.7212000000000005,321157.5054600001,733.9120785425533,733.9105399999863,0.01,0.009999979036418503,155.4499999999971,0.0022852043857695065,4.375976198134531,4.721209897346845,10.788929563555412,False,68180.0,67536.9486659049,1982.0569447790297,640.0117964697611,320.0064737507713,1342.0451483092686,1.8286222572975905,73391.20785425534,74733.2530025646,target,1,2024-2025-Full
2024-11-08 06:00:00+00:00,2024-11-08 07:35:00+00:00,short,75969.13,75931.145435,76139.83,76177.899915,4.378,332592.85114000004,747.332530025646,747.3245999999873,0.01,0.009999893888927082,170.6999999999971,0.002246965313410817,4.450446983011206,4.378046455920672,9.837318526954908,False,76139.83,75433.69386149866,-1080.2911134400142,665.9334005423,332.9665134400269,-1746.2245139823142,-2.3366345949033978,74733.2530025646,72987.02848858228,stop,18,2024-2025-Full
2024-11-19 23:05:00+00:00,2024-11-20 08:15:00+00:00,long,91743.59,91789.461795,93072.26834743872,93025.732213265,1.723,158074.20557,729.8702848858228,729.845569999994,0.01,0.009999661379750066,423.5899999999965,0.004617107309622356,2.1658582591657205,1.7230583462447857,7.95554528535261,False,91320.0,93072.26834743872,2130.0939306706036,318.43657927624065,159.21886196630987,1811.657351394363,2.4822475135313598,72987.02848858228,74798.68583997664,target,109,2024-2025-Full
2024-11-26 21:05:00+00:00,2024-11-26 22:25:00+00:00,long,91169.35,91214.93467500001,92355.80998469912,92309.63207970677,1.9774,180278.27269,747.9868583997663,747.95155,0.01,0.009999527954276605,378.25,0.004148872400647805,2.4102934567085263,1.9774933467277365,8.204367568703367,False,90791.1,92355.80998469912,2164.654648067154,362.9014783007572,181.4513256768834,1801.753169766397,2.408916954268491,74798.68583997664,76600.43900974303,target,15,2024-2025-Full
2024-11-27 00:40:00+00:00,2024-11-27 01:15:00+00:00,short,92220.0,92173.89,92428.58,92474.79429,3.6724,338668.728,766.0043900974304,765.9891920000065,0.01,0.009999801592554557,208.58000000000175,0.0022617653437432416,4.421325151021154,3.6724728645959535,8.306271850980593,False,92428.58,91565.74534406202,-1105.0409145960216,678.103828186596,339.0517225960151,-1783.1447427826176,-2.327898045306366,76600.43900974303,74817.29426696041,stop,6,2024-2025-Full
2024-12-06 07:05:00+00:00,2024-12-06 07:35:00+00:00,short,98022.09,97973.07895499999,98275.9,98325.03795,2.9477,288939.714693,748.1729426696041,748.1557369999932,0.01,0.009999770030849425,253.80999999999767,0.002589314306601682,3.8620263189,2.947767789565466,7.632697310061478,False,98275.9,97225.96201925584,-1037.469529561524,578.6279592008686,289.3137925615309,-1616.0974887623927,-2.1601083956700413,74817.29426696041,73201.19677819802,stop,5,2024-2025-Full
2024-12-09 08:25:00+00:00,2024-12-09 08:35:00+00:00,short,99556.11,99506.331945,99011.04416644767,99060.5496885309,4.2125,419380.113375,732.0119677819802,732.0061250000173,0.01,0.009999920181879257,173.77000000000407,0.0017454478685437194,5.729188582609062,4.2125336236517406,7.3527578345716815,False,99729.88,99011.04416644767,1877.85775537609,836.462988881249,418.23206846311336,1041.394766494841,1.4226585419552553,73201.19677819802,74242.59154469286,target,1,2024-2025-Full
2024-12-10 22:00:00+00:00,2024-12-11 00:35:00+00:00,short,96936.4,96887.93179999999,96107.36794724129,96155.42163121491,2.809,272294.3476,742.4259154469286,742.4187000000082,0.01,0.009999902812566613,264.3000000000029,0.0027265299722292443,3.6676655315928466,2.8090273002153627,7.658897126847383,False,97200.7,96107.36794724129,2057.6210641173006,542.2587797882827,271.1299720818957,1515.362284329018,2.04111545726017,74242.59154469286,75757.95382902188,target,30,2024-2025-Full
2024-12-12 06:40:00+00:00,2024-12-12 09:00:00+00:00,long,100563.23,100613.511615,101066.38940818392,101015.85621347983,4.722700000000001,474929.966321,757.5795382902188,757.5683069999478,0.01,0.009999851747708283,160.40999999998894,0.0015951158291155618,6.269137210897509,4.722770016147815,7.5333652100297375,False,100402.82,101066.38940818392,1900.1528352406976,952.2350154435618,476.11810178954164,947.9178197971358,1.2512638280117507,75757.95382902188,76705.87164881901,target,27,2024-2025-Full
2024-12-13 16:25:00+00:00,2024-12-13 16:50:00+00:00,long,100050.01,100100.035005,101147.88933706419,101097.31539239566,2.1915,219259.596915,767.0587164881902,767.0469149999885,0.01,0.0099998461462213,350.00999999999476,0.0034983504749274367,2.8584900431416673,2.1915337175743597,7.666753021695752,False,99700.0,101147.88933706419,2185.539968977585,440.9239933958926,220.46259819859682,1744.6159755816925,2.274457978338546,76705.87164881901,78450.4876244007,target,4,2024-2025-Full
2024-12-19 06:10:00+00:00,2024-12-19 07:20:00+00:00,short,101301.94,101251.28903,101415.25,101465.957625,6.923500000000001,701363.9815900001,784.504876244007,784.5017849999839,0.01,0.009999960596242079,113.30999999999767,0.0011185373152774534,8.94024710969924,6.923527281299296,7.74422361747472,False,101415.25,100946.51956149041,-1486.2580174824693,1403.5128572158926,701.7562324824853,-2889.7708746983617,-3.683574632909753,78450.4876244007,75560.71674970235,stop,13,2024-2025-Full
2024-12-20 05:10:00+00:00,2024-12-20 05:15:00+00:00,short,97640.0,97591.18,97015.85774552432,97064.36567439708,3.7974,370778.136,755.6071674970235,755.6066519999846,0.01,0.009999993177711103,198.97999999999593,0.0020378943056124123,4.907025831741984,3.7974025906977533,7.738705115700773,False,97838.98,97015.85774552432,2000.524720044507,739.1849691439554,369.59307710143577,1261.3397509005515,1.6693073672154188,75560.71674970235,76822.05650060289,target,0,2024-2025-Full
2024-12-21 14:00:00+00:00,2024-12-22 04:40:00+00:00,long,96808.0,96856.404,96398.39,96350.190805,1.8754000000000002,181553.7232,768.2205650060289,768.1825940000011,0.01,0.009999505727811029,409.6100000000006,0.004231158581935383,2.36341886184419,1.875492700388242,7.935507034604877,False,96398.39,98092.82716280926,-949.3522259029801,362.339647897297,181.16963190297895,-1311.691873800277,-1.7075261585532295,76822.05650060289,75510.36462680262,stop,175,2024-2025-Full
2024-12-30 02:05:00+00:00,2024-12-30 12:25:00+00:00,short,93932.0,93885.034,94274.29,94321.427145,2.206,207213.992,755.1036462680262,755.0917399999859,0.01,0.009999842322731467,342.2899999999936,0.0036440190776305583,2.7442227351077086,2.2060347841539056,8.038832839373443,False,94274.29,92858.33605244507,-962.6832778699879,415.18345328587,207.59153787000207,-1377.866731155858,-1.8247673205323154,75510.36462680262,74132.49789564677,stop,123,2024-2025-Full
2025-01-05 10:35:00+00:00,2025-01-05 12:05:00+00:00,long,97702.76,97751.61137999999,97600.0,97551.2,7.2141,704837.480916,741.3249789564677,741.3209159999623,0.01,0.009999945193314394,102.75999999999476,0.0010517614855506106,9.507859089140227,7.2141395383077604,7.587554117779966,False,97600.0,98025.08816398591,-1445.7877364579313,1408.934011576458,704.466820457969,-2854.7217480343893,-3.850858226742026,74132.49789564677,71277.77614761239,stop,17,2024-2025-Full
2025-01-08 15:35:00+00:00,2025-01-08 15:35:00+00:00,short,95800.0,95752.1,94923.85458578674,94971.31651307964,2.5518,244462.44,712.7777614761238,712.7687760000179,0.01,0.009999873937199059,279.320000000007,0.0029156576200418264,3.429757983674553,2.551832169111077,7.4402689089365746,False,96079.32,94923.85458578674,1992.4033019233882,486.68801425807663,243.34456606600122,1505.7152876653115,2.112487721635654,71277.77614761239,72783.4914352777,target,0,2024-2025-Full
2025-01-09 20:50:00+00:00,2025-01-10 02:30:00+00:00,long,91780.44,91826.33022,93589.59935327142,93542.80455359479,1.2619,115817.737236,727.834914352777,727.8260630000052,0.01,0.009999878387906416,576.7700000000041,0.0062842365976890505,1.5912831804705405,1.2619153464167205,7.93017460313741,False,91203.67,93589.59935327142,2166.0189615632603,233.91731117079928,116.95922632994166,1932.1016503924611,2.6546200371399,72783.4914352777,74715.59308567016,target,67,2024-2025-Full
2025-01-15 11:50:00+00:00,2025-01-15 13:20:00+00:00,long,96687.79,96736.13389499999,97210.96160832242,97162.35612751826,4.4796000000000005,433122.624084,747.1559308567016,747.1524839999714,0.01,0.00999995386696956,166.7899999999936,0.0017250368428112133,5.796977636549176,4.479620665847655,7.727510690405703,False,96521.0,97210.96160832242,1909.305112788827,868.5876759048729,434.29442385233506,1040.7174368839542,1.3929117003163092,74715.59308567016,75756.31052255411,target,17,2024-2025-Full
2025-01-20 00:05:00+00:00,2025-01-20 00:40:00+00:00,long,101134.6,101185.1673,99651.6,99601.7742,0.5108,51659.553680000005,757.5631052255411,757.5164000000001,0.01,0.009999383480726308,1483.0,0.014663626493801329,0.6819595414699934,0.5108314937461504,7.490642225564159,False,99651.6,105786.33868422681,-808.7971954800006,102.5619697182,51.28079548000059,-911.3591651982006,-1.2030883624409985,75756.31052255411,74844.95135735591,stop,6,2024-2025-Full
2025-01-27 15:25:00+00:00,2025-01-27 16:35:00+00:00,short,101836.8,101785.88160000001,100327.60407921181,100377.76788125142,1.5555,158407.1424,748.4495135735591,748.4132699999991,0.01,0.00999951575125773,481.1399999999994,0.004724618212669678,2.1165731387953635,1.555575328539635,7.349499528397977,False,102317.94,100327.60407921181,2190.320889513428,314.4655567680866,157.2333652725991,1875.8553327453415,2.5064431750994256,74844.95135735591,76720.80669010125,target,13,2024-2025-Full
2025-02-04 06:05:00+00:00,2025-02-04 06:15:00+00:00,long,98542.0,98591.271,99521.21765505185,99471.45704622433,2.4575,242166.965,767.2080669010126,767.1823499999829,0.01,0.00999966479887088,312.179999999993,0.003167989283757109,3.1565763341662567,2.4575823784388167,7.785594638844478,False,98229.82,99521.21765505185,2163.057208596303,486.73915417359626,243.37017869361563,1676.3180544227068,2.1850320910312186,76720.80669010125,78397.12474452396,target,1,2024-2025-Full
2025-02-16 22:15:00+00:00,2025-02-16 23:05:00+00:00,short,97054.8,97006.2726,96340.94788283456,96389.11835677597,3.4448000000000003,334334.37504,783.9712474452396,783.9675840000061,0.01,0.009999953270668467,227.58000000000175,0.002344860841503993,4.264645399419951,3.444816097395349,8.077614372964959,False,97282.38,96340.94788283456,2125.972937058118,666.2084427679019,333.1048361534,1459.7644942902161,1.8620214969120519,78397.12474452396,79856.88923881417,target,9,2024-2025-Full
2025-02-25 22:35:00+00:00,2025-02-26 00:35:00+00:00,short,89162.12,89117.53894,88227.22403585042,88271.33764786835,2.6793,238892.06811599998,798.5688923881416,798.5653650000078,0.01,0.009999955828630848,298.0500000000029,0.003342787273339877,2.9915155175305865,2.679311834887213,8.95636950296989,False,89460.17,88227.22403585042,2267.2271220083276,475.27801704187567,237.6396347376285,1791.9491049664518,2.24396046147886,79856.88923881417,81648.83834378062,target,23,2024-2025-Full
2025-02-26 08:40:00+00:00,2025-02-26 12:45:00+00:00,long,88435.41,88479.627705,88138.0,88093.931,2.7453000000000003,242781.73107300003,816.4883834378062,816.4796730000097,0.01,0.009999893318288745,297.4100000000035,0.00336301940591448,2.973518375306781,2.7453292876426367,9.232595669967562,False,88138.0,89368.29847071876,-1058.8531642365258,484.7473907128366,242.3734912365162,-1543.6005549493625,-1.890556012592054,81648.83834378062,80105.23778883126,stop,48,2024-2025-Full
2025-02-28 00:10:00+00:00,2025-02-28 01:20:00+00:00,short,84669.98,84627.64501,83861.14834988891,83903.07892406386,3.1065,263027.29287,801.0523778883127,801.0420900000018,0.01,0.009999871570341781,257.8600000000006,0.003045471370136152,3.283563949429916,3.106539897185724,9.460878317064827,False,84927.84,83861.14834988891,2250.8645459606123,523.5406939011693,261.7709751094645,1727.323852059443,2.15634593190907,80105.23778883126,81832.56164089071,target,13,2024-2025-Full
2025-03-02 05:05:00+00:00,2025-03-02 05:10:00+00:00,long,85625.99,85668.802995,85921.21700266992,85878.25639416858,8.6944,744466.607456,818.3256164089071,818.316928000086,0.01,0.009999893826996897,94.1200000000099,0.001099198969845603,9.097533999149064,8.694492312035923,9.5569769927204,False,85531.87,85921.21700266992,1821.071633731257,1491.4987531531874,745.7500182820224,329.57288057806954,0.40274479153636045,81832.56164089071,82162.13452146878,target,0,2024-2025-Full
2025-03-05 15:55:00+00:00,2025-03-05 16:10:00+00:00,long,88528.31,88572.574155,87926.06,87882.09697,1.3642,120770.320502,821.6213452146877,821.58945,0.01,0.009999611801532745,602.25,0.006802908583706161,1.4699594852635949,1.3642529600908058,9.280888172548282,False,87926.06,90417.3926854859,-941.9489757769948,240.71946234872502,120.35952577699469,-1182.6684381257198,-1.4394883455790721,82162.13452146878,80979.46608334305,stop,2,2024-2025-Full
2025-03-06 10:05:00+00:00,2025-03-06 10:25:00+00:00,long,90824.91,90870.322455,91489.07665475267,91443.3321164253,3.8244000000000002,347350.78580400004,809.7946608334305,809.7784560000201,0.01,0.00999979988959925,211.74000000000524,0.002331298759338217,4.289454519693859,3.8244765317531426,8.91599739359423,False,90613.17,91489.07665475267,2191.4181491549098,697.2403405429591,348.62080528119884,1494.1778086119507,1.8451686353729242,80979.46608334305,82473.643891955,target,3,2024-2025-Full
2025-03-07 07:40:00+00:00,2025-03-07 09:10:00+00:00,short,88423.7,88379.48814999999,88612.96,88657.26648,4.357600000000001,385315.11512000003,824.73643891955,824.7193760000407,0.01,0.009999793110638696,189.2600000000093,0.0021403763923021693,4.672075451759254,4.357690155973314,9.32709713481284,False,88612.96,87830.04655200485,-1210.446850808068,771.4553619756881,385.7274748080273,-1981.902212783756,-2.4031231355278093,82473.643891955,80491.74167917125,stop,17,2024-2025-Full
2025-03-12 19:50:00+00:00,2025-03-12 19:55:00+00:00,short,82761.62,82720.23919,83035.42,83076.93771,2.9398,243302.61047599997,804.9174167917125,804.9172400000085,0.01,0.009999997803604442,273.8000000000029,0.0033082967684779844,3.02270343316286,2.9398006456965082,9.725732976127249,False,83035.42,81902.78921662757,-1048.622309096016,487.41054065061996,243.70506909600726,-1536.0328497466357,-1.908311529948867,80491.74167917125,78955.7088294246,stop,0,2024-2025-Full
2025-03-20 05:15:00+00:00,2025-03-20 08:45:00+00:00,long,85603.21,85646.011605,86145.32732757581,86102.25466391203,4.5684000000000005,391069.7045640001,789.5570882942461,789.556572000008,0.01,0.009999993460963802,172.83000000000175,0.0020189663448368553,4.953029566626115,4.568402987295251,9.22345188100126,False,85430.38,86145.32732757581,2084.30079033367,784.6147796228979,392.3080089636363,1299.6860107107723,1.6460961212932048,78955.7088294246,80255.39484013538,target,41,2024-2025-Full
2025-03-25 12:10:00+00:00,2025-03-25 13:15:00+00:00,short,87319.47,87275.81026500001,87500.0,87543.75,4.4455,388178.703885,802.5539484013539,802.5461149999949,0.01,0.009999902394083606,180.52999999999884,0.002067465595015623,4.836839860411043,4.445543391133657,9.191008012317914,False,87500.0,86753.20001708466,-1191.1260919424674,777.1603551580575,388.5799769424725,-1968.286447100525,-2.4525524581232787,80255.39484013538,78287.10839303485,stop,12,2024-2025-Full
2025-03-26 14:55:00+00:00,2025-03-26 16:55:00+00:00,long,86712.5,86755.85625,86434.36,86391.14282,2.8146,244061.0025,782.8710839303485,782.8528439999984,0.01,0.009999767012337988,278.1399999999994,0.003207611359377246,3.11758466959086,2.8146655782352417,9.028353281595486,False,86434.36,87584.94409820017,-1026.5224200780096,487.33954358242204,243.6695760780113,-1513.8619636604317,-1.9337759008772724,78287.10839303485,76773.24642937443,stop,23,2024-2025-Full
2025-04-02 23:30:00+00:00,2025-04-03 00:00:00+00:00,long,82821.6,82863.0108,82320.0,82278.84,1.5305,126758.45880000001,767.7324642937443,767.6988000000089,0.01,0.009999561510092368,501.6000000000058,0.006056391086383332,1.6511483253588326,1.5305671138232364,9.269713025270512,False,82320.0,84394.97297640472,-894.073409400011,252.7496026494,126.37460940000202,-1146.8230120494109,-1.4938449976076524,76773.24642937443,75626.42341732502,stop,5,2024-2025-Full
2025-04-07 10:50:00+00:00,2025-04-07 12:30:00+00:00,short,77239.9,77201.28005,77577.88,77616.66894,2.2376,172832.00024,756.2642341732502,756.2640480000234,0.01,0.009999997538251601,337.9800000000105,0.004375717731379902,2.2853393691933723,2.2376005508409573,9.791108406060212,False,77577.88,76179.75526601818,-929.4741802640044,346.420642660024,173.210132263981,-1275.8948229240284,-1.6871023107579866,75626.42341732502,74350.52859440098,stop,19,2024-2025-Full
2025-04-07 13:00:00+00:00,2025-04-07 13:50:00+00:00,short,77159.95,77121.370025,77666.0,77704.833,1.4692,113363.39854,743.5052859440099,743.4886600000043,0.01,0.00999977638432006,506.0500000000029,0.006558454223985408,1.524749530678778,1.4692328543503717,9.635896419632333,False,77666.0,75572.61867083413,-857.2238028700033,227.47065748433,113.73514286999894,-1084.6944603543334,-1.4589253592036322,74350.52859440098,73265.83413404664,stop,9,2024-2025-Full
2025-04-08 14:00:00+00:00,2025-04-08 14:55:00+00:00,short,79929.47,79889.505265,78531.972268386,78571.2382545202,1.6444,131436.020468,732.6583413404664,732.6295319999981,0.01,0.009999606783423558,445.52999999999884,0.005574039212320548,1.7940311539065878,1.6444646630764894,9.166310515263849,False,80375.0,78531.972268386,2167.758272032986,260.572846643499,130.28699783307465,1907.1854253894871,2.6032057705660328,73265.83413404664,75173.01955943613,target,10,2024-2025-Full
2025-04-10 13:00:00+00:00,2025-04-10 15:25:00+00:00,short,81938.23,81897.260885,80281.6715145557,80321.81235031298,1.4234,116630.876582,751.7301955943612,751.7260080000141,0.01,0.009999944293918593,528.1200000000099,0.006445343034625107,1.5515078012572607,1.4234079292477981,9.174352382207442,False,82466.35,80281.6715145557,2242.4934442735052,230.9026288431445,115.45190390791217,2011.5908154303606,2.675962776360829,75173.01955943613,77184.61037486649,target,28,2024-2025-Full
2025-04-23 12:20:00+00:00,2025-04-23 13:05:00+00:00,long,93461.85,93508.580925,93892.83374592908,93845.88732905612,5.617500000000001,525021.9423750001,771.846103748665,771.8445000000492,0.01,0.00999997922191214,137.40000000000873,0.0014701185563950289,6.802172489082538,5.617511672115109,8.258408149942088,False,93324.45,93892.83374592908,1894.8187247852254,1052.4637254171605,526.2324679713371,842.3549993680649,1.0913532445563987,77184.61037486649,78026.96537423455,target,8,2024-2025-Full
2025-05-11 17:00:00+00:00,2025-05-11 22:35:00+00:00,long,104038.28,104090.29914,103750.0,103698.125,2.7066000000000003,281590.008648,780.2696537423456,780.2586479999969,0.01,0.009999858949501677,288.27999999999884,0.002770903171409589,3.60893159428335,2.7066381772663686,7.49983230924565,False,103750.0,104942.53032224471,-1061.4585273240077,562.4001487773241,281.1998793240108,-1623.8586761013319,-2.081179978285019,78026.96537423455,76403.10669813323,stop,66,2024-2025-Full
2025-05-29 00:10:00+00:00,2025-05-29 00:10:00+00:00,short,107903.21,107849.25839500001,107461.74964772891,107515.48052255277,5.4286,585763.3658060001,764.0310669813323,764.0211639999495,0.01,0.009999870385095441,140.7399999999907,0.0013043170819477075,7.666847378144603,5.428670363659108,7.0807074875838465,False,108043.95,107461.74964772891,1811.9465583671122,1169.1290216878274,584.5651099717641,642.8175366792848,0.841360903294725,76403.10669813323,77045.92423481251,target,0,2024-2025-Full
2025-06-03 21:00:00+00:00,2025-06-03 21:55:00+00:00,long,105644.91,105697.732455,105353.5,105300.82325,2.6439,279314.577549,770.4592423481251,770.4588990000092,0.01,0.009999995543591444,291.4100000000035,0.002758391294005584,3.6253014652894118,2.643901178230383,7.292913992241794,False,105353.5,106558.97821980482,-1049.3882470995095,557.8590814284495,278.9293480995002,-1607.2473285279589,-2.086090939586824,77045.92423481251,75438.67690628456,stop,10,2024-2025-Full
2025-06-05 03:05:00+00:00,2025-06-05 05:55:00+00:00,short,105080.25,105027.709875,104576.52598428863,104628.81424728078,4.6975,493614.474375,754.3867690628456,754.3715249999835,0.01,0.009999797927754208,160.5899999999965,0.001528260543727261,6.543386885858539,4.697594925355639,7.179148974834429,False,105240.84,104576.52598428863,1873.812211211032,984.861522064414,492.43135259312913,888.9506891466181,1.1783990509804005,75438.67690628456,76327.62759543117,target,33,2024-2025-Full
2025-06-22 10:20:00+00:00,2025-06-22 13:15:00+00:00,long,102340.0,102391.17,102080.0,102028.96,2.9356,300429.304,763.2762759543117,763.256,0.01,0.009999734356288143,260.0,0.0025405511041625955,3.936153846153846,2.9356779844396605,7.458239944834001,False,102080.0,103155.54420627038,-1063.3036759999761,600.0957336280001,300.0476759999761,-1663.3994096279762,-2.179346653846123,76327.62759543117,74664.2281858032,stop,34,2024-2025-Full
2025-07-11 14:00:00+00:00,2025-07-11 15:45:00+00:00,long,117651.35,117710.175675,117273.45,117214.813275,1.9757,232443.77219500003,746.642281858032,746.6170300000173,0.01,0.009999661794427824,377.90000000000873,0.003212032841102195,3.1132931992589916,1.9757668215348365,6.346227917129993,False,117273.45,118836.71213672917,-978.6874936800251,464.141300668515,232.07046368000786,-1442.8287943485402,-1.9324884597777081,74664.2281858032,73221.39939145466,stop,20,2024-2025-Full
2025-07-14 12:00:00+00:00,2025-07-14 13:30:00+00:00,long,121546.69,121607.463345,121355.55,121294.872225,3.8307,465608.90538300003,732.2139939145466,732.1999979999978,0.01,0.009999808854861214,191.13999999999942,0.0015725644194835697,6.359039970702123,3.830773223367944,6.024137670178814,False,121355.55,122146.24045994815,-1197.4428033839897,930.485976867999,465.242805383992,-2127.928780251989,-2.906212491210626,73221.39939145466,71093.47061120268,stop,17,2024-2025-Full
2025-07-14 14:05:00+00:00,2025-07-14 14:25:00+00:00,long,121582.41,121643.201205,121188.0,121127.406,1.8025,219152.294025,710.9347061120268,710.9240250000063,0.01,0.009999849759592144,394.4100000000035,0.0032439725450417005,3.0826401460408945,1.8025270812403855,5.847348363237961,False,121188.0,122819.55919382731,-929.7208570125039,437.59401948701253,218.79683201249762,-1367.3148764995165,-1.9232925438122652,71093.47061120268,69726.15573470316,stop,3,2024-2025-Full
2025-07-21 18:15:00+00:00,2025-07-21 18:45:00+00:00,long,117570.92,117629.70546,117321.84,117263.17908,2.7993,329116.276356,697.2615573470316,697.2496440000049,0.01,0.009999829140917045,249.08000000000175,0.002118551083890487,4.720207162357442,2.7993478294003,5.930561378162488,False,117321.84,118352.21134960702,-1026.017295533988,657.5356516928221,328.7676515339831,-1683.5529472268101,-2.414562648707209,69726.15573470316,68042.60278747635,stop,5,2024-2025-Full
2025-07-27 03:20:00+00:00,2025-07-27 06:45:00+00:00,short,118159.99,118100.91000500001,118358.18,118417.35909,3.4332000000000003,405666.87766800006,680.4260278747636,680.4259079999581,0.01,0.009999998238238978,198.18999999998778,0.0016773021053910699,5.961955194510686,3.4332006048479013,5.75851460274128,False,118358.18,117538.32574522802,-1086.432998621951,812.0145214569541,406.0070906219927,-1898.447520078905,-2.7900870583531954,68042.60278747635,66144.15526739745,stop,40,2024-2025-Full
2025-08-08 14:35:00+00:00,2025-08-09 09:10:00+00:00,short,116657.64,116599.31118,117271.73,117330.365865,1.0771,125651.94404399999,661.4415526739746,661.4363389999962,0.01,0.009999921177102388,614.0899999999965,0.00526403585740288,1.8996831083391794,1.0771084900812231,5.669937714100633,False,117271.73,114731.41868604395,-787.4190012134951,251.96565514516948,125.98266221349893,-1039.3846563586646,-1.5714054325017521,66144.15526739745,65104.77061103879,stop,222,2024-2025-Full
2025-08-11 10:10:00+00:00,2025-08-11 10:45:00+00:00,long,121262.58,121323.21129,121080.0,121019.46,3.5658000000000003,432398.107764,651.0477061103879,651.0437640000063,0.01,0.009999939449746238,182.58000000000175,0.0015056582170691218,6.641613539270393,3.565821591140222,5.368908579302765,False,121080.0,121835.28023531096,-1083.1163498820006,864.1454972858821,432.07258588199437,-1947.2618471678827,-2.9909845617811093,65104.77061103879,63157.50876387091,stop,6,2024-2025-Full
2025-08-30 07:35:00+00:00,2025-08-30 08:05:00+00:00,long,108255.3,108309.42765,108679.69665810917,108625.35680978012,4.6679,505324.91487000004,631.5750876387091,631.5668700000136,0.01,0.009999869886592168,135.3000000000029,0.0012498233342848148,8.001130820398942,4.667960736427904,5.834126251912924,False,108120.0,108679.69665810917,1474.7257249376235,1012.6298803798077,506.31543545015415,462.0958445578158,0.7316657451614044,63157.50876387091,63619.60460842872,target,5,2024-2025-Full
2025-09-01 17:40:00+00:00,2025-09-01 20:45:00+00:00,long,108745.99,108800.362995,108391.3,108337.10435000001,1.7936,195046.80766400002,636.1960460842872,636.1719840000042,0.01,0.009999621781926638,354.6900000000023,0.0032616375095762366,3.0659446277030447,1.7936678397594605,5.850294305880035,False,108391.3,109858.54913277709,-830.9007056719901,389.45776142999205,194.72872167198585,-1220.3584671019821,-1.9182838883108912,63619.60460842872,62399.24614132674,stop,36,2024-2025-Full
2025-09-03 22:15:00+00:00,2025-09-03 23:30:00+00:00,long,111898.44,111954.38922,111759.5,111703.62025,4.4910000000000005,502535.89404000004,623.9924614132674,623.9795400000105,0.01,0.009999792923567896,138.94000000000233,0.0012416616353186187,8.053723909601132,4.4910929999514675,5.5764178786877405,False,111759.5,112334.25427699696,-1126.2034442699555,1004.4481205297702,502.223904269945,-2130.6515647997257,-3.4146176728802518,62399.24614132674,60268.594576527015,stop,14,2024-2025-Full
2025-09-24 01:00:00+00:00,2025-09-24 01:15:00+00:00,short,112210.28,112154.17486,112380.0,112436.19,3.551,398458.70428,602.6859457652702,602.6757200000042,0.01,0.009999830330119064,169.72000000000116,0.0015125173914546971,6.6114942257835985,3.5510602507969953,5.371040387433934,False,112380.0,111677.91783581457,-1001.4357621400112,797.52038561786,398.76004214000704,-1798.9561477578713,-2.984948767735091,60268.594576527015,58469.63842876915,stop,2,2024-2025-Full
2025-10-06 08:15:00+00:00,2025-10-06 09:10:00+00:00,long,123465.45,123527.18272499999,124045.61560150677,123983.59279370602,3.1612,390298.98054,584.6963842876914,584.6955519999742,0.01,0.009999985765471796,184.95999999999185,0.001498070917815404,6.675251405709636,3.1612044998254607,4.735708526455713,False,123280.49,124045.61560150677,1442.8035091934933,782.4310635697334,391.2159902897114,660.3724456237599,1.1294295695681793,58469.63842876915,59130.01087439291,target,10,2024-2025-Full
2025-10-14 16:55:00+00:00,2025-10-14 18:10:00+00:00,short,112552.0,112495.724,113187.62,113244.21381,0.9302,104695.8704,591.3001087439291,591.2537239999957,0.01,0.009999215546500882,635.6199999999953,0.00564734522709499,1.7707435260061173,0.9302729755890837,5.253572648588467,False,113187.62,110558.24535234779,-696.2452212619992,209.983290150862,104.99149726200352,-906.2285114128612,-1.532723557801841,59130.01087439291,58223.78236298005,stop,14,2024-2025-Full
2025-10-22 14:25:00+00:00,2025-10-22 15:00:00+00:00,short,108221.55,108167.43922500001,109014.34,109068.84717,0.7344,79477.90632000001,582.2378236298005,582.2249759999953,0.01,0.009999779340515443,792.7899999999936,0.007325620451749153,1.3650720871857727,0.7344162055901375,5.380054375767123,False,109014.34,105734.79887965736,-661.9939948079887,159.538328728488,79.76901880799329,-821.5323235364767,-1.4110221261557205,58223.78236298005,57402.25003944357,stop,6,2024-2025-Full
2025-10-23 01:45:00+00:00,2025-10-23 03:05:00+00:00,short,108249.8,108195.67510000001,108500.0,108554.25,2.2942,248346.69116000002,574.0225003944357,574.0088399999934,0.01,0.009999762023362621,250.1999999999971,0.0023113206675670264,4.326530775379747,2.29425459789945,5.302758068785677,False,108500.0,107464.99553688905,-822.6425355799825,497.26767816442003,248.6336955799891,-1319.9102137444024,-2.299459732613905,57402.25003944357,56082.339825699164,stop,15,2024-2025-Full
2025-10-26 01:15:00+00:00,2025-10-26 03:35:00+00:00,short,111771.47,111715.584265,111369.68901007243,111425.37385457747,4.3783,489369.027101,560.8233982569917,560.8164469999847,0.01,0.009999876052657066,128.0899999999965,0.0011459990639829333,8.726010617534785,4.378354268537802,5.01758989353,False,111899.56,111369.68901007243,1270.6282399529591,976.9780569349462,488.48946824693996,293.65018301801297,0.5236119314775035,56082.339825699164,56375.99000871718,target,27,2024-2025-Full
2025-10-29 11:20:00+00:00,2025-10-29 13:50:00+00:00,long,112994.79,113051.28739499999,112732.91,112676.54354500001,2.1527000000000003,243243.88443300003,563.7599000871718,563.7490759999788,0.01,0.009999808001825044,261.8799999999901,0.002317628980946733,4.31475446769529,2.1527413322406947,4.989255700082914,False,112732.91,113816.23121822337,-806.7110858949665,485.92430166453806,242.9620098949877,-1292.6353875595046,-2.2929268403085654,56375.99000871718,55083.354621157676,stop,29,2024-2025-Full
2025-11-06 13:55:00+00:00,2025-11-06 14:05:00+00:00,short,103425.75,103374.037125,102796.18123984411,102847.57933046404,2.7444,283841.62830000004,550.8335462115767,550.8285240000176,0.01,0.009999908825241424,200.7100000000064,0.0019406192365054777,5.152994369986383,2.7444250222288833,5.3258839912843445,False,103626.46,102796.18123984411,1444.8107713244979,565.9546042003756,282.97773404732493,878.8561671241223,1.595516805742061,55083.354621157676,55962.210788281795,target,1,2024-2025-Full
2025-11-10 20:50:00+00:00,2025-11-11 01:15:00+00:00,short,105985.52,105932.52724000001,106299.22,106352.36961,1.7839,189067.569128,559.622107882818,559.6094299999949,0.01,0.00999977345636199,313.6999999999971,0.0029598382873433754,3.378562958240389,1.7839404140351394,5.280175139800399,False,106299.22,105001.53454804995,-748.9568038429713,378.695027490715,189.34737384297654,-1127.6518313336865,-2.0150693874720744,55962.210788281795,54834.55895694811,stop,52,2024-2025-Full
2025-11-11 01:50:00+00:00,2025-11-11 05:15:00+00:00,short,106967.9,106914.41605,105298.85741478279,105351.50684349018,1.0305,110230.42094999999,548.3455895694811,548.329050000006,0.01,0.009999698373256032,532.1000000000058,0.0049743895131156715,2.0102969366660184,1.0305310835735297,5.126263015067895,False,107500.0,105298.85741478279,1610.5779373083726,218.74003354174164,109.37044675795693,1391.837903766631,2.538326035738241,54834.55895694811,56226.39686071474,target,40,2024-2025-Full
2025-11-26 07:25:00+00:00,2025-11-26 07:55:00+00:00,short,87794.0,87750.103,87889.0,87932.9445,5.9185,519608.789,562.2639686071474,562.2574999999999,0.01,0.009999884954265103,95.0,0.0010820785019477414,9.241473684210526,5.918568090601552,6.404355293153831,False,87889.0,87496.01269386275,-1082.1474177499704,1039.78011662875,519.8899177499704,-2121.9275343787203,-3.7739426052631058,56226.39686071474,54104.46932633602,stop,5,2024-2025-Full
2025-11-28 06:25:00+00:00,2025-11-28 06:25:00+00:00,short,91610.55,91564.744725,91305.53646685492,91351.18923508834,5.564,509721.10020000004,541.0446932633602,541.0433599999482,0.01,0.009999975357610404,97.23999999999069,0.0010614498002685356,9.42107671740115,5.564013711059358,5.905921242295348,False,91707.79,91305.53646685492,1188.2227458684438,1017.7442565539316,508.8725525508227,170.47848931451222,0.31509210151757255,54104.46932633602,54274.94781565053,target,0,2024-2025-Full
2025-11-28 11:30:00+00:00,2025-11-28 13:45:00+00:00,short,91725.62,91679.75718999999,92030.0,92076.015,1.7831000000000001,163555.953022,542.7494781565053,542.7399780000084,0.01,0.009999824962402006,304.38000000000466,0.003318374953475427,3.0135232275444706,1.7831312115004174,5.917097951003278,False,92030.0,90770.86867113622,-706.567301011018,327.654917391989,163.82732301100964,-1034.222218403007,-1.9055574682633587,54274.94781565053,53240.725597247525,stop,26,2024-2025-Full
2025-11-29 21:25:00+00:00,2025-11-29 21:40:00+00:00,short,90943.33,90897.858335,91035.27,91080.787635,5.7908,526634.635364,532.4072559724752,532.4061520000134,0.01,0.00999997926451134,91.94000000000233,0.0010109592424205527,9.89159560582964,5.79081200753167,5.854274920134058,False,91035.27,90654.94102182884,-1059.3069904400197,1053.801943083076,526.9008384400063,-2113.1089335230954,-3.968979181748903,53240.725597247525,51127.61666372443,stop,2,2024-2025-Full
2025-12-01 20:40:00+00:00,2025-12-01 21:05:00+00:00,short,85504.04,85461.28798,85833.01,85875.926505,1.5541,132881.828564,511.27616663724433,511.2522770000018,0.01,0.009999532744946834,328.97000000000116,0.003847420542935763,2.599143994893142,1.5541726195009955,5.979555663536416,False,85833.01,84472.15700947397,-644.3897317025034,266.2751650311385,133.1374547025015,-910.6648967336419,-1.7812436984679456,51127.61666372443,50216.95176699079,stop,4,2024-2025-Full
2025-12-06 03:45:00+00:00,2025-12-06 08:20:00+00:00,short,89710.0,89665.145,89407.52720072828,89452.23096432864,5.2076,467173.79600000003,502.16951766990786,502.16886799996365,0.01,0.00999998706273636,96.42999999999302,0.0010749080370080594,9.30312143523867,5.207606737218129,5.597698335413085,False,89806.43,89407.52720072828,1108.771132162182,932.7716470718378,466.3862173252452,175.99948509034425,0.35047868616649686,50216.95176699079,50392.95125208113,target,54,2024-2025-Full
2025-12-17 02:45:00+00:00,2025-12-17 03:55:00+00:00,long,87345.85,87389.52292500001,87188.37,87144.775815,3.1999,279497.985415,503.92951252081133,503.92025200003354,0.01,0.009999816233807553,157.48000000001048,0.0018029477073039013,5.546472567944767,3.199958804424548,5.769358389904172,False,87188.37,87839.81885232104,-783.1662772890357,558.4923025381261,279.2460252890022,-1341.6585798271617,-2.6624422703834343,50392.95125208113,49051.29267225397,stop,13,2024-2025-Full
2025-12-18 20:35:00+00:00,2025-12-19 03:25:00+00:00,long,85082.0,85124.541,87064.3683958493,87020.83621165137,0.7761,66032.1402,490.5129267225397,490.4874390000041,0.01,0.009999480386323232,631.9900000000052,0.007428010625044137,1.346255478725918,0.7761403293130202,5.765178612662369,False,84450.01,87064.3683958493,1471.7147137626337,133.60202725396263,66.80139825601242,1338.112686508671,2.728128347663272,49051.29267225397,50389.40535876264,target,81,2024-2025-Full
2025-12-25 16:15:00+00:00,2025-12-25 22:45:00+00:00,short,88359.81,88315.630095,87629.17649243628,87672.99108068249,2.1632000000000002,191139.94099200002,503.8940535876264,503.8741760000164,0.01,0.009999605520496451,232.93000000000757,0.0026361532465948895,3.7934061735284046,2.163285337172584,5.702751664898628,False,88592.74,87629.17649243628,1390.1567157716347,380.6985853272364,190.34968779020033,1009.4581304443983,2.0033932646795645,50389.40535876264,51398.86348920704,target,77,2024-2025-Full
2025-12-28 18:45:00+00:00,2025-12-28 20:00:00+00:00,long,87681.86,87725.70093,87500.26,87456.50987,2.8303000000000003,248165.968358,513.9886348920704,513.9824800000165,0.01,0.009999880252370655,181.60000000000582,0.002071123947416328,4.828296255506453,2.8303338925773898,5.861972304101104,False,87500.26,88251.48626099502,-761.8914571180338,495.81821122724006,247.90897711801733,-1257.709668345274,-2.44698937665197,51398.86348920704,50141.153820861764,stop,14,2024-2025-Full
2025-12-29 01:20:00+00:00,2025-12-29 01:40:00+00:00,short,88192.72,88148.62364,88444.19,88488.412095,1.9939,175847.464408,501.4115382086176,501.4060330000023,0.01,0.009999890205785152,251.47000000000116,0.0028513691379515355,3.5070871276891715,1.993921892108861,5.685407346645139,False,88444.19,87403.93191711226,-677.5042004245034,352.19658555201653,176.09816742450107,-1029.70078597652,-2.0536266383067536,50141.153820861764,49111.45303488524,stop,3,2024-2025-Full
2025-12-30 19:40:00+00:00,2025-12-30 20:50:00+00:00,long,88096.9,88140.94845,87960.2,87916.2199,3.5926,316496.92293999996,491.11453034885244,491.10841999998956,0.01,0.009999875581997981,136.6999999999971,0.0015517004571102627,6.444542794440517,3.592644698967541,5.574708421622695,False,87960.2,88525.68804998907,-807.3597887299993,632.50298301421,316.25136873000974,-1439.8627717442093,-2.931863338332175,49111.45303488524,47671.590263141035,stop,13,2024-2025-Full
