number,value,datetime_start,datetime_complete,duration,params_d_period,params_ema_period,params_k_period,params_left_bars,params_max_separation,params_min_close_ratio,params_min_separation,params_overbought,params_oversold,params_right_bars,params_rr_target,user_attrs_avg_profit_factor,user_attrs_avg_quarter_return,user_attrs_full_total_trades,user_attrs_max_drawdown_pct,user_attrs_max_quarter_drawdown_worst,user_attrs_min_profit_factor,user_attrs_min_trades_per_period,user_attrs_positive_ratio,user_attrs_profit_factor,user_attrs_q_2024-Q1_drawdown,user_attrs_q_2024-Q1_pf,user_attrs_q_2024-Q1_return,user_attrs_q_2024-Q1_trades,user_attrs_q_2024-Q2_drawdown,user_attrs_q_2024-Q2_pf,user_attrs_q_2024-Q2_return,user_attrs_q_2024-Q2_trades,user_attrs_q_2024-Q3_drawdown,user_attrs_q_2024-Q3_pf,user_attrs_q_2024-Q3_return,user_attrs_q_2024-Q3_trades,user_attrs_q_2024-Q4_drawdown,user_attrs_q_2024-Q4_pf,user_attrs_q_2024-Q4_return,user_attrs_q_2024-Q4_trades,user_attrs_q_2025-Q1_drawdown,user_attrs_q_2025-Q1_pf,user_attrs_q_2025-Q1_return,user_attrs_q_2025-Q1_trades,user_attrs_q_2025-Q2_drawdown,user_attrs_q_2025-Q2_pf,user_attrs_q_2025-Q2_return,user_attrs_q_2025-Q2_trades,user_attrs_total_return_pct,user_attrs_total_trades,user_attrs_win_rate,state
0,-9999.0,2026-04-28 13:02:15.063618,2026-04-28 13:02:22.656900,0 days 00:00:07.593282,2,51,12,6,35,0.95,10,82,12,5,2.52,1.4777292502489077,-0.09588282660734453,49,-2.2321376626440625,-1.4420956006374814,0.2813046688628733,4,0.3333333333333333,0.9016484957114405,-1.375990415446878,0.4564951575501383,-0.796886799999974,12,-0.8789657304342967,0.7896674554739178,-0.32344186553210363,12,-0.5654946240765313,0.5462996499943764,-0.20319238532526818,4,-0.9613468719807051,1.9560082046485943,0.9115572539176053,7,-1.4420956006374814,0.2813046688628733,-1.0165286333867152,7,-0.28658325011408037,4.836600364963545,0.8531954706823885,7,-0.5904207999999689,49,0.3877551020408163,COMPLETE
1,-9999.0,2026-04-28 13:02:22.665576,2026-04-28 13:02:30.308221,0 days 00:00:07.642645,3,46,13,5,43,0.85,11,80,11,4,2.74,1.9356218737940154,0.6259349590494437,84,-2.9787683922985857,-2.28459254187544,0.26482506266044603,12,0.6666666666666666,1.3570871249946403,-2.28459254187544,0.26482506266044603,-1.9388253999999772,17,-1.892966302136609,1.4231340921082565,0.6297183391070771,14,-0.5558550488650044,2.852812319836758,1.6935396132634173,13,-0.8176757312809131,4.592664648396117,2.696274779748986,12,-2.068924142659898,0.6686121552746075,-0.8845343745373713,14,-1.7766066090208392,1.811682964487909,1.5594367967145306,14,3.736863200000129,84,0.44047619047619047,COMPLETE
2,-9999.0,2026-04-28 13:02:30.313056,2026-04-28 13:02:37.943779,0 days 00:00:07.630723,2,59,12,6,40,0.85,11,90,12,3,2.4400000000000004,1.245504919001298,0.3614633002658944,96,-2.4814817073934714,-1.9864519139575973,0.6387180216031632,9,0.5,1.1534254004288087,-1.305534260878221,1.613006052454603,1.4584640000000038,18,-1.9864519139575973,0.7655138113696184,-0.5855125108142567,18,-1.0394391264502572,0.6387180216031632,-0.4032312209385047,9,-1.2058510665714572,2.341714865901722,2.3151723672035995,19,-1.8427924529905597,0.7027267247496112,-1.300308384235782,20,-1.9152620526412787,1.4113500379290693,0.6841955503803065,12,2.1410576000000514,96,0.3854166666666667,COMPLETE
3,-9999.0,2026-04-28 13:02:37.948830,2026-04-28 13:02:46.767307,0 days 00:00:08.818477,3,51,13,7,35,0.8,15,87,10,4,2.56,0.8680220727561947,-0.37340478905987423,72,-4.053289541904878,-2.5379224582656152,0.10392133854538067,11,0.5,0.7835707499278588,-0.9746169176982842,1.068873413239215,0.06418520000004424,11,-1.3649286487689316,0.6535611003292195,-0.522693707998112,13,-1.4544089475574333,0.5638225135286895,-0.6939453264939166,11,-1.5166046985737436,1.6146629005643192,1.0588886388544827,13,-2.5379224582656152,0.10392133854538067,-2.537922458265618,11,-1.9394496118177322,1.2032911703303444,0.39105891954387406,13,-2.2574587999999673,72,0.375,COMPLETE
4,-9999.0,2026-04-28 13:02:46.772607,2026-04-28 13:02:54.403194,0 days 00:00:07.630587,2,47,13,5,53,0.9,11,89,15,5,2.56,1.3909199427289958,0.30560755188299704,76,-2.59096608908286,-2.3131401523394035,0.11755039379522123,7,0.6666666666666666,1.2102638492155111,-0.9690009072165332,1.5493063477461215,0.6269508000000368,14,-0.8699503227573531,1.5386562710672294,0.9131418498671495,18,-1.024887641664189,0.4070641545913224,-0.5798631730155823,7,-0.5469993673412497,3.6178567063306475,2.885225457809515,14,-2.3131401523394035,0.11755039379522123,-2.1250359714662714,12,-0.9175282408753843,1.1150857828434335,0.11322634810313481,11,1.7776652000000892,76,0.42105263157894735,COMPLETE
5,-9999.0,2026-04-28 13:02:54.408152,2026-04-28 13:03:02.050746,0 days 00:00:07.642594,2,51,12,6,36,0.85,11,80,10,3,2.7,1.0485285147721817,-0.18030511414913555,111,-3.819410753696512,-3.139536695379255,0.12686777942252406,14,0.5,0.9273553982591669,-3.139536695379255,0.12686777942252406,-3.0789960000000005,21,-2.0092052004914014,0.9730449772763122,-0.07276028630486264,21,-0.6915825093154435,1.1851251358297221,0.22164060635976313,14,-1.2558824304322647,1.6650870160610065,1.511091355306693,19,-2.624780209240781,0.866790225310557,-0.5817355350151154,22,-2.1313730029821643,1.474255954732969,0.9189291747587092,14,-1.1411369999999144,111,0.3333333333333333,COMPLETE
6,-9999.0,2026-04-28 13:03:02.055587,2026-04-28 13:03:09.632000,0 days 00:00:07.576413,2,40,14,6,40,0.85,16,83,11,4,2.56,1.39822533848843,0.3278818589271056,50,-1.6089890752138944,-1.2326934158726286,0.22559465991482522,6,0.8333333333333334,1.3633011551231549,-0.4996572555411376,1.624182849732616,0.385058400000049,9,-0.8873517855434329,2.534432911727479,1.616988848611367,12,-0.5945216419129185,1.0653826125181574,0.03790986616598602,6,-1.0001650625042557,1.8799385387898697,0.8586232559115503,8,-1.2326934158726286,0.22559465991482522,-0.98065523913905,7,-0.5692892801381066,1.0598204582476318,0.049366022012731214,8,1.9641332000000622,50,0.44,COMPLETE
7,-9999.0,2026-04-28 13:03:09.636787,2026-04-28 13:03:17.224250,0 days 00:00:07.587463,2,56,12,7,40,0.8,17,89,11,3,2.68,1.5632044559529523,0.4861967970079373,70,-2.275065631285799,-1.315409359431881,0.4603040130038516,9,0.5,1.339555816419713,-1.315409359431881,1.2455110997436607,0.42235520000000193,13,-0.8320264262762442,0.4603040130038516,-0.6678648381271635,11,-1.0389304001745219,1.2365772833049415,0.288420235123521,10,-1.2010511254159673,4.62143345017644,3.2117798066660708,14,-1.2013004142529624,0.881913270053954,-0.2580875151999229,13,-0.7321378391997885,0.9334876194348652,-0.07942210641488368,9,2.904142799999998,70,0.38571428571428573,COMPLETE
8,-9999.0,2026-04-28 13:03:17.229282,2026-04-28 13:03:24.727079,0 days 00:00:07.497797,2,38,14,7,50,0.85,16,87,12,5,2.66,1.7230772925361049,0.3259897727818188,60,-1.8895723180634456,-1.7238004326563736,0.32971812662618816,7,0.5,1.2989622310238906,-0.35896293242652855,3.787764454976392,1.1764366000000637,9,-0.94628236864981,1.508852964341763,0.8875869028184269,15,-0.8274265208388327,0.8207800963081898,-0.13126181898182043,7,-0.5415624943881271,3.034668992803461,1.2813524051602077,7,-1.7238004326563736,0.32971812662618816,-1.0778866811482213,10,-0.5504376474419986,0.8566791201606357,-0.1802887711577439,12,1.9496792000000207,60,0.4166666666666667,COMPLETE
9,-9999.0,2026-04-28 13:03:24.731758,2026-04-28 13:03:32.332053,0 days 00:00:07.600295,3,32,10,7,59,0.9,14,84,12,4,2.56,3.5154266019822145,1.2400379307286584,41,-0.9607794949533421,-0.8724637237366747,0.8526761168824036,3,0.8333333333333334,3.4770003474375444,-0.22010827760963816,3.383446160139124,0.2330772000000092,3,-0.7249905024869957,5.0,3.6655699920983276,10,-0.5948899512779805,3.7827829002514473,1.0224077773835827,7,-0.8724637237366747,3.3895022988684036,1.4704710640551122,7,-0.7754517950919999,0.8526761168824036,-0.13514094485109762,8,-0.5917884390888428,4.684152135751905,1.183842495686016,6,7.628393199999928,41,0.6341463414634146,COMPLETE
10,-9999.0,2026-04-28 13:03:32.336817,2026-04-28 13:03:39.995663,0 days 00:00:07.658846,3,36,13,7,51,0.8,9,78,12,3,2.6,1.7868149970916234,0.931164206366797,106,-2.090919840209935,-1.8742914852394166,0.14415605737227996,14,0.6666666666666666,1.4550978076672718,-1.7681992955637142,0.14415605737227996,-1.7202720000000116,14,-1.6413154300579442,1.643780919389588,1.7491460700827854,24,-0.4174356602762416,5.0,3.449811949713255,21,-1.8742914852394166,1.7304028624928205,1.5233543042080466,17,-1.1024206027771701,1.411950615746281,1.007765411407724,14,-1.4097192002198191,0.7905995275487712,-0.42282049721101833,16,5.634301999999947,106,0.4528301886792453,COMPLETE
11,-9999.0,2026-04-28 13:03:40.000339,2026-04-28 13:03:47.618967,0 days 00:00:07.618628,2,31,12,7,43,0.8,9,88,11,5,2.5,1.7330972638270998,1.1932243852726843,98,-1.457663903595587,-1.457663903595587,0.9269418334081322,10,0.6666666666666666,1.6505757141801851,-1.457663903595587,0.9527622708276252,-0.07742499999998653,15,-0.7258112475021677,3.1056333338455637,4.113654997381699,22,-1.2242500905670604,1.4878892108476842,0.6490101294257089,12,-0.5974607417594037,1.8644794025830866,0.9441569206164679,10,-1.1533960177011713,0.9269418334081322,-0.23258973494379998,21,-0.6106387194869687,2.0608775314505063,1.7625389991560159,18,7.309615000000047,98,0.4387755102040816,COMPLETE
12,-9999.0,2026-04-28 13:03:47.623780,2026-04-28 13:03:55.273262,0 days 00:00:07.649482,2,39,14,6,43,0.85,9,90,11,4,2.7800000000000002,1.5965681084283727,0.8602133341064393,75,-2.0171948108456204,-1.4563511048210898,0.5726182268355554,10,0.6666666666666666,1.5820483177314193,-1.4563511048210898,0.8351493055290937,-0.21613079999995843,11,-1.0429473990507643,1.809991961414815,1.7166812769774387,18,-0.8065916191339774,0.5726182268355554,-0.4421749476295367,10,-1.3958206690644122,1.975829739768397,1.679579820793875,14,-1.0612161590573346,1.3600112461111775,0.6667542671655591,12,-0.6048939815488721,3.0258081709111972,1.7565703873312577,10,5.247113200000131,75,0.4266666666666667,COMPLETE
13,-9999.0,2026-04-28 13:03:55.277996,2026-04-28 13:04:02.891948,0 days 00:00:07.613952,2,40,13,5,41,0.8,10,87,15,5,2.3200000000000003,1.405681138660956,0.46746405418788645,125,-4.310381544254863,-4.310381544254863,0.26149260091079585,16,0.8333333333333334,1.177510367100956,-1.8025053935568387,1.9796718817025936,2.420828000000008,23,-0.7427488510894656,1.7569630725953853,1.6079385728066997,23,-0.5315527706361487,1.9445443092831598,0.900572677253253,16,-1.4346770476654602,1.036077811323097,0.11038951809954067,23,-4.310381544254863,0.26149260091079585,-3.1655813433616675,18,-1.2896480627658873,1.4553371561507051,0.9306369003294845,22,2.7404512000000825,125,0.448,COMPLETE
14,-9999.0,2026-04-28 13:04:02.896938,2026-04-28 13:04:10.571045,0 days 00:00:07.674107,3,33,11,7,53,0.9,9,80,13,4,2.22,3.9675137888518495,2.0676865054307068,62,-0.9802891756752925,-0.9802891756752925,3.170319562146954,3,1.0,4.390349643069964,-0.2369433274572534,3.170319562146954,0.24585380000001766,3,-0.7248982705416093,5.0,3.3078902261790777,10,-0.30133476242906065,5.0,3.016125337381159,17,-0.9073158863721585,3.4295598452767275,2.484501525093874,12,-0.9802891756752925,3.6467667083801283,2.28263465690115,11,-0.567733044692285,3.5584366173072857,1.069113487028961,9,13.02738459999999,62,0.6935483870967742,COMPLETE
15,-9999.0,2026-04-28 13:04:10.575944,2026-04-28 13:04:18.143341,0 days 00:00:07.567397,2,52,12,5,35,0.8,15,81,15,4,2.24,1.6633870548433842,1.0781850677521891,110,-3.1497341166171915,-2.7849122752412967,0.47871045767560994,15,0.5,1.449446078317697,-2.020978302611954,5.0,7.065465200000087,23,-1.0290510907812438,0.7354596069466508,-0.40206802370478245,15,-1.8274767969694843,0.47871045767560994,-1.0832909616874664,16,-1.4981901668351119,1.388083175382755,0.9259154798346048,19,-2.7849122752412967,0.6544976569779624,-1.4419601866212828,20,-0.9548487026114824,1.7235714320773268,1.405048898691974,17,6.395613200000083,110,0.43636363636363634,COMPLETE
16,-9999.0,2026-04-28 13:04:18.148091,2026-04-28 13:04:25.789330,0 days 00:00:07.641239,3,36,11,6,43,0.8,8,82,11,3,2.7600000000000002,1.5680160173033337,0.9126312740367367,121,-2.089817075017306,-2.089817075017306,0.5366024164507809,17,0.5,1.383217380736602,-1.6530979279619076,0.5366024164507809,-0.9998776000000098,17,-2.089817075017306,1.7497575029343915,1.632416971638051,23,-0.6715429597887363,3.0162642070628385,2.6006217216442806,22,-1.2135635021150022,2.4971602069529024,3.195535471357158,19,-1.8804181290181028,0.9452282771535431,-0.21963864669960476,22,-1.4112474685391043,0.6630834932655466,-0.7332702737194552,18,5.518272799999968,121,0.4132231404958678,COMPLETE
17,-9999.0,2026-04-28 13:04:25.793972,2026-04-28 13:04:33.458077,0 days 00:00:07.664105,2,36,10,5,59,0.95,10,86,15,4,2.7600000000000002,2.4655802497484376,0.9146250062410785,34,-1.0819388415358815,-0.8941400386417864,0.8739446007998551,3,0.8333333333333334,2.637878250452171,-0.2817200547815636,1.590621641693232,0.1351991999999802,3,-0.8867315934385558,5.0,3.2594720199048854,7,-0.2266798036190844,0.8739446007998551,-0.032920989875762086,4,-0.44733066323427206,4.118235555555374,0.8145148652680234,4,-0.8941400386417864,1.537602999361315,0.6219630531862697,6,-0.6639023387871088,1.6730767010808503,0.6895218889630739,10,5.57808919999998,34,0.5588235294117647,COMPLETE
18,-9999.0,2026-04-28 13:04:33.463135,2026-04-28 13:04:41.028359,0 days 00:00:07.565224,2,40,11,5,43,0.8,14,90,14,3,2.54,1.5183635086217613,0.6458691477502498,80,-2.0830533802127205,-2.0830533802127205,0.796609259320174,11,0.6666666666666666,1.4061383007403252,-0.7317149052216122,3.0546355991273244,2.2697353999999725,11,-2.0830533802127205,1.409796995253277,0.6955868197152437,15,-0.8930467490906575,0.796609259320174,-0.30011562256397895,13,-1.2416893160411442,1.2664201674810913,0.5952595795015725,17,-1.1290860260881879,0.909326865572431,-0.1585396070124756,12,-0.6959803952382356,1.6733921649762706,0.7732883168611648,12,3.916878999999862,80,0.4125,COMPLETE
19,-9999.0,2026-04-28 13:04:41.033185,2026-04-28 13:04:48.601915,0 days 00:00:07.568730,3,35,12,7,54,0.95,13,89,14,5,2.3400000000000003,2.5,0.9676837541508091,17,-0.7243913787057911,-0.7243913787057911,0.0,0,0.5,5.0,-0.34155437358622553,0.0,-0.2377900000000044,2,-0.7243913787057911,5.0,3.7923179528600803,5,-0.40534170321982604,0.0,-0.3040498804746883,2,-0.5095887995639183,5.0,1.7749450032201075,3,0.0,0.0,0.0,0,-0.007030229549456482,5.0,0.7806794492993596,5,5.883172999999986,17,0.7647058823529411,COMPLETE
20,-9999.0,2026-04-28 13:04:48.606888,2026-04-28 13:04:56.260829,0 days 00:00:07.653941,3,40,11,7,43,0.8,10,79,14,3,2.3200000000000003,1.4038889048880747,0.736614562171976,140,-3.3779435013656247,-3.294437843776,0.6588620431303133,18,0.6666666666666666,1.2485146626196149,-3.294437843776,0.6588620431303133,-1.4297159999999587,25,-2.922102096580209,0.9130431599277938,-0.27953495599137845,25,-0.8185633077318486,1.8460286360210918,1.7474997157935102,25,-1.202651438857142,2.2145994065281642,2.8198638397464393,22,-1.4311331591909924,1.0751002043867695,0.31944403406898303,25,-0.8580663710065267,1.7156999793343155,1.24213073941426,18,4.442549999999912,140,0.4,COMPLETE
21,-9999.0,2026-04-28 13:04:56.265585,2026-04-28 13:05:03.853755,0 days 00:00:07.588170,3,56,14,7,39,0.9,14,83,12,3,2.3000000000000003,1.7000698736913658,0.4078782304989814,52,-1.6695879977775983,-1.6695879977775983,0.4320957686933483,4,0.5,1.4032662036504528,-1.4592806478825602,1.6794450887679722,0.9139080000000188,10,-0.8279371410980542,0.4320957686933483,-0.6282890164158395,10,-0.38229719023516145,0.8927257141108005,-0.034941207596406176,4,-0.8230722720609998,5.0,1.8072282185742194,8,-0.662503632924645,1.218544943235071,0.4111938357747258,13,-1.6695879977775983,0.977607727341004,-0.021830447342829906,7,2.453770000000066,52,0.4230769230769231,COMPLETE
22,-9999.0,2026-04-28 13:05:03.858554,2026-04-28 13:05:11.478846,0 days 00:00:07.620292,3,41,14,5,37,0.95,12,84,15,5,2.7800000000000002,2.3682197137786414,0.451829827995955,24,-1.2984448413956602,-1.2735248099872165,0.0,1,0.6666666666666666,1.8709837935810685,-0.9286133057263807,0.0,-0.35072000000000436,1,-0.9959710084678768,2.246760889141641,1.319899551707726,8,-0.17270454380734404,3.992462952541744,0.4740125104345516,3,-0.5259907213825049,5.0,2.010160273536532,5,-1.2735248099872165,0.0,-1.082706849572801,4,-0.3680194631049322,2.970094440988464,0.3403334818697257,3,2.7102664000000054,24,0.4583333333333333,COMPLETE
23,-9999.0,2026-04-28 13:05:11.483528,2026-04-28 13:05:19.027966,0 days 00:00:07.544438,2,33,14,6,59,0.8,15,89,15,4,2.3400000000000003,2.101858042302549,0.9946353127190907,62,-2.0233967386016865,-1.546402712746731,0.15391673096222988,6,0.8333333333333334,2.083207459207474,-0.7646063684256341,1.3383332889374822,0.2540274000000453,9,-0.7208637162854086,5.0,4.396749451683357,15,-0.43727183191457847,1.4109749895133838,0.29955930744791637,9,-1.108897465542474,2.715488403266798,1.9749558559730263,13,-1.546402712746731,0.15391673096222988,-1.3624518015585174,10,-0.3730588024378139,1.9924348411353998,0.4049716627687161,6,6.0178132000000994,62,0.5483870967741935,COMPLETE
24,-9999.0,2026-04-28 13:05:19.032731,2026-04-28 13:05:26.634317,0 days 00:00:07.601586,3,30,11,5,39,0.9,11,81,13,5,2.8,1.9082909655024878,0.505539921859253,33,-2.1294683594564328,-2.1294683594564328,0.0,2,0.6666666666666666,1.6206173065576062,-0.6570625596931752,0.0,-0.4064700000000032,2,-2.1294683594564328,1.148141753888372,0.19299245643769058,6,-0.7037255617369315,5.0,2.060085981425508,8,-0.5432957493937607,2.2578726095255726,1.0546888539740173,7,-1.2928790244215629,0.8255374455990147,-0.25824870728924365,6,-0.7888827463628931,2.218193984001967,0.39019094660754927,4,3.050271999999987,33,0.48484848484848486,COMPLETE
25,-9999.0,2026-04-28 13:05:26.639143,2026-04-28 13:05:34.190395,0 days 00:00:07.551252,3,31,10,6,58,0.9,18,79,14,3,2.3200000000000003,3.3797919061559,0.6907390081945852,24,-0.7802101332188871,-0.7802101332188871,0.9062637289489062,1,0.8333333333333334,3.345532964059928,-0.012093903463269986,5.0,0.21663999999999017,1,-0.7211306780670901,5.0,1.900506742193686,2,-0.24019300585326908,2.4110084303690327,0.5588834074752524,7,-0.6292652120920031,1.9614792776174614,0.6293826027122806,5,-0.24591303723141747,5.0,0.8930471532573758,4,-0.7802101332188871,0.9062637289489062,-0.05402585647107383,5,4.204860399999899,24,0.625,COMPLETE
26,-9999.0,2026-04-28 13:05:34.195235,2026-04-28 13:05:41.815583,0 days 00:00:07.620348,3,30,13,5,57,0.8,16,81,15,4,2.7600000000000002,2.208250931023166,0.7059019343749324,53,-1.6324328122294298,-1.6324328122294298,0.25601381935668893,6,0.8333333333333334,1.7477406309260668,-0.7641249749832667,1.3287772745986082,0.1916640000000136,7,-1.6324328122294298,2.0370497906002987,1.7794853671659228,14,-0.4558869042685256,3.5581167139951924,1.4929331394025747,11,-0.618936877268718,4.9519402461338045,1.5234316227145328,6,-0.9775486216202725,0.25601381935668893,-0.8853741691058903,8,-0.9431482148728101,1.1176077414544077,0.13327164607244146,7,4.282176000000026,53,0.5094339622641509,COMPLETE
27,-9999.0,2026-04-28 13:05:41.820466,2026-04-28 13:05:49.392550,0 days 00:00:07.572084,3,39,11,7,33,0.95,13,90,12,5,2.8,2.6280723603935674,0.4047236826171456,16,-1.4979372152326091,-0.9657950828143302,0.0,2,0.6666666666666666,2.2207254250576978,-0.9295170090178299,0.0,-0.44851000000001306,2,-0.9037962644154753,4.2668374740113135,1.5625783200231336,5,-0.1913702166663342,1.5015966883500913,0.13422603723221016,3,-0.5195538911346156,5.0,1.5105987022955736,2,-0.9657950828143302,0.0,-0.7730596726677086,2,0.0,5.0,0.44250870881967774,2,2.4289140000000264,16,0.5,COMPLETE
28,-9999.0,2026-04-28 13:05:49.397348,2026-04-28 13:05:57.017822,0 days 00:00:07.620474,2,49,12,6,57,0.85,14,83,11,3,2.54,0.9500161419041135,-0.18063248329521034,77,-2.4091923152899724,-2.140229019322703,0.27562545219145973,9,0.5,0.9042152343182958,-1.8765481395355226,0.27562545219145973,-1.3315959999999794,12,-2.036375194086597,1.1261631491287243,0.2057463096292178,14,-1.142746147743437,0.9305615846591411,-0.079987530793868,9,-1.2372226347434405,1.615987329600076,1.2125480297174862,16,-2.140229019322703,0.6557706473229933,-1.2272941041793883,16,-2.1085751516768445,1.0959886885222871,0.13678839585526958,10,-1.1018475999999389,77,0.36363636363636365,COMPLETE
29,-9999.0,2026-04-28 13:05:57.022868,2026-04-28 13:06:04.724437,0 days 00:00:07.701569,2,35,10,6,54,0.95,9,85,11,3,2.5,3.2617383765503853,0.7318884395871565,38,-1.5473128509150769,-1.5473128509150769,0.8041615966443092,2,0.6666666666666666,2.124162870332013,-0.22782981926180115,5.0,0.4518249999999835,2,-1.5473128509150769,3.8768937831669934,2.0831826599466696,7,-0.11869078558718071,5.0,1.0737541837966047,6,-1.034049211483027,4.010887329359735,1.2087066591751183,4,-0.778100240549196,0.8784875501312767,-0.12044527142560657,6,-1.465626872723042,0.8041615966443092,-0.30569259396983073,13,4.4516399999999345,38,0.5526315789473685,COMPLETE
30,-9999.0,2026-04-28 13:06:04.729195,2026-04-28 13:06:12.347496,0 days 00:00:07.618301,3,51,12,5,29,0.85,9,76,11,4,2.7800000000000002,1.5044169103144458,0.6372846056989087,96,-2.7301817964301764,-2.179571085989683,0.6906314395054918,13,0.6666666666666666,1.320622156351994,-2.179571085989683,0.7014558367752152,-0.9382227999999992,21,-1.4518005018625486,1.1722998558271134,0.2919513541697727,15,-0.6000383677793388,1.921628961885205,0.9652564164600363,15,-0.8350891242573766,2.5015675000523263,2.145261492681838,16,-1.9698237628099116,0.6906314395054918,-0.7795122457067261,13,-1.7752692574690805,2.0389178678413242,2.13897341658853,16,3.837738200000196,96,0.40625,COMPLETE
31,-9999.0,2026-04-28 13:06:12.352322,2026-04-28 13:06:19.932886,0 days 00:00:07.580564,3,56,12,7,47,0.8,17,86,10,4,2.4800000000000004,0.9001854987230503,-0.4086975495046811,72,-5.425881372306748,-2.7397222872224063,0.31253242548645255,8,0.3333333333333333,0.785661345296498,-1.496226253656369,0.8184045919695427,-0.2651183999999751,13,-0.5092534104984962,1.9225134578651608,0.7457258564590674,11,-0.9765719713365891,0.43212889380678937,-0.6741978839711504,8,-1.8447114469415549,0.8255775221216985,-0.42247305277041125,12,-2.7397222872224063,0.31253242548645255,-2.0725804612136134,12,-1.845052425244562,1.0899561010886576,0.23645864446799614,16,-2.450028000000004,72,0.4166666666666667,COMPLETE
32,-9999.0,2026-04-28 13:06:19.937796,2026-04-28 13:06:27.537481,0 days 00:00:07.599685,2,49,12,6,34,0.95,11,87,13,5,2.72,1.329700603481735,0.0368268742184652,44,-2.1528902860966257,-1.410073578328888,0.3058843576053447,5,0.3333333333333333,1.0375749494964337,-1.0760199662377883,0.7078841211743782,-0.30008479999996673,9,-0.9608856714591637,0.863882794227989,-0.15469180659842818,10,-1.0225811256224333,0.7799329749545051,-0.16161865358393923,6,-0.9500174661449751,2.48272156270922,1.4037731676063592,7,-1.410073578328888,0.3058843576053447,-0.9700819390442872,7,-0.2843143871052657,2.837897810218972,0.40366527693105336,5,0.20515960000004885,44,0.36363636363636365,COMPLETE
33,-9999.0,2026-04-28 13:06:27.542373,2026-04-28 13:06:35.135354,0 days 00:00:07.592981,2,55,10,6,36,0.85,12,81,13,3,2.3800000000000003,1.0493686661813582,-0.15444409413428173,119,-4.185967423134256,-2.492120851397952,0.4186074457071396,12,0.3333333333333333,0.9409492854856076,-2.492120851397952,0.5320855567100948,-1.4635194000000018,19,-1.4242499938926452,0.7527327182734961,-0.6149807627693571,19,-1.276586162617312,0.4186074457071396,-0.992054975738832,12,-1.2345218578520516,2.79957980134723,3.5185905913828863,22,-2.368399734785876,0.616241203918454,-1.928861709747487,25,-2.126119420698346,1.1769652711317349,0.5541616920671011,22,-1.0199575999998878,119,0.37815126050420167,COMPLETE
34,-9999.0,2026-04-28 13:06:35.140001,2026-04-28 13:06:42.782809,0 days 00:00:07.642808,2,47,13,5,37,0.8,13,78,11,4,2.72,1.1834510107577996,0.3584035443657189,100,-3.3006200287133476,-2.8624983424253507,0.5981752677702143,12,0.5,1.152703765020261,-2.055830550022461,2.2593716773195096,2.6934307999999962,20,-1.7421121140366504,0.5981752677702143,-0.6429606985142833,13,-0.8038097209406807,0.8350475842709267,-0.21251092894783996,12,-1.4666514552587537,1.349554468383622,0.7487746502818027,18,-2.8624983424253507,0.7271466250857769,-1.1668181126685773,20,-1.6024587879746885,1.3314104417167485,0.730505556043215,17,2.122388400000075,100,0.35,COMPLETE
35,-9999.0,2026-04-28 13:06:42.787800,2026-04-28 13:06:50.382550,0 days 00:00:07.594750,2,54,11,6,29,0.95,9,87,11,5,2.5,1.808892817947589,0.22852518075248499,44,-2.103174345940226,-1.3604882066149622,0.36319618566266365,5,0.5,1.2647454156849465,-0.9313390355576252,0.36319618566266365,-0.6450950000000288,8,-0.4497201323158061,1.1435441192781217,0.18236643676525777,12,-0.6208222307062187,0.6924789932286521,-0.23862700259636993,7,-0.9493729940455115,3.290358081957031,1.5613869584734763,6,-1.3604882066149622,0.36377952755906456,-0.7411079196513515,5,-0.3471367663418218,5.0,1.2522276115239261,6,1.3551100000000371,44,0.4090909090909091,COMPLETE
36,-9999.0,2026-04-28 13:06:50.387459,2026-04-28 13:06:58.007117,0 days 00:00:07.619658,3,37,14,5,36,0.85,11,90,12,4,2.64,3.003301309915459,0.8723208671154355,42,-1.770554109065207,-1.234214577444508,0.21530202101629814,5,0.8333333333333334,2.410999189077815,-0.9752967679092912,1.2139444257810958,0.13373880000002725,7,-0.8889087128157919,4.336598582959222,2.567815434451748,11,-0.4211198257981022,5.0,1.533323380424978,5,-0.614052544483456,5.0,1.5677803257521328,6,-1.234214577444508,0.21530202101629814,-1.0477045737933954,8,-0.7980003438322553,2.2539628297361385,0.47897183585712266,5,5.306979600000039,42,0.5476190476190477,COMPLETE
37,-9999.0,2026-04-28 13:06:58.011928,2026-04-28 13:07:05.671944,0 days 00:00:07.660016,3,50,14,6,39,0.8,14,84,10,4,2.4800000000000004,0.9971827999230855,-0.015725644043270332,79,-3.1491802910192463,-2.485549743848162,0.538767479562631,10,0.5,0.9899291671034812,-1.1668276670149584,0.538767479562631,-0.6685795999999633,14,-1.3553138090511003,0.9331380385428406,-0.09650722763647757,14,-1.2874467247194825,1.1817193114540745,0.21403698777391345,10,-1.5053029084568645,1.5782874842999086,1.2315072223221923,16,-2.485549743848162,0.6776067916899263,-0.9060651894117089,12,-1.67010739850835,1.0735776939891313,0.13125394269242197,13,-0.10855239999996158,79,0.4050632911392405,COMPLETE
38,-9999.0,2026-04-28 13:07:05.676720,2026-04-28 13:07:13.361928,0 days 00:00:07.685208,2,51,12,6,32,0.85,8,81,12,4,2.4400000000000004,1.1877167254051852,0.5112370796923801,132,-4.148472265410144,-3.32655866890658,0.4666022903772972,17,0.5,1.1710941434853877,-2.033333493033703,2.265811637740971,3.990256000000003,30,-1.8371167283049983,0.6646011968998321,-0.8876354723080682,23,-1.0276258568522096,0.6770783429754468,-0.6477156550644292,19,-1.2065414912345864,1.1900484980911104,0.4603700713761816,20,-3.32655866890658,0.4666022903772972,-2.18327381408584,17,-1.9317602282121895,1.8621583863464537,2.3354213482364328,23,2.9750996000001084,132,0.38636363636363635,COMPLETE
39,-9999.0,2026-04-28 13:07:13.366901,2026-04-28 13:07:20.978216,0 days 00:00:07.611315,2,60,12,7,46,0.9,11,88,12,3,2.52,1.4373066766100235,0.4355762979610083,85,-2.7396257523172087,-2.2476985773534253,0.6345218702205608,8,0.5,1.2035254452084,-1.3016868334388711,1.855048386116056,1.8281020000000092,15,-2.2476985773534253,0.6493595844306852,-0.9949964499976649,19,-1.1224148740550575,1.8473552305635192,0.8109284146008422,8,-1.1901773941279077,2.7877536426461926,2.4893556440861886,17,-1.8047331832012397,0.6345218702205608,-1.2824310980561582,16,-1.8899745572601239,0.8498013456831276,-0.23750072286716772,10,2.5824204000000517,85,0.38823529411764707,COMPLETE
40,-9999.0,2026-04-28 13:07:20.982991,2026-04-28 13:07:28.545986,0 days 00:00:07.562995,3,45,13,7,41,0.95,16,76,10,5,2.4800000000000004,2.762237839818398,0.4586558759180126,28,-1.7853792848414058,-1.6217736841639936,0.0,3,0.8333333333333334,1.8701396031399715,-0.392989066292151,1.00910787453094,0.0026452000000176668,3,-0.43273854541517204,1.1706657523287116,0.11945604014884648,6,-0.4557346210856115,5.0,1.680416936981599,5,-0.4659522878753326,4.393653412050737,1.5358091987954126,7,-1.6217736841639936,0.0,-1.3533866230440728,3,-0.04159497022800048,5.0,0.7669945026262726,4,2.7512248000000517,28,0.5357142857142857,COMPLETE
41,-9999.0,2026-04-28 13:07:28.551028,2026-04-28 13:07:36.193752,0 days 00:00:07.642724,2,50,14,5,49,0.9,8,89,14,5,2.46,2.0636261064443917,1.1715357298584455,83,-2.5644682923522395,-2.2958857087855793,0.10708436232811672,9,0.8333333333333334,1.7696603176569492,-2.045237882700079,5.0,5.250073799999977,15,-0.7228104458055823,1.3611186212343018,0.5908685643126077,17,-0.6964874409207703,1.147891277178336,0.1464176114448268,9,-0.5210171389890205,2.8811629496402547,1.9729442709970568,13,-2.2958857087855793,0.10708436232811672,-2.1670038058994257,13,-0.8379695618125439,1.884499428285342,1.2359139382956297,16,7.083191600000038,83,0.42168674698795183,COMPLETE
42,-9999.0,2026-04-28 13:07:36.198808,2026-04-28 13:07:43.803145,0 days 00:00:07.604337,2,50,13,5,37,0.8,11,88,15,5,2.64,1.4367870092140933,0.901197778295774,127,-3.3178847448712885,-3.0422168042427047,0.45599029193423846,19,0.6666666666666666,1.3228193547217473,-2.043121068843825,3.236395084985256,5.745902800000069,24,-0.7194259360853211,1.3293880786303338,0.6287615712710748,22,-1.2438904813084188,0.9501971753843756,-0.09570532997930092,19,-0.930736755808553,1.5879052472318433,1.4693739111241166,22,-3.0422168042427047,0.45599029193423846,-2.4768823097778836,21,-1.1228749585336781,1.0608461771185134,0.13573602713656818,19,5.341982400000034,127,0.3937007874015748,COMPLETE
43,-9999.0,2026-04-28 13:07:43.807969,2026-04-28 13:07:51.426039,0 days 00:00:07.618070,2,60,13,6,49,0.85,11,90,12,3,2.4200000000000004,1.4352737336071997,0.5298658435184955,97,-2.6599991939812,-2.165436836304832,0.6330457646389841,9,0.5,1.2344312173530625,-1.3064685662860547,1.5615083500882176,1.3684520000000422,19,-2.165436836304832,0.709164087372595,-0.7777232308923576,19,-1.0432161294546447,0.6330457646389841,-0.41071987152607736,9,-0.8139961835973912,3.3002368680446645,3.051941558116389,19,-1.8301039020728314,0.7802631673995651,-0.9430051133427542,20,-1.6731874810920044,1.6274241640991722,0.8902497187557312,11,3.1608994000000834,97,0.4020618556701031,COMPLETE
44,-9999.0,2026-04-28 13:07:51.430858,2026-04-28 13:07:59.038674,0 days 00:00:07.607816,2,48,13,7,39,0.9,12,88,15,5,2.7,1.7025153907753785,0.5567715481703687,72,-2.3759133052137926,-2.1393483942996996,0.22953165436475398,7,0.5,1.39563382669237,-1.3858052673471,3.4437700968152036,2.789196999999999,14,-1.1543632817115008,0.868347691606112,-0.258390966902855,16,-0.7969403039049758,0.22953165436475398,-0.7462954943670885,7,-0.5426160213569728,4.185774795597347,3.0747759867065794,13,-2.1393483942996996,0.23578863531415492,-1.7198438152411288,12,-0.7174671300392091,1.2518794709547,0.20118657882670643,10,3.29080700000004,72,0.4166666666666667,COMPLETE
45,-9999.0,2026-04-28 13:07:59.043387,2026-04-28 13:08:06.701655,0 days 00:00:07.658268,2,52,11,5,35,0.9,11,82,15,3,2.6,1.1859603016730258,0.16964327843667637,100,-2.868001531487684,-2.868001531487684,0.7093577563456648,11,0.5,1.0664355150950713,-2.868001531487684,0.8505082064202156,-0.44976399999999694,16,-1.192879489253229,1.4774438851369724,1.0709105702170651,20,-0.6147396266288577,0.8780762014924307,-0.17180710129260923,15,-1.2096396139463186,2.108127693611694,1.84820587231036,16,-2.0703013472276712,0.7093577563456648,-1.4210634449902448,22,-1.6214310981064652,1.0922480670311767,0.14137777437548404,11,0.9886940000000122,100,0.36,COMPLETE
46,-9999.0,2026-04-28 13:08:06.706584,2026-04-28 13:08:14.326193,0 days 00:00:07.619609,3,48,13,5,43,0.9,12,90,10,5,2.7600000000000002,1.4799802640066098,0.10977452999663129,52,-2.6976595004251767,-2.1677230195755346,0.1365324052749166,5,0.5,1.0936036771869682,-0.9263658602735771,0.8005421270073199,-0.10669599999996171,5,-0.8354535282430557,0.920037828063886,-0.10580448915774587,12,-1.1030443953758966,1.0050836991927377,0.005395860137835662,9,-0.73552218035306,4.585729092793678,2.634653817711663,10,-2.1677230195755346,0.1365324052749166,-1.9766762120454695,10,-0.456457231474176,1.4319564317071207,0.2077742033334662,6,0.606242000000079,52,0.4230769230769231,COMPLETE
47,-9999.0,2026-04-28 13:08:14.331154,2026-04-28 13:08:21.948918,0 days 00:00:07.617764,3,53,13,7,51,0.95,13,88,10,4,2.72,1.1690238267366524,-0.08657611117116974,34,-2.5063633685123703,-1.4874431185914867,0.0,2,0.16666666666666666,0.8862882609334458,-1.2665777777246559,0.0,-0.8766399999999841,5,-1.4874431185914867,0.11914446269561571,-1.0278965523363826,6,-0.4665911135035555,0.640975869276062,-0.19260528243550956,6,-0.842928601984364,4.854560938809608,2.3481932179903353,9,-1.2859263355510193,0.4512262692834892,-0.7511068808007892,6,-1.279628341118558,0.9482354203551396,-0.019401169444688282,2,-0.5572511999999752,34,0.35294117647058826,COMPLETE
48,-9999.0,2026-04-28 13:08:21.953742,2026-04-28 13:08:29.563624,0 days 00:00:07.609882,2,36,14,5,41,0.9,15,82,15,5,2.4400000000000004,1.656073068602188,0.4102323169143644,40,-1.6788349933848614,-1.332609226419876,0.12257844004375301,4,0.8333333333333334,1.5181288397845825,-0.8234185942125516,1.0268534466261081,0.01403200000000826,5,-0.6355807166625479,2.4372188568387556,1.971314585137418,12,-0.25737797285917896,1.3299508767364003,0.09944891918844956,4,-0.5446837192868851,1.7191112808759705,0.5532435482304532,5,-1.332609226419876,0.12257844004375301,-1.1403626437593628,6,-0.5122382504986707,3.30072551049214,0.96371749268922,8,2.45922599999997,40,0.45,COMPLETE
49,-9999.0,2026-04-28 13:08:29.568401,2026-04-28 13:08:37.184127,0 days 00:00:07.615726,3,52,13,7,35,0.8,11,86,10,5,2.4800000000000004,1.0099211821810736,-0.23595576246984717,98,-4.130266068488081,-2.124352141149529,0.3874961946410819,13,0.5,0.8903148124009069,-1.3931381977591297,1.5286673515775293,0.9931492000000208,18,-0.7188534519126784,1.2908613525561332,0.39992692890502557,16,-1.2392104947478029,0.7440592292810303,-0.36922928959429724,13,-1.5744254303069072,1.5495960885273297,1.0058725398603308,14,-2.124352141149529,0.3874961946410819,-1.9875510202393754,16,-1.8847135094805136,0.5588468765033384,-1.4579029337507876,21,-1.447313600000033,98,0.41836734693877553,COMPLETE
50,-9999.0,2026-04-28 13:08:37.189269,2026-04-28 13:08:44.805438,0 days 00:00:07.616169,3,47,13,5,44,0.9,12,90,14,5,2.5,1.6709255704712147,0.3184720737984777,61,-2.698323651825846,-2.174676552140755,0.12206356517733055,7,0.8333333333333334,1.2718336264993124,-0.9224650555979812,1.5975922083263738,0.31967000000001633,7,-0.6961618726654779,1.6604681882076993,0.932025593784358,15,-0.9385278059975154,1.0821275059881004,0.09887938507531224,11,-0.7268445324922481,4.135753641372569,2.268526121531833,10,-2.174676552140755,0.12206356517733055,-1.9859136239291475,10,-0.5954603920413004,1.4275483137552154,0.2776449663284941,8,1.8776500000000418,61,0.45901639344262296,COMPLETE
51,-9999.0,2026-04-28 13:08:44.810469,2026-04-28 13:08:52.439578,0 days 00:00:07.629109,2,39,12,6,36,0.9,10,81,15,5,2.6,2.4096048807260133,1.176022414452205,74,-1.7683487137782024,-1.5229895298693161,0.49928320386828035,8,0.6666666666666666,2.0022371077313124,-0.9768478644118348,0.9662874870734507,-0.031621999999986716,9,-0.8780532101605928,4.238448346770741,4.174676116081422,17,-0.5407998683784379,2.2877833160913896,1.1833584411029552,14,-0.5191226792555039,5.0,2.23952556692677,8,-1.5229895298693161,0.49928320386828035,-1.0380902649993806,12,-1.1254732568919146,1.4658269305522158,0.5282866276014486,14,7.178843999999973,74,0.5,COMPLETE
52,-9999.0,2026-04-28 13:08:52.444439,2026-04-28 13:09:00.092809,0 days 00:00:07.648370,2,50,11,6,38,0.85,11,79,10,3,2.7800000000000002,1.017913561758344,-0.4315752869291867,114,-4.128622580158099,-3.5412413348449925,0.20663762295558655,14,0.5,0.8392277848791192,-3.066631033960154,0.20663762295558655,-2.7261518000000096,21,-2.2987089030271934,0.967071759219854,-0.0993796398402802,24,-0.5280737811652212,1.300325818406426,0.36025310461322846,14,-1.2475387641916624,1.8035551553611624,1.7294099847872557,18,-3.5412413348449925,0.43818161949513745,-2.694606088280682,22,-2.164681003932935,1.3917093951118975,0.8410227171453677,15,-2.6475887999999004,114,0.32456140350877194,COMPLETE
53,-9999.0,2026-04-28 13:09:00.097671,2026-04-28 13:09:07.764680,0 days 00:00:07.667009,2,52,14,6,35,0.85,11,79,11,3,2.7800000000000002,1.1965352706153474,0.40720633552550994,119,-2.647086086985721,-2.647086086985721,0.8942881940787265,14,0.5,1.1364079144405435,-2.647086086985721,1.0823357447964255,0.33346800000000343,25,-1.6900894882487854,0.9734817078145277,-0.0712763162935226,21,-0.7148372077324856,0.9573345301830446,-0.06636934285164653,14,-1.258082292203921,2.201843586187415,2.5513956972567753,21,-1.8971639719033064,0.8942881940787265,-0.4883687079863197,23,-1.9337557834005976,1.069927860631944,0.18438868302776967,15,2.4385220000001206,119,0.33613445378151263,COMPLETE
54,-9999.0,2026-04-28 13:09:07.769528,2026-04-28 13:09:15.390325,0 days 00:00:07.620797,2,56,12,5,39,0.85,13,80,13,5,2.46,1.6423228804472858,0.9551558157016323,104,-2.589517515059532,-2.0295321364556096,0.640804708750126,14,0.5,1.428830977540739,-2.0295321364556096,5.0,6.042070400000021,17,-0.8076643081427101,0.7460489108585854,-0.42294100662897405,18,-0.8024290139315284,1.0394509918872994,0.04333559120430763,14,-1.7971380089814588,1.7258313033320336,1.9292503192271715,18,-1.6985323319451764,0.7018013678556695,-0.9544000632452643,19,-1.3144525377678704,0.640804708750126,-0.9063803463474684,18,5.683056799999986,104,0.4230769230769231,COMPLETE
55,-9999.0,2026-04-28 13:09:15.395298,2026-04-28 13:09:22.997203,0 days 00:00:07.601905,3,45,13,5,41,0.85,15,79,10,4,2.74,1.8979196189022234,0.33014809728070804,55,-2.2220083889152464,-1.864456767866982,0.18313993528403794,7,0.5,1.3093355131917461,-0.670996533662597,0.8474446992586256,-0.12572539999996524,10,-1.864456767866982,0.47635034295622025,-0.7651606012264889,10,-0.45399456624782947,3.456457664709655,1.8997814107215572,11,-0.6319871330398122,5.0,1.878832913554196,7,-1.6486230079790456,0.18313993528403794,-1.3764299243989253,8,-1.6845618466739338,1.424125071204802,0.4695901850338746,9,1.9507378000001019,55,0.45454545454545453,COMPLETE
56,-9999.0,2026-04-28 13:09:23.002004,2026-04-28 13:09:30.585494,0 days 00:00:07.583490,3,43,12,7,53,0.8,15,82,10,4,2.62,1.6884669607961558,0.8549090195893395,85,-2.7096136281754855,-2.493377206476048,0.6856701083190971,11,0.6666666666666666,1.5328237237077413,-0.9732561269010509,0.7868930452151828,-0.2229801999999892,11,-1.026836418433436,2.3710292868486422,1.8603161366421261,16,-1.0368002277743074,1.965509190929798,1.3452580102972789,16,-0.9548134319831406,2.579126521239951,1.66919131018195,12,-2.493377206476048,0.6856701083190971,-0.8881376524772833,14,-1.8043247026207083,1.742573612224264,1.3658065128919539,16,5.207201000000006,85,0.4823529411764706,COMPLETE
57,-9999.0,2026-04-28 13:09:30.590399,2026-04-28 13:09:38.237559,0 days 00:00:07.647160,2,45,14,5,36,0.9,12,81,14,3,2.56,1.4245230352227356,-0.038449598707542464,62,-3.395972073039874,-2.2916172126991343,0.27364948936294664,8,0.3333333333333333,0.9661278243773256,-1.5800775618848886,0.27364948936294664,-1.2410788000000061,12,-2.2916172126991343,0.49737382442041594,-1.157544033601654,15,-0.6313044669126469,0.5430695689961729,-0.4739514189346261,9,-0.8458015692000238,5.0,2.282994760475532,8,-0.7276476662877908,1.4852811476135384,0.6617956860129448,10,-1.7114259608793758,0.7477641809433404,-0.30291378619744513,8,-0.27427520000001815,62,0.3709677419354839,COMPLETE
58,-9999.0,2026-04-28 13:09:38.242269,2026-04-28 13:09:45.789665,0 days 00:00:07.547396,3,51,14,7,41,0.8,18,87,11,4,2.72,0.9764533919968023,-0.12520634397291305,55,-3.8735301115009424,-1.5980698241376883,0.19809619667097736,7,0.5,0.894936225836947,-1.1473542781894175,2.0032786821818203,1.0372196000000056,11,-0.8042904734371997,0.44042855135595405,-0.6306539337904926,11,-1.2583570428466837,0.6136358072818401,-0.4590305657336091,7,-1.5017719048269635,1.0814721345951817,0.12016711255531387,11,-1.5980698241376883,0.19809619667097736,-1.27399953489159,7,-0.6227891455663424,1.5218089798950396,0.45505925802289404,8,-0.7659747999999356,55,0.38181818181818183,COMPLETE
59,-9999.0,2026-04-28 13:09:45.794289,2026-04-28 13:09:53.392791,0 days 00:00:07.598502,2,44,12,6,39,0.95,14,90,10,3,2.74,2.2336707683920216,0.2761249974979581,24,-1.7782308245844056,-1.7782308245844056,0.3142025717039915,3,0.5,1.555022272464258,-0.5024374846071744,0.5996903094594627,-0.1732099999999681,4,-1.7782308245844056,0.3142025717039915,-0.7554525193086636,5,-0.42132003778728366,5.0,0.800804088749163,3,-0.5135986871010831,5.0,1.6810872568253643,5,-1.0725810587059905,0.8085135616357051,-0.127090826187648,3,-0.32089125102295374,1.6796181675529727,0.2306119849095012,4,1.6496816000000525,24,0.4166666666666667,COMPLETE
60,-9999.0,2026-04-28 13:09:53.397555,2026-04-28 13:10:01.027513,0 days 00:00:07.629958,2,45,12,5,35,0.9,12,82,15,5,2.6,1.3019145288559668,0.10417461713396563,69,-3.202105126743359,-2.2909795157285293,0.12244590657631768,9,0.6666666666666666,1.0732472210695503,-1.0715929123999384,1.0925106206940676,0.11628400000003314,13,-0.9352240597030638,0.8469363845020855,-0.22314451862792684,13,-0.6731852485549206,1.1978980595590298,0.16192345240220174,9,-1.126095364268818,2.8366155090272986,2.0883031599836954,11,-2.2909795157285293,0.12244590657631768,-2.0996538673403564,12,-0.6795903518223639,1.7150806927770004,0.5813354763861467,11,0.5807340000000494,69,0.391304347826087,COMPLETE
61,-9999.0,2026-04-28 13:10:01.032325,2026-04-28 13:10:08.628979,0 days 00:00:07.596654,2,36,13,6,43,0.85,15,84,11,4,2.56,1.7146822295461777,0.5055912808578885,59,-2.190899025661523,-1.7271610191913787,0.3179588440845271,6,0.8333333333333334,1.4629567268400063,-0.6010686014605916,1.4385619526202995,0.3054584000000693,10,-0.5564240189756623,3.3124191539286243,2.387471667244778,13,-0.589790222299908,1.4212546093632097,0.1902122455765376,6,-0.9904664400312976,1.7875383273279046,1.008957322353643,11,-1.7271610191913787,0.3179588440845271,-1.538044858801746,10,-0.6338076608049293,2.0103604899525,0.6794929087740487,9,3.030556400000095,59,0.4915254237288136,COMPLETE
62,-9999.0,2026-04-28 13:10:08.633747,2026-04-28 13:10:16.315056,0 days 00:00:07.681309,2,42,12,6,33,0.95,10,84,12,5,2.5,2.493125157423178,0.42858207865167364,34,-1.583390985523356,-1.340416073067971,0.19000989370609422,3,0.6666666666666666,1.779743766475646,-0.9280615434082007,0.5039896337721045,-0.2909199999999945,4,-0.4588311446390541,2.0868758822177846,0.6641220639083567,6,-0.2764860065950801,4.221120118934312,1.3815307906336338,10,-0.4397088652651405,5.0,1.1671277118156853,3,-1.340416073067971,0.19000989370609422,-0.9304625283796497,5,-0.4898032909783189,2.9567554159087717,0.5800944339320102,6,2.5793300000000796,34,0.5294117647058824,COMPLETE
63,-9999.0,2026-04-28 13:10:16.319987,2026-04-28 13:10:23.951343,0 days 00:00:07.631356,2,40,14,5,40,0.95,15,80,12,4,2.5,1.8697257353264727,0.5674221151716304,23,-0.970044783002592,-0.970044783002592,0.0,1,0.5,2.3561711536476455,-0.21478656658878073,0.0,-0.1156299999999999,1,-0.4462749154393321,4.486611171268623,1.5473341825152254,5,-0.3214200740523482,0.4030362060858396,-0.26285144772133506,4,-0.970044783002592,5.0,2.545290508252962,7,-0.6383215259180722,0.0,-0.4467495846877223,2,-0.31504707990109554,1.3287070346043746,0.1371390326706523,4,3.416384999999944,23,0.4782608695652174,COMPLETE
64,-9999.0,2026-04-28 13:10:23.956206,2026-04-28 13:10:31.536175,0 days 00:00:07.579969,2,35,14,6,42,0.9,18,84,11,4,2.56,2.8571290901811452,0.6047472756180561,21,-1.103247813418598,-1.0443814541311538,0.691176708451248,1,0.8333333333333334,2.770011403283133,-0.05785699255980949,5.0,0.24112000000000577,1,-0.7235135236664949,5.0,2.9868125974649606,6,-0.1712592015772707,1.2532212125322393,0.036169856528989186,2,-1.0443814541311538,0.691176708451248,-0.2662269899093461,4,-0.09017611465923797,3.194431691964966,0.11509323962926032,2,-0.6298945679865651,2.0039449281384205,0.5155149499944667,6,3.6476571999999097,21,0.5714285714285714,COMPLETE
65,-9999.0,2026-04-28 13:10:31.540967,2026-04-28 13:10:39.109355,0 days 00:00:07.568388,2,38,14,5,41,0.85,18,86,10,4,2.6,1.911090732053939,0.2601205187827138,32,-1.5147391090862965,-1.060043160014554,0.5069937652480296,3,0.5,1.5045589859162296,-0.30647366777570584,5.0,0.8346540000000013,6,-0.8921102147814336,2.6840623962828296,1.006415909355951,7,-0.4315954488504586,0.6278176657204784,-0.10942619534495268,3,-1.060043160014554,0.7205202108962934,-0.27353785733201796,6,-0.5472026744947732,0.5069937652480296,-0.2868054209646642,5,-0.38972826449744896,1.9271503541760042,0.3894226769819653,5,1.5627100000000338,32,0.46875,COMPLETE
66,-9999.0,2026-04-28 13:10:39.114209,2026-04-28 13:10:46.725376,0 days 00:00:07.611167,2,52,14,6,54,0.85,14,82,11,4,2.52,1.577883562874134,1.0375317892142022,83,-2.5826691143123566,-2.2349873914224956,0.31133914230074294,9,0.5,1.566981107995465,-2.0331765472595222,4.426574331624578,5.9623764000000135,19,-1.3863639153892102,0.7142110429618745,-0.38740580755792786,12,-1.2558683530264123,0.31133914230074294,-0.9179937613991607,9,-1.4209967680735003,1.6915824522974925,1.201533186601167,17,-2.2349873914224956,0.72340496603941,-0.7041132317856524,12,-1.5415996463716293,1.6001894420207055,1.0707939494267738,14,6.219623999999979,83,0.37349397590361444,COMPLETE
67,-9999.0,2026-04-28 13:10:46.730157,2026-04-28 13:10:54.349791,0 days 00:00:07.619634,3,43,13,5,28,0.85,8,78,10,5,2.7,1.7634024832604516,0.3497674360732117,79,-3.7168840776961893,-3.0135453534947745,0.11562248936890361,11,0.6666666666666666,1.2069273941113206,-1.3528125855493112,0.7244523308797941,-0.5031279999999638,13,-0.9477190684648039,1.532845465369847,0.8006000429842564,15,-0.6143295499764115,3.491881076334417,1.98059107432782,11,-0.7222949991844991,3.1864821530415854,1.986584903671229,11,-3.0135453534947745,0.11562248936890361,-2.880940812376376,12,-1.2450975975907477,1.5291313845681656,0.7148974078323045,17,2.0308020000000093,79,0.45569620253164556,COMPLETE
68,-9999.0,2026-04-28 13:10:54.354466,2026-04-28 13:11:01.964661,0 days 00:00:07.610195,3,40,12,7,34,0.85,10,87,10,4,2.8,1.951899438878329,0.8539723581894808,69,-2.0191018835292547,-1.5787320253634936,0.31542111173498244,10,0.6666666666666666,1.6368997988324978,-1.5787320253634936,0.31542111173498244,-0.975387999999977,10,-1.034239582060052,2.2908463859750086,1.9050112511423078,14,-0.9384359327933088,1.8410091210920292,0.6752422594149765,10,-0.9254261420391898,4.21769357937541,2.8354551907782355,11,-1.5562191768969005,0.4074622132966995,-1.287834592050341,12,-1.2395576254568517,2.638964221795846,1.9713480398516836,12,5.160608000000089,69,0.4782608695652174,COMPLETE
69,-9999.0,2026-04-28 13:11:01.969336,2026-04-28 13:11:09.596979,0 days 00:00:07.627643,2,53,13,6,48,0.9,11,80,11,5,2.4800000000000004,1.4783871121334318,0.6439156673875716,94,-2.3650326750901876,-2.061895783327225,0.3814232384326423,10,0.6666666666666666,1.348496916172258,-2.061895783327225,1.9937611212407569,2.261850000000054,19,-1.2380622573333184,0.7204588019343472,-0.5867525377254657,18,-0.9383560391755656,1.5766668503112957,0.5147989374104212,10,-0.7347621064124649,2.902747651432521,2.699649401214499,17,-1.665563699798032,0.3814232384326423,-1.5173676503505429,14,-1.082754811680086,1.2952650094490263,0.4913158537764639,16,3.8592200000000076,94,0.425531914893617,COMPLETE
70,-9999.0,2026-04-28 13:11:09.601613,2026-04-28 13:11:17.247179,0 days 00:00:07.645566,3,49,13,7,38,0.9,13,83,11,4,2.54,1.744967417004449,0.24791702975455002,56,-2.711325720828204,-1.8619611442064705,0.13296855322954107,8,0.5,1.2009598568453128,-1.4562520255584444,0.2564365023748477,-0.9549585999999555,9,-1.819293458775895,0.4285681571652472,-0.8616388947261022,10,-0.7639540279206188,2.2282661983315335,0.9971444531706508,11,-0.6371289397186203,5.0,2.9081772576652787,9,-1.8619611442064705,0.13296855322954107,-1.8619611442064699,9,-1.4673616466264694,2.4235650909255244,1.2607391066238982,8,1.417271400000164,56,0.44642857142857145,COMPLETE
71,-9999.0,2026-04-28 13:11:17.251848,2026-04-28 13:11:24.858358,0 days 00:00:07.606510,2,54,12,7,40,0.8,15,90,11,5,2.62,1.6456423031037024,0.7333208194151953,98,-2.5249295251107466,-2.02978269563458,0.779513390164588,13,0.6666666666666666,1.3322205243009024,-2.02978269563458,5.0,4.8432044000000785,16,-0.795077252316203,1.0450547984149416,0.07406870139501365,17,-1.4555731258988247,0.779513390164588,-0.3379709227012806,13,-1.9254717448239058,1.0652400637189658,0.22050707707068629,19,-1.5663559615381504,0.8237154013109187,-0.6208046299536085,20,-0.7665693557946137,1.1603301650128002,0.22092029068028207,13,4.3763310000000555,98,0.40816326530612246,COMPLETE
72,-9999.0,2026-04-28 13:11:24.863156,2026-04-28 13:11:32.433272,0 days 00:00:07.570116,2,52,11,7,42,0.8,18,88,11,3,2.5,1.0633514494195864,-0.0933431183096763,61,-2.942472899889863,-1.631945556110821,0.5277523169365133,6,0.5,0.9319482245033462,-1.3128899549371549,1.1030101893714,0.16791999999998808,12,-0.8343148425685376,0.5567578918497361,-0.5162680826356292,11,-1.3350441528546724,0.7800532975218716,-0.3155619898027151,9,-1.2371584371619868,1.802937692489934,0.852960888174592,11,-1.631945556110821,0.5277523169365133,-1.1571252287987055,12,-0.4979385741325658,1.6095973083480637,0.40801570320441183,6,-0.5715900000000884,61,0.3442622950819672,COMPLETE
73,-9999.0,2026-04-28 13:11:32.438281,2026-04-28 13:11:40.018166,0 days 00:00:07.579885,2,57,11,7,40,0.8,17,90,10,3,2.7800000000000002,1.3972613067203363,0.2653638342284788,61,-1.8167960496503255,-1.5328881214147614,0.5092968609712251,8,0.5,1.2059623794080683,-1.2213648736995053,0.568838075643166,-0.5532367999999788,10,-0.8400773146643612,0.5092968609712251,-0.5770550810646813,10,-1.0419876245831274,2.0096258542800496,0.7933913086797473,8,-1.212740827647772,3.545913576046295,2.62785836720667,13,-1.5328881214147614,0.6239585362829411,-0.830336842890067,12,-0.7433034457600673,1.1259349370983405,0.1315620534391826,8,1.560406000000003,61,0.39344262295081966,COMPLETE
74,-9999.0,2026-04-28 13:11:40.023196,2026-04-28 13:11:47.630004,0 days 00:00:07.606808,2,57,12,7,39,0.9,16,88,11,4,2.66,1.8141746009496833,0.9624338745781001,58,-2.044688173795435,-2.044688173795435,0.7043955024288938,5,0.6666666666666666,1.8408806131740634,-2.044688173795435,3.45031484059128,3.327111000000027,14,-0.46421591889119346,0.7043955024288938,-0.2096553343100771,8,-1.0049859659583145,1.7349038278979192,0.4880163481189692,5,-0.9930766795602884,2.6953237071743246,1.8787793961121624,12,-1.1629952329851179,1.5478742582438008,0.6909649405988816,8,-1.76279418649195,0.7522354693618803,-0.40061310305136155,11,5.863922999999982,58,0.39655172413793105,COMPLETE
75,-9999.0,2026-04-28 13:11:47.634748,2026-04-28 13:11:55.268815,0 days 00:00:07.634067,2,55,13,6,46,0.85,9,88,10,5,2.7,1.48512040084743,1.1043942040521835,107,-2.526629540182007,-2.526629540182007,0.7731434791112156,10,0.6666666666666666,1.500631429142301,-2.0402153337206843,2.7664273003957836,3.6332230000000187,20,-0.8742418805766807,0.7731434791112156,-0.5148561287146358,21,-0.6475228446309526,1.1308229710488849,0.13367842208518166,10,-2.526629540182007,1.842673737543894,2.5196265197592993,22,-1.350703887645274,0.8889688918873834,-0.2705598695947553,15,-0.9691178486733792,1.508686025097417,1.1252532807779936,19,6.740055999999939,107,0.411214953271028,COMPLETE
76,-9999.0,2026-04-28 13:11:55.273567,2026-04-28 13:12:02.944543,0 days 00:00:07.670976,3,50,14,5,35,0.85,10,90,10,4,2.52,1.2309501349041,0.056541155219565674,72,-2.702708284277057,-1.9485830920478717,0.4022759098381828,9,0.5,1.032189367822591,-1.8238879860172117,0.4022759098381828,-1.4324936000000288,16,-1.6358223021054663,0.7649997312467969,-0.31049096317604663,11,-0.5875674937772576,2.0034332670642243,0.7704855752646234,9,-0.9961453395993012,2.1550066330592004,1.318910398626616,12,-1.9485830920478717,0.7310209057268705,-0.6180208013674138,12,-1.6016222452201887,1.328964362489326,0.6108563219696439,12,0.31354440000006534,72,0.3888888888888889,COMPLETE
77,-9999.0,2026-04-28 13:12:02.949371,2026-04-28 13:12:10.530250,0 days 00:00:07.580879,2,49,14,7,38,0.8,14,85,10,4,2.52,1.5259855697038118,0.7782864528604364,85,-2.865487244574254,-2.5116074421172154,0.6086441503917195,9,0.5,1.4344048333119326,-2.044023067847686,3.441521113760522,3.1742216000000267,16,-1.1989855192959091,0.9427747809458692,-0.07773259517375175,12,-0.7513544142656297,0.6086441503917195,-0.4050748952449501,9,-1.6722298703707072,1.5736495362695633,1.2469547339156728,20,-2.5116074421172154,0.6619650383613424,-0.957417461197474,12,-1.5636214331334009,1.9273587984938556,1.688767334863095,16,4.700221200000065,85,0.4117647058823529,COMPLETE
78,-9999.0,2026-04-28 13:12:10.534869,2026-04-28 13:12:18.106480,0 days 00:00:07.571611,2,58,14,7,44,0.8,16,88,12,3,2.56,1.7878793768146408,0.7973377951859909,70,-1.774995356328792,-1.774995356328792,0.2972330729166574,7,0.5,1.5521966902028026,-1.2920858451670652,3.3960600036147053,3.0492020000000064,11,-0.9493447710053217,0.3829101818335474,-0.8503270117511286,12,-0.7226688487975454,0.2972330729166574,-0.6761555006848607,7,-0.8032525233333007,4.691262862488349,3.1106648732416975,15,-1.007582351751891,1.1425203708308207,0.3834498712289358,17,-1.774995356328792,0.8172897692037648,-0.23280746091870475,8,4.7955632000000525,70,0.4142857142857143,COMPLETE
79,-9999.0,2026-04-28 13:12:18.111108,2026-04-28 13:12:25.777521,0 days 00:00:07.666413,3,52,13,6,34,0.95,9,81,12,3,2.58,2.1393704217892435,0.11002005186987833,51,-2.361462056157576,-1.5445290767040767,0.4026816791649914,3,0.3333333333333333,1.1005382108760131,-1.5445290767040767,0.4026816791649914,-1.0976201999999935,12,-1.2393117586470703,0.7421829983708168,-0.40480987495911114,13,-0.47818390581525655,0.9363975191451452,-0.044350362577116886,8,-0.6475229940423066,5.0,1.9782852861631506,7,-1.1724775303119772,0.754960334054509,-0.4026874307728079,8,-0.10652809208186963,5.0,0.6313028933651488,3,0.6331051999999948,51,0.4117647058823529,COMPLETE
80,-9999.0,2026-04-28 13:12:25.782313,2026-04-28 13:12:33.402053,0 days 00:00:07.619740,2,59,12,7,53,0.95,16,89,13,3,2.72,2.597068872541398,0.838295379728458,35,-1.1911078984245336,-1.1911078984245336,0.4983737175476481,2,0.6666666666666666,2.242475910818979,-1.1393521458525502,2.5006564355326706,1.6075632000000173,8,-0.8222958549016063,0.4983737175476481,-0.5759929493122429,10,-1.020086821547124,5.0,1.0764176659479041,2,-1.1911078984245336,3.286510890012039,1.9760647145675492,8,-0.5063386644814875,3.487486072585632,1.0248556156456923,4,-0.4664374731844994,0.8093861195703967,-0.07913596847817228,3,5.111396799999968,35,0.42857142857142855,COMPLETE
81,-9999.0,2026-04-28 13:12:33.406739,2026-04-28 13:12:41.006242,0 days 00:00:07.599503,2,37,14,7,51,0.85,17,87,12,5,2.56,1.7512066894984188,0.279563910949208,53,-1.8714740638513159,-1.742073070514257,0.31596415148886775,5,0.6666666666666666,1.2970126438414593,-0.35912175007290437,3.6364587677725946,1.1125856000000267,9,-0.8725264363151882,1.4959166016594487,0.8299168644739119,13,-0.836342707125888,0.7879122525414697,-0.15552143221964077,7,-0.5455713044838449,2.8274017831158935,0.6785715952960292,5,-1.742073070514257,0.31596415148886775,-1.1081918151630954,10,-0.514813250897479,1.4435865804122383,0.3200226533080164,9,1.672537600000057,53,0.4339622641509434,COMPLETE
82,-9999.0,2026-04-28 13:12:41.011727,2026-04-28 13:12:48.680399,0 days 00:00:07.668672,2,60,11,6,48,0.8,9,86,10,3,2.4200000000000004,1.3126148979724606,0.5046858656614565,160,-4.030532551833294,-4.030532551833294,0.5437891148525332,18,0.5,1.1397282434657499,-1.8108868222278849,0.6800857430830491,-1.1267860000000463,29,-1.1315511336208302,0.9281054734363285,-0.26062245736246936,29,-0.5859260471892697,1.1740313647945748,0.2195467630218273,18,-1.1857825839176372,2.990150894336076,5.804965340216017,28,-4.030532551833294,0.5437891148525332,-3.2323091064495935,31,-1.9108061158922982,1.559526797332201,1.6233206545430034,25,2.831826199999976,160,0.44375,COMPLETE
83,-9999.0,2026-04-28 13:12:48.685238,2026-04-28 13:12:56.253360,0 days 00:00:07.568122,2,56,13,7,52,0.85,18,88,11,3,2.8,1.2116129875399844,-0.11597166977779423,51,-3.074857256652818,-2.3400971445829217,0.0,3,0.5,0.8992122256233983,-1.312439072961545,1.1292751184124197,0.20279000000003045,10,-0.8337286173690787,0.48307650216060116,-0.6410859418185866,11,-0.7478923990218488,0.0,-0.6512127050027017,3,-1.0204193873618834,3.4537894030852194,1.8124322845424201,11,-2.3400971445829217,0.1881048235158542,-2.03261676746036,10,-0.4774212802996577,2.015432078065813,0.6138631110724324,6,-0.7365500000000025,51,0.3333333333333333,COMPLETE
84,-9999.0,2026-04-28 13:12:56.258089,2026-04-28 13:13:03.882788,0 days 00:00:07.624699,2,44,12,5,49,0.85,11,86,10,4,2.72,2.088056632740303,1.0265088132620264,84,-3.556772238847674,-2.2090204532708158,0.23995464983330966,11,0.8333333333333334,1.6125801831075002,-2.051765962002449,2.2008567305788014,2.5465608000000417,16,-1.7801990216194121,1.6681168511512319,0.926456033813694,14,-0.41637825469946577,4.301862423958744,1.9089537402585455,12,-0.9759656118833251,2.148810358084039,1.8557776566043183,17,-2.2090204532708158,0.23995464983330966,-2.2090204532708158,14,-0.8915799355702698,1.968738782835694,1.130325102166374,11,6.243980800000126,84,0.4523809523809524,COMPLETE
85,-9999.0,2026-04-28 13:13:03.887596,2026-04-28 13:13:11.503201,0 days 00:00:07.615605,2,36,14,5,39,0.85,16,88,13,5,2.72,1.0584617074572258,0.01338332148506279,52,-1.9387605106578314,-1.5081786838056706,0.22300674886160546,6,0.5,1.0099947487289407,-0.8622373306272934,1.8659024582621793,0.526953600000013,8,-1.1261326570772277,1.3829944592063932,0.6896661792405112,13,-0.8330905636584707,0.26431246655965357,-0.5433695117974979,6,-0.5514442161094789,1.8039534387733176,0.7114494813929673,7,-1.5081786838056706,0.22300674886160546,-1.082180273518163,8,-0.5763408028170524,0.8106006730802046,-0.2222195464074539,10,0.06642520000001984,52,0.34615384615384615,COMPLETE
86,-9999.0,2026-04-28 13:13:11.508085,2026-04-28 13:13:19.105135,0 days 00:00:07.597050,2,31,12,7,56,0.85,12,81,13,5,2.68,1.9063913774523495,0.7871177544153451,79,-2.336486774735559,-2.049464861643512,0.644214763717912,8,0.6666666666666666,1.4923327547179188,-1.519882500243847,0.9064461684198836,-0.15110160000001427,12,-2.049464861643512,1.4871911324517233,1.1035623002927597,15,-0.4990594369158694,1.2912510906831445,0.3273440351729606,12,-1.1949200328878848,4.847388392161665,2.4387005588445865,8,-1.5234978501795,0.644214763717912,-0.8654963360615109,16,-1.087117443432059,2.261856717279769,1.8696975682432893,16,4.776277600000012,79,0.43037974683544306,COMPLETE
87,-9999.0,2026-04-28 13:13:19.109975,2026-04-28 13:13:26.793110,0 days 00:00:07.683135,3,47,13,6,46,0.85,11,90,11,4,2.7600000000000002,1.6289155820993015,0.3022385524476275,79,-3.200986340090551,-2.31653194497437,0.18189384533158115,12,0.5,1.168816267569357,-2.31653194497437,0.18189384533158115,-1.9898795999999885,15,-1.7971768171310791,0.8903545308812556,-0.16260198370291468,12,-1.1929780120099804,1.5911910437202674,0.7857554168667402,14,-0.8308054095161029,5.0,3.1128884396369294,13,-2.1265496911618826,0.7320046135737271,-0.6672005767074274,13,-1.811370663699681,1.3780494590889796,0.734469618592426,12,1.7529628000000796,79,0.4050632911392405,COMPLETE
88,-9999.0,2026-04-28 13:13:26.797834,2026-04-28 13:13:34.420038,0 days 00:00:07.622204,3,47,13,5,36,0.95,11,83,12,4,2.7600000000000002,2.9025948017658085,0.6495339164954909,36,-1.4449347165623836,-1.327179909495673,0.13677583039279367,3,0.6666666666666666,2.0819605188633745,-1.0787759296268027,0.31928505152121717,-0.5575600000000014,5,-0.8745987119147983,1.9595079286808423,0.743561803189885,8,-0.4166762887194567,5.0,1.340360074782354,7,-0.8117582313118802,5.0,2.5213840276526067,8,-1.327179909495673,0.13677583039279367,-1.1375690208569211,5,-0.41079790575180325,5.0,0.9870266142050221,3,3.916101999999988,36,0.5555555555555556,COMPLETE
89,-9999.0,2026-04-28 13:13:34.424881,2026-04-28 13:13:42.066843,0 days 00:00:07.641962,2,59,12,6,32,0.85,9,80,12,5,2.2,1.971202057463481,1.3132892859381313,107,-2.0392034990006946,-2.0392034990006946,0.7265521037182071,10,0.8333333333333334,1.6528005403771966,-2.0392034990006946,3.5539341686475083,3.1695599999999935,15,-1.7073113707546526,0.7265521037182071,-0.866809938900559,24,-0.6692563025176602,2.0275556954499767,0.5745455040375713,10,-1.627902419533286,2.0698017677851146,2.9086640319491597,22,-0.7056491088355137,2.2859250551951,1.6121739555955639,13,-1.4883702582742757,1.1634435539849806,0.48160216294705904,23,8.079411999999975,107,0.514018691588785,COMPLETE
90,-9999.0,2026-04-28 13:13:42.071699,2026-04-28 13:13:49.647304,0 days 00:00:07.575605,2,34,13,6,41,0.8,17,88,12,5,2.72,1.4667862248957373,0.3136615203386613,60,-1.930241919669155,-1.930241919669155,0.8726602012808985,5,0.6666666666666666,1.2659169001078152,-0.8622373306272934,1.6446414790997177,0.6415472000000255,11,-1.930241919669155,1.3384046953452535,0.7373268999187665,14,-0.48796312089149424,1.0321188589540249,0.031984658852768355,10,-0.5471994342881176,3.0140352919388698,0.7506556783868357,5,-1.3065285879535047,0.8988568227556579,-0.14313352961329295,10,-0.5724545117155092,0.8726602012808985,-0.13641178551313526,10,1.8918844000000767,60,0.4166666666666667,COMPLETE
91,-9999.0,2026-04-28 13:13:49.652013,2026-04-28 13:13:57.205456,0 days 00:00:07.553443,3,30,10,7,59,0.9,18,84,12,4,2.64,1.416250820903105,0.09206622047094881,20,-1.685085799989718,-1.685085799989718,0.0,2,0.6666666666666666,1.2084191922052927,-0.22009038341217657,2.5491359034665773,0.15148999999998747,2,-1.685085799989718,0.8759886593148207,-0.13058577560852713,4,-0.6218480823277664,1.1177158424140452,0.044929896635870215,4,-0.8473012294580031,1.5845121433259994,0.30256697809183386,4,-0.2914616376501195,0.0,-0.2660398792882379,2,-0.8083254843657273,2.3701523768971873,0.4500361029947664,4,0.5518836000000027,20,0.45,COMPLETE
92,-9999.0,2026-04-28 13:13:57.210271,2026-04-28 13:14:04.845555,0 days 00:00:07.635284,3,35,11,5,59,0.9,13,84,12,4,2.4000000000000004,2.7221322382243582,0.7915141608160647,42,-1.429255253949222,-1.1365314960656931,0.5480613432046185,4,0.8333333333333334,2.2600605234731077,-0.2091890951890681,2.627158079968729,0.33288399999999996,4,-0.724270639211174,4.503583604342422,2.2226670968612527,7,-0.18623663926244877,5.0,1.5893965608438254,9,-1.1365314960656931,2.0533510922847,0.9260096558042274,7,-1.0730493423054455,0.5480613432046185,-0.6095232769914416,9,-0.6168373491918726,1.6006393095456812,0.28765092837852446,6,4.817601999999943,42,0.5714285714285714,COMPLETE
93,-9999.0,2026-04-28 13:14:04.850383,2026-04-28 13:14:12.506497,0 days 00:00:07.656114,2,51,13,5,58,0.9,12,83,15,4,2.58,1.3192196210696632,0.3759657066125226,78,-3.950068532310249,-2.9507899056920026,0.08722144793559476,8,0.5,1.1923656753443874,-2.0564922832695487,3.814959104910953,4.770173400000011,17,-1.2892206265057855,0.5622046119797209,-0.7608902172533738,13,-0.473438995400481,0.6113398052934813,-0.27300379367578564,8,-1.2806542664708405,1.833069286236804,1.4607235057598755,16,-2.9507899056920026,0.08722144793559476,-2.9507899056919973,13,-1.602662604707036,1.0065234700614247,0.009581250536405683,11,2.1091896000000165,78,0.3717948717948718,COMPLETE
94,-9999.0,2026-04-28 13:14:12.511255,2026-04-28 13:14:20.148692,0 days 00:00:07.637437,2,35,10,7,56,0.9,12,85,12,4,2.6,2.7136033753166466,1.1627258312222721,58,-1.9889705864483405,-1.652959225842705,0.7046636730757372,5,0.6666666666666666,2.171437967036036,-0.3950388147559894,4.031769769160532,0.6973980000000157,5,-0.8643551033658684,5.0,4.788435546268999,10,-0.22362799424911184,2.646385628742473,0.6514130296707776,8,-1.1273062990699085,0.7046636730757372,-0.369086311156952,7,-1.652959225842705,0.9017908557554644,-0.2652960933557602,16,-0.503401891431486,2.9970103251656726,1.473490815906553,12,7.088909999999937,58,0.5344827586206896,COMPLETE
95,-9999.0,2026-04-28 13:14:20.153457,2026-04-28 13:14:27.779283,0 days 00:00:07.625826,3,32,11,7,38,0.9,13,78,11,4,2.5,2.5829295860124417,1.237821802539261,41,-0.8905650806815189,-0.8524208350792684,0.9872667598613633,3,0.8333333333333334,3.2517262234766093,-0.31174760951806263,1.1011151719613996,0.02157999999998772,3,-0.726520679274186,5.0,3.1051599064921165,8,-0.6006871711581987,2.0443820061566664,0.6974333981625058,9,-0.6057153224067182,5.0,3.4039180173882855,8,-0.4985700020161183,0.9872667598613633,-0.0097549382571116,7,-0.8524208350792684,1.36481357809522,0.2085944314497823,6,7.595004999999899,41,0.5853658536585366,COMPLETE
96,-9999.0,2026-04-28 13:14:27.784088,2026-04-28 13:14:35.372867,0 days 00:00:07.588779,2,42,14,6,43,0.85,18,81,13,4,2.66,2.028959852706477,0.7331800067381877,49,-1.2120612685431587,-1.0389602326386964,0.7910234799019735,7,0.6666666666666666,1.9151353084440534,-0.7846458000281454,4.508400396432246,2.65498200000005,11,-0.6858609588169682,1.9852658479920848,0.57836569490608,8,-0.7883476239210855,0.9003708375636816,-0.09409067328607357,8,-1.0389602326386964,1.3907460708008783,0.3771978008304311,8,-0.551438100612343,0.7910234799019735,-0.17217548388142045,7,-0.587035156574009,2.597952483548,1.0548007018600591,7,4.452636599999971,49,0.46938775510204084,COMPLETE
97,-9999.0,2026-04-28 13:14:35.377594,2026-04-28 13:14:42.964621,0 days 00:00:07.587027,2,48,14,6,41,0.85,18,75,10,5,2.54,2.0031868668161925,0.7323160982045737,60,-2.045561295483596,-2.045561295483596,0.6289791526563312,8,0.6666666666666666,1.7254500029547128,-2.045561295483596,4.848367719113276,3.503015200000026,11,-0.8156729125994796,0.7158001475403478,-0.4243213583211669,13,-0.7657902562077139,1.2269583841069325,0.1789064120339967,8,-0.722379706916734,2.8290377923162557,1.0181140405468803,8,-0.9409033855231265,0.6289791526563312,-0.50251735766903,10,-0.4658498481893226,1.769978005164011,0.6206996526367359,10,4.419412399999989,60,0.43333333333333335,COMPLETE
98,-9999.0,2026-04-28 13:14:42.969267,2026-04-28 13:14:50.543947,0 days 00:00:07.574680,3,39,13,7,59,0.85,14,83,13,5,2.64,2.334034950838107,0.8473276477639698,71,-2.5366915226140923,-2.2068533128542724,0.12345450343235834,9,0.8333333333333334,1.70429688606144,-0.529293450470191,2.2157358984225426,0.7899244000000527,10,-0.8895431533205425,1.5891834648922487,1.0752971653186671,17,-0.5984560787028972,3.456621362496515,2.2887921445362336,14,-0.5235415999493146,5.0,2.509009869558332,11,-2.2068533128542724,0.12345450343235834,-2.023745069983063,9,-0.4378261643008826,1.6192144757849765,0.4446873771535964,10,5.123555600000085,71,0.5070422535211268,COMPLETE
99,-9999.0,2026-04-28 13:14:50.548599,2026-04-28 13:14:58.184470,0 days 00:00:07.635871,2,53,12,5,53,0.85,11,86,11,3,2.62,0.9937774535407593,-0.20012804850117286,109,-3.3879115916033458,-2.8399730616712544,0.4234404718386366,13,0.5,0.9274707588184038,-2.613761740811852,0.5075062411118884,-1.7419651999999952,21,-1.2129224076775575,1.4671831324709832,0.9685471543747992,18,-1.4652504614187065,0.4234404718386366,-1.0651533986639983,13,-1.2492994518769558,1.4002957367117723,0.899400352966917,18,-2.8399730616712544,0.8428236605511384,-0.8685062604475102,26,-1.9074165389624076,1.3214154785601375,0.6069090607627503,13,-1.2285321999999876,109,0.3119266055045872,COMPLETE
100,-9999.0,2026-04-28 13:14:58.189160,2026-04-28 13:15:05.754738,0 days 00:00:07.565578,3,35,10,7,38,0.9,15,90,12,5,2.58,2.067139571142252,0.5017417328462115,31,-1.334290516593335,-0.9865366093580519,0.1762156690051414,3,0.8333333333333334,1.8631888141463258,-0.7530477934890465,1.0678280355216276,0.04086299999999099,6,-0.48573866698274254,3.4990659030409947,2.1677785806385685,9,-0.6099138434234024,1.1506215584518247,0.07439893514269436,5,-0.5451756100253176,1.509106260833924,0.26703727560586366,3,-0.9865366093580519,0.1762156690051414,-0.7934405509317455,5,0.0,5.0,1.2538131566218969,3,3.020660199999914,31,0.45161290322580644,COMPLETE
101,-9999.0,2026-04-28 13:15:05.759463,2026-04-28 13:15:13.441005,0 days 00:00:07.681542,3,39,14,7,51,0.8,8,78,12,3,2.58,1.8911456875345747,1.3131891330856942,121,-1.6449743496578715,-1.6449743496578715,0.8510557306014682,15,0.8333333333333334,1.5585403341638748,-1.6449743496578715,0.8510557306014682,-0.511477599999921,26,-1.634034636795953,1.1082948917128101,0.32790033677292385,24,-0.716771367679515,3.2380463310373053,2.402338036916274,20,-1.2253843775404678,3.363586241299841,3.8938392206492756,18,-1.4949960877739032,1.286039162076319,0.9378910864668244,18,-0.9478387624806313,1.4998517684797046,0.828643717708788,15,8.076811600000111,121,0.4297520661157025,COMPLETE
102,-9999.0,2026-04-28 13:15:13.445842,2026-04-28 13:15:21.089580,0 days 00:00:07.643738,3,38,13,5,52,0.8,11,78,12,3,2.68,1.4277495340564714,0.4963538821233256,82,-3.385010053594829,-2.2686302119954234,0.13288863484298988,10,0.8333333333333334,1.2870162730460732,-2.004717498332555,0.13288863484298988,-1.9569055999999807,14,-2.2686302119954234,1.0800163635537303,0.16159547081779913,15,-0.7217096409148381,2.554944504688396,1.985864423559125,19,-1.270719125205572,1.8560788419580816,1.2654454128919967,11,-1.1456622681862907,1.4170259874651119,0.8423988104419466,13,-1.0033873591176237,1.5255428718305188,0.6797247750290669,10,2.968572000000047,82,0.4268292682926829,COMPLETE
103,-9999.0,2026-04-28 13:15:21.094246,2026-04-28 13:15:28.689867,0 days 00:00:07.595621,2,34,13,7,51,0.95,15,79,11,5,2.7,2.9952548775716004,0.874099609445672,20,-1.8138283601635872,-1.8138283601635872,0.0,2,0.6666666666666666,4.158072246277939,-0.3546475866931031,0.0,-0.2556300000000067,2,-1.8138283601635872,2.2686172011633654,1.3162948445110123,6,-0.35625235665262056,0.7029120642662363,-0.0819732963378117,3,-1.1952266049698141,5.0,3.010059177340474,4,-0.17753808755926104,5.0,0.5927124071196888,2,-0.1384830558057875,5.0,0.6631345240406761,3,5.324193999999949,20,0.6,COMPLETE
104,-9999.0,2026-04-28 13:15:28.694616,2026-04-28 13:15:36.299561,0 days 00:00:07.604945,3,35,12,7,48,0.8,13,80,11,3,2.52,1.958231075398068,0.6857201658081588,74,-1.9866623400994277,-1.9866623400994277,0.1673361335639417,9,0.6666666666666666,1.510722172079962,-1.4023210349252806,0.1673361335639417,-1.1795099999999836,9,-1.9866623400994277,1.7188949888005687,1.3251114217304627,15,-0.4168912213738274,5.0,2.2025149560713553,14,-0.9450803947029048,3.1463831803375966,2.1248774905240797,11,-0.8960631616509608,1.2721532114605445,0.4816189096050971,14,-1.1840198027540423,0.44461893822575604,-0.8402917830820589,11,4.13077199999996,74,0.4594594594594595,COMPLETE
105,-9999.0,2026-04-28 13:15:36.304413,2026-04-28 13:15:43.936887,0 days 00:00:07.632474,3,54,12,6,37,0.85,13,88,12,3,2.52,1.0518954406203027,-0.010510396544079667,68,-3.5975223557325595,-2.22196810121334,0.5334751784595126,8,0.5,0.9909914859499926,-2.22196810121334,0.5660955265337514,-1.0372659999999922,13,-1.2389424925721921,0.5334751784595126,-0.5791658908695929,11,-1.0297260670190111,0.5700223113861618,-0.4759666836087084,8,-1.021398480689079,2.3508593300078906,1.5570410164393866,12,-1.3839301800347643,1.1115375230706739,0.25097694176148266,16,-1.9580819203299726,1.1793827742638245,0.22131823701294628,8,-0.08382079999998959,68,0.36764705882352944,COMPLETE
106,-9999.0,2026-04-28 13:15:43.941636,2026-04-28 13:15:51.559123,0 days 00:00:07.617487,3,33,10,7,55,0.8,13,82,12,4,2.64,2.1277193515585675,1.4305243936331518,99,-2.4239571277887895,-2.028954487571723,0.3573115806060516,9,0.6666666666666666,1.8487631851866866,-1.2344752804904162,0.9628616046640858,-0.042807199999950196,13,-1.6394401262667402,2.219703201284755,2.6517819536044485,22,-1.1930390701298996,3.0388312813875986,3.3472826378462273,23,-1.1249210184466614,4.524142134077082,3.8607819697503487,15,-2.028954487571723,0.3573115806060516,-1.8441965755790046,17,-0.5822752051200126,1.6634663073318317,0.6103035761768405,9,8.76511799999995,99,0.5151515151515151,COMPLETE
107,-9999.0,2026-04-28 13:15:51.563973,2026-04-28 13:15:59.183838,0 days 00:00:07.619865,2,57,13,5,34,0.9,11,81,15,5,2.64,2.004309934696242,1.0238886126254805,89,-3.0107798316944123,-2.1386605181617684,0.44344609513194444,7,0.6666666666666666,1.58825748038335,-2.036886856448282,3.650036304751004,4.058477600000088,18,-0.6580926839945836,1.5823212183405928,0.8888782743444734,18,-0.40328179827104105,1.9630874137087142,0.54351472003904,7,-0.5236930684516865,3.920697710133389,3.4233254371434763,16,-1.3365047484555999,0.44344609513194444,-1.2076075117792517,13,-2.1386605181617684,0.4662708661118082,-1.5632568439949424,17,6.163214800000039,89,0.47191011235955055,COMPLETE
108,-9999.0,2026-04-28 13:15:59.188726,2026-04-28 13:16:06.810464,0 days 00:00:07.621738,2,58,12,7,45,0.95,11,89,13,5,2.3800000000000003,2.444049180171444,1.3228941690799745,51,-2.0484102611268846,-2.0484102611268846,0.13544413119945814,4,0.6666666666666666,2.5090834614757873,-2.0484102611268846,4.8854520835596045,5.366003599999991,15,-0.7233670461369848,0.8496333672305126,-0.1838389930165052,11,-0.4040880047733616,2.064409540916488,0.48455534486659957,4,-0.8804105138515909,5.0,2.973357283264577,10,-1.1951892660117185,0.13544413119945814,-0.9327578099738498,6,-0.42545414406067195,1.7293559581226001,0.23004558933903407,5,8.057162600000002,51,0.49019607843137253,COMPLETE
109,-9999.0,2026-04-28 13:16:06.815203,2026-04-28 13:16:14.401106,0 days 00:00:07.585903,2,45,13,7,39,0.9,16,79,12,5,2.7800000000000002,1.527489529781483,0.29705351748955944,53,-1.3939851205789546,-0.9551728256049099,0.3403917205843478,6,0.5,1.3284135651435351,-0.725197378866692,1.1714591838986994,0.15538660000002924,10,-0.808226069053584,0.8996042379290665,-0.14447290845958083,12,-0.6573559844800064,0.3403917205843478,-0.45055663909971955,6,-0.7433908884585265,3.4138781299437904,1.7777726994373522,8,-0.9551728256049099,0.7980760790051135,-0.2397180625112294,9,-0.4387101255556878,2.5415278273278807,0.683909415570505,8,1.778474400000074,53,0.41509433962264153,COMPLETE
110,-9999.0,2026-04-28 13:16:14.405898,2026-04-28 13:16:22.017885,0 days 00:00:07.611987,3,57,13,5,60,0.8,15,77,10,4,2.58,1.1192427567105996,0.050149820899760465,87,-3.654532538496502,-2.2902835019559484,0.6269218497786455,11,0.6666666666666666,1.0216402171150853,-1.4903172321954337,1.0884616815692711,0.15215940000006256,16,-1.2611920424226408,1.6631745542525207,0.8593735823134052,13,-0.9076127072505531,1.2761442885771273,0.27282868035685137,11,-2.0284074443988143,1.2898678636102643,0.8518080276819662,16,-2.2902835019559484,0.7708863024757676,-0.6667656336730166,14,-1.8912206131894185,0.6269218497786455,-1.168505131280706,17,0.2844230000000447,87,0.42528735632183906,COMPLETE
111,-9999.0,2026-04-28 13:16:22.022663,2026-04-28 13:16:29.601149,0 days 00:00:07.578486,2,37,14,7,43,0.85,16,88,13,3,2.68,1.4230726940954541,0.3996559966926494,52,-1.904438759721359,-1.904438759721359,0.30152307838940395,5,0.6666666666666666,1.3715898264530837,-1.391574488456253,0.37651517589633615,-0.8136663999999905,9,-1.904438759721359,1.7466606321024545,1.3805188177658634,15,-0.3242132910519955,1.3385575782001888,0.15036772743430848,5,-0.8065522242872053,2.837795486586739,1.8251339372013176,10,-0.46025581600264615,1.9373842133976005,0.6367219359684873,6,-0.8332133291694388,0.30152307838940395,-0.7811400382140898,7,2.3916636000000047,52,0.38461538461538464,COMPLETE
112,-9999.0,2026-04-28 13:16:29.605997,2026-04-28 13:16:37.225016,0 days 00:00:07.619019,2,36,12,7,44,0.8,11,86,10,5,2.58,1.721494724489002,0.9636472505842265,104,-2.555302347795039,-1.9299750719580688,0.3646865001251589,15,0.6666666666666666,1.5104735386278907,-1.3355588155757712,1.522639978502683,0.7974284000000331,16,-0.9232699630068817,2.6726287386058405,3.4315484580358158,23,-0.557578052427391,3.282882253683787,2.4266711988290446,17,-1.27691185240278,1.5753909806849185,1.0249200544449222,15,-1.9299750719580688,0.3646865001251589,-1.7411634472350501,17,-1.0833715636463392,0.9107398953316244,-0.15752116056940713,16,5.835417000000098,104,0.46153846153846156,COMPLETE
113,-9999.0,2026-04-28 13:16:37.230734,2026-04-28 13:16:44.900238,0 days 00:00:07.669504,2,55,12,6,44,0.95,12,89,13,3,2.54,1.6822441526506609,0.4553053506533881,49,-2.3616514301861438,-1.8462650708281618,0.08302044700530313,3,0.5,1.4154889377001825,-1.8462650708281618,1.3771285600917071,0.6843224000000037,11,-1.397277318320586,0.08302044700530313,-1.3972773183205889,9,-0.9665478703696502,0.37350323757322984,-0.6539446600314025,8,-1.0443828946927116,2.5793499254288292,1.7178915470999145,9,-0.6062716244904148,4.909179022255913,2.4756715312074684,9,-0.31724539286375875,0.7712837235489838,-0.09483139603506663,3,2.708755200000068,49,0.3673469387755102,COMPLETE
114,-9999.0,2026-04-28 13:16:44.905058,2026-04-28 13:16:52.559519,0 days 00:00:07.654461,2,31,11,7,48,0.8,9,87,11,5,2.3600000000000003,1.6972570874573456,1.1413290657143749,109,-1.7735106844548247,-1.6419674645953761,0.5461223782284599,11,0.6666666666666666,1.5718866019544928,-1.4184430657423612,0.5461223782284599,-0.8902627999999968,16,-0.7317410701788273,2.823451080243962,3.872990190917336,24,-1.2354219017358474,1.6422216951296749,0.9468236931893248,15,-0.5311742711250466,2.304195276075985,1.3028024425703277,11,-1.6419674645953761,0.922360601614103,-0.25732673283985763,23,-1.1530711112905343,1.9451914934518886,1.8729476004491152,20,6.972698800000021,109,0.44954128440366975,COMPLETE
115,-9999.0,2026-04-28 13:16:52.564274,2026-04-28 13:17:00.244022,0 days 00:00:07.679748,2,32,13,7,32,0.8,9,88,12,4,2.4800000000000004,2.1331104693008243,1.3405461877394422,97,-1.9015221023613946,-1.4774538811580962,0.9426240658154937,12,0.6666666666666666,1.8249965913902784,-1.1466182101157396,0.9426240658154937,-0.08452679999996215,13,-0.7232883690024358,4.907021668318947,4.41773096661866,18,-1.3544891552530085,2.162538464069113,2.0322296279277285,20,-1.4774538811580962,0.9566278155415976,-0.0932669744956316,15,-1.2998020554082585,1.2440866238723796,0.5645597841745786,19,-0.49864820397268406,2.5857641781874134,1.2065505222112805,12,8.241229199999967,97,0.5154639175257731,COMPLETE
116,-9999.0,2026-04-28 13:17:00.248897,2026-04-28 13:17:07.886122,0 days 00:00:07.637225,2,30,12,7,36,0.8,10,90,12,3,2.74,1.4755849646941313,0.9934972792181713,96,-3.0493938579986097,-2.0455462684071524,0.5994589253103815,12,0.8333333333333334,1.4784160571407896,-2.0455462684071524,0.5994589253103815,-0.8268809999999793,12,-1.9312656710551785,1.4314109906415833,1.3368491516336123,22,-1.6812710888818818,1.44449572849618,0.9448400606597351,17,-0.9331506358628447,1.4464504445795041,0.702313020636236,12,-1.047186727939583,2.347652668456224,2.8993521397603805,18,-0.7959189304922213,1.5840410306809147,0.9045103026190437,15,6.073807600000047,96,0.4375,COMPLETE
117,-9999.0,2026-04-28 13:17:07.890992,2026-04-28 13:17:15.524051,0 days 00:00:07.633059,3,35,11,7,45,0.8,8,86,11,5,2.5,2.3223555726025222,1.573369657947521,108,-1.9899699859599502,-1.9379770048660094,0.8169016709443174,15,0.8333333333333334,1.84645710361374,-0.9731844310897497,1.1648236617334398,0.29601999999999684,17,-0.7231189887419069,2.8663697104676613,3.550988364244101,21,-0.6376782308481421,2.8187597436341356,2.5274289237793957,17,-0.5086620895010601,5.0,3.2668671347657607,15,-1.9379770048660094,0.8169016709443174,-0.6254121628574083,20,-1.1694096780390284,1.267278648835579,0.4243256877532797,18,9.737049999999892,108,0.5,COMPLETE
118,-9999.0,2026-04-28 13:17:15.528963,2026-04-28 13:17:23.124637,0 days 00:00:07.595674,3,50,12,7,40,0.8,16,84,11,3,2.74,1.239551861461229,-0.0008351786833726838,54,-2.318851304604962,-2.135025507611021,0.5803689987766514,4,0.3333333333333333,0.9975580645732173,-1.8539448826097589,0.942539996844863,-0.10562699999996372,11,-1.0396486163059926,0.6310978707603228,-0.437585408339225,11,-0.58362854906166,1.7113557652851579,0.34860686445401523,4,-0.8360672945847,2.6166793544854454,1.2426554445713833,8,-2.135025507611021,0.5803689987766514,-0.9980608087250431,12,-1.9382030147003908,0.9552691826149332,-0.055000164061402845,8,-0.019318199999951435,54,0.3333333333333333,COMPLETE
119,-9999.0,2026-04-28 13:17:23.129478,2026-04-28 13:17:30.721011,0 days 00:00:07.591533,2,37,14,7,38,0.85,14,88,11,5,2.7600000000000002,1.607007777824052,0.22095177051158857,58,-2.3488081771850697,-1.7024839939042247,0.17071319631829482,7,0.5,1.187898323779413,-0.35779993057341397,3.4055791469194987,1.0151544000000179,9,-1.1212271642802285,1.3426335642093863,0.7742390779338137,17,-0.6079647048147502,0.6005155366255115,-0.2837789733210694,7,-0.5434253656186839,3.153439047945375,1.3619219238010682,7,-1.7024839939042247,0.17071319631829482,-1.5114029763357295,9,-0.5169473164243237,0.9691661749262458,-0.03042282900856952,9,1.3049144000000013,58,0.39655172413793105,COMPLETE
120,-9999.0,2026-04-28 13:17:30.725880,2026-04-28 13:17:38.387716,0 days 00:00:07.661836,2,53,13,6,53,0.95,8,81,14,5,2.4800000000000004,2.72685721483124,1.3824948126343088,57,-2.046896850902825,-2.046896850902825,0.3268400702535213,4,0.6666666666666666,2.4533778408797864,-2.046896850902825,5.0,5.211677600000031,14,-0.8571059377091714,1.2167149388761025,0.31761075160348096,13,-0.6480793440029442,0.4363414813183653,-0.29100985553563996,4,-0.7003293871120221,4.381246798539452,2.3584200291716817,10,-1.1548756764237205,0.3268400702535213,-0.9713453044219666,8,-0.5694826576049954,5.0,1.6696156549882657,8,8.455374399999993,57,0.47368421052631576,COMPLETE
121,-9999.0,2026-04-28 13:17:38.392530,2026-04-28 13:17:46.021399,0 days 00:00:07.628869,2,38,13,6,44,0.85,9,90,11,4,2.7600000000000002,1.9059265192879706,1.0140468568823113,78,-1.4996142862740254,-1.454385412868178,0.9319983530057825,10,0.8333333333333334,1.764629461011833,-1.454385412868178,0.9319983530057825,-0.07927359999995165,10,-0.8949647108133955,3.841056187277859,2.895570222756083,16,-0.9347864857924911,1.9665502333111207,0.9871947284938454,14,-1.36917284338403,1.5770125846946175,1.0638020780010082,14,-1.0410431237297872,1.2339232480053162,0.4640790135998607,13,-0.526846878848956,1.8850185094331273,0.7529086984430222,11,6.214204800000012,78,0.48717948717948717,COMPLETE
122,-9999.0,2026-04-28 13:17:46.026303,2026-04-28 13:17:53.685239,0 days 00:00:07.658936,2,32,13,7,42,0.85,9,90,11,5,2.3800000000000003,2.037607847034042,0.8999467988858921,64,-1.3471923151478356,-1.3471923151478356,0.9156462478902885,7,0.8333333333333334,1.7603907867244664,-1.3471923151478356,0.9156462478902885,-0.11895060000001179,11,-0.7871354100481752,2.296746104756435,2.2439521945991636,15,-0.47575030825327036,3.9967966895490563,0.914806172209981,7,-0.540544408360057,1.380697701966328,0.37422365272219427,8,-1.0491869089289332,1.6155301350428313,1.1324345586959161,12,-0.43010024196779784,2.020230202999311,0.8532148150881103,11,5.50621019999995,64,0.453125,COMPLETE
123,-9999.0,2026-04-28 13:17:53.689969,2026-04-28 13:18:01.348202,0 days 00:00:07.658233,2,42,14,5,46,0.85,9,90,12,4,2.74,1.8786374315859906,1.0251683328940813,83,-1.7336542878464964,-1.7336542878464964,0.9794871594112003,9,0.8333333333333334,1.6288600529008048,-1.7336542878464964,2.565852720549405,2.22311940000004,14,-1.6914706775029407,1.2733033368302673,0.5555786238313765,17,-0.8666379694851394,0.9794871594112003,-0.03058515332288181,14,-1.3815116481432985,1.7518752573845928,1.3680801187623048,15,-1.0515576296345597,1.079599842477691,0.1804634938618488,14,-0.5995935321274107,3.621706272862788,1.854353514231799,9,6.288506200000121,83,0.42168674698795183,COMPLETE
124,-9999.0,2026-04-28 13:18:01.353198,2026-04-28 13:18:08.980416,0 days 00:00:07.627218,2,42,14,6,42,0.85,9,88,12,5,2.7800000000000002,1.5260424162515616,0.5461056491270192,94,-2.910808964194942,-2.6075109241823085,0.1958992219795081,12,0.8333333333333334,1.2902232833646055,-1.7242119985149553,2.914379580421509,2.813314800000044,16,-1.0892999584043388,1.2059236402119724,0.5166712123165773,21,-0.45961876646185423,1.7153119833306842,0.6112209822257242,12,-0.5360958093139816,2.0593602965438143,1.4512586704349628,14,-2.6075109241823085,0.1958992219795081,-2.236835455786279,14,-1.0452124328128294,1.0653797750218807,0.1210036855710861,17,3.2504050000000895,94,0.40425531914893614,COMPLETE
125,-9999.0,2026-04-28 13:18:08.985148,2026-04-28 13:18:16.589757,0 days 00:00:07.604609,3,45,13,5,40,0.85,13,90,11,3,2.8,1.8435145102275667,0.5553147279077167,53,-2.196570251921099,-1.723558806324864,0.0,7,0.6666666666666666,1.527709299855091,-1.552665529065082,0.0,-1.33934,7,-1.723558806324864,0.6398435279760779,-0.43673334437451805,9,-0.5544435692255953,2.2554188580014856,1.0886882201583736,10,-0.823946209023605,5.0,2.7854164211124965,9,-1.0631189521385451,1.383592860909887,0.5416034129123615,11,-1.678590938770377,1.7822318144779488,0.6922536576375871,7,3.3282520000000426,53,0.4339622641509434,COMPLETE
126,-9999.0,2026-04-28 13:18:16.594563,2026-04-28 13:18:24.183825,0 days 00:00:07.589262,2,56,12,5,40,0.8,16,88,12,3,2.56,1.3039553361872331,0.5089211711454636,68,-1.8114619901515219,-1.8114619901515219,0.25783315390995276,8,0.3333333333333333,1.3355882057558572,-1.4459086982864346,2.6548101553525756,2.693882000000003,14,-0.8115271572323498,0.6151846488052221,-0.33119324479328194,9,-0.8711099248467625,0.25783315390995276,-0.821726475043616,8,-1.1983977827479964,2.5411397088010763,1.9123227172047175,14,-1.4331348377446065,0.9434695345607255,-0.15344334481919297,15,-1.8114619901515219,0.8112948156938452,-0.2463146256758475,8,3.040774800000001,68,0.36764705882352944,COMPLETE
127,-9999.0,2026-04-28 13:18:24.188711,2026-04-28 13:18:31.714909,0 days 00:00:07.526198,3,42,14,6,41,0.85,16,86,10,3,2.54,2.1613293298671215,0.4973272087846962,40,-2.0503600496763674,-2.0503600496763674,0.2680569570579742,4,0.5,1.715976889777039,-0.7954761053604724,0.2680569570579742,-0.6528199999999762,7,-2.0503600496763674,0.8356485325825773,-0.1856769361747057,9,-0.43783584575737616,3.6728693519031,1.3624899210101349,7,-0.8212803454773453,4.9326933621153985,1.8125075867693408,6,-0.460896868841784,2.747469049413188,0.9517061847519992,7,-0.611248856548325,0.5112387261304909,-0.30424350364861574,4,2.995239199999933,40,0.45,COMPLETE
128,-9999.0,2026-04-28 13:18:31.719891,2026-04-28 13:18:39.366000,0 days 00:00:07.646109,3,44,13,5,50,0.85,12,83,12,4,2.68,2.754911258496351,1.1184342360540314,74,-2.48191458306587,-2.2528730541569533,0.29332914287988626,7,0.8333333333333334,1.8574981884490402,-2.2528730541569533,1.447277205531945,0.9479279999999868,14,-1.6949589988389746,1.1608346825432885,0.24699902706279975,14,-0.44293456486347965,3.628026520022983,2.34233081334827,16,-0.6103763156580841,5.0,2.8859171722467547,11,-1.9213230465599145,0.29332914287988626,-1.6670244173402682,12,-0.4197199711168744,5.0,1.954454821006646,7,6.828078000000093,74,0.5,COMPLETE
129,-9999.0,2026-04-28 13:18:39.370856,2026-04-28 13:18:46.993497,0 days 00:00:07.622641,2,57,11,6,34,0.95,10,79,12,4,2.3200000000000003,0.9741249914319083,0.0541797681332871,64,-2.7661555053955773,-2.0615913030849424,0.471034408726465,8,0.3333333333333333,1.0326440736433016,-2.0615913030849424,2.2539087203834143,2.239681600000032,16,-1.2174693286462235,0.8455634570803594,-0.23131566559964067,12,-0.6938970353709528,0.6365846325284052,-0.3389027502643138,10,-1.1066626858899553,1.0130037170037316,0.020304258219505655,9,-1.6393938581166074,0.6246550128690749,-0.7300350310125103,9,-1.047910176250246,0.471034408726465,-0.6346538025433501,8,0.29525520000011074,64,0.359375,COMPLETE
130,-9999.0,2026-04-28 13:18:46.998377,2026-04-28 13:18:54.629190,0 days 00:00:07.630813,2,48,14,5,36,0.85,11,82,15,5,2.46,1.4887109239562355,0.8640979908195772,104,-3.4172745761468204,-2.6046083468000707,0.16297127116542534,12,0.8333333333333334,1.4148026323210159,-2.0458544000696675,3.038940815967715,4.870662599999975,21,-0.7608040650424954,1.5436717672555231,0.947279987911509,20,-0.8529295471579816,1.1099909154823886,0.13152374078031492,12,-0.7003973928246519,2.0515705943466953,1.6614096959897129,17,-2.6046083468000707,0.16297127116542534,-2.4757112147630322,16,-1.1579353961360646,1.0251201795196665,0.049423134998982654,18,5.148472199999921,104,0.4230769230769231,COMPLETE
131,-9999.0,2026-04-28 13:18:54.634049,2026-04-28 13:19:02.260885,0 days 00:00:07.626836,2,40,14,6,42,0.95,14,87,12,4,2.66,1.2120642492053044,0.28385844412074923,21,-1.0096989001661303,-1.0096989001661303,0.0,0,0.3333333333333333,1.6411003426333497,0.0,0.0,0.0,0,-0.9017305341727927,2.1875205197866294,0.8261223999999734,5,-0.17716605456680498,0.9338523544031638,-0.029300144939403694,5,-1.0096989001661303,3.3497393831745037,1.4436934240354082,6,-0.647582672933418,0.0,-0.45324397101069724,2,-0.3204162857181875,0.8012732378675307,-0.0841210433607853,3,1.702698399999969,21,0.42857142857142855,COMPLETE
132,-9999.0,2026-04-28 13:19:02.265739,2026-04-28 13:19:09.936260,0 days 00:00:07.670521,2,40,12,5,44,0.8,10,89,15,5,2.4000000000000004,1.4861667215846552,0.5647247396058042,131,-5.126511110556593,-4.667079413075385,0.18248082195574297,17,0.8333333333333334,1.2013807235769618,-2.1650082305017406,1.6003968038464007,1.658338000000037,24,-0.5741828439266318,2.525262786888636,2.8947158274414964,24,-0.5275991127120806,1.6306089444042462,0.7418261486417999,17,-1.290082212614415,1.1219183050749821,0.40192066171240715,24,-4.667079413075385,0.18248082195574297,-3.90619148777942,21,-1.1085585673044946,1.856332667337924,1.5977392876185048,21,3.2921619999999763,131,0.4122137404580153,COMPLETE
133,-9999.0,2026-04-28 13:19:09.941078,2026-04-28 13:19:17.521238,0 days 00:00:07.580160,2,36,14,6,39,0.85,14,86,11,5,2.46,1.7716056594019987,0.26893663030091813,60,-2.405155536476802,-1.7300677153578699,0.14983884557544835,7,0.6666666666666666,1.235078879056054,-0.3065211496356282,4.791764597020554,1.2293280000000184,9,-1.0943496139970432,1.6107733152072086,1.2249456007452642,17,-0.44762299064934447,1.0320502678616374,0.018741412272027524,7,-0.5401936017586133,2.318588988740809,0.9964244157164126,8,-1.7300677153578699,0.14983884557544835,-1.5401825326665897,9,-0.602455529369037,0.726617942006334,-0.31563711426162433,10,1.5938348000000158,60,0.43333333333333335,COMPLETE
134,-9999.0,2026-04-28 13:19:17.525982,2026-04-28 13:19:25.094805,0 days 00:00:07.568823,3,40,14,6,41,0.85,15,88,12,4,2.5,1.9483227525751727,0.6284201968473532,46,-1.282216254886543,-1.0254898881683916,0.3698821339950172,4,0.5,1.892456676860356,-0.31623723378705815,0.8510193581581023,-0.0694949999999972,6,-1.0254898881683916,2.1735471024162205,1.716202675049061,14,-0.7889271812760213,3.042238299660706,1.3385538948766929,10,-0.6232873978867901,4.332593929368213,1.2908022578664191,7,-0.6577369589779618,0.3698821339950172,-0.4672993040733098,5,-0.6072854887192396,0.9206556918527782,-0.03824334263474727,4,3.8084250000000264,46,0.5217391304347826,COMPLETE
135,-9999.0,2026-04-28 13:19:25.099497,2026-04-28 13:19:32.726758,0 days 00:00:07.627261,2,42,13,5,55,0.9,11,89,14,5,2.3400000000000003,1.4505707919694697,0.3867587944171728,67,-1.3717853829026176,-1.2875156424267569,0.641769785415145,9,0.8333333333333334,1.3409766810098491,-0.9718301937865855,1.3194037206646412,0.30200580000003807,11,-0.8410992560449894,1.6376424905639893,0.9364702056636309,15,-0.46744604565227693,1.6423893455580134,0.48167159031917706,11,-0.7317718102769497,2.414754512092068,1.2012811911835675,9,-1.2875156424267569,0.641769785415145,-0.6447315362599793,10,-0.6073481839869681,1.047464897522963,0.0438555155966025,11,2.3321066000000723,67,0.47761194029850745,COMPLETE
136,-9999.0,2026-04-28 13:19:32.731607,2026-04-28 13:19:40.355978,0 days 00:00:07.624371,2,41,13,5,31,0.95,8,81,15,5,2.2,2.468081704629187,0.36009869245598275,37,-1.6160557077607003,-1.6160557077607003,0.0,3,0.6666666666666666,1.5641479559818683,-0.930795392930042,0.0,-0.5865200000000015,3,-0.6879826581763977,2.87154463275396,1.4807106641876011,8,-0.27674786519755473,2.7305907222003434,0.7384628670049409,9,-0.413075803967893,4.875446984611676,0.9490850916537674,3,-1.6160557077607003,0.0,-1.4168809752141187,6,-0.49185887878969686,4.330907888209144,0.9957345071037071,8,2.1485180000000437,37,0.4864864864864865,COMPLETE
137,-9999.0,2026-04-28 13:19:40.360911,2026-04-28 13:19:48.014937,0 days 00:00:07.654026,3,50,14,7,37,0.8,12,86,10,4,2.7,0.9359212331295937,-0.31770501846725513,89,-4.3952787195409275,-2.679966116508063,0.2274673921692349,13,0.5,0.852028849750776,-2.3766789111416498,0.3423420228408477,-1.6504189999999808,17,-1.3678072529636593,0.8849231319507733,-0.1766504729694307,14,-1.1491152510084823,1.1681689328446716,0.24351610884003616,13,-1.5897241175348975,1.4321365008428553,1.1200913438735194,18,-2.679966116508063,0.2274673921692349,-2.536588201983847,14,-1.6391237088312984,1.56048941812918,1.0938201114361723,13,-1.9461579999998646,89,0.3707865168539326,COMPLETE
138,-9999.0,2026-04-28 13:19:48.019711,2026-04-28 13:19:55.664908,0 days 00:00:07.645197,2,58,11,6,48,0.85,10,88,12,3,2.5,1.2091764453443872,0.14519807611690175,123,-3.2223210148870876,-2.0890677618714286,0.6760987124048397,13,0.3333333333333333,1.0488783857944461,-1.9268112280118261,0.746901784104093,-0.7999650000000358,23,-1.517564677060639,0.9265892502936739,-0.2305644347807112,26,-1.065324955616519,0.6866156858398872,-0.42855851718249793,13,-1.2250473467315026,2.7887844384155103,3.15123727810942,21,-2.0484015644643025,0.6760987124048397,-1.6468832775780484,25,-2.0890677618714286,1.4300688010083198,0.8259224081332839,15,0.8042649999999707,123,0.3902439024390244,COMPLETE
139,-9999.0,2026-04-28 13:19:55.669823,2026-04-28 13:20:03.305794,0 days 00:00:07.635971,2,37,14,5,42,0.8,13,81,15,5,2.2800000000000002,1.4918581081730815,0.5126955264714536,91,-3.233218989781218,-3.233218989781218,0.24175562697319683,13,0.8333333333333334,1.2789147721135037,-0.9222983902997549,1.7413102100539655,0.7548836000000669,13,-0.7904428020761219,2.0086983221615955,1.9237122120003836,18,-0.4817439248039332,1.8444633138886217,0.7147006704566472,13,-1.4513894095614805,1.8769174451791295,1.9131467966035265,18,-3.233218989781218,0.24175562697319683,-2.5382817345678155,15,-0.7639477117650989,1.2380037307819802,0.3080116143359124,14,3.0467032000001115,91,0.4725274725274725,COMPLETE
140,-9999.0,2026-04-28 13:20:03.310730,2026-04-28 13:20:10.923236,0 days 00:00:07.612506,3,40,13,7,51,0.8,10,80,14,5,2.7,2.000139777795042,1.79018484552733,129,-2.6015000510004263,-1.9492563660596622,0.6817561639984624,17,0.8333333333333334,1.7555121040310648,-1.436396585057408,2.2906773073763813,2.9224290000000375,21,-0.8627338911206333,1.9927685942023685,2.375498736043258,24,-0.578961264250578,3.2961183601128576,2.987774675931343,20,-1.3667518695155378,1.8715196245249923,2.265595467205639,25,-1.9492563660596622,0.6817561639984624,-1.1833356190036448,17,-1.1375160713114898,1.8679986165551885,1.373146812987347,22,11.166619999999948,129,0.4883720930232558,COMPLETE
141,-9999.0,2026-04-28 13:20:10.927900,2026-04-28 13:20:18.607461,0 days 00:00:07.679561,3,32,13,7,52,0.85,10,79,13,3,2.7600000000000002,1.790020233876456,0.9428129925367604,75,-1.9051836375658364,-1.9051836375658364,0.33317156789321517,9,0.8333333333333334,1.62742378371998,-1.3386891561511727,0.33317156789321517,-0.8013543999999984,9,-1.9051836375658364,1.6489704287506652,1.3090344048004354,15,-0.49111296013575345,3.2688496089337074,2.0984849427132968,17,-1.360494268531989,3.4239152148097363,2.9044146069572507,12,-1.2944289787857328,1.063695472218713,0.14429269929918664,11,-1.04362082561401,1.0015191106526982,0.0020057014503915838,11,5.740689199999971,75,0.44,COMPLETE
142,-9999.0,2026-04-28 13:20:18.612137,2026-04-28 13:20:26.208202,0 days 00:00:07.596065,3,49,13,7,55,0.8,17,76,10,5,2.54,1.069232124283645,-0.2296591188067132,82,-4.166059342481062,-2.8204833449026747,0.16509898940329626,10,0.5,0.8703220309853411,-0.7863269567205851,1.7383604948215499,0.5867234000000554,10,-1.5060221487394407,0.8016417755601212,-0.3991648066746345,17,-1.109742464426443,1.4299002098527973,0.5848106336279635,14,-1.4850788630109455,1.3539516855083542,0.651531572286812,14,-2.8204833449026747,0.16509898940329626,-2.683836774869708,13,-0.8438191221812823,0.9264395905557491,-0.11801873721076772,14,-1.4109779999999295,82,0.4268292682926829,COMPLETE
143,-9999.0,2026-04-28 13:20:26.212996,2026-04-28 13:20:33.854750,0 days 00:00:07.641754,2,34,11,7,56,0.95,9,80,13,5,2.54,3.1538065730743186,1.225098174843085,31,-0.7271030503432163,-0.7271030503432163,0.0,2,0.8333333333333334,4.603852780926934,-0.3546475866931031,0.0,-0.2556300000000067,2,-0.7271030503432163,5.0,3.05696913018747,5,-0.3477500988589631,2.5008318709118793,0.6406240106685113,7,-0.3325619345868763,5.0,2.590116232463524,5,-0.5470321403213568,1.4220075675340342,0.2564136126700367,6,-0.19593146074585246,5.0,1.0620960630689735,6,7.5338181999999865,31,0.5806451612903226,COMPLETE
144,-9999.0,2026-04-28 13:20:33.859579,2026-04-28 13:20:41.509982,0 days 00:00:07.650403,3,36,10,7,49,0.9,8,80,13,4,2.3600000000000003,2.8981813379472157,1.8518390938883595,80,-1.3805619054476925,-1.1479347336431927,1.1025661868654506,10,1.0,2.612217835478079,-1.1479347336431927,1.1025661868654506,0.1276908000000132,10,-0.5508620985358565,4.500809154066188,3.3366665837459175,15,-0.5884606998492796,5.0,3.5197292380961365,19,-0.6618778364417669,3.2995161864105507,2.2932380409792064,11,-0.9883106053901511,1.4139626367277451,0.8763068830243803,14,-0.5703409820929057,2.0722338636133606,0.9574030174845038,11,11.585058800000049,80,0.575,COMPLETE
145,-9999.0,2026-04-28 13:20:41.514874,2026-04-28 13:20:49.156778,0 days 00:00:07.641904,3,51,13,7,37,0.8,12,84,10,4,2.4200000000000004,0.9632568944100729,-0.1702457472837889,99,-4.177578120735005,-3.1352560662672695,0.45694123471147746,14,0.3333333333333333,0.9263828124514656,-1.9037664985984342,0.45694123471147746,-1.3821985999999842,18,-1.6197616548996177,0.6201423394522915,-0.6483762474144505,14,-1.1008620951749264,0.723983934439527,-0.555511900803185,16,-1.5362936367042497,1.3684681484966221,0.9646780212547945,19,-3.1352560662672695,0.6061372280050561,-1.4885456945208264,16,-1.8558033492690207,2.0038684813554632,2.0884799377809182,16,-1.0663721999998987,99,0.3838383838383838,COMPLETE
146,0.42337543190189286,2026-04-28 13:20:49.161548,2026-04-28 13:20:56.831097,0 days 00:00:07.669549,2,45,14,6,53,0.8,9,86,10,4,2.8,1.5925801773919834,1.4108189371648594,118,-2.2737718080685134,-2.0576227157253975,1.167749212399372,13,1.0,1.591695078938256,-2.0576227157253975,1.7392711171662218,2.1705000000000307,23,-1.0067331483520627,1.167749212399372,0.3799237548999246,20,-0.42514157310788464,1.6884520050892882,0.7122576765084654,13,-1.401637535292379,1.7835252047331105,1.7988684813677214,24,-1.389355116196791,1.601817726287072,1.98749394990958,20,-1.6178417407610195,1.574665798676836,1.4158697603034343,18,8.755318000000134,118,0.3983050847457627,COMPLETE
147,-9999.0,2026-04-28 13:20:56.838757,2026-04-28 13:21:04.536078,0 days 00:00:07.697321,2,36,14,6,53,0.8,8,85,10,4,2.7800000000000002,1.8053210061984377,1.3371472231567854,116,-2.491191853169045,-2.491191853169045,0.9496852406891988,12,0.8333333333333334,1.628073273511715,-2.491191853169045,1.0751735466914216,0.19448900000011982,22,-0.8961910980925685,2.2509571205272447,2.9553926863183477,24,-0.5753662703675436,2.8615478316170186,2.213325447048553,18,-1.6510980322063087,1.6034435007017114,1.7209209610935527,23,-1.614327667197632,0.9496852406891988,-0.1363279038813725,17,-0.8904322245886698,2.0911187969640315,1.0750831483615109,12,8.258592000000187,116,0.45689655172413796,COMPLETE
148,-9999.0,2026-04-28 13:21:04.540999,2026-04-28 13:21:12.232964,0 days 00:00:07.691965,2,47,13,6,60,0.8,11,86,11,4,2.7600000000000002,1.3184398287069554,0.723031850867863,124,-3.8626816616027173,-3.4083188559684103,0.7355255438645794,17,0.8333333333333334,1.2560301101243483,-2.059981230400765,1.6601830588111166,2.0008300000000423,24,-1.3283623931554585,1.1739394629656807,0.3144237159638852,17,-0.5790578971485095,1.1239237332686152,0.2395984154452968,19,-1.4733618887200413,1.7354135954135892,1.6984104050232762,23,-3.4083188559684103,0.7355255438645794,-1.266316120801847,22,-1.6871778965732793,1.4816535779181517,1.351244689576525,19,4.379448800000096,124,0.3709677419354839,COMPLETE
149,-9999.0,2026-04-28 13:21:12.237643,2026-04-28 13:21:19.922735,0 days 00:00:07.685092,2,47,14,5,46,0.8,9,86,10,4,2.8,1.526882200757247,1.3241909538116676,116,-2.557328510224705,-2.0576227157253975,0.8347705274857642,13,0.8333333333333334,1.5550968649880825,-2.0576227157253975,1.861023645004229,2.362580000000025,22,-1.478317967490706,0.8347705274857642,-0.38339987132013365,19,-0.6046727060678999,1.1831029653534602,0.2359200864739508,13,-1.4878815633518874,1.4399380080234383,1.0664755320602959,23,-1.4204862111385081,1.5579436791718468,1.928354009306199,19,-1.6265365452190446,2.2845143795047433,2.735215966349669,20,8.172730000000094,116,0.3879310344827586,COMPLETE
150,-9999.0,2026-04-28 13:21:19.927626,2026-04-28 13:21:27.624737,0 days 00:00:07.697111,3,31,12,7,35,0.95,9,87,12,3,2.62,2.182449617065159,0.2258768211491772,14,-2.298016749216762,-1.5755274672394162,0.0,1,0.5,1.7227624959233758,0.0,5.0,0.5695524000000063,1,-1.5755274672394162,0.0,-0.49785445798602446,1,-0.8177760843033104,0.7797397081245748,-0.16168306116369768,4,-0.34829723110805216,5.0,1.3559909495091782,2,-0.408169719378906,1.7447997411841154,0.22734891412969915,2,-0.3080713622622611,0.5701582530822634,-0.13809381759409822,4,1.3518622000000091,14,0.5,COMPLETE
151,-9999.0,2026-04-28 13:21:27.629637,2026-04-28 13:21:35.325215,0 days 00:00:07.695578,2,32,12,7,54,0.9,8,89,13,4,2.24,3.4322553987182864,1.7427687648462455,62,-1.465893323376441,-1.465893323376441,0.9740998090461039,8,0.8333333333333334,3.3454269895178164,-1.465893323376441,0.9740998090461039,-0.0363503999999959,8,-0.7255141495808234,5.0,4.200867832260413,13,-0.30476327833062294,3.7256345081376154,1.379472684570704,11,-0.6049177055676923,3.6872872526152185,1.8220386334794503,9,-0.5217288898540156,2.206510822510779,1.036807040550114,10,-0.36101609711883753,5.0,2.0537767982167887,11,10.869975199999882,62,0.6612903225806451,COMPLETE
152,-9999.0,2026-04-28 13:21:35.330099,2026-04-28 13:21:42.986348,0 days 00:00:07.656249,2,48,14,6,53,0.95,9,77,10,4,2.7,1.8824022176984767,0.5245436357582992,56,-2.2016822818831363,-1.4787988717986529,0.27320375045078393,5,0.8333333333333334,1.4997376447313477,-1.4787988717986529,0.27320375045078393,-1.007702999999982,10,-1.195406796010655,1.2054581630069339,0.28686474463768263,12,-0.43099189542944893,1.62773769321176,0.42503510229550123,9,-0.7004632224628178,5.0,2.6937248534903757,10,-1.0665579273605914,1.1905108704002278,0.3633210581522439,10,-0.3160375048734319,1.997502829121154,0.386019055973974,5,3.1524650000000376,56,0.44642857142857145,COMPLETE
153,-9999.0,2026-04-28 13:21:42.991101,2026-04-28 13:21:50.654909,0 days 00:00:07.663808,2,42,12,6,52,0.85,11,84,10,3,2.64,1.5337942523089314,0.589376296104834,88,-2.0936535777393916,-2.0456109354981655,0.25528209027733306,14,0.6666666666666666,1.3306964495895424,-1.5781877253700398,0.25528209027733306,-1.4102872000000155,14,-2.0456109354981655,1.279287425749032,0.4811921918897122,15,-0.42135613818233864,2.8790835710244256,1.6426028108978974,14,-1.2135061699297423,1.7631603468623203,1.477111209379256,16,-1.7566580431226282,0.9480305310022606,-0.14839770084310588,15,-1.0337645013592185,2.077921548938216,1.4940364653052596,14,3.5513624000000688,88,0.4318181818181818,COMPLETE
154,-9999.0,2026-04-28 13:21:50.659623,2026-04-28 13:21:58.309178,0 days 00:00:07.649555,2,46,13,7,50,0.8,9,82,14,5,2.24,1.4708887951830578,1.0658593502175628,152,-3.805478673742272,-3.6705536882142766,0.5956531439145787,17,0.8333333333333334,1.3479923128143219,-2.051894556924857,2.8973016681053316,5.143319199999996,27,-1.6297746541091533,1.1628655145047253,0.4625689998190685,31,-1.2354746879757488,1.2790034917296667,0.45462942027141295,17,-1.1963957935986722,1.361454993174688,1.0181383333878857,26,-3.6705536882142766,0.5956531439145787,-2.032371063961913,25,-1.0660577596439182,1.529053959669359,1.3488712117889268,26,6.428218399999985,152,0.47368421052631576,COMPLETE
155,-9999.0,2026-04-28 13:21:58.314012,2026-04-28 13:22:06.003042,0 days 00:00:07.689030,3,39,12,7,56,0.9,8,87,14,4,2.24,2.4576793609335845,1.1485824893298948,63,-1.2786716895696078,-1.0569463449796506,0.9962808113043119,6,0.8333333333333334,2.2084163642982633,-1.0569463449796506,1.507267844165749,0.32109040000003475,6,-0.5585788528789523,4.390537814832362,1.933619732665881,11,-0.8553025785712901,2.22789247121172,1.2189599063136658,15,-0.910715504171115,3.1243390202876777,2.3914849389220505,11,-1.0304093349589816,0.9962808113043119,-0.006091931714491405,9,-0.5928794968331297,2.499758203799689,1.032431889792229,11,7.070480400000001,63,0.5714285714285714,COMPLETE
156,-9999.0,2026-04-28 13:22:06.007800,2026-04-28 13:22:13.639640,0 days 00:00:07.631840,2,45,14,7,43,0.9,9,90,10,4,2.7800000000000002,1.4550805119607089,0.3743865397060897,68,-2.0640910564118484,-1.9078910226905426,0.4834192050494335,8,0.6666666666666666,1.268115346289502,-1.445984499484016,0.8230059126454555,-0.2412747999999576,12,-1.1008327393779853,1.2166439147877075,0.41520979660640833,16,-0.35194192038971744,1.457010912325146,0.2667347271009479,8,-0.6949468666710088,3.740383572975748,2.506640144783856,12,-1.4179688134873687,1.0100195539807617,0.020653898614986232,12,-1.9078910226905426,0.4834192050494335,-0.7216445288697027,8,2.235923800000128,68,0.4264705882352941,COMPLETE
157,-9999.0,2026-04-28 13:22:13.644402,2026-04-28 13:22:21.362127,0 days 00:00:07.717725,2,45,14,6,48,0.8,8,87,10,3,2.72,1.046360280563298,-0.04623070597479425,142,-3.527536454603698,-2.675299346077136,0.6600169740371686,16,0.3333333333333333,0.9840094217444845,-2.504756901954206,0.6977632533516605,-1.3456395999999482,34,-2.675299346077136,0.6600169740371686,-1.1125930932495809,25,-1.0264381867179924,0.8820634431783301,-0.21981710606338023,18,-1.412978259808078,2.0192833876221274,2.147376590855754,21,-2.4547127207619948,1.0702978489590103,0.391154216849543,28,-1.9425653519658772,0.948736776231492,-0.1378652442411532,16,-0.31608639999985977,142,0.34507042253521125,COMPLETE
158,-9999.0,2026-04-28 13:22:21.366808,2026-04-28 13:22:28.954792,0 days 00:00:07.587984,3,34,10,7,39,0.9,13,80,13,4,2.74,2.7937891252889155,1.3648651166503676,52,-1.8118669927803481,-1.8118669927803481,1.6951142359014075,6,1.0,2.772552496715685,-0.30448107211487657,2.3703912425174583,0.41436520000002197,6,-1.8118669927803481,2.1347081550629134,1.7431776783268793,12,-0.6033140538641735,3.6267975352844894,1.2351234671256428,9,-1.1617384237028452,5.0,3.211237856572491,7,-1.0405885839007976,1.9357235829672235,1.019603738909991,10,-0.6939305020671396,1.6951142359014075,0.5656827589671787,8,8.44631900000008,52,0.5576923076923077,COMPLETE
159,-9999.0,2026-04-28 13:22:28.959734,2026-04-28 13:22:36.598203,0 days 00:00:07.638469,3,37,10,7,43,0.8,9,88,12,4,2.2800000000000002,1.910293450142521,1.122283992666967,109,-2.649835563177752,-2.01935407402712,0.6405065896319276,15,0.8333333333333334,1.5848247773893172,-1.1354590716991502,1.1805200912926375,0.26101400000002606,16,-1.0276796391328322,1.7716095464313963,1.769050530448446,22,-0.616387577773464,2.6188887477774636,1.9988701488774074,20,-1.4620064643634765,1.395803652861267,0.8131196921126627,18,-2.01935407402712,0.6405065896319276,-1.1920072322054387,18,-0.6052926099138342,3.854432072860434,3.0836568167686984,15,6.86663240000005,109,0.4954128440366973,COMPLETE
160,-9999.0,2026-04-28 13:22:36.603068,2026-04-28 13:22:44.291229,0 days 00:00:07.688161,3,36,11,5,56,0.9,9,80,14,4,2.2,2.673855416581441,1.4811922714372485,67,-1.152747038928634,-1.1437615730538582,1.765496135511642,6,1.0,2.675272227508208,-0.3201063874481707,2.4135720128358806,0.44931800000003186,6,-0.7340733852747993,3.0926661602734855,2.194137345959901,12,-0.3032552562633514,5.0,3.3538595743727972,17,-1.1437615730538582,1.787391830695421,0.9931292330819685,11,-1.0059612081377851,1.765496135511642,1.2349118524999314,11,-0.5812188712073414,1.984006360172216,0.6617976227088596,10,9.190912000000019,67,0.5970149253731343,COMPLETE
161,-9999.0,2026-04-28 13:22:44.296169,2026-04-28 13:22:51.898977,0 days 00:00:07.602808,2,47,11,5,40,0.8,18,81,14,4,2.2800000000000002,1.7556657408851806,1.0816757688541345,77,-2.050639547133608,-2.050639547133608,0.4017512186645583,9,0.6666666666666666,1.7763816694006507,-2.050639547133608,5.0,5.291279600000043,16,-1.0425510306316808,0.4017512186645583,-0.621258666895308,9,-0.6093182984413771,1.3606001306967124,0.38497111796291783,12,-1.07819033760663,0.8228374706593622,-0.23712192335406668,11,-0.7425303759775731,1.5226072030459914,0.9587882300281736,13,-0.7119733288538244,1.4261984222444584,0.7133962553830475,16,6.550363200000087,77,0.45454545454545453,COMPLETE
162,-9999.0,2026-04-28 13:22:51.903932,2026-04-28 13:22:59.495839,0 days 00:00:07.591907,2,47,13,5,39,0.8,15,82,15,4,2.24,1.7798813937441091,0.8558818153827475,91,-3.30059854046679,-2.929309409095613,0.5893937423913369,12,0.5,1.4405224673955261,-2.0497470676533878,5.0,5.239936400000067,18,-1.106686100878104,0.678318349173734,-0.4283833831735251,12,-1.1212436141151636,0.7752571656160229,-0.3123263595740555,12,-1.4985518677959873,1.0535670330286007,0.10982845005325093,17,-2.929309409095613,0.5893937423913369,-1.5642462746055963,17,-0.6558254023062043,2.5827520722549604,2.0904820595963436,15,5.092673200000064,91,0.42857142857142855,COMPLETE
163,-9999.0,2026-04-28 13:22:59.500651,2026-04-28 13:23:07.097876,0 days 00:00:07.597225,2,30,12,7,33,0.8,9,83,12,5,2.58,1.5414403391083962,0.9498348575188147,96,-1.8556498633819936,-1.8410471676122653,0.9467782774649728,10,0.8333333333333334,1.4771737202568624,-1.256723751319751,1.5627854248664523,0.7764244000000087,12,-1.259204850784963,2.3632297654671603,3.0332600290192024,20,-1.1294233103476472,1.3625464831672878,0.6505032780669939,16,-0.5303493352837729,1.8157218933358785,0.8926066749253669,10,-1.526341337472723,0.9467782774649728,-0.14691839805262008,18,-1.8410471676122653,1.1975801903486265,0.4931331611539358,20,5.805815600000064,96,0.4166666666666667,COMPLETE
164,-9999.0,2026-04-28 13:23:07.102711,2026-04-28 13:23:14.694324,0 days 00:00:07.591613,2,53,11,7,38,0.8,15,81,15,4,2.3400000000000003,1.647004752247869,1.0437238517605234,119,-3.869599455097579,-3.482301926051295,0.5106924979027864,13,0.5,1.377146217155317,-2.0215622463679006,5.0,7.10042960000008,23,-1.0067794930663312,0.7674823134506871,-0.3906520277860315,17,-1.9324237685225447,0.5106924979027864,-1.0442901206024757,13,-1.308687001079449,1.8983952252168261,2.2813482243955185,24,-3.482301926051295,0.5507741796703052,-2.1081503088436704,22,-1.7581619943778968,1.154684297246609,0.42365774339971907,20,6.147845400000129,119,0.4117647058823529,COMPLETE
165,-9999.0,2026-04-28 13:23:14.699200,2026-04-28 13:23:22.305472,0 days 00:00:07.606272,2,59,12,5,38,0.8,16,81,15,4,2.3400000000000003,1.7587701812279937,1.0455743711954957,100,-2.807997485287199,-2.5792103290079567,0.20385973590557005,13,0.6666666666666666,1.444677217458002,-2.0196409637471127,5.0,7.01342920000001,21,-0.39085395663057027,2.334642114116263,1.1269950033523601,14,-1.6711289488549448,0.20385973590557005,-1.6061999537584581,13,-1.7511054165774709,1.2599346096249586,0.8003905348807239,20,-2.5792103290079567,0.6545540211127245,-1.258244140157172,18,-1.6183721448808561,1.099630606608444,0.1970755828555104,14,6.1918589999999885,100,0.46,COMPLETE
166,-9999.0,2026-04-28 13:23:22.310254,2026-04-28 13:23:29.952327,0 days 00:00:07.642073,2,51,14,5,36,0.8,9,89,15,5,2.22,1.399776253419362,0.6770989440398852,129,-3.7437845622209838,-3.403153945917181,0.4057270434249067,17,0.6666666666666666,1.241102519531835,-2.0469179564827193,3.0752962174322915,4.999824400000064,24,-0.9601046638604276,0.9642071117715858,-0.08028699141324758,24,-1.1979959249799288,1.2290819847954493,0.3460940658970513,17,-0.9763499434814242,1.585651289586633,1.4386137108304498,22,-3.403153945917181,0.4057270434249067,-2.9386336557004844,23,-1.3173272766637143,1.1386938735053052,0.2969821346254786,19,3.9627586000000825,129,0.43410852713178294,COMPLETE
167,-9999.0,2026-04-28 13:23:29.957251,2026-04-28 13:23:37.558918,0 days 00:00:07.601667,3,39,11,7,52,0.9,14,79,13,4,2.2600000000000002,2.687150504011622,1.1097410406616215,56,-1.0570278456441322,-0.8433888652242536,0.9325058128171532,5,0.6666666666666666,2.4749331304487256,-0.20704809724603848,1.1007373798076874,0.03352540000001181,5,-0.46738110548355943,4.186672794909782,2.217913635582036,11,-0.6010182580621586,3.913698739926067,1.9199226364484456,14,-0.7573703417334474,5.0,2.5883570117688492,10,-0.7666631616429449,0.9325058128171532,-0.09367184291386721,9,-0.8433888652242536,0.9892882966090427,-0.00760059691574666,7,6.804545000000006,56,0.5892857142857143,COMPLETE
168,-9999.0,2026-04-28 13:23:37.563824,2026-04-28 13:23:45.137412,0 days 00:00:07.573588,2,48,14,7,40,0.85,16,90,14,5,2.74,1.7349423689811747,1.0219204701512126,77,-2.875601248024568,-2.1400817220122828,0.3039411805456776,10,0.5,1.6559102988705774,-2.036939705025764,5.0,6.641442600000058,12,-0.84090875008063,0.8458108354430389,-0.2855584026017377,15,-0.8143625606776587,0.9207039768125782,-0.08747498129034748,10,-0.8833197364248261,1.6985192620270253,1.0152812461494243,13,-2.1400817220122828,0.3039411805456776,-1.7787793448325817,15,-0.5469582804806599,1.6406789590587276,0.6266117034824603,12,6.074077,77,0.38961038961038963,COMPLETE
169,-9999.0,2026-04-28 13:23:45.142296,2026-04-28 13:23:52.847983,0 days 00:00:07.705687,3,32,13,6,30,0.8,8,85,12,3,2.64,1.7325780700490114,1.1251421611520838,91,-1.72505386988874,-1.72505386988874,0.831496945873177,11,0.8333333333333334,1.6615799306622026,-1.559496136652404,1.136218476521292,0.20001640000004706,13,-1.72505386988874,1.7890954728497772,1.7444204729691881,21,-1.2092401235719237,2.1678471495370655,1.8496348812432117,19,-1.0745014686396537,3.0190376611325105,2.1163675372627866,11,-1.0913319757587912,1.4517727143802477,1.0815846478115843,15,-1.3930110516931924,0.831496945873177,-0.24117097237431606,12,6.919424800000096,91,0.45054945054945056,COMPLETE
170,-9999.0,2026-04-28 13:23:52.852819,2026-04-28 13:24:00.501055,0 days 00:00:07.648236,2,49,14,6,34,0.8,9,78,10,4,2.7600000000000002,1.308144317436648,0.9740854512173917,127,-3.3982230862928233,-2.3073992484525,0.7533368913517499,15,0.6666666666666666,1.3469060170623794,-2.06736800685366,1.5078652466099995,1.871158400000028,28,-1.4268099098378375,0.981950723613311,-0.04060854971099648,19,-0.609505379307453,0.7533368913517499,-0.42663625251506687,15,-1.7517014589778557,1.743428851847083,1.8227893597074107,23,-2.3073992484525,1.056057992750923,0.20852591433233592,19,-1.660210145317473,1.8062261984468213,2.4092838354906387,23,5.95147800000011,127,0.3937007874015748,COMPLETE
171,-9999.0,2026-04-28 13:24:00.506016,2026-04-28 13:24:08.161662,0 days 00:00:07.655646,2,35,12,6,46,0.8,8,83,11,5,2.4200000000000004,2.0632838479338065,1.297137862262058,119,-2.885723023111313,-2.5845571623862256,0.27642947194946504,16,0.8333333333333334,1.6357407387977452,-1.4521210982833446,1.1637758667025135,0.29251680000002,18,-0.723144151385485,2.788027212086393,4.035751947547084,25,-0.51203273704059,5.0,4.066408080178285,21,-0.6495690701966157,2.0073307716145137,1.4968537349014488,16,-2.5845571623862256,0.27642947194946504,-2.3903276885271163,20,-1.3920769851506822,1.1441397652499525,0.281624299472627,19,7.876910400000048,119,0.47058823529411764,COMPLETE
172,-9999.0,2026-04-28 13:24:08.166696,2026-04-28 13:24:15.881919,0 days 00:00:07.715223,3,36,10,6,44,0.8,8,82,12,3,2.74,1.5462575347623986,0.7912114179295106,129,-2.9014213965006466,-2.9014213965006466,0.3358618854951165,18,0.5,1.2887653748238852,-2.9014213965006466,0.3358618854951165,-2.271777399999997,19,-2.2549231639568674,2.156559858663847,2.5454720589587643,26,-0.6914186860076669,2.799945070392035,2.4915593406150682,23,-1.2235431826722163,2.2326065177627545,2.8604906661832574,20,-1.9514789464702305,0.8518713731225109,-0.6595923287548988,23,-1.4874488689880385,0.9007005031381279,-0.21888382942513163,18,4.724302599999963,129,0.4108527131782946,COMPLETE
173,-9999.0,2026-04-28 13:24:15.886754,2026-04-28 13:24:23.600105,0 days 00:00:07.713351,3,34,11,6,43,0.85,9,83,11,3,2.7,1.832681031045558,0.979317289790684,88,-2.79196284950721,-2.468674518911218,0.17106840726873362,10,0.6666666666666666,1.5656906049407107,-1.4304804067958727,0.17106840726873362,-1.2375699999999878,10,-2.468674518911218,1.3334779525964255,0.8000572687407947,19,-0.41422233495935895,5.0,4.2474808238532225,17,-1.3445850631818355,2.406074918846508,1.5776654744806606,10,-1.1761449275251838,1.3356147767076585,0.9579780968178131,16,-1.188323673059388,0.7498501308540212,-0.4697079251483993,16,5.928363999999964,88,0.45454545454545453,COMPLETE
174,-9999.0,2026-04-28 13:24:23.604914,2026-04-28 13:24:31.177838,0 days 00:00:07.572924,2,42,14,6,41,0.85,17,87,11,4,2.56,1.738175072662579,0.5009299580451895,47,-1.787397057000064,-1.03822835027226,0.3446713634285441,6,0.5,1.6159250585480207,-0.7083935888905648,5.0,2.6628120000000255,10,-0.5692897718964579,2.140746644816117,0.895004902067198,10,-0.9131598021017442,0.6765419798153213,-0.29085151890011485,7,-1.03822835027226,1.335442028621635,0.3234074068146908,8,-0.7910163785952786,0.3446713634285441,-0.53954008059236,6,-0.5644127197461483,0.931648419293858,-0.04525296111830279,6,3.0087200000000536,47,0.44680851063829785,COMPLETE
175,-9999.0,2026-04-28 13:24:31.182791,2026-04-28 13:24:38.832662,0 days 00:00:07.649871,2,52,11,5,36,0.8,13,82,15,4,2.2,1.40565623955941,0.5358742878987428,125,-5.20756718885446,-4.537989209204106,0.41455101738687306,16,0.5,1.1663986583740034,-2.0220099693127644,4.08632198791771,6.268536000000058,25,-0.8999558872839807,0.8224463208092156,-0.2718829212063123,16,-1.7587149285717296,0.41455101738687306,-1.3433225504415836,18,-2.1156043572853878,1.1603506003814128,0.4937719381320482,22,-4.537989209204106,0.5128364483273313,-2.960247441212571,25,-1.1391974846606865,1.4374310625339175,1.0283907021208183,19,3.010398000000114,125,0.416,COMPLETE
176,-9999.0,2026-04-28 13:24:38.837583,2026-04-28 13:24:46.488794,0 days 00:00:07.651211,2,43,14,5,43,0.9,11,81,15,5,2.58,1.426009336761588,0.4091491327569437,76,-2.0290391673331354,-1.7516490350444072,0.28685157269742256,10,0.5,1.2886976310496459,-1.0740185612425388,0.9039343224327205,-0.11227579999997239,11,-1.079712229631009,1.8228167608038897,1.2542289956386732,16,-0.6109630847525886,0.8489529590288395,-0.1318794554646563,10,-0.5431081057734078,3.5605809397130996,2.820698216354378,12,-1.7516490350444072,0.28685157269742256,-1.562438957103074,12,-1.2663442226475534,1.1329194658935557,0.1865617971163136,15,2.4243065999999924,76,0.4342105263157895,COMPLETE
177,-9999.0,2026-04-28 13:24:46.493740,2026-04-28 13:24:54.166823,0 days 00:00:07.673083,3,33,12,6,34,0.8,9,85,10,3,2.8,1.7206443810461138,0.8131470881323636,87,-2.2392064700847714,-2.0127684649080053,0.1675498359828399,11,0.6666666666666666,1.4852937128372217,-1.4316524974409222,0.1675498359828399,-1.3195999999999874,11,-2.0127684649080053,1.7584221374380902,1.4020453909794117,17,-1.2142395155972847,3.1385807316204812,3.0620080295855834,19,-0.8075401651062065,3.495023272466891,2.3650338691048933,11,-1.6476083798172718,0.7488260619349624,-0.6532235666248831,16,-1.4194331300338543,1.0154642468334176,0.02261880574916386,13,4.901054000000071,87,0.45977011494252873,COMPLETE
178,-9999.0,2026-04-28 13:24:54.171755,2026-04-28 13:25:01.915315,0 days 00:00:07.743560,3,38,12,7,51,0.85,11,88,12,4,2.24,3.0984517494884556,1.1220814275261468,68,-1.86182040131134,-1.592934135962358,0.3511061764549071,9,0.8333333333333334,2.282022432102358,-0.9716811201818443,1.3210107808466032,0.2623268000000234,10,-0.6420579685989759,3.804438804937212,1.939845664942208,13,-0.8020144006503624,4.1354027957918715,1.7029365424381382,12,-0.7611305294678689,4.3102579124487885,2.3373561799575393,12,-1.592934135962358,0.3511061764549071,-1.258114786318909,12,-0.597544121026973,4.6684940264513495,1.7481381641378801,9,6.875294000000087,68,0.5882352941176471,COMPLETE
179,-9999.0,2026-04-28 13:25:01.920369,2026-04-28 13:25:10.037035,0 days 00:00:08.116666,2,57,12,6,44,0.9,10,90,12,3,2.4000000000000004,1.0084093939861318,-0.18503880826512367,89,-2.3250561831919687,-2.2463678386785193,0.5036312642635749,9,0.16666666666666666,0.9169395955818732,-2.2463678386785193,0.9291733396603195,-0.2149320000000121,19,-1.7254325065950624,0.7659492419248592,-0.5693116328787551,17,-1.1532813805999136,0.6667938751027392,-0.35552583841998997,9,-1.2305086720956615,2.404935443724212,1.8611967656090522,14,-1.655171067765245,0.7799731992410865,-0.8233829468407228,18,-2.109202648803519,0.5036312642635749,-1.0082771970603144,12,-1.1319039999999503,89,0.33707865168539325,COMPLETE
180,-9999.0,2026-04-28 13:25:10.042005,2026-04-28 13:25:18.023686,0 days 00:00:07.981681,2,54,13,7,40,0.8,16,88,11,3,2.68,1.2638394769668906,0.08728151688652448,70,-3.3825961092611623,-1.849801635873527,0.0,7,0.5,1.0492396291193369,-1.5868638757075337,1.073850780079293,0.1473551999999989,14,-0.9626049106736592,0.4028397583064648,-0.8467079318336124,12,-1.5418385818126257,0.0,-1.3473998890120353,7,-0.8374060505717225,4.153894142335345,2.4854097795435237,13,-1.22860913576415,1.0947505799266153,0.27421520651678133,16,-1.849801635873527,0.8577016011536254,-0.18918326389550932,8,0.4810308000000152,70,0.34285714285714286,COMPLETE
181,-9999.0,2026-04-28 13:25:18.028405,2026-04-28 13:25:25.795291,0 days 00:00:07.766886,2,36,11,5,60,0.95,11,86,13,4,2.74,2.755312580712801,1.0212856694916097,28,-0.8937487564647255,-0.8937487564647255,0.0,1,0.6666666666666666,3.3607871352534726,-0.21478656658878073,0.0,-0.1156299999999999,1,-0.8924861109306162,5.0,2.843058027997758,6,-0.2285584578081795,0.8665382906235851,-0.035084255550366095,4,-0.45078040357802346,5.0,1.5375717252286814,4,-0.8937487564647255,1.5262205227316323,0.6084438766619904,6,-0.3094475335281903,4.139116670921589,1.2893546426115954,7,6.253961199999969,28,0.6071428571428571,COMPLETE
182,-9999.0,2026-04-28 13:25:25.800058,2026-04-28 13:25:33.408113,0 days 00:00:07.608055,3,30,11,7,60,0.9,14,80,14,3,2.4200000000000004,3.3080372060378664,1.040754251912564,33,-1.7877055943848201,-1.7877055943848201,0.8119407258930229,2,0.8333333333333334,3.612584785463797,-0.45415770075630396,0.8119407258930229,-0.05254000000001202,2,-1.7877055943848201,5.0,2.1803267436711016,4,-0.24015767583910821,2.8378877104501226,0.7279268085828017,8,-0.6191799905279909,5.0,2.101793897863069,6,-0.24181272716675867,5.0,1.1646506594711115,5,-0.8317914990209001,1.1983947998840543,0.12236740188731332,8,6.385444599999923,33,0.6363636363636364,COMPLETE
183,-9999.0,2026-04-28 13:25:33.412955,2026-04-28 13:25:41.121339,0 days 00:00:07.708384,2,33,10,5,58,0.95,8,82,15,4,2.7800000000000002,2.5508981927411054,1.2327686218713274,46,-1.583705802528989,-1.583705802528989,1.2689642461067043,5,1.0,2.32722024220094,-1.145960194698966,1.4248839079729907,0.4014897999999878,6,-1.583705802528989,2.4704906373154847,1.2561377351195224,6,-0.41560377741302423,1.2689642461067043,0.1693774112414559,6,-1.1028091055774127,5.0,1.2016263852362874,5,-0.6833984839951449,3.3201718250429844,3.105260593690362,10,-0.9367163564783683,1.8208785400084682,1.2627198059403488,13,7.6005257999999465,46,0.5217391304347826,COMPLETE
184,-9999.0,2026-04-28 13:25:41.126102,2026-04-28 13:25:48.810330,0 days 00:00:07.684228,2,39,11,5,55,0.95,12,87,15,3,2.7600000000000002,1.8559316531484058,0.27768151217158105,35,-2.548156349199474,-1.6855079917777502,0.0,2,0.6666666666666666,1.3437622821909596,-1.21114526853412,0.0,-0.6348999999999938,2,-1.5827044715678498,1.499970768869631,0.664434897162125,8,-0.4114760174642177,1.6060893674201615,0.3562358139163724,9,-0.5134828544320911,5.0,1.3839016445500896,3,-1.6855079917777502,0.16282453065685376,-1.2720077609353564,5,-0.37821901839448663,2.8667052519437872,1.1684244783362496,8,1.6502824000000027,35,0.42857142857142855,COMPLETE
185,-9999.0,2026-04-28 13:25:48.815237,2026-04-28 13:25:56.506318,0 days 00:00:07.691081,3,45,11,6,56,0.9,10,85,11,3,2.7,1.923250077967573,0.7793989846300456,70,-2.185090940073594,-1.8903915881614837,0.14162609380372257,10,0.8333333333333334,1.5429660822595492,-1.8903915881614837,0.14162609380372257,-1.5479399999999588,11,-1.7211260376337851,1.42182079166977,0.5283210935353333,12,-0.5459698798368533,3.6681187731978495,1.3799935321233026,10,-1.0157528657861008,3.747942993609054,2.83254064439169,11,-1.1172734199197647,1.5250983299791494,1.441397707899661,16,-1.8163588547948886,1.034893485545892,0.04208092983024603,10,4.711409000000044,70,0.45714285714285713,COMPLETE
186,-9999.0,2026-04-28 13:25:56.511253,2026-04-28 13:26:04.132035,0 days 00:00:07.620782,2,60,12,7,36,0.85,12,79,12,3,2.5,1.4580927036069422,0.3966344757610189,99,-3.1600049800572827,-1.912147813236092,0.63138305181876,9,0.5,1.1546864110227486,-1.3001843901276677,1.940362786339634,1.9269350000000074,16,-1.8272750399960564,0.63138305181876,-1.2369056324513128,20,-1.024185507730729,2.0198448159368394,0.9296368060796922,9,-1.1901113948622606,2.5980890646835872,2.52115545925391,18,-1.7268532142894402,0.6449258115770524,-1.5468411844947294,21,-1.912147813236092,0.9139506912857811,-0.21417359382145396,15,2.3326850000000343,99,0.3939393939393939,COMPLETE
187,-9999.0,2026-04-28 13:26:04.136836,2026-04-28 13:26:11.779701,0 days 00:00:07.642865,2,34,10,7,51,0.85,11,81,15,4,2.68,2.2014744796933456,1.3557110831394343,108,-2.4415123981384284,-2.4415123981384284,0.8542103246796141,12,0.8333333333333334,1.633472502499779,-1.1153414260183812,1.244088323667135,0.34931480000004456,14,-1.6298871062584737,1.829211728617232,2.410927872125379,25,-0.6272580162857483,5.0,2.4158554696562584,12,-1.1898185536697217,2.7433392320767247,2.845422869920222,18,-2.4415123981384284,0.8542103246796141,-0.6714678526558271,24,-0.9208257039313155,1.5379972691193677,0.7842133397905293,15,8.3625972000001,108,0.4722222222222222,COMPLETE
188,-9999.0,2026-04-28 13:26:11.784507,2026-04-28 13:26:19.464172,0 days 00:00:07.679665,3,40,11,6,60,0.9,10,87,12,4,2.22,2.587906419458856,1.1458295369313605,65,-1.5620522813794855,-1.1418499305044776,0.478571842854958,4,0.6666666666666666,2.1833464555007156,-0.9790147907548093,0.478571842854958,-0.305666399999982,4,-0.4679029767531189,4.569717149250256,2.672355492830114,13,-0.854573969531381,4.033257807915532,1.8179658997533599,14,-0.980222440493814,2.7379592187017394,1.9431509942553715,12,-1.1418499305044776,0.8230000634396906,-0.36764913782383335,12,-0.5930198494023953,2.884932434590958,1.1148203725731332,10,7.033977000000036,65,0.6,COMPLETE
189,-9999.0,2026-04-28 13:26:19.468954,2026-04-28 13:26:27.100511,0 days 00:00:07.631557,2,52,12,6,41,0.95,12,84,12,5,2.3800000000000003,1.7779780802473475,0.6640450255513816,46,-2.0447218932644002,-2.0447218932644002,0.2984533078098597,5,0.5,1.6917020867408075,-2.0447218932644002,5.0,5.097695599999974,13,-1.0410112559365934,0.30260678618698966,-0.8823843326969949,9,-0.8100828735245351,0.3225894871249246,-0.4583577684739826,5,-0.9166323498908159,1.8426176229899978,0.7646083070801613,7,-1.1368088195463322,0.2984533078098597,-0.94001321409517,7,-0.27417790460041847,2.9016012773723134,0.4027215614943014,5,3.9203529999999764,46,0.391304347826087,COMPLETE
190,-9999.0,2026-04-28 13:26:27.105299,2026-04-28 13:26:34.785770,0 days 00:00:07.680471,2,52,12,7,55,0.8,10,90,10,3,2.66,1.0924174800723228,-0.24109258577744708,130,-4.377366239965031,-3.1163183703660717,0.39161080428107414,12,0.5,0.9173215099715109,-3.1163183703660717,0.39161080428107414,-2.659183999999981,29,-2.066972425272794,0.7888335506197741,-0.5441189233506782,21,-1.0623653879831776,1.61627830217404,1.0453242531024642,18,-1.241743015591321,1.790146910134186,1.8693616724500872,22,-2.5155191152507337,0.720071178887123,-1.595961131284962,28,-2.1389099056600114,1.24756413433774,0.4380226144183874,12,-1.5090477999999852,130,0.3384615384615385,COMPLETE
191,-9999.0,2026-04-28 13:26:34.790561,2026-04-28 13:26:42.487385,0 days 00:00:07.696824,2,38,10,5,43,0.8,14,89,15,3,2.4200000000000004,1.485392344472465,0.46579214036833366,86,-2.086023130277777,-2.086023130277777,0.7906148354613216,10,0.8333333333333334,1.283962006828115,-0.45126268939421094,3.055577510694532,1.2108995999999372,10,-2.086023130277777,1.6338459699010066,1.2047099717707344,17,-0.9506281899941278,0.7906148354613216,-0.4129006979732841,18,-1.3408981693853013,1.193032068076997,0.43696888781517007,17,-0.925270225343279,1.1327656298791793,0.17844240355804342,10,-0.7900353389611668,1.106518052821756,0.1766326770394011,14,2.8171103999999003,86,0.4418604651162791,COMPLETE
192,-9999.0,2026-04-28 13:26:42.492160,2026-04-28 13:26:50.160798,0 days 00:00:07.668638,3,56,13,5,44,0.85,12,90,11,4,2.68,0.8588051686912054,-0.18911873958847858,68,-4.727845036501783,-2.2059747248945456,0.32445267206024325,9,0.5,0.8944335039321859,-1.852011073622039,1.1027853819299223,0.189313199999952,12,-1.272356651176847,0.4546016331164597,-0.6233283571405845,9,-1.089175306371984,0.48379688029559453,-0.6271959265670257,10,-2.149613078135414,1.4198391587831347,0.9814205365604289,13,-2.2059747248945456,0.32445267206024325,-1.7458715545128567,12,-1.8636921139659337,1.3673552859618776,0.6909496641292145,12,-1.154680000000008,68,0.38235294117647056,COMPLETE
193,-9999.0,2026-04-28 13:26:50.165807,2026-04-28 13:26:57.869222,0 days 00:00:07.703415,3,31,11,7,47,0.95,9,89,14,4,2.2,2.5731596708933133,0.3253976191982218,12,-0.7252514252094097,-0.7252514252094097,0.0,0,0.6666666666666666,2.7345934058169235,0.0,0.0,0.0,0,-0.7252514252094097,2.906457125248519,0.6805479999999697,2,-0.3771532908223899,0.40283366691247185,-0.22522324769230773,3,-0.6753052153331153,4.323962962963021,0.893415750796156,3,-0.2508166250823339,5.0,0.38086353576929355,1,-0.19460129169996343,2.8057042702358688,0.22278167631621937,3,1.9639239999999614,12,0.5833333333333334,COMPLETE
194,-9999.0,2026-04-28 13:26:57.874191,2026-04-28 13:27:05.544920,0 days 00:00:07.670729,2,31,12,5,47,0.8,8,89,15,5,2.22,1.804891603733082,1.0473471565683974,106,-2.003154673537951,-2.003154673537951,0.517742451869743,13,0.6666666666666666,1.5862510895992903,-1.2014499461173171,0.997208198315799,-0.005539799999987327,17,-0.7896979529337447,2.576206621804509,3.2840823315929857,23,-1.0252402910841385,1.7511644531836226,0.8729443368024059,15,-0.7057233751099965,2.809254036142251,1.802864450566255,13,-2.003154673537951,0.517742451869743,-1.3890178694995536,19,-0.634652787168228,2.1777738610825663,1.7187494899482791,19,6.382533200000173,106,0.5,COMPLETE
195,-9999.0,2026-04-28 13:27:05.549838,2026-04-28 13:27:13.206733,0 days 00:00:07.656895,2,50,12,6,41,0.9,12,87,11,3,2.66,1.2417558836987443,0.2121431345451156,66,-2.4228494071626643,-1.8359994181437123,0.14214610529173757,9,0.6666666666666666,1.1415043628990758,-1.8251852678882925,0.14214610529173757,-1.5167199999999603,10,-1.3266661416655323,0.6924260888081094,-0.3813502149806136,11,-0.42544477393544183,2.0983248443689773,0.7714873486329266,10,-1.2350726016120372,2.133098175447981,1.5440179426645884,11,-1.1172881131013408,1.3076980372502782,0.7522137701750697,15,-1.8359994181437123,1.0768420510253829,0.10320996077868294,9,1.2506382000001093,66,0.3939393939393939,COMPLETE
196,-9999.0,2026-04-28 13:27:13.211655,2026-04-28 13:27:20.823494,0 days 00:00:07.611839,2,39,11,5,38,0.8,15,90,14,3,2.62,1.181412670352494,0.2884157250113502,69,-2.0710836440149776,-1.998341834278198,0.37951162753881695,9,0.8333333333333334,1.1993835483250976,-1.2025543275588089,0.37951162753881695,-0.7839125999999808,9,-1.998341834278198,1.5062821368738317,0.8101956255937237,13,-0.6049865723560848,1.074655711337673,0.09838259057877163,12,-1.266366706494252,1.3628904687386418,0.6995000536065277,14,-0.9578264916367939,1.0363788890467,0.05079833344896478,9,-0.7108156996983536,1.7287571885793,0.8555303468400943,12,1.7328483999998978,69,0.4057971014492754,COMPLETE
197,-9999.0,2026-04-28 13:27:20.828321,2026-04-28 13:27:28.511766,0 days 00:00:07.683445,2,40,10,5,42,0.95,12,81,15,4,2.64,1.8794158989249719,0.5454966874007224,41,-1.4271814531054576,-1.4271814531054576,0.7449529323469465,3,0.6666666666666666,1.6400805905839262,-0.9264783785024185,0.7449529323469465,-0.11894120000000008,3,-0.896164204150264,4.637467300832395,1.960161840014485,7,-0.3201299310206592,1.056826660308465,0.030424133887718696,7,-0.7914768677864786,1.9083711849746146,0.7216508470990757,7,-1.4271814531054576,0.9062988951387344,-0.17712934927653912,9,-0.6852031254377764,2.0225784199486765,0.8568138526795943,8,3.300850799999977,41,0.4878048780487805,COMPLETE
198,-9999.0,2026-04-28 13:27:28.516817,2026-04-28 13:27:36.212737,0 days 00:00:07.695920,2,35,14,5,34,0.8,10,80,14,3,2.5,1.3892557234718688,0.5857004665491772,106,-3.012171099051114,-2.4795484705281265,0.4579667005606532,15,0.6666666666666666,1.246496446845186,-1.5572117126970977,0.4579667005606532,-0.9541900000000325,15,-2.4795484705281265,1.5204448926167387,1.5736859540045112,26,-0.5333265794723361,2.7719001364550357,1.9618957326750897,17,-1.9174365158303686,1.5885786725292703,1.3284445769611297,15,-2.401556345512811,0.8601150839125723,-0.6083310972877287,18,-0.9989481987652757,1.136528854756942,0.21269763294209376,15,3.5283599999998305,106,0.3867924528301887,COMPLETE
199,-9999.0,2026-04-28 13:27:36.217542,2026-04-28 13:27:43.820204,0 days 00:00:07.602662,3,51,13,7,39,0.8,16,88,12,4,2.4400000000000004,1.2840945344662502,0.1496763394482107,70,-3.228140312710581,-2.004283779843455,0.12411217620045248,9,0.3333333333333333,1.0894033557112415,-1.2781136522821495,3.936316580813373,3.3004492000000107,14,-0.7198111324625553,0.9130571062030072,-0.09709618958748667,14,-1.3011661392890723,0.5778131088132276,-0.6005599891172442,10,-1.4651069565453059,1.3815379877587033,0.5797288529168831,12,-2.004283779843455,0.12411217620045248,-1.9040733736406468,9,-1.7030412462794766,0.7717302470087369,-0.38039046388225195,11,0.8255336000000169,70,0.4,COMPLETE
200,-9999.0,2026-04-28 13:27:43.825029,2026-04-28 13:27:51.450285,0 days 00:00:07.625256,2,59,12,6,53,0.85,12,84,11,3,2.68,1.2096422937659124,0.03150677453389964,88,-3.2178014844619263,-2.205871298757535,0.5248596322626362,7,0.3333333333333333,1.0083014779918218,-1.4580180084411272,0.8967406814566078,-0.21159280000001557,14,-1.6823725228503517,0.5963301189068533,-1.101580464950025,16,-0.8368823599347531,0.9585350986037213,-0.034876779615000686,7,-1.221312755363583,2.7950336893591903,2.916457595782207,18,-2.205871298757535,0.5248596322626362,-2.2058712987575335,21,-1.9554878468230836,1.4863545420064657,0.8265043947437656,12,0.11295240000011031,88,0.36363636363636365,COMPLETE
201,-9999.0,2026-04-28 13:27:51.455236,2026-04-28 13:27:59.108755,0 days 00:00:07.653519,2,53,12,6,55,0.95,10,90,11,5,2.68,2.14035140245187,0.7682344558271584,46,-2.252640246107498,-2.042926454721804,0.0,4,0.5,1.8186081637571092,-2.042926454721804,4.133240161425763,3.470470800000003,12,-0.6094465416586279,0.8511078057531456,-0.15962776502604914,9,-0.6977713284391114,0.0,-0.6474595004141048,4,-1.1006552486774728,2.7280554433181092,1.9167869994933362,10,-1.35342490983094,0.12970500421420136,-1.1648054901947424,6,-0.5887610467474471,5.0,1.1940416911045082,5,4.619798799999986,46,0.391304347826087,COMPLETE
202,-9999.0,2026-04-28 13:27:59.114107,2026-04-28 13:28:06.741942,0 days 00:00:07.627835,3,44,11,7,52,0.95,11,89,13,5,2.3600000000000003,2.8778117498088016,0.6061723278063091,33,-1.7452147020272122,-1.505216974757446,0.0,3,0.6666666666666666,2.102923144679131,-0.9273416742926451,0.5663645255950654,-0.21279359999999414,3,-0.4573763324578308,4.244226685429049,1.7789939853451342,8,-0.5913670872419161,2.6888604651162713,0.7436396638335951,6,-0.5095854473758122,4.767418822712426,1.6964080062759734,7,-1.505216974757446,0.0,-1.3158916681764055,5,-0.04130549967623293,5.0,0.9466775795595517,4,3.6562563999999798,33,0.5454545454545454,COMPLETE
203,-9999.0,2026-04-28 13:28:06.747237,2026-04-28 13:28:14.363731,0 days 00:00:07.616494,2,34,10,7,42,0.9,17,88,12,4,2.3800000000000003,3.3446428392953904,1.152869614353232,36,-1.0653483319661068,-1.0653483319661068,0.7242168582958748,4,0.8333333333333334,3.6588852898133095,-0.2810945102541184,5.0,0.7282463999999989,4,-0.7200277894607688,5.0,3.728108782006889,8,-0.16921356929208722,2.4359019066733185,0.438232235796443,5,-1.0653483319661068,0.7242168582958748,-0.20707902718426485,4,-0.3775793518155889,4.78510685065319,1.7758804948246665,9,-0.36943460359131286,2.1226314201499563,0.45382880067565967,6,7.067556399999919,36,0.6111111111111112,COMPLETE
204,-9999.0,2026-04-28 13:28:14.368763,2026-04-28 13:28:21.999845,0 days 00:00:07.631082,3,33,11,7,57,0.95,15,89,14,5,2.22,3.3333333333333335,0.521282396843357,11,-0.7241498981814567,-0.7241498981814567,0.0,1,0.6666666666666666,4.9839660027907575,0.0,5.0,0.15269380000000332,1,-0.7241498981814567,5.0,2.5669218694544638,5,-0.4085818518945936,0.0,-0.3064828321835078,2,-0.3420305374625255,5.0,0.6775648599842032,1,-0.13980376388153057,0.0,-0.1129942509902393,1,0.0,5.0,0.14999093479521886,1,3.140560399999992,11,0.6363636363636364,COMPLETE
205,-9999.0,2026-04-28 13:28:22.004577,2026-04-28 13:28:29.714439,0 days 00:00:07.709862,2,37,14,5,49,0.8,8,86,14,5,2.4000000000000004,1.398880507236025,0.25772201625054825,113,-4.5844993648251835,-4.536009520685791,0.06016709655960568,16,0.8333333333333334,1.100229901917919,-1.4768704486171453,1.1613068095232675,0.27521200000002466,16,-1.0487430501985762,2.1175096095488457,2.6441709243157696,24,-0.47889480402282186,2.4593152616734515,1.4477648453762981,16,-1.4502203919640042,1.139822924637893,0.3377291906179414,19,-4.536009520685791,0.06016709655960568,-4.07250236190052,17,-1.3991771531714605,1.4551613414730882,0.913957499093776,21,1.421256000000004,113,0.4336283185840708,COMPLETE
206,-9999.0,2026-04-28 13:28:29.719318,2026-04-28 13:28:37.339809,0 days 00:00:07.620491,3,37,13,7,53,0.95,15,90,14,5,2.52,2.6971679842111516,0.8022271114192921,17,-0.5809392239198004,-0.5809392239198004,0.0,1,0.6666666666666666,5.0,-0.22063835006340543,0.0,-0.0977900000000087,1,-0.35259065092159814,5.0,3.2661936107319267,6,-0.1713752470434425,1.1830079052669094,0.0545288476785144,3,-0.3370879095271384,5.0,1.4381776199640983,3,-0.5809392239198004,0.0,-0.3910283154010319,1,-0.00708186437034862,5.0,0.5432809055422538,3,4.8631655999999746,17,0.7058823529411765,COMPLETE
207,-9999.0,2026-04-28 13:28:37.344657,2026-04-28 13:28:44.969974,0 days 00:00:07.625317,2,39,12,5,42,0.85,14,87,13,3,2.5,1.2169559029083505,0.19992877996851122,60,-2.1446470043981654,-2.1446470043981654,0.4775166097289878,8,0.6666666666666666,1.1654242783610913,-0.8558953957883445,0.4775166097289878,-0.49858500000000694,8,-2.1446470043981654,1.1531594773265144,0.2784784517888772,14,-0.43252573181690485,1.766364225534656,0.5925624963011744,10,-0.8193563909506849,1.4415503158399883,0.5132721505596738,9,-1.0814585308285392,0.929612656595408,-0.12118758080064129,10,-0.5109618505872114,1.533532132424549,0.4350321619619901,9,1.2010149999999609,60,0.4,COMPLETE
208,-9999.0,2026-04-28 13:28:44.974896,2026-04-28 13:28:52.581535,0 days 00:00:07.606639,3,39,12,7,37,0.95,12,82,15,5,2.3400000000000003,3.2513453570889297,0.7498770052767982,30,-1.5926989573885286,-1.5926989573885286,0.0,3,0.6666666666666666,2.3008016545994905,-0.9308138519786566,0.0,-0.5885100000000087,3,-0.3873411561460518,4.167707029007267,2.3310227017017793,8,-0.171686799025425,5.0,1.420644379522873,6,-0.5094694027228894,5.0,1.8544001611383143,4,-1.5926989573885286,0.3403651135263108,-1.1666470588342692,5,0.0,5.0,0.6483518481321005,4,4.534646600000003,30,0.6,COMPLETE
209,-9999.0,2026-04-28 13:28:52.586437,2026-04-28 13:29:00.284419,0 days 00:00:07.697982,2,60,12,6,52,0.85,13,79,12,4,2.5,1.3477396065261413,0.8838609434180041,104,-3.6330687278284097,-3.0795495710927776,0.5815654373183171,10,0.3333333333333333,1.3250531641743193,-2.014080580254423,3.569415227440719,5.875045000000001,20,-1.5701226555711025,0.9040945372490917,-0.21516873971576533,15,-0.8887737405385442,0.5815654373183171,-0.4196891664983271,10,-2.0368044948632273,1.4613790753402147,1.595892241391006,24,-3.0795495710927776,0.6560492840133529,-1.312175763384138,18,-1.6326569141854417,0.9139340777951535,-0.22073791128475184,17,5.247460000000026,104,0.4230769230769231,COMPLETE
210,-9999.0,2026-04-28 13:29:00.289401,2026-04-28 13:29:07.855126,0 days 00:00:07.565725,2,34,10,7,40,0.8,17,89,13,3,2.46,2.244034376966369,1.203776275525468,62,-1.9735845709344113,-1.9735845709344113,0.48512456656113023,6,0.8333333333333334,2.132974206746294,-0.2275130372846992,2.046566212229974,0.3938124000000043,6,-1.9735845709344113,1.9463654891304532,1.9703714329709188,17,-0.48626932245840443,3.0085630512745714,1.6193768965803823,10,-1.0534518309808067,2.3284470518635523,1.8131695447717977,14,-0.5088855436130338,3.649139890738533,1.932054882331613,8,-0.7371416689846388,0.48512456656113023,-0.5061275035019075,7,7.415893999999867,62,0.5,COMPLETE
211,-9999.0,2026-04-28 13:29:07.860282,2026-04-28 13:29:15.448621,0 days 00:00:07.588339,2,53,12,5,44,0.85,13,79,13,4,2.3200000000000003,1.3081392787150323,0.6118246186463376,102,-3.458536430686665,-2.2722922126316383,0.3558183540913979,11,0.3333333333333333,1.245870638059088,-2.0271427967665483,4.030336311410052,5.9289136000000076,21,-1.251828791349794,0.3558183540913979,-0.8857117175230078,11,-1.386741863402703,0.4786073711410311,-0.8033436199344379,13,-1.178318631058661,1.528124062204572,1.1693274352023941,20,-2.2722922126316383,0.8583488345860829,-0.524412096656468,19,-1.801641830277136,0.5976007388570581,-1.2138258892104625,18,3.5402864000000367,102,0.39215686274509803,COMPLETE
212,0.4646344831944893,2026-04-28 13:29:15.453635,2026-04-28 13:29:23.117700,0 days 00:00:07.664065,2,45,14,6,46,0.85,9,78,10,4,2.72,2.030055399978787,1.7009008798413123,103,-2.2908086963422516,-2.0585537714893865,1.434936391443939,13,1.0,1.9137538867183959,-2.0585537714893865,1.727619837392529,2.0180900000000612,21,-1.0083700283892636,1.568159046325646,1.1810266198867492,20,-0.4223602391197182,1.7586715672873499,0.7258916686578853,13,-0.9278888183698413,2.9606643219406408,2.4502967896114614,17,-1.014597516919833,1.434936391443939,1.1333063449404213,17,-1.5898041216335554,2.7302812354826167,2.696793855951296,15,10.632239200000182,103,0.4563106796116505,COMPLETE
213,-9999.0,2026-04-28 13:29:23.125299,2026-04-28 13:29:30.814492,0 days 00:00:07.689193,3,42,10,5,46,0.95,10,81,15,4,2.7800000000000002,2.7993116666264015,1.260835449436537,46,-1.0353900876744264,-1.0353900876744264,0.0,3,0.8333333333333334,2.65298932187762,-0.9305058950237896,0.0,-0.5552999999999919,3,-0.43261802788803216,3.815997381056363,1.8164929855487788,10,-0.34668793105802687,2.194341527167555,0.8484037695351221,10,-0.9179520193562046,4.235210297658279,2.3555762162122518,8,-1.0353900876744264,2.023161245814901,1.5467623978803635,8,-0.5913609054090084,4.527159548061312,1.5530773274426979,7,7.780323199999994,46,0.5217391304347826,COMPLETE
214,-9999.0,2026-04-28 13:29:30.819580,2026-04-28 13:29:38.514637,0 days 00:00:07.695057,2,42,14,6,48,0.85,9,78,11,4,2.68,1.771534178301714,1.250854266094694,101,-1.935767827659108,-1.935767827659108,0.910579220473274,13,0.6666666666666666,1.641892853099267,-1.935767827659108,1.7203583283807329,1.490860800000049,18,-1.0136550615758122,1.8616335145738396,1.8783858812241316,21,-1.1163998592656215,0.910579220473274,-0.13949926026465276,15,-1.3746569320816469,2.0494103552843232,1.900337776488925,17,-1.1492309101118074,0.9510508515119986,-0.14003114022480556,17,-0.878150643573165,3.136172799586116,2.5150715393445155,13,7.7103656000001575,101,0.43564356435643564,COMPLETE
215,-9999.0,2026-04-28 13:29:38.519510,2026-04-28 13:29:46.151321,0 days 00:00:07.631811,2,39,14,7,44,0.85,16,78,12,4,2.54,1.2593560961858734,0.26086261256928295,55,-1.2826712413629937,-1.0074299264871331,0.2154255006408612,7,0.6666666666666666,1.2658842416763578,-0.6988876905953886,1.2508096539047902,0.19921560000004668,11,-0.8890569542592895,2.6821721210746396,1.775964601463409,13,-0.7325847740365186,0.2154255006408612,-0.6542639599484534,7,-1.0074299264871331,1.8646238513683253,0.8498039514922784,8,-0.9981257273855114,0.4923079756013193,-0.6476308947033438,8,-0.571563248928837,1.0507974745253055,0.042086377111760775,8,1.5534792000000852,55,0.41818181818181815,COMPLETE
216,-9999.0,2026-04-28 13:29:46.156143,2026-04-28 13:29:53.783618,0 days 00:00:07.627475,3,52,12,5,41,0.8,17,81,15,4,2.2600000000000002,1.5498517822461697,0.43788995267212694,80,-2.8834652444164255,-1.914812552493193,0.4851120193460802,10,0.3333333333333333,1.2477318118077863,-0.8404087732159518,5.0,4.098213399999984,17,-1.3425435085253246,0.787653121930303,-0.2948796045331492,13,-1.688787069861637,0.4851120193460802,-0.9928750351583027,13,-1.914812552493193,0.7330745069549777,-0.48627057458591194,12,-0.9423511715465352,1.5641419533176408,0.9260197562401373,10,-1.610100655466392,0.729129091928017,-0.6228682259299956,15,2.5651439999999193,80,0.4375,COMPLETE
217,-9999.0,2026-04-28 13:29:53.788467,2026-04-28 13:30:01.514353,0 days 00:00:07.725886,3,39,12,7,56,0.8,10,86,12,3,2.56,1.590509075385323,0.6631751912546965,98,-3.4599936817636694,-2.4568928289417453,0.23427509815814015,14,0.8333333333333334,1.3262914373453785,-2.4568928289417453,0.23427509815814015,-2.3987863999999415,19,-2.033734624296053,1.2326522297146105,0.4680351638578939,16,-0.9214996022732594,1.381147602072748,0.5528306518474579,16,-0.8430132215363527,3.6752802780500757,3.044552186755811,14,-1.134936495813799,1.5627373556721367,1.5825062834067483,18,-1.1046118721882394,1.4569618886442266,0.7299132616602089,15,3.9632500000000404,98,0.3979591836734694,COMPLETE
218,-9999.0,2026-04-28 13:30:01.519358,2026-04-28 13:30:09.172522,0 days 00:00:07.653164,2,41,14,6,38,0.85,15,78,12,4,2.3000000000000003,1.3036955330073992,0.27711396035939306,61,-1.7780849347348942,-1.2980212105624636,0.3359170471397317,8,0.5,1.241416705662154,-0.7620682681209235,1.0533007450439085,0.04514200000005353,11,-1.0263182100687778,1.9291248624935549,1.4014353640479982,14,-0.8040074198491974,0.9963596440540864,-0.0037260758575796693,10,-1.0001928024140017,2.564949229455914,1.3734186629927647,9,-1.2980212105624636,0.3359170471397317,-1.1060528961297722,9,-0.5862153319025172,0.9425216698571994,-0.04753329289710617,8,1.6509040000000752,61,0.45901639344262296,COMPLETE
219,-9999.0,2026-04-28 13:30:09.177298,2026-04-28 13:30:16.919259,0 days 00:00:07.741961,2,48,11,5,43,0.95,17,80,14,3,2.4000000000000004,1.5222590104660316,0.036160033702588766,32,-2.3233191106312394,-1.7731305906344597,0.4359884408758671,4,0.5,1.0528928237535955,-0.5852863233815156,0.4359884408758671,-0.2908099999999969,4,-1.7731305906344597,0.44843379657261245,-0.6488188300396103,7,-0.886819355695047,0.5447930719352356,-0.42236872896640465,8,-0.4823893599138652,3.9101401621756593,1.0587198289604194,5,-0.44942742718208606,1.0757331519247226,0.05137016601317601,4,-0.3255911836708164,2.718465439312093,0.468867766247949,4,0.20706799999996583,32,0.375,COMPLETE
220,-9999.0,2026-04-28 13:30:16.924227,2026-04-28 13:30:24.578453,0 days 00:00:07.654226,3,55,12,7,51,0.8,15,75,10,4,2.72,0.9901817237315053,-0.05580179506950075,95,-4.09688586835385,-2.825266656334369,0.7734315895043191,14,0.6666666666666666,0.9772020297293419,-0.9739593949581494,1.1377864986746686,0.1601024000000173,14,-1.596875112059612,1.0557312938919359,0.10323911170448952,16,-1.299504690721656,0.7734315895043191,-0.41458354416943344,14,-2.1547517596143826,1.0081961518174225,0.024432779164595964,14,-2.825266656334369,0.7741616166952716,-0.8560049483387178,17,-1.902864292096197,1.1917831918054138,0.648003431222044,20,-0.3410492000000209,95,0.4,COMPLETE
221,-9999.0,2026-04-28 13:30:24.583473,2026-04-28 13:30:32.208186,0 days 00:00:07.624713,3,42,12,5,45,0.85,10,77,10,4,2.72,2.059684684729215,0.84654462622068,78,-2.3690794605991483,-1.6432332859621264,0.3028893919793118,11,0.6666666666666666,1.573581794284034,-1.2763830804902887,0.5545063993651294,-0.8364275999999671,15,-1.480959969693426,1.866348902365519,1.2317244835362784,14,-0.5404025005666274,4.275113945647301,2.4094282362185693,14,-1.2696872486778306,2.86801722628763,2.075895736156186,11,-1.6432332859621264,0.3028893919793118,-1.6432332859621313,12,-0.8608598310579311,2.4912322427303972,1.8418801873751445,12,5.11449120000016,78,0.48717948717948717,COMPLETE
222,-9999.0,2026-04-28 13:30:32.213106,2026-04-28 13:30:39.847932,0 days 00:00:07.634826,3,40,11,7,46,0.8,10,80,14,3,2.3600000000000003,1.4069564307768962,0.803083756037498,138,-3.053719690163157,-3.053719690163157,0.7090841653483139,18,0.8333333333333334,1.2785603802423653,-3.053719690163157,0.7090841653483139,-1.1529779999999712,24,-2.674612793751362,1.0054388281988575,0.016122691081177365,24,-0.8961047394225119,1.6927214070757655,1.422614917731968,24,-1.199462000355466,2.19316879841468,2.8403585309248136,23,-1.424479760493532,1.094503596201239,0.4008677161440266,25,-0.8501645502765076,1.746821789422521,1.2915166803429745,18,4.867889999999964,138,0.39855072463768115,COMPLETE
223,-9999.0,2026-04-28 13:30:39.852861,2026-04-28 13:30:47.442323,0 days 00:00:07.589462,2,46,12,5,35,0.95,11,80,14,5,2.4800000000000004,2.475525373621561,0.4915558397043625,44,-1.4730098588904736,-1.2300805429852715,0.24186017522362882,6,0.6666666666666666,1.6754839269010655,-1.0763493417511352,0.6226398312332644,-0.33092599999998695,7,-0.3851789310206163,2.4173756938703694,1.0836689422839552,9,-0.5620669428232943,1.96352172285723,0.6643430290227625,9,-0.4672556700571184,4.6077548185448745,1.638917140589502,6,-1.2300805429852715,0.24186017522362882,-1.038434747189232,7,-0.36712755917926065,5.0,0.9317666735191743,6,2.9607136000000533,44,0.4772727272727273,COMPLETE
224,-9999.0,2026-04-28 13:30:47.447313,2026-04-28 13:30:55.061718,0 days 00:00:07.614405,3,35,12,7,45,0.9,11,78,11,4,2.2600000000000002,3.0987935330157796,1.1828386074555757,50,-1.5543808702807316,-1.0942857089190285,0.6734516333978171,5,0.8333333333333334,2.7890475697320896,-0.20704809724603848,3.2240883761853403,0.4550040000000255,5,-0.721978884998512,5.0,3.645286201969533,9,-0.5925737418912715,5.0,1.6950804336653968,11,-0.8637177403678833,3.5005449169466285,1.5255482028283973,7,-1.0483308924263468,0.6734516333978171,-0.4111950335009773,9,-1.0942857089190285,1.1946762715648909,0.18730783977107812,9,7.2555181999999,50,0.64,COMPLETE
225,-9999.0,2026-04-28 13:30:55.066717,2026-04-28 13:31:02.712120,0 days 00:00:07.645403,3,37,14,6,57,0.85,9,85,10,4,2.62,2.2892916296162036,1.07824058373861,66,-1.9316214741853146,-1.4034574901515566,0.18722986174428707,8,0.6666666666666666,2.0465393304906927,-0.9751419326219791,0.9568830746263117,-0.045054599999971856,10,-0.889826647882378,3.336346366013293,3.093174217270911,17,-0.599649574805795,5.0,2.2418053340190536,10,-0.8995987206538121,2.7142674703804115,1.9570018776096543,12,-1.4034574901515566,0.18722986174428707,-1.219873995793952,9,-0.9043486139081246,1.5410230049329166,0.44239066932596494,8,6.57770900000012,66,0.5606060606060606,COMPLETE
226,0.4323398750904356,2026-04-28 13:31:02.717109,2026-04-28 13:31:10.313985,0 days 00:00:07.596876,2,34,10,5,42,0.8,11,80,14,4,2.72,1.7989318565117545,1.283125960494517,126,-3.4919061690485753,-3.4919061690485753,1.0339758573813786,16,1.0,1.5480517377397447,-1.1009088935257392,1.4653076008688204,0.7476516000000322,19,-1.6234900993263592,2.088118954474105,2.5647696586111435,23,-0.41159265016260593,3.668069942242253,3.263448649232581,22,-1.6938626976491469,1.125954178088104,0.3005771949741609,20,-3.4919061690485753,1.0339758573813786,0.1555299989560499,26,-1.0763590797916676,1.412164606015866,0.6667786611931348,16,7.90567920000016,126,0.48412698412698413,COMPLETE
227,-9999.0,2026-04-28 13:31:10.318966,2026-04-28 13:31:17.884136,0 days 00:00:07.565170,3,31,10,7,41,0.9,16,88,12,4,2.46,1.8269418439399419,0.423756814300665,23,-1.1225398012286023,-0.7926392129871643,0.0,1,0.6666666666666666,2.0930002221880124,-0.22063835006340543,0.0,-0.0977900000000087,1,-0.7273871731593554,3.987772963604789,1.6566071961771067,5,-0.6138779631825154,1.3735032481139846,0.1404022599394983,4,-0.6359610964524024,2.3625781387072085,0.5345417354851723,4,-0.5249042573539507,0.6310027109629159,-0.20900847543694479,4,-0.7926392129871643,2.606794002250753,0.5177881696391662,5,2.5580139999999307,23,0.5652173913043478,COMPLETE
228,-9999.0,2026-04-28 13:31:17.889842,2026-04-28 13:31:25.495766,0 days 00:00:07.605924,2,50,13,6,36,0.85,11,83,10,4,2.64,1.1906720004383213,0.4090536852674446,101,-3.2706008045934167,-2.375876289198646,0.5568589136258169,11,0.5,1.1776931401264596,-2.066880315822888,1.3526151875891452,1.2114800000000647,25,-1.7007631445127025,0.7599766919502592,-0.476171675387016,16,-0.553795698668873,0.8868262339418269,-0.11632019809215688,11,-1.203004740557021,1.8096921001585158,1.6346204616022986,20,-2.375876289198646,0.5568589136258169,-1.3767808399214987,14,-1.7179468206443893,1.7780628753643635,1.5774943634029759,15,2.440036000000134,101,0.3564356435643564,COMPLETE
229,-9999.0,2026-04-28 13:31:25.501146,2026-04-28 13:31:33.061081,0 days 00:00:07.559935,2,30,13,7,42,0.95,14,82,15,5,2.2800000000000002,2.784287529602024,0.3852211982307156,16,-0.9563180288162294,-0.8726159699295367,0.9930004486465762,2,0.8333333333333334,2.2436551606288466,-0.21478656658878073,2.259455158695923,0.14563080000000728,2,-0.8726159699295367,1.0810867402815056,0.08058584219330367,3,-0.2615425729160036,2.3721828299881396,0.21895762445027778,3,-0.3481464595730509,5.0,0.8668361553743953,2,-0.1981395939733017,5.0,1.0034331273047536,2,-0.7337322441831529,0.9930004486465762,-0.00411635993844417,4,2.328918400000002,16,0.6875,COMPLETE
230,-9999.0,2026-04-28 13:31:33.066518,2026-04-28 13:31:40.682004,0 days 00:00:07.615486,3,49,14,5,50,0.9,11,90,11,4,2.7,2.0393461963494732,0.030502682325713366,51,-2.853184626675897,-2.0779503154081547,0.1393202086037869,7,0.3333333333333333,1.0209076715341157,-0.9805308406452667,0.4316440639959677,-0.5829569999999951,8,-1.8120296334145396,0.8462208562666638,-0.23100968714184766,12,-0.4208349056225077,5.0,1.0256113227307795,7,-0.6357944121911155,5.0,2.0615139673598737,7,-2.0779503154081547,0.1393202086037869,-1.8864443559861166,10,-1.485847453526027,0.8188920492304206,-0.20369815300841365,7,0.13672300000007187,51,0.43137254901960786,COMPLETE
231,-9999.0,2026-04-28 13:31:40.687361,2026-04-28 13:31:48.279454,0 days 00:00:07.592093,3,31,11,7,30,0.9,8,79,12,4,2.22,3.1705498119340034,1.5628753642319377,51,-1.1498317542579546,-1.1498317542579546,1.2781121463470169,4,1.0,3.520013408378664,-1.1498317542579546,1.3293620768308825,0.3104534000000214,7,-0.7204611849364443,5.0,2.52837617021473,4,-0.30406597003731284,5.0,2.681881638589445,14,-0.5962913363325588,5.0,3.2991270560791985,10,-0.7478626336330655,1.4158246484261203,0.2889416516238974,7,-1.0916020608560946,1.2781121463470169,0.2684722688843344,9,9.697868399999955,51,0.7058823529411765,COMPLETE
232,-9999.0,2026-04-28 13:31:48.284887,2026-04-28 13:31:55.882283,0 days 00:00:07.597396,2,30,10,5,42,0.8,11,80,14,4,2.68,1.365075576003867,0.9900633372136406,115,-2.706165261423194,-1.8029580430190661,0.87819418421429,15,0.6666666666666666,1.4082042225060236,-1.800458535635296,0.9410660723121673,-0.13458799999999105,17,-1.6971604757962908,1.7770806799238437,2.231188511994553,22,-1.5031936084529884,0.87819418421429,-0.20822226368480967,15,-0.8324666562953753,1.3135012956941525,0.5687862398230825,16,-1.8029580430190661,1.4307287674129816,1.5903591929726346,26,-1.5352881029602699,1.8498824564657679,1.8928563421763744,19,6.06026520000007,115,0.46956521739130436,COMPLETE
233,-9999.0,2026-04-28 13:31:55.887755,2026-04-28 13:32:03.499774,0 days 00:00:07.612019,2,47,11,5,43,0.8,15,81,15,4,2.56,1.5045154045315812,0.6391997044846627,103,-3.292964941642542,-2.7823485890994006,0.705138392981994,14,0.3333333333333333,1.2630469008252936,-2.0516564067608205,4.538647709573067,5.316252000000032,18,-1.3721078764769672,0.7772340960804306,-0.37834958274052255,16,-1.2671022989043383,0.7523460099282645,-0.44031503813135586,14,-1.4376422578405097,0.9429358309989752,-0.13905017504644013,17,-2.7823485890994006,0.705138392981994,-1.2128749333231603,20,-1.797964295352751,1.310790387626756,0.689535956149423,18,3.7559520000000735,103,0.3786407766990291,COMPLETE
234,-9999.0,2026-04-28 13:32:03.505148,2026-04-28 13:32:11.128715,0 days 00:00:07.623567,2,36,10,5,44,0.9,11,80,14,4,2.7,2.3218817126858977,0.8659171467078767,64,-2.110177321992214,-1.5865226400926584,0.8923959989256961,6,0.6666666666666666,1.697377571526793,-0.3949986632424091,5.0,1.0809019999999947,6,-0.8838984816521992,3.2374347570248942,2.8965313348708,14,-0.26488389232024884,1.817074233213853,0.39674261227005125,8,-1.3744115888165296,0.9430789848076552,-0.08582628603038822,9,-1.5865226400926584,0.8923959989256961,-0.28416752220664643,14,-0.8827230796223138,2.0413063021432865,1.191320741343449,13,5.274685000000079,64,0.484375,COMPLETE
235,-9999.0,2026-04-28 13:32:11.134175,2026-04-28 13:32:18.733555,0 days 00:00:07.599380,2,42,11,5,40,0.8,13,79,12,3,2.5,1.172158194184237,0.2584880183419587,99,-2.541688282941505,-2.2795044785921683,0.3024438557262237,13,0.5,1.1179305430688855,-1.6308353707497596,0.3024438557262237,-1.1480099999999993,13,-2.2795044785921683,1.2333651139109454,0.47293433344139935,16,-0.7753802995300545,0.8661303606767415,-0.23565866902566235,17,-1.5400810164614511,1.1850819551889067,0.4329293991125027,17,-1.0844110508292684,0.8322682218704771,-0.5973808215312681,19,-1.8541093215229663,2.6136596577321263,2.62611386805478,17,1.5176800000001212,99,0.41414141414141414,COMPLETE
236,-9999.0,2026-04-28 13:32:18.738888,2026-04-28 13:32:26.294071,0 days 00:00:07.555183,2,37,10,5,38,0.8,15,81,15,5,2.8,1.9629234403067939,1.3966882178142164,99,-1.2806745102609545,-1.2806745102609545,0.7393687501109973,15,0.6666666666666666,1.8085295158261463,-0.8002763737020633,3.6951390413830567,2.7001520000000223,15,-0.8569138933275267,2.7031527271995497,3.2970467268636394,20,-0.9947549322874296,0.7393687501109973,-0.4149586849278575,15,-1.2806745102609545,2.237052591175161,2.074427609712859,16,-0.9791320198702013,0.8841824438284832,-0.23751835631294904,15,-0.7872331147384559,1.5186450881435167,0.9609800115495837,18,8.615262000000023,99,0.4444444444444444,COMPLETE
237,-9999.0,2026-04-28 13:32:26.299430,2026-04-28 13:32:33.946407,0 days 00:00:07.646977,2,37,10,7,60,0.95,11,81,15,4,2.8,2.9432690141807694,0.9235780193694495,44,-1.8267405258101697,-1.6475014444328269,0.4986527915713144,2,0.8333333333333334,2.0357851148001505,-0.2817200547815636,3.197059586612476,0.25404599999998556,2,-1.1758453873807446,5.0,3.486307176071479,9,-0.22531175733614112,2.0404694610778105,0.4186981279182822,7,-0.6251463867074794,5.0,1.8588721146779674,8,-1.6475014444328269,0.4986527915713144,-1.3129294856704332,9,-0.6646612229937611,1.9234322458230138,0.8364741832194156,9,5.602975999999971,44,0.5454545454545454,COMPLETE
238,-9999.0,2026-04-28 13:32:33.951271,2026-04-28 13:32:41.508092,0 days 00:00:07.556821,2,52,12,6,54,0.85,14,88,12,3,2.3400000000000003,1.0833319216407118,0.19712494794766702,74,-2.062396612598818,-2.062396612598818,0.3375882467840505,8,0.3333333333333333,1.1122049696048364,-1.7183315392546183,1.77165543437083,1.548033400000004,13,-0.8197481398792024,0.974518917451168,-0.02217787902525359,11,-1.3840659695407567,0.3375882467840505,-0.9352860964931264,10,-1.2116457301040773,1.8796134058590215,1.4840421376169477,16,-1.5202535247578137,0.8298554963899764,-0.48554134518608016,16,-2.062396612598818,0.7067600289892241,-0.4063205292264893,8,1.16025099999999,74,0.3783783783783784,COMPLETE
239,-9999.0,2026-04-28 13:32:41.513477,2026-04-28 13:32:49.025953,0 days 00:00:07.512476,3,30,13,7,43,0.9,13,80,14,5,2.3200000000000003,2.1168958605705934,0.7436983998867793,29,-1.3582818741400093,-1.0123377508029523,0.0,2,0.6666666666666666,2.088724047921155,-1.0030375445200033,0.0,-0.5221400000000154,3,-0.7290435771823682,3.9039873489212154,2.3259547400798164,7,-1.0123377508029523,1.7389318416823185,0.5826932596743717,7,-0.5361839339161848,4.547408995172453,1.8588895427012142,5,-0.9643025520548342,0.7083265177018124,-0.2475789559406305,2,-0.7185096869035748,1.802720459945763,0.4643718128059193,5,4.5129135999999015,29,0.5172413793103449,COMPLETE
240,-9999.0,2026-04-28 13:32:49.030919,2026-04-28 13:32:56.690229,0 days 00:00:07.659310,3,41,10,6,48,0.8,8,87,11,4,2.7600000000000002,1.7669401546165788,1.6659730316205101,132,-2.247068119034289,-2.1577971852670466,0.6909768303000737,21,0.8333333333333334,1.6722483943389084,-2.1577971852670466,0.6909768303000737,-0.8145139999999329,21,-1.693866203477401,1.798748846533239,2.024673650336317,24,-0.9179862483301598,1.734146272775896,1.288064777776099,21,-1.156233544811723,3.137525288844127,4.78504269687281,23,-1.4568055092445658,1.103902512350292,0.3797133866452862,22,-0.9302500917171839,2.136341176895846,2.3328576780924815,21,10.324498400000092,132,0.4621212121212121,COMPLETE
241,-9999.0,2026-04-28 13:32:56.695604,2026-04-28 13:33:04.198177,0 days 00:00:07.502573,3,56,14,5,39,0.9,15,84,11,3,2.4400000000000004,1.3098397338016468,-0.08290557802083098,42,-1.7803429241112168,-1.4953892560650395,0.2096335442979986,3,0.3333333333333333,0.9065843959361053,-1.1373529357210201,0.2096335442979986,-0.862929999999984,7,-0.8402202984755502,0.6183346329642586,-0.32091406373012665,9,-0.38824317306319556,0.7010305238343152,-0.09881953259696097,3,-0.8403808581430704,4.347648274765495,1.2795637294498174,6,-1.4775338645355252,0.6316227557862694,-0.7664725994699362,11,-1.4953892560650395,1.3507686711615434,0.27213899822220444,6,-0.5118679999999487,42,0.38095238095238093,COMPLETE
242,-9999.0,2026-04-28 13:33:04.203375,2026-04-28 13:33:11.776663,0 days 00:00:07.573288,2,36,13,7,34,0.85,10,83,11,4,2.8,1.9540272980415585,0.9461616864091545,83,-2.059804265220888,-1.6468980472907595,0.8512981994837295,11,0.6666666666666666,1.5990388551252277,-1.4543997050725055,0.9468082991511492,-0.0802699999999601,14,-0.8847492785058132,5.0,3.9087075195259224,15,-0.6089164320518513,1.995034530611358,0.8839752931125489,13,-1.3541721981623818,1.486401645228256,0.9574130379388146,15,-1.6468980472907595,0.8512981994837295,-0.43853609322437315,15,-0.9113505007007136,1.4446211137748597,0.4456803611019744,11,5.751402000000039,83,0.46987951807228917,COMPLETE
243,-9999.0,2026-04-28 13:33:11.782096,2026-04-28 13:33:19.388394,0 days 00:00:07.606298,2,41,10,5,38,0.8,9,83,15,4,2.72,1.9640942604514866,2.316058143515054,157,-3.480368493017506,-3.480368493017506,0.7434710910207438,25,0.8333333333333334,1.7607701260496171,-2.0393062843867726,3.403414938128741,5.93946320000005,25,-0.9064691577076117,1.8157812935758795,2.0432521881988075,27,-0.9720563746865397,1.6954099708632027,1.4394765601137172,26,-2.2531817572116575,0.7434710910207438,-0.9294441743819437,26,-3.480368493017506,1.193383751096801,0.9372441573058277,25,-1.180394250300635,2.933104518023552,4.466356929853865,28,14.556978800000241,157,0.445859872611465,COMPLETE
244,-9999.0,2026-04-28 13:33:19.393607,2026-04-28 13:33:27.040565,0 days 00:00:07.646958,3,59,12,6,40,0.85,9,90,12,3,2.3800000000000003,0.9806509185157695,-0.07755187449007828,98,-3.634035173235701,-2.436769567484256,0.5716612372949,13,0.16666666666666666,0.9606873945216217,-1.6773627145417662,0.7812524947783639,-0.5655497999999759,19,-1.0611747860253335,0.5716612372949,-0.5725818354250789,13,-0.8914516323733732,0.755818949572501,-0.3538664064920871,14,-1.1099214470733085,2.3716715888954445,2.899403919938215,19,-2.436769567484256,0.5771397489114397,-1.4762497895933646,17,-1.9655217489134624,0.8263614916419687,-0.396467335368178,16,-0.5208589999998847,98,0.37755102040816324,COMPLETE
245,-9999.0,2026-04-28 13:33:27.046011,2026-04-28 13:33:34.623884,0 days 00:00:07.577873,3,58,14,7,41,0.9,15,85,12,3,2.3000000000000003,1.714933513732113,0.5166284606205366,45,-1.6591275678542314,-1.6591275678542314,0.0,2,0.6666666666666666,1.6134120273233532,-1.3071793823193802,2.1652749022314324,1.2157080000000153,7,-0.8254718993897397,0.4320957686933483,-0.6264156152521183,10,-0.515399239095992,0.0,-0.4649654031916861,2,-0.8209000737152838,5.0,2.2103780143371887,9,-0.6622689797649538,1.5139329292928987,0.6215295967370027,11,-1.6591275678542314,1.1782974821749974,0.14353617109281736,6,3.110685999999996,45,0.4444444444444444,COMPLETE
246,-9999.0,2026-04-28 13:33:34.629454,2026-04-28 13:33:42.293834,0 days 00:00:07.664380,3,55,14,7,46,0.9,11,78,12,3,2.22,1.6360189264522118,0.32198518132824555,73,-2.7491823120966763,-2.7491823120966763,0.32149871955369413,7,0.5,1.1908649337191224,-2.7491823120966763,0.7872051444157478,-0.589026799999981,16,-2.0135133295387018,0.32149871955369413,-1.3139289939070764,13,-0.6438651831577541,0.8694553262346126,-0.09110136806824709,7,-0.8391548235980425,3.9337740059987985,2.105609745719894,11,-1.1691213292249607,1.0704223036795053,0.21231418177529715,17,-0.6758357110491924,2.8337580588309126,1.6080443224495866,9,1.9044484000000583,73,0.410958904109589,COMPLETE
247,-9999.0,2026-04-28 13:33:42.299196,2026-04-28 13:33:49.895821,0 days 00:00:07.596625,3,45,11,7,34,0.85,8,83,14,3,2.3600000000000003,1.5653836532892964,0.5834420207617985,140,-4.631262472353146,-3.767320117408912,0.29813853065459683,19,0.6666666666666666,1.1867125823923512,-3.767320117408912,0.29813853065459683,-3.2604763999999453,27,-2.0236173542941254,0.8024345614595497,-0.6841691744696066,28,-1.1355219959699414,1.9154426588710591,1.7307032376816522,22,-1.2253349327518355,3.1840614303612753,3.4600243136925446,19,-2.062297860769529,1.0421289542258672,0.2118376921973475,25,-1.8879164903055325,2.1500957841634296,2.0427324554687987,19,3.4065748000001728,140,0.4142857142857143,COMPLETE
248,-9999.0,2026-04-28 13:33:49.901433,2026-04-28 13:33:57.470956,0 days 00:00:07.569523,3,37,11,7,53,0.8,12,88,13,5,2.2800000000000002,1.5736544980506268,0.7280970709287403,93,-2.499568615947403,-2.138834800763303,0.30235611255616845,12,0.8333333333333334,1.4243931568879284,-1.2162608768186116,1.1165793553448582,0.1872416000000321,15,-0.6805163793884835,2.6191779405791733,3.0641753889748324,21,-0.9181348381403313,1.5787389507819174,0.8572701864036247,17,-1.2044579828725661,2.451771116345949,1.852255928412605,14,-2.138834800763303,0.30235611255616845,-1.9470248935315237,14,-0.45322774787249176,1.3733035126956945,0.35466421531287207,12,4.374967200000013,93,0.4946236559139785,COMPLETE
249,-9999.0,2026-04-28 13:33:57.476580,2026-04-28 13:34:05.029598,0 days 00:00:07.553018,2,38,14,7,40,0.85,17,79,13,5,2.72,1.2976575873068814,0.1804451923482405,53,-1.312638669914022,-1.2175441676325418,0.23660986912216952,6,0.6666666666666666,1.1897021927857123,-0.3592787197561272,2.1120726149955042,0.5978835999999932,9,-0.9200690522138075,1.5924742538291548,0.7863405985213179,11,-0.8324252071581316,0.23660986912216952,-0.6287964846527383,7,-0.5521086029156148,1.817373660030597,0.5085737988526517,6,-1.2175441676325418,0.639659432797317,-0.5215917711822615,10,-0.5470950328274864,1.3877556930665456,0.3402614125504799,10,1.0783716000000387,53,0.39622641509433965,COMPLETE
250,-9999.0,2026-04-28 13:34:05.034593,2026-04-28 13:34:12.732125,0 days 00:00:07.697532,2,40,13,6,44,0.9,10,86,12,4,2.7800000000000002,1.190308917186576,0.24742940096461793,67,-2.0547984071639203,-1.6282756664131643,0.6323857809968645,8,0.3333333333333333,1.161271564017575,-1.270112932920658,0.6323857809968645,-0.38573759999999124,8,-0.8995519904520801,2.715593975220691,2.1267908319120954,14,-0.8047234986760955,0.6919572336105819,-0.36987109101851434,12,-1.4009244436777237,1.6194778882937937,0.9985263017338264,11,-1.6282756664131643,0.841995718522294,-0.39294768013967696,11,-1.0970177535864134,0.6404429064752305,-0.4921843567000317,11,1.464523200000034,67,0.3880597014925373,COMPLETE
251,-9999.0,2026-04-28 13:34:12.737092,2026-04-28 13:34:20.337565,0 days 00:00:07.600473,3,46,11,6,47,0.8,8,89,13,3,2.3400000000000003,1.1776733523027094,-0.022497067190755764,136,-4.06265344387668,-3.41245024181576,0.31849500990525614,17,0.3333333333333333,0.9871909322606001,-3.41245024181576,0.31849500990525614,-2.9103397999999725,27,-2.013254821718771,0.9712123936922561,-0.07485307894811166,25,-1.0419008259870495,0.984765946068486,-0.027013414030474525,18,-1.242624579065082,2.305822014537878,2.5930436396746526,22,-2.138517505309727,0.832183043938383,-0.8605557422068921,27,-1.9569405540376001,1.6535617056739964,1.1447359923662637,17,-0.2212353999999861,136,0.4117647058823529,COMPLETE
252,-9999.0,2026-04-28 13:34:20.343095,2026-04-28 13:34:27.930239,0 days 00:00:07.587144,2,38,13,7,57,0.8,9,87,11,5,2.4000000000000004,1.4579071211150456,0.5533461170226961,111,-2.938857288676097,-2.0585760780304017,0.7499601200311795,14,0.6666666666666666,1.2554091760292496,-2.0585760780304017,0.8657484925281936,-0.30724799999996,19,-1.5759137537995522,1.3674234857406913,0.988894358137471,23,-0.4733718400189469,2.7582763385548015,1.504003710500279,14,-1.4748720098261012,1.5024730228429841,1.052563204588397,18,-1.5469257212107708,0.7499601200311795,-0.8044566404019848,17,-0.8045146207550927,1.5035612669924234,0.8863200693119744,20,3.3456380000000285,111,0.44144144144144143,COMPLETE
253,-9999.0,2026-04-28 13:34:27.935869,2026-04-28 13:34:35.516738,0 days 00:00:07.580869,2,48,12,5,36,0.9,10,90,13,5,2.6,1.428673369878541,0.41034512324559236,75,-2.993789899046062,-2.34558321956679,0.11756885239460786,7,0.5,1.2743946816913845,-1.2509163316015792,3.19569583262093,2.8251140000000508,16,-1.166997363052737,0.6496938084097332,-0.5329554023154159,13,-1.0794149595357554,0.6657547654586634,-0.2671096410221008,7,-0.9207512475164455,2.4203925532350774,2.0389649769307683,15,-2.34558321956679,0.11756885239460786,-2.157927962115558,12,-0.8574767202046902,1.5229344071522337,0.5559847679958096,12,2.403884000000067,75,0.38666666666666666,COMPLETE
254,-9999.0,2026-04-28 13:34:35.522092,2026-04-28 13:34:43.070009,0 days 00:00:07.547917,3,49,14,7,42,0.9,14,83,13,3,2.46,2.1127224210044733,0.6199899305065796,53,-1.8338511624116725,-1.8338511624116725,0.3851316756882091,6,0.6666666666666666,1.5856312517532163,-0.935130596426696,2.2342563155221495,1.3362676000000517,9,-1.8338511624116725,0.3851316756882091,-1.0480875457070327,12,-0.5425702288241424,2.838137416309966,0.6680591501611932,6,-0.8110702902140814,5.0,2.6371836562921303,8,-1.371541982659589,0.9535075706533328,-0.08591748987556436,12,-1.64927520062358,1.2653015478531802,0.2124342121686995,6,3.737036000000149,53,0.4339622641509434,COMPLETE
255,-9999.0,2026-04-28 13:34:43.075413,2026-04-28 13:34:50.646855,0 days 00:00:07.571442,2,52,12,5,38,0.8,13,82,15,3,2.22,1.1394714698501398,-0.15604975322764206,117,-5.475626394286128,-3.707889334836768,0.4476598815169643,13,0.6666666666666666,0.9440060770202028,-2.200649022281638,1.193620953868366,0.6595387999999813,25,-1.384822952362503,1.0381892128430164,0.06632456376804985,15,-1.5586426675652365,0.4476598815169643,-1.048739000251253,15,-1.4600190022248083,1.2843920952045191,0.631540833360611,18,-3.707889334836768,0.5621016628035315,-3.207735800520417,31,-1.3183006969799467,2.310865012864443,1.9627720842771756,13,-1.012438999999965,117,0.38461538461538464,COMPLETE
256,0.48957922350264405,2026-04-28 13:34:50.652314,2026-04-28 13:34:58.209478,0 days 00:00:07.557164,2,41,10,6,42,0.8,14,80,14,4,2.64,2.168003452974821,2.058772717019878,118,-2.312542519446658,-2.032613003104222,1.1144733589706926,17,1.0,1.9691332884968982,-2.032613003104222,5.0,6.258226800000055,17,-0.964678440283419,2.4439930521288127,2.7539334017947947,22,-0.9707352818056655,1.1144733589706926,0.21292654526745558,20,-1.8746759321409758,1.116808692633376,0.2982845706200221,20,-1.4604264800836697,1.3261084580543419,0.9657316465504273,19,-0.8109528314631733,2.0066371560617022,1.8635333378865138,20,12.868045200000044,118,0.4661016949152542,COMPLETE
257,-9999.0,2026-04-28 13:34:58.217612,2026-04-28 13:35:05.768526,0 days 00:00:07.550914,2,42,10,6,43,0.8,15,79,13,4,2.6,1.916021116581921,1.3308669235498949,107,-2.488037194670882,-2.033110374377016,0.9740090639063341,16,0.6666666666666666,1.6477658395392307,-2.033110374377016,4.403993850146279,3.830276000000077,16,-0.9871162243363744,1.8205382902194551,1.4654665851028037,19,-1.0058790126069623,0.9740090639063341,-0.046761389360794325,17,-2.032329445575145,0.9901440556482488,-0.02389684358251598,18,-1.6674873861402089,1.26232399566758,0.8097954807908092,18,-1.7253937856068886,2.0451174439036284,1.9503217083489899,19,8.199854000000052,107,0.4485981308411215,COMPLETE
258,-9999.0,2026-04-28 13:35:05.774028,2026-04-28 13:35:13.315525,0 days 00:00:07.541497,2,50,12,6,43,0.8,15,80,14,4,2.2,1.7321108241169891,1.0395882874197422,107,-3.42669938289899,-3.0487980222407964,0.5879761147143566,13,0.5,1.4479234320895518,-2.0267420301720076,5.0,6.111190000000066,21,-1.4288352225157663,0.6643760325327472,-0.5973413360079727,16,-1.4491730740413609,0.7483280249891048,-0.3888057704600656,13,-1.383290517375863,1.3002134375715566,0.6988153358018279,20,-3.0487980222407964,0.5879761147143566,-1.7256395724112417,19,-0.9200224728095374,2.091771334894169,2.1393110675958393,18,6.200080000000119,107,0.4205607476635514,COMPLETE
259,-9999.0,2026-04-28 13:35:13.321084,2026-04-28 13:35:20.859131,0 days 00:00:07.538047,2,54,12,7,41,0.8,18,79,13,3,2.72,1.6215445672108666,0.5143593383488095,74,-2.774479461229775,-2.586419829311104,0.3349513642159636,9,0.6666666666666666,1.2985480365619222,-1.443144642999471,2.3939433810649904,2.4112572000000165,13,-0.9816683804846161,1.1551064861332911,0.21554856959615787,13,-1.3814608611782682,0.8783998496425294,-0.16390404041144446,9,-1.179947877440929,3.7366356489983126,2.5889443717330263,14,-2.586419829311104,0.3349513642159636,-2.227702075771698,15,-0.7316805409595982,1.2302306732101098,0.2620120049467989,10,3.044115199999986,74,0.33783783783783783,COMPLETE
260,-9999.0,2026-04-28 13:35:20.864563,2026-04-28 13:35:28.478291,0 days 00:00:07.613728,3,34,10,5,53,0.8,11,79,13,4,2.7600000000000002,1.9965683287119926,1.4510959927182376,112,-3.09423174840745,-2.055054000428978,0.7565777595639418,11,0.6666666666666666,1.7665196664434997,-1.5996521072148204,0.9775671463928844,-0.03426079999998555,15,-2.055054000428978,1.8788464106244136,2.1991086322103115,25,-0.5325097445259999,5.0,4.926330752068941,21,-1.7304373266567936,1.9565456942547175,1.8748010975781382,19,-1.9167024678798834,0.7565777595639418,-0.7777906304611726,21,-0.9851029388935851,1.4098729614359973,0.5183869049131928,11,8.919077200000025,112,0.5,COMPLETE
261,-9999.0,2026-04-28 13:35:28.483611,2026-04-28 13:35:36.108384,0 days 00:00:07.624773,2,37,14,6,48,0.85,8,76,10,3,2.74,1.297256021565689,0.20162639718927325,97,-2.907144520699308,-2.907144520699308,0.3867015228119017,12,0.5,1.0818505215198602,-2.75380819778078,0.3867015228119017,-2.0257862000000015,21,-1.752674357249804,1.6875853891841246,1.9295846597546573,25,-0.5069870601293242,2.075955327421036,0.8479886506293388,12,-1.1060243802065122,2.2716370588129124,2.100309038435144,13,-1.434428706217781,0.8792285544186189,-0.33735192105224243,12,-2.907144520699308,0.4824282767455402,-1.3049858446312568,14,1.142567799999994,97,0.3402061855670103,COMPLETE
262,-9999.0,2026-04-28 13:35:36.113799,2026-04-28 13:35:43.811091,0 days 00:00:07.697292,3,48,13,7,42,0.8,16,87,10,4,2.58,1.0124993088571606,-0.2610309108630933,64,-3.491090852346569,-2.2618640535279932,0.12012326631436009,9,0.3333333333333333,0.8097420518342509,-0.9745678623902709,0.6152107990943714,-0.35859659999999405,10,-1.0452027244559519,0.8735268194188553,-0.1445840735719628,12,-1.1772553923462439,1.3723276445308046,0.39270578353101104,9,-0.8357980293708961,2.35590835481148,1.1902740785372234,11,-2.2618640535279932,0.12012326631436009,-2.149659521888081,10,-1.9264852410847184,0.7378989689730905,-0.49632513178675675,12,-1.5866865999999757,64,0.390625,COMPLETE
263,-9999.0,2026-04-28 13:35:43.816328,2026-04-28 13:35:51.578334,0 days 00:00:07.762006,2,34,11,6,50,0.8,8,88,11,3,2.66,1.7621068764150716,1.3051992163566506,136,-2.432384717966324,-2.432384717966324,0.6328437335507822,19,0.6666666666666666,1.5024852781107816,-1.8550102586273025,0.9806842689714271,-0.05774939999999562,22,-1.8195767393477094,1.9267130275488331,2.63208761480509,30,-0.4306431201862364,3.969517618884726,3.55411703019779,23,-1.2582351747332334,1.4882147179048428,1.1660475751087196,19,-1.0031465657128502,1.574667891629819,1.6415242374355543,22,-2.432384717966324,0.6328437335507822,-1.1048317594072543,20,8.014157799999943,136,0.4338235294117647,COMPLETE
264,-9999.0,2026-04-28 13:35:51.583424,2026-04-28 13:35:59.314728,0 days 00:00:07.731304,2,47,12,5,58,0.8,11,81,15,3,2.52,1.0409493538337855,-0.24210759163039533,135,-3.681788579163651,-3.681788579163651,0.6909858193374648,16,0.6666666666666666,0.9303574240780756,-3.681788579163651,0.7388720722766043,-1.0581451999999936,25,-2.145534439335188,1.160050672109242,0.43671144115247085,21,-0.7359152830747651,1.0886299085158087,0.18074717637353022,19,-1.486277611537211,1.176912752602185,0.5161065017374566,22,-2.926314740748466,0.6909858193374648,-2.3340125344683327,32,-1.9114963264193645,1.3902448981614084,0.8059470654224965,16,-1.4805551999999556,135,0.34814814814814815,COMPLETE
265,-9999.0,2026-04-28 13:35:59.319904,2026-04-28 13:36:06.965348,0 days 00:00:07.645444,3,34,10,7,45,0.9,10,89,13,5,2.22,2.9498436516607343,0.9998074825767348,43,-1.6935668557923396,-1.2802762301299733,1.0349142986747581,6,1.0,2.4950555980237086,-0.6560020993341907,1.388381880870304,0.19600080000001796,6,-0.7238380920164831,4.575901954139774,2.8435979253175425,9,-0.1864983119414416,4.132173270254302,0.8223973835039811,6,-0.6983492792712565,1.5676905060252662,0.4665939049969259,6,-1.2802762301299733,1.0349142986747581,0.051618468837100195,10,-0.18699136099535774,5.0,1.6186364128048414,6,6.121609799999939,43,0.5348837209302325,COMPLETE
266,-9999.0,2026-04-28 13:36:06.970445,2026-04-28 13:36:14.545739,0 days 00:00:07.575294,2,55,13,7,42,0.95,18,78,11,3,2.54,1.612082747233134,-0.05697119528366897,32,-2.0952307930525067,-1.3286554526081733,0.0,3,0.3333333333333333,0.9145893065687273,-1.3286554526081733,0.18743434153378516,-1.0364599999999724,7,-1.0021573663392096,0.9584340581635723,-0.04900329959900418,9,-0.7989010753488848,0.0,-0.6022339699779056,4,-0.6575586105546091,3.008968927596231,0.553696123804337,3,-0.45106709502238307,4.5487255986897015,0.8109066484287109,4,-0.48282132993400195,0.9689335574155146,-0.01873267435817949,5,-0.35324239999998674,32,0.3125,COMPLETE
267,-9999.0,2026-04-28 13:36:14.550788,2026-04-28 13:36:22.164893,0 days 00:00:07.614105,3,36,13,7,54,0.95,13,90,12,5,2.3000000000000003,2.5,0.7254272786453243,11,-0.5144418073111375,-0.5144418073111375,0.0,0,0.5,5.0,-0.22063835006340543,0.0,-0.0977900000000087,1,-0.2914442610361676,5.0,2.5080896608793646,4,-0.2538308326608183,0.0,-0.1512579402240477,1,-0.5144418073111375,5.0,1.7602827623149464,3,0.0,0.0,0.0,0,-0.007098438864065564,5.0,0.3332391889016906,2,4.399633000000014,11,0.8181818181818182,COMPLETE
268,-9999.0,2026-04-28 13:36:22.170143,2026-04-28 13:36:29.810341,0 days 00:00:07.640198,2,39,10,6,43,0.9,13,81,15,4,2.68,1.7796337299777256,0.6919814014255102,62,-1.8336496542207517,-1.8336496542207517,0.7636959957755008,6,0.6666666666666666,1.5601921796594345,-1.1154063863135393,0.7845652989661486,-0.1664943999999613,6,-1.359504030233831,3.1727114224558157,2.2368370083561073,13,-0.44693239053968925,2.2681461493383206,0.9116865186551637,10,-1.0355646100138525,1.8206853778649783,0.8607714237052422,8,-1.8336496542207517,0.7636959957755008,-0.6289151227513057,14,-0.6723266420854017,1.8679981354655897,0.9380029805878154,11,4.198679600000066,62,0.4838709677419355,COMPLETE
269,-9999.0,2026-04-28 13:36:29.815442,2026-04-28 13:36:37.491020,0 days 00:00:07.675578,2,52,13,6,50,0.85,9,77,10,3,2.64,1.217427222911821,-0.17657188978378682,144,-4.559755181860399,-3.305531210601113,0.3305233329712481,19,0.5,0.9419009781325874,-2.8929330797643766,0.3305233329712481,-2.8350863999999865,27,-1.3846506942649575,1.102843646101309,0.3517792455485891,29,-0.7695212232046859,1.5781911023169952,0.7432119580813135,19,-1.1497617305632897,2.855898048085758,3.608435547797084,21,-3.305531210601113,0.6134995234551138,-2.2552110458869623,27,-2.59939395850945,0.8236076845405025,-0.672560644242759,21,-1.1883143999998458,144,0.3402777777777778,COMPLETE
270,-9999.0,2026-04-28 13:36:37.496120,2026-04-28 13:36:45.116738,0 days 00:00:07.620618,2,43,14,6,36,0.85,13,86,11,4,2.72,1.6011039049600362,0.5379521381862632,65,-2.615674439024815,-1.6869667898940968,0.3086198700812005,7,0.5,1.3959060721881058,-1.571634998966174,3.023142871988552,2.3362040000000306,12,-1.0027588166275687,1.4974003875422226,0.7575211603510823,14,-0.7745396506535523,0.8452767935811516,-0.16008701670280345,9,-0.9797515618686825,3.187895756967107,2.116245118826643,11,-1.6869667898940968,0.3086198700812005,-1.5966169538763952,12,-0.5634184667954819,0.7442877495999846,-0.2255534794809777,7,3.2131816000001256,65,0.4307692307692308,COMPLETE
271,-9999.0,2026-04-28 13:36:45.121989,2026-04-28 13:36:52.754495,0 days 00:00:07.632506,2,44,13,5,44,0.8,12,88,12,5,2.22,1.4614737644032185,0.8339908260606524,105,-2.592391431988668,-2.049107512489204,0.5080478383486816,15,0.6666666666666666,1.4216987047571887,-2.049107512489204,2.991240873373087,4.579037600000024,21,-0.8152819426577115,0.9698897791204284,-0.05260958721999831,19,-0.5345988793375959,1.8644167037905273,0.8539466895164383,15,-1.2002724547939327,1.2652956815025258,0.5708118162917053,18,-1.369995856706203,0.5080478383486816,-1.237314919832988,15,-0.9331858223734328,1.169951710284062,0.2900733576087333,17,5.010273999999981,105,0.4666666666666667,COMPLETE
272,-9999.0,2026-04-28 13:36:52.760094,2026-04-28 13:37:00.369674,0 days 00:00:07.609580,3,38,10,6,39,0.8,14,81,15,4,2.56,1.728040447357289,1.1305163063753176,97,-1.9683920615915718,-1.9683920615915718,0.6434585935811216,11,0.8333333333333334,1.6704452056120065,-0.7208862368718133,1.7461034002061082,0.6154980000000254,13,-1.0184593001024391,2.4406813733781245,2.9630365691774907,23,-0.7784416025772168,2.1033555183536587,1.5650456753613762,19,-1.2535912400363385,2.1059649438472126,2.1030634604982,18,-1.9683920615915718,0.6434585935811216,-0.8751369405664677,13,-0.8093910483374095,1.3286788547775084,0.4115910737812811,11,6.9290512000000914,97,0.4948453608247423,COMPLETE
273,0.48316406395793543,2026-04-28 13:37:00.374821,2026-04-28 13:37:08.009322,0 days 00:00:07.634501,2,32,10,7,54,0.8,14,81,15,4,2.54,2.1827717653749197,2.0254082175096353,113,-1.9109266642232998,-1.9109266642232998,1.4454465621254227,13,1.0,2.072953951936303,-0.4412307817463626,1.6831222166668973,0.5875056000000489,13,-0.7210314345460492,3.132861275337827,4.016892929095528,22,-1.307014830069865,1.8624782845349521,1.4538844564338849,17,-1.2784565155621133,2.1630656756039173,2.063731856920925,18,-1.9109266642232998,1.4454465621254227,1.6602350753410322,26,-0.6315307817719987,2.8096565779805016,2.370199387266392,17,12.748999799999927,113,0.5221238938053098,COMPLETE
274,0.47255772791914025,2026-04-28 13:37:08.014484,2026-04-28 13:37:15.641831,0 days 00:00:07.627347,2,32,10,7,55,0.8,15,81,15,4,2.54,2.3316074787844983,2.0055612213987146,109,-1.9132533957758022,-1.9132533957758022,1.2594196079208242,11,1.0,2.12863473890749,-0.3898041703373948,1.8496552944700606,0.6241058000000521,11,-0.7207701635819614,3.132861275337827,4.015431856886065,22,-0.9730583388903593,2.77498644139386,2.0074984628374315,16,-1.2711840364419156,2.1630656756039173,2.051813842932204,18,-1.9132533957758022,1.2594196079208242,0.9614178363349435,25,-0.6322808286263746,2.8096565779805016,2.37309952940159,17,12.61440059999992,109,0.5229357798165137,COMPLETE
275,-9999.0,2026-04-28 13:37:15.646949,2026-04-28 13:37:23.274317,0 days 00:00:07.627368,2,37,11,7,55,0.8,14,81,15,4,2.4400000000000004,1.8503114677338537,1.1864478381434174,109,-2.0127635635468497,-2.0127635635468497,0.7205614086385986,14,0.8333333333333334,1.6273290832620317,-0.8491563658547776,1.244467305003846,0.2780400000000016,15,-1.018382959972031,2.2068945421329187,2.635168776733199,21,-0.5103477170640411,3.076774615307205,2.4076093129075993,18,-2.0127635635468497,1.4881907950035453,1.2674340782588445,22,-1.564193258490974,0.7205614086385986,-0.8595589819491711,19,-0.6238903452196689,2.3649801403170088,1.3899938429100311,14,7.287719600000031,109,0.47706422018348627,COMPLETE
276,0.4495237683821738,2026-04-28 13:37:23.279238,2026-04-28 13:37:30.917549,0 days 00:00:07.638311,2,34,11,6,54,0.8,14,81,15,4,2.74,2.086932507325709,1.5670469115440195,100,-1.792609754413219,-1.792609754413219,1.1782196110408472,12,1.0,1.9393437795691524,-0.7222172987447684,1.4248446651009659,0.42871500000007945,13,-1.6286079756235035,1.9359113055419985,2.2665782391023015,22,-0.5864381412881395,2.8234830089150886,1.629052558861277,14,-1.792609754413219,2.490348010948663,3.1768341047768933,20,-1.3003544069761364,1.1782196110408472,0.4748995926413979,19,-0.567266978979635,2.66878844240669,1.4262019738821685,12,9.748716400000145,100,0.51,COMPLETE
277,-9999.0,2026-04-28 13:37:30.922639,2026-04-28 13:37:38.537005,0 days 00:00:07.614366,2,32,12,6,55,0.8,13,81,15,4,2.7600000000000002,1.6270156226910977,0.8675969845207762,101,-3.9111334473183677,-3.908493067627309,0.7233102760324498,11,0.6666666666666666,1.409439221063415,-1.113611206446653,0.9965414353413051,-0.0037439999999611118,11,-1.635599270624622,1.7509654996166784,1.7631828135645788,19,-1.2273053279757424,1.0441268093577503,0.07798082654841831,16,-1.1851920111087244,2.7273363886342716,2.7757476179572027,16,-3.908493067627309,0.7233102760324498,-1.2508513835994162,24,-0.8604065373029357,2.519813327164131,1.8432660326538342,15,5.26143320000001,101,0.45544554455445546,COMPLETE
278,-9999.0,2026-04-28 13:37:38.542774,2026-04-28 13:37:46.129633,0 days 00:00:07.586859,2,30,10,7,53,0.8,17,81,14,4,2.58,2.3552132116476265,1.7753597400646601,86,-1.4667264326304057,-1.4667264326304057,1.5188863202994578,9,1.0,2.1724346564428307,-0.4794754148956002,2.1269606808286636,0.6832988000000206,9,-1.4667264326304057,2.2266812365821997,2.8375516436693893,17,-0.9852700002345883,3.6492206885439664,1.905571796466221,11,-0.8039866974197295,2.670098761123715,2.267803786164424,14,-1.0746297602635113,1.9394315825077564,1.956188077473664,20,-1.175454816498338,1.5188863202994578,1.001744336614241,15,11.119041999999979,86,0.5,COMPLETE
279,-9999.0,2026-04-28 13:37:46.134641,2026-04-28 13:37:53.754312,0 days 00:00:07.619671,2,37,10,7,55,0.8,14,82,15,4,2.66,1.9111395995197873,1.294675448887228,116,-2.507102852943115,-2.504471137045078,0.5508808881021909,16,0.8333333333333334,1.606309898805975,-0.8447973696833712,1.72446332340077,0.7998872000000601,16,-1.5549170974874302,1.700448848643645,1.8302373655831428,22,-0.9845192302026039,3.1719942621798967,2.861782787627476,20,-1.5549667333798145,1.601737852361881,1.3649152297824152,21,-2.504471137045078,0.5508808881021909,-1.6927552027327764,19,-0.702761479622713,2.7173124224303407,2.603985313063051,18,7.951396600000105,116,0.47413793103448276,COMPLETE
280,-9999.0,2026-04-28 13:37:53.759406,2026-04-28 13:38:01.329101,0 days 00:00:07.569695,2,32,11,6,53,0.8,16,80,14,4,2.58,2.5241732097294842,1.862248998863614,89,-1.5016558676752894,-1.5016558676752894,1.4059367253220652,9,1.0,2.460366036362734,-0.3214481023411955,1.71948476052257,0.4362380000000332,9,-0.7221132722975299,4.234206174278021,4.587502371404972,19,-0.5756181268422954,1.4059367253220652,0.38037045454832885,12,-1.1798886205021648,2.6261268168024454,2.413899035842304,15,-1.5016558676752894,1.4731383218298564,1.0797761666019978,20,-0.5932834465575162,3.6861464596219475,2.275707964784046,14,11.638679200000034,89,0.5393258426966292,COMPLETE
281,-9999.0,2026-04-28 13:38:01.334749,2026-04-28 13:38:08.952926,0 days 00:00:07.618177,2,54,12,7,53,0.9,18,82,11,3,2.66,1.6122597818957634,0.21534616355256553,44,-1.918800147871141,-1.3296335597798115,0.18458239078704047,4,0.6666666666666666,1.2356161871420626,-1.3296335597798115,0.18458239078704047,-1.1102399999999735,8,-1.1418521527870182,0.972300417906925,-0.03773555522832428,11,-1.0462716437595034,2.3376153649369296,0.6876269079657327,4,-1.2377541722587915,1.7413453413129576,0.6434361267487976,8,-0.9764649802186215,1.140672995602113,0.13283611768766246,7,-0.4683994457769879,3.297042180828614,0.9761533841414982,6,1.2848080000000373,44,0.36363636363636365,COMPLETE
282,-9999.0,2026-04-28 13:38:08.957984,2026-04-28 13:38:16.651144,0 days 00:00:07.693160,3,36,11,6,58,0.8,13,82,11,3,2.66,1.7518300575232935,0.5301767554176865,76,-2.2262433584580665,-2.000585262872384,0.19762211807630456,8,0.5,1.3528763256249627,-1.4814765416375002,0.19762211807630456,-1.020399999999999,8,-2.000585262872384,1.5767364897800356,0.8965439343056936,14,-0.4179840262300328,3.490108377501764,1.8911629299079857,16,-0.8143470589135285,3.9751258306086075,2.7720495014275537,11,-1.7093129450595415,0.8346175905764122,-0.43069083682020226,15,-1.1664154900670183,0.43676993859663665,-0.9276049963149124,12,3.1600815999999643,76,0.4473684210526316,COMPLETE
283,-9999.0,2026-04-28 13:38:16.657010,2026-04-28 13:38:24.272938,0 days 00:00:07.615928,2,42,11,6,56,0.8,13,82,15,4,2.68,1.8603206621988484,1.366316021690502,120,-4.366206402175851,-4.1576436880470835,0.8366398473934668,17,0.8333333333333334,1.5203382518012454,-2.039763580022008,4.7342420005699095,5.635606000000037,17,-1.4165568309514047,1.281186698227519,0.6218706219189851,20,-0.9921367639669023,1.4628321690275568,0.7641752953106318,19,-1.9511783578415094,1.2553950116411838,0.7558448556322261,23,-4.1576436880470835,0.8366398473934668,-0.7761089745911942,22,-1.7229193117972923,1.5916282463334541,1.1965083318723257,19,8.35798000000021,120,0.425,COMPLETE
284,-9999.0,2026-04-28 13:38:24.278717,2026-04-28 13:38:31.928143,0 days 00:00:07.649426,2,48,11,5,52,0.95,17,81,15,4,2.2,1.5905817146262002,0.22276705435258135,35,-0.8403783997404266,-0.6666095241105896,0.4343022267550673,5,0.6666666666666666,1.4283708277724936,-0.5682837245299756,0.4343022267550673,-0.26623999999999537,5,-0.6191166460088722,1.8240279412616762,0.42817597571778165,7,-0.6251328656067998,1.3815118522601824,0.22110447285181856,6,-0.46085623803119524,1.9391869565216873,0.430380843403233,6,-0.6666095241105896,0.987097550990886,-0.010629446331844594,6,-0.32185933855261817,2.9773637599677034,0.5338104804744948,5,1.341666000000008,35,0.5142857142857142,COMPLETE
285,-9999.0,2026-04-28 13:38:31.933289,2026-04-28 13:38:39.571777,0 days 00:00:07.638488,3,50,13,6,57,0.95,12,80,13,5,2.6,2.413867281330172,0.18098597042164508,36,-2.3758210792689223,-2.03117059373479,0.08525685538499031,4,0.5,1.2049449741464089,-1.0788093691339813,0.3547289676602815,-0.5606759999999822,5,-1.0104554717460268,0.1368572982470957,-0.8299211688124419,7,-0.4226352272473944,3.9063605666886647,1.6059921518692954,6,-0.5460716468846397,5.0,2.187385570081002,8,-2.03117059373479,0.08525685538499031,-1.839796036902308,6,-0.07014681376000988,5.0,0.5229313062943053,4,1.0313200000000577,36,0.4166666666666667,COMPLETE
286,-9999.0,2026-04-28 13:38:39.576899,2026-04-28 13:38:47.212202,0 days 00:00:07.635303,3,38,13,7,52,0.8,12,80,13,4,2.62,2.0678417199572774,1.0779204146050658,97,-2.5820309063197864,-2.075080959063882,0.29735828001786446,11,0.6666666666666666,1.6144401731798073,-2.075080959063882,0.3258455522971679,-1.7034601999999732,18,-1.3855960022800895,1.4827465184158592,0.9708457713178298,17,-0.8085724540747882,3.6911508983150263,3.4952938779738707,23,-1.169934892046769,3.6839374169890458,3.1279433058638784,16,-2.0346202387334715,0.29735828001786446,-1.604867365836249,12,-0.6037910376986731,2.9260116537087,2.181767098311038,11,6.507013600000189,97,0.4742268041237113,COMPLETE
287,-9999.0,2026-04-28 13:38:47.218019,2026-04-28 13:38:54.863499,0 days 00:00:07.645480,3,54,11,6,57,0.85,9,85,10,3,2.72,1.3199406879750297,0.1802946906491761,111,-4.235261089015281,-3.297261562527877,0.11096366230716853,14,0.5,1.069120723744718,-3.297261562527877,0.11096366230716853,-3.233665199999969,21,-0.5701142522616084,0.9445427946332214,-0.06522557677774987,14,-0.9716234690394265,1.1760485182949771,0.31668563370175207,21,-1.0416075144185406,3.369864485023238,3.693720867043293,17,-2.9119168707074388,0.9005535926655861,-0.39984005840959513,23,-1.9394930309511405,1.4176710749259862,0.7700924783373253,15,0.9620720000000915,111,0.36936936936936937,COMPLETE
288,-9999.0,2026-04-28 13:38:54.868951,2026-04-28 13:39:02.621351,0 days 00:00:07.752400,2,42,13,5,33,0.8,10,80,14,5,2.3200000000000003,1.848748164890301,0.9801604456467014,119,-3.619285105045547,-3.5020218413541646,0.264101294202054,16,0.8333333333333334,1.4571904036916687,-2.044575350890181,2.573150645299836,3.4800452000000037,22,-0.7351567792253522,1.4967922811261638,0.8493521608937238,19,-0.5454485717374262,3.3148233668269835,1.540850228826418,16,-0.7038356284663644,1.6553936983146431,1.181684439286368,18,-3.5020218413541646,0.264101294202054,-2.8409603665112027,18,-1.0468613992974178,1.788227703572125,1.669991011384897,26,5.912793199999999,119,0.4957983193277311,COMPLETE
289,-9999.0,2026-04-28 13:39:02.626946,2026-04-28 13:39:10.229708,0 days 00:00:07.602762,3,37,12,6,31,0.8,8,85,10,5,2.66,1.8318202599672222,0.5831503097898483,75,-2.286608661613454,-1.9412034557162343,0.14354212632286703,9,0.8333333333333334,1.4089994928061624,-1.1300568971412992,1.0538114089417479,0.0842762000000441,13,-0.9301063972276171,1.7457175163342622,1.2190634196743044,15,-0.9403401537624824,1.77944477200024,0.6133342701800659,9,-0.5331900511802907,5.0,2.8953052659591805,11,-1.9412034557162343,0.14354212632286703,-1.747005887718034,10,-1.4502074864270942,1.268405736204215,0.4339285906435286,17,3.4916982000000374,75,0.4533333333333333,COMPLETE
290,-9999.0,2026-04-28 13:39:10.234750,2026-04-28 13:39:17.865257,0 days 00:00:07.630507,3,35,10,7,53,0.9,13,83,12,4,2.54,2.643537458769601,1.1547098904135373,50,-1.5490810318951405,-1.1397383786377877,0.5120522880678046,5,0.8333333333333334,2.5899111912543455,-0.30454303630645535,1.8889089526077227,0.26877940000000766,5,-0.7247328336348833,5.0,4.3665109181532324,12,-0.5898194071223625,3.5616041467170563,1.1758990579862072,10,-0.8666240392802218,3.0868644054678116,1.2732175473993745,6,-1.1397383786377877,0.5120522880678046,-0.7341903798594229,10,-0.5914225223700763,1.8117949597572085,0.5780427988018255,7,7.053640999999944,50,0.56,COMPLETE
291,-9999.0,2026-04-28 13:39:17.870468,2026-04-28 13:39:25.556118,0 days 00:00:07.685650,2,60,12,6,60,0.85,11,79,12,3,2.2600000000000002,1.2069352754803278,0.26192826479264353,113,-3.152640682297708,-2.1556409292436225,0.5452717816844997,10,0.3333333333333333,1.0899455524975128,-1.3067186462137397,1.506713096839272,1.205571800000027,19,-1.436251170328525,0.8682422117777765,-0.4545510605968417,23,-1.1350463443930778,0.5452717816844997,-0.5476343623935231,10,-1.206016345492341,2.5561613307452524,2.528467633008913,20,-1.8850002031201851,0.7867238577428892,-1.0948633736625246,24,-2.1556409292436225,0.9784993740922763,-0.0654210476001893,17,1.5360002000000872,113,0.415929203539823,COMPLETE
292,-9999.0,2026-04-28 13:39:25.561718,2026-04-28 13:39:33.211760,0 days 00:00:07.650042,2,48,10,5,49,0.95,8,81,14,4,2.72,2.3700060504618006,0.9846115934463792,68,-1.813805306035949,-1.635552012133841,1.1184913233572416,8,1.0,1.8663992327904786,-1.2886891250342312,1.7867622300614245,0.8430472000000355,12,-0.4630338653523673,2.122759879628116,1.2320258406472107,14,-0.8334298704846749,1.2214097475521113,0.25627978854689815,12,-0.6856468180190926,2.9706131221719096,1.3616583350825717,10,-1.635552012133841,1.1184913233572416,0.2868420932290672,12,-0.40149476190802813,5.0,1.9278163031724915,8,6.04394040000007,68,0.5147058823529411,COMPLETE
293,-9999.0,2026-04-28 13:39:33.216912,2026-04-28 13:39:40.830029,0 days 00:00:07.613117,2,53,11,5,39,0.9,16,80,14,4,2.2600000000000002,1.5008805356834412,0.748207628801086,65,-2.061852611406854,-2.061852611406854,0.0,5,0.5,1.547887245598712,-2.061852611406854,4.850958494533573,4.688272400000026,15,-0.6026156626588589,0.7391836377173662,-0.22754105549643855,10,-0.9248212898652106,0.0,-0.7388123792391732,5,-1.193318782583471,1.2599224265340165,0.3341665074113376,10,-0.7494279306722494,1.4051483295723268,0.8491595545186303,13,-1.5669873387777378,0.7500703257433647,-0.41599925438786656,12,4.47175160000004,65,0.4,COMPLETE
294,-9999.0,2026-04-28 13:39:40.835247,2026-04-28 13:39:48.418728,0 days 00:00:07.583481,3,31,10,7,38,0.8,15,81,15,4,2.58,2.4182514278064584,1.6695298325613157,80,-1.2873161658909287,-1.2873161658909287,1.2005641777634615,9,1.0,2.314213907387959,-0.33513644687820565,1.6852433387711223,0.4032519999999984,9,-0.7237639639113405,3.713390134529116,4.519918338899975,21,-0.9729021017161881,2.625766319585061,1.9505682776454591,15,-0.7816174543380966,3.8982325942663727,2.3018264943697853,10,-1.2873161658909287,1.2005641777634615,0.432375255489581,16,-0.9476257290933793,1.386312001923618,0.4092386289630934,9,10.374128599999977,80,0.525,COMPLETE
295,-9999.0,2026-04-28 13:39:48.423800,2026-04-28 13:39:55.995762,0 days 00:00:07.571962,2,38,14,6,40,0.85,17,86,11,5,2.8,1.6430002624105906,0.15201383275607974,46,-1.73280637104349,-1.5454131188713294,0.22195812497015174,5,0.5,1.1744794345845333,-0.30712916319892414,3.6126707997903678,0.8470540000000248,7,-0.9177988268391687,1.6410740366250889,0.8487407078842324,11,-0.6660770905481301,0.34713359538516186,-0.37724556833061973,5,-0.5475268904081987,3.107352046350377,0.7861857414470652,5,-1.5454131188713294,0.22195812497015174,-1.1168156111911687,8,-0.7103688251330423,0.9278129713423952,-0.07583627327305553,10,0.8988500000000288,46,0.391304347826087,COMPLETE
296,-9999.0,2026-04-28 13:39:56.000958,2026-04-28 13:40:03.715271,0 days 00:00:07.714313,3,36,13,7,50,0.8,8,83,12,3,2.8,1.7593375963101543,1.3378597399198353,115,-1.7900308501980482,-1.7900308501980482,0.979437293102812,15,0.8333333333333334,1.613253415035527,-1.2003974155789099,1.1085222509282076,0.25371200000003924,18,-1.7900308501980482,1.7395274115752746,1.9376818685776342,25,-0.6619530671348881,3.3981265526353006,2.966040554693228,23,-1.192808054124845,2.2771345441721076,2.753132180454676,19,-1.1866893781683066,1.0532775254472224,0.1520986733206442,15,-1.3761173003975642,0.979437293102812,-0.03550683752721051,15,8.250552000000111,115,0.41739130434782606,COMPLETE
297,-9999.0,2026-04-28 13:40:03.720539,2026-04-28 13:40:11.323261,0 days 00:00:07.602722,2,30,11,7,55,0.8,16,81,15,5,2.56,2.0699783214224046,1.5996037102158762,91,-1.586804236746265,-1.586804236746265,0.7003038348671509,9,0.8333333333333334,2.0367154877366622,-0.8822884971004811,0.7003038348671509,-0.3002536000000111,9,-1.586804236746265,2.91229529062366,4.34001986588799,20,-0.9715665780981037,1.2304628898320806,0.30013399863000334,13,-0.6899387176112026,5.0,4.050850622475299,13,-1.0045139598031911,1.101527341097833,0.17905713570152137,16,-1.4506186997234176,1.4752805721137041,1.0278142386004552,20,9.877814799999962,91,0.4725274725274725,COMPLETE
298,-9999.0,2026-04-28 13:40:11.328381,2026-04-28 13:40:18.968519,0 days 00:00:07.640138,2,49,14,6,56,0.95,11,87,11,5,2.5,1.7420621041347442,0.22059242672673265,45,-2.055994311609755,-1.3985456679882626,0.1200339995142657,5,0.6666666666666666,1.2630241627791372,-1.074185363290861,0.838334512558766,-0.12795499999999072,7,-1.1364709471136258,1.244600555589478,0.32091562759126724,13,-0.6350061044807428,1.1896855611957369,0.13426646991221425,7,-0.5471284829819305,4.473495368213052,1.857489615839003,7,-1.3985456679882626,0.1200339995142657,-1.205560509259962,6,-0.28123255277379083,2.586222627737168,0.3443983562778641,5,1.3063700000000233,45,0.4444444444444444,COMPLETE
299,-9999.0,2026-04-28 13:40:18.974850,2026-04-28 13:40:26.570610,0 days 00:00:07.595760,2,41,12,6,39,0.8,16,81,15,5,2.7600000000000002,2.115440175102826,1.9017846743144975,100,-2.0403455197838505,-2.0403455197838505,0.940496240352258,13,0.8333333333333334,2.0859033454376124,-2.0403455197838505,5.0,6.514462400000043,14,-1.1488902271377948,2.4854285767874456,2.97413546350489,22,-0.6067201731689,1.6334252688745141,0.7039659731277181,14,-1.2300491585670639,1.2857035842411852,0.7858923001047069,19,-1.197794841940098,0.940496240352258,-0.09674807380225525,13,-0.8419557869684322,1.347587380361553,0.5289999829518832,18,11.80315039999995,100,0.45,COMPLETE
300,-9999.0,2026-04-28 13:40:26.575832,2026-04-28 13:40:34.221701,0 days 00:00:07.645869,3,33,11,7,52,0.95,13,79,13,4,2.62,2.8288433885951654,0.9860669383644901,23,-1.6892675868309743,-1.6892675868309743,0.0,1,0.8333333333333334,3.970477740300252,-0.22063835006340543,0.0,-0.0977900000000087,1,-1.6892675868309743,1.4207212144773864,0.44413111581815823,5,-0.22575945069119352,2.2340922716016953,0.3774619335046081,4,-1.1951646584898898,5.0,3.204951536681322,6,-0.37114818883341316,5.0,1.7252979363680865,4,-0.2966999050644994,3.3182468454919114,0.2623491078147744,3,6.023772400000049,23,0.6086956521739131,COMPLETE
301,-9999.0,2026-04-28 13:40:34.227126,2026-04-28 13:40:41.807653,0 days 00:00:07.580527,2,39,10,6,38,0.8,16,81,15,4,2.72,1.4479421457770592,0.7316990814737504,93,-1.5551105605544182,-1.5551105605544182,1.103013922858047,14,1.0,1.4287659944363962,-0.7215318658668695,1.491273928875698,0.5248132000000405,14,-1.5551105605544182,2.0677557231081365,2.024379389744646,21,-0.7892524036167692,1.1759611024400751,0.26711787184079405,14,-1.3342814767000366,1.103013922858047,0.21052616756866982,15,-1.251707237575282,1.1718612494971712,0.3772749175013246,15,-0.6661270909615725,1.677786947883228,0.9860829421870276,14,4.459042000000135,93,0.45161290322580644,COMPLETE
302,-9999.0,2026-04-28 13:40:41.813078,2026-04-28 13:40:49.491522,0 days 00:00:07.678444,2,32,14,6,32,0.85,8,84,11,4,2.7600000000000002,1.8700406967697594,1.1984905528336125,75,-2.329680866884299,-2.329680866884299,0.9336259458042855,9,0.6666666666666666,1.780944106192288,-2.329680866884299,0.9488668998111512,-0.113168799999952,14,-1.6811721669338358,2.905455861320322,3.321138092125242,17,-0.6138057798967331,1.7562457231118018,0.7495760047030675,11,-1.0620489153268244,3.221483003228236,2.9847508379018395,13,-1.3016926420083816,0.9336259458042855,-0.13246572674620039,11,-0.7524808838661087,1.4545667473427575,0.3811129090176779,9,7.346997200000027,75,0.4533333333333333,COMPLETE
303,0.4237234025816074,2026-04-28 13:40:49.498133,2026-04-28 13:40:57.127888,0 days 00:00:07.629755,2,30,10,7,60,0.8,13,81,15,4,2.4800000000000004,1.7882587454145649,1.4744343729189164,112,-2.3006221082970737,-2.3006221082970737,1.0395136166199266,12,1.0,1.6631148303114789,-1.1109299159063613,1.2219988360599896,0.24032040000001587,12,-1.3891963557125726,2.320547456114238,3.1879578868544423,21,-1.4906879972161038,1.6649433106575848,1.2275512794780896,18,-0.8100857725862526,2.595227359972055,2.182844564381381,15,-2.3006221082970737,1.0395136166199266,0.17464160249662797,27,-1.2773177383258105,1.8873218930635967,1.8332905043029424,19,9.142967599999906,112,0.49107142857142855,COMPLETE
304,-9999.0,2026-04-28 13:40:57.133534,2026-04-28 13:41:04.755641,0 days 00:00:07.622107,2,35,11,5,60,0.8,15,80,13,4,2.7,2.3928816949438736,1.1965871088307563,88,-1.8703491543087987,-1.8703491543087987,1.0624437730479854,11,1.0,1.814716115689262,-0.5317968885670133,2.046700118575961,0.7238350000000171,11,-1.6238711653252258,2.006551057717466,1.9131936348532053,18,-0.41980340007055517,3.8273592673378434,1.9067503924004692,13,-1.8703491543087987,1.0624437730479854,0.1325728153191319,15,-1.3388883961856577,1.160205386607012,0.43890864312823297,19,-0.5797168113190242,4.254030566376972,2.0642621672834816,12,7.378338000000095,88,0.5,COMPLETE
305,-9999.0,2026-04-28 13:41:04.760601,2026-04-28 13:41:12.440864,0 days 00:00:07.680263,3,32,13,7,47,0.8,9,79,12,3,2.56,1.6581604667462502,1.2808034392524983,98,-1.8554912901893892,-1.8554912901893892,0.15845227768577974,10,0.6666666666666666,1.6727044636228305,-1.406277418175016,0.15845227768577974,-1.2805999999999873,10,-1.6135053882458597,2.3835319983618404,3.2509415575864287,23,-1.2068481477288764,3.3071847060167183,3.3696912283105007,22,-1.8554912901893892,2.004339615060071,1.8978128426403673,15,-1.0790087227062948,1.4063471053543715,0.9607630833479819,15,-1.3813144641994992,0.6891070979987198,-0.5137880763703029,13,7.837578800000022,98,0.45918367346938777,COMPLETE
306,-9999.0,2026-04-28 13:41:12.447301,2026-04-28 13:41:20.086013,0 days 00:00:07.638712,2,30,11,7,52,0.8,12,82,15,4,2.66,1.681324757259562,0.9739752619888392,113,-3.1850049917597767,-2.383201910966504,0.4867494856859611,13,0.6666666666666666,1.3973757730240748,-2.292966643912668,0.4867494856859611,-1.0353545999999825,13,-1.8642207792168675,1.2252696461790613,0.7378441028597971,21,-1.5362275727560402,1.7554621294245074,1.4469930965401057,18,-1.1889202221987976,3.597462222997693,3.6796605183189612,17,-2.383201910966504,0.6803626398327132,-1.3425666670231373,27,-1.2327880035016965,2.3426424194374356,2.35727512123729,17,5.889768600000012,113,0.45132743362831856,COMPLETE
307,-9999.0,2026-04-28 13:41:20.091077,2026-04-28 13:41:27.697607,0 days 00:00:07.606530,2,55,11,7,41,0.8,17,83,11,4,2.72,1.4301413638479394,0.4974143198046898,98,-4.2882670416783935,-3.1656220292332136,0.5506560028506082,11,0.5,1.1899581510367159,-2.018215440254359,4.100768767981754,5.205539600000031,20,-0.4559307932894805,1.135066217732919,0.13726729652172587,11,-1.3903437324844923,0.8644922133863429,-0.2484443457612895,13,-2.89861299715895,0.5506560028506082,-1.5359838193999553,17,-3.1656220292332136,0.7629840737636107,-0.9892247564101453,18,-1.0494875752735582,1.1668809073724027,0.4153319438777725,19,2.8759968000000136,98,0.35714285714285715,COMPLETE
308,-9999.0,2026-04-28 13:41:27.703428,2026-04-28 13:41:35.287473,0 days 00:00:07.584045,2,30,10,7,36,0.8,14,81,15,3,2.72,1.7693596809931753,1.3696180279825925,98,-2.2988335021491992,-2.2416229919785144,1.0240922146920253,11,1.0,1.6597128829084054,-1.1119383018057865,1.0240922146920253,0.025666400000012857,11,-2.2416229919785144,1.2506705286808915,0.7406115116870282,19,-1.7266500581777187,1.8007580843566686,1.524584944269325,18,-1.1776999700792532,3.4366110329997435,2.8797923164879835,13,-1.4927869360332882,1.7491380269886014,2.1742110370411405,18,-1.110715097047741,1.3548881982411223,0.8728419584100644,19,8.475806399999964,98,0.47959183673469385,COMPLETE
309,-9999.0,2026-04-28 13:41:35.292613,2026-04-28 13:41:42.990426,0 days 00:00:07.697813,3,49,14,6,56,0.8,10,78,10,4,2.7600000000000002,1.271358597384176,0.3407854014275846,117,-3.4382306729232246,-3.152761204365696,0.23735618735408598,17,0.6666666666666666,1.1237271650553808,-3.152761204365696,0.23735618735408598,-2.828905199999965,24,-1.2660564677370207,1.6735364751759685,1.1660360545819204,18,-0.809885541367813,1.7127882778225139,1.089156924337531,17,-1.5305047653433461,1.539626866241574,1.422119447081971,21,-2.8039068519131325,0.9498483489035467,-0.1924414459410717,18,-1.5745544184056166,1.514995428807366,1.388746628505122,19,1.991099200000157,117,0.39316239316239315,COMPLETE
310,-9999.0,2026-04-28 13:41:42.997282,2026-04-28 13:41:50.680383,0 days 00:00:07.683101,2,35,11,6,34,0.8,10,80,14,4,2.3800000000000003,2.1144876370325356,1.3485884560359283,129,-3.8236739139847167,-3.293841355045944,0.6983137821103702,18,0.8333333333333334,1.5908729008597498,-0.9726772098531886,1.1139905575663698,0.20691680000006762,20,-0.7212001382114391,5.0,5.135667840445923,23,-0.7741143706602238,3.062367477497585,2.6315672473778307,23,-1.98148469667607,1.1566498933003069,0.4399296485905646,21,-3.293841355045944,0.6983137821103702,-1.3410399474615642,24,-1.1048069913168708,1.655604111720583,1.0184891472627466,18,8.23620100000011,129,0.5116279069767442,COMPLETE
311,-9999.0,2026-04-28 13:41:50.685646,2026-04-28 13:41:58.326765,0 days 00:00:07.641119,2,52,12,5,47,0.9,9,81,15,5,2.4400000000000004,1.8229795026198887,1.1818145117072483,103,-3.212212749876738,-2.4029387156127417,0.20015176999803908,12,0.6666666666666666,1.6082951368530172,-2.062136763618996,3.2834352389786847,4.6771604000000355,19,-0.92816291465044,0.8483202660133011,-0.3311889610639329,20,-0.4942802998739825,2.1781684268773214,1.1836625172203297,12,-1.0697510312391243,2.3587912954713883,2.2192627088181816,18,-2.4029387156127417,0.20015176999803908,-2.273946701773344,16,-1.0497682780922841,2.069010018380597,1.6159371070422202,18,7.158478000000024,103,0.42718446601941745,COMPLETE
312,-9999.0,2026-04-28 13:41:58.332258,2026-04-28 13:42:05.963865,0 days 00:00:07.631607,2,41,12,6,36,0.8,12,80,14,5,2.3400000000000003,1.9440554272224067,1.452309298203062,114,-3.2145084942959747,-3.1336981584583055,0.49259892562230906,17,0.8333333333333334,1.6938890742311257,-2.0410709695384,3.6483160174107336,4.84313440000006,18,-0.8993928487728415,2.2579626119876552,2.551305638950807,22,-0.512904921750937,2.0887803261301783,1.069377932792559,17,-1.2142770903994737,2.058029714759049,1.8807746476676934,18,-3.1336981584583055,0.49259892562230906,-1.8360040824277668,19,-1.1147353226347951,1.118644967424516,0.20526725223501963,20,8.901986200000046,114,0.49122807017543857,COMPLETE
313,-9999.0,2026-04-28 13:42:05.969077,2026-04-28 13:42:13.612591,0 days 00:00:07.643514,2,35,11,5,49,0.8,8,83,10,5,2.6,1.6320150523146808,0.8838653693358512,112,-2.2318230138944557,-1.9764975904771147,0.46606591080510457,15,0.6666666666666666,1.4459405692732714,-1.2714528423533689,0.7727570993460572,-0.40587399999998386,15,-0.8918992096835203,2.6180233898356864,3.1714641483975736,22,-0.7047311509628815,2.4599355929474402,1.764805871120645,18,-0.6776137999679787,2.161732878834861,1.792603844167373,17,-1.9764975904771147,0.46606591080510457,-1.649388165563892,20,-1.4250711080473428,1.3135754421189363,0.6295805178933911,20,5.344018000000084,112,0.4375,COMPLETE
314,-9999.0,2026-04-28 13:42:13.617796,2026-04-28 13:42:21.249267,0 days 00:00:07.631471,2,30,10,6,53,0.8,13,82,13,5,2.66,1.847634667487261,1.084794031970554,97,-2.0536493131518383,-1.839523555135906,0.7417934613849072,10,0.6666666666666666,1.5660583394387604,-0.9985090538099965,0.7417934613849072,-0.34924500000000913,11,-1.839523555135906,1.3633429613199834,1.2509878123853513,23,-0.9095309973755294,0.8384306342192293,-0.20582775564763622,12,-1.1910536344972125,5.0,3.125126434234371,10,-0.9122888930059719,1.3760591777463078,0.968911286981955,21,-1.4939423366356417,1.7661817702531375,1.7188114138692923,20,6.644506000000017,97,0.44329896907216493,COMPLETE
315,-9999.0,2026-04-28 13:42:21.254811,2026-04-28 13:42:28.904660,0 days 00:00:07.649849,2,46,11,6,43,0.95,13,80,14,4,2.54,2.133039140578036,0.2822030787175985,44,-2.0082403219496885,-2.0082403219496885,0.235909377960221,5,0.6666666666666666,1.3214842451674105,-1.2701615029644064,0.235909377960221,-0.7743599999999518,7,-0.4288398322371668,2.1915172799722873,0.6222988332451163,8,-0.45733629414705995,1.5329490901366305,0.37693333301282994,8,-0.6689840101419461,5.0,2.1919024071392457,7,-2.0082403219496885,0.35492446856626086,-1.3926140112000995,9,-0.3209816059755476,3.4829346268328165,0.6690579101084504,5,1.6655938000001091,44,0.45454545454545453,COMPLETE
316,-9999.0,2026-04-28 13:42:28.909761,2026-04-28 13:42:36.577618,0 days 00:00:07.667857,2,53,12,6,59,0.8,10,88,12,5,2.58,1.603111768292149,1.6936435714634008,143,-2.565651490067611,-2.0478436890812493,0.6309901871327526,16,0.5,1.5922242441997432,-2.044570218333279,3.1804573975887602,6.4565524000000485,29,-1.4583146807107916,0.7517596644256437,-0.6437388629917606,23,-1.109840439441059,0.7371604450742163,-0.4279038010274072,16,-1.2763550149152938,2.858365045950911,5.18016186895518,30,-2.0478436890812493,0.6309901871327526,-1.4858652141346518,24,-0.8978946505656736,1.4599378695806102,1.0826550379789968,21,10.309854200000036,143,0.4125874125874126,COMPLETE
317,-9999.0,2026-04-28 13:42:36.583245,2026-04-28 13:42:44.228866,0 days 00:00:07.645621,3,47,14,5,60,0.85,10,82,11,4,2.74,1.7766132723353019,0.748871236414352,92,-2.784661485966838,-2.736567457308029,0.22440288148881501,13,0.8333333333333334,1.3862051787704812,-2.736567457308029,0.22440288148881501,-2.413875399999965,19,-1.2130730539154861,1.773583070688899,1.232439145349562,17,-0.6332592238324661,2.3347317745635094,1.2545062009661656,13,-0.8239309327380886,3.3752844807247926,2.516262476016018,14,-2.161192247773806,1.151154908694627,0.46526983510701836,16,-1.5393624822809693,1.8005225178511675,1.4386251610473133,13,4.504311000000083,92,0.42391304347826086,COMPLETE
318,-9999.0,2026-04-28 13:42:44.233988,2026-04-28 13:42:51.896668,0 days 00:00:07.662680,2,31,10,7,51,0.8,10,81,15,5,2.66,1.6239371686784179,1.5447585882310175,144,-2.0323087346224447,-2.0323087346224447,0.9454672932646122,18,0.8333333333333334,1.5270746980168468,-1.5202185867830116,1.288460495867769,0.6980744000000261,19,-2.0323087346224447,1.9006838086849238,3.02598874720883,30,-1.7697785896006055,0.9454672932646122,-0.13164832433456564,18,-1.1608603566970153,2.8694681082742695,2.8169966341020425,18,-1.0409428399571752,1.3375680136220747,1.3920309354810367,29,-1.872252031368455,1.4019752923568565,1.4671091369287348,30,9.594778199999986,144,0.4305555555555556,COMPLETE
319,-9999.0,2026-04-28 13:42:51.901795,2026-04-28 13:42:59.626782,0 days 00:00:07.724987,3,34,11,5,46,0.8,8,88,10,3,2.74,2.018869468565152,0.7945338398214282,85,-2.4651457555417275,-2.4651457555417275,0.7810380583327713,12,0.6666666666666666,1.5216686436899045,-1.7295563033101276,0.7950413654862557,-0.33742339999998094,13,-2.4651457555417275,1.4819303061583549,0.8525874294925906,17,-0.45736628244586497,5.0,2.6348864141656936,14,-0.8100341538735154,2.888519005136036,1.9924697698605165,12,-1.702988944516266,0.7810380583327713,-0.5832277577779044,17,-1.2074897578589723,1.1666880762774927,0.20791058318765376,12,4.819946999999991,85,0.4470588235294118,COMPLETE
320,0.4882005328981343,2026-04-28 13:42:59.632003,2026-04-28 13:43:07.268517,0 days 00:00:07.636514,2,33,10,7,41,0.8,15,81,15,4,2.5,2.4508110253700646,2.1063501313454727,105,-1.528463659632639,-1.528463659632639,1.2527948996857525,12,1.0,2.2532756843106996,-0.8480162373272229,1.4492057808736696,0.4140150000000231,12,-0.7222724806218317,3.1895982896959367,4.130872567937804,22,-0.9700994265587839,3.376427529781631,2.4000643063507354,16,-1.0920320626524138,2.6738313473876945,2.5583127618079793,17,-1.528463659632639,1.2527948996857525,0.8380917463741921,21,-0.6286205477956439,2.763008304795702,2.2967444056021025,17,13.274294999999924,105,0.5428571428571428,COMPLETE
321,-9999.0,2026-04-28 13:43:07.274564,2026-04-28 13:43:14.871227,0 days 00:00:07.596663,2,33,10,7,36,0.8,12,81,15,4,2.4400000000000004,2.1683292750441434,1.7838695422263242,130,-3.423925770591489,-3.423925770591489,0.7759938560212627,18,0.6666666666666666,1.764663671813331,-1.7660312905677058,0.7759938560212627,-0.43167999999996765,19,-0.7257916020442473,3.2862550200803295,4.116568402479803,22,-1.1952236549381667,2.220787827139974,2.1004210804818513,23,-1.0488140670233213,2.993975190956285,3.0829551152007806,19,-3.423925770591489,0.885204387176048,-0.6233392992181952,29,-0.6408839739474971,2.84775936889096,2.4582919544136717,18,11.093059999999944,130,0.5230769230769231,COMPLETE
322,-9999.0,2026-04-28 13:43:14.876319,2026-04-28 13:43:22.488007,0 days 00:00:07.611688,2,31,10,7,41,0.9,16,80,14,4,2.6,3.4970646570523187,1.5913927431895456,44,-1.3799466599545314,-1.3799466599545314,2.006742083113517,3,1.0,3.0932986718982356,-0.2810316492461924,5.0,0.4714120000000044,3,-0.8754254218736636,5.0,2.740260085127444,5,-0.17127669073869242,2.6784621174109,0.5185082352954895,5,-1.169224394053145,3.6883690388245673,1.8939354731712932,7,-1.3799466599545314,2.608814702964933,2.408558917240322,11,-0.9776425836878214,2.006742083113517,1.5156817483027218,13,9.9124599999999,44,0.6363636363636364,COMPLETE
323,-9999.0,2026-04-28 13:43:22.493815,2026-04-28 13:43:30.120106,0 days 00:00:07.626291,3,45,12,5,40,0.8,12,78,11,4,2.64,1.3320553709180802,0.28777883846762276,89,-2.9749670731266,-2.593914936414454,0.28088788445728613,12,0.5,1.1397041967368458,-2.593914936414454,0.28088788445728613,-2.125544399999979,19,-1.3215561421940911,0.9745833173361321,-0.03381924302623407,12,-1.1073385376455867,1.4906080386581628,0.7512757754606136,15,-0.9940622202832634,2.670910094505314,2.0267598779836415,13,-2.1868538646938678,0.8394526890616155,-0.46887793648414666,14,-1.8081382667187988,1.7358902014899709,1.576878956871841,16,1.681249200000079,89,0.4044943820224719,COMPLETE
324,-9999.0,2026-04-28 13:43:30.125886,2026-04-28 13:43:37.777036,0 days 00:00:07.651150,2,34,12,7,54,0.8,12,76,10,3,2.4200000000000004,1.9313878824354094,1.086952409633122,94,-2.0050349667980667,-1.8767209182852118,0.34877584120369065,11,0.6666666666666666,1.6483513599724464,-1.8057410859356864,0.34877584120369065,-1.0439514000000094,11,-1.8767209182852118,2.3274218672781823,2.7143480747270354,21,-0.41106935495535746,5.0,3.200063038470291,17,-1.8596204163736345,1.960771104208472,1.666047089587952,14,-1.3130271477801976,1.0651976493081463,0.16052134706723287,18,-1.1281713090020142,0.8861608326139649,-0.175313692053769,13,6.626189799999915,94,0.5,COMPLETE
325,0.44786135547798905,2026-04-28 13:43:37.782177,2026-04-28 13:43:45.390222,0 days 00:00:07.608045,2,32,10,7,37,0.8,13,81,15,4,2.52,2.010472074505468,1.6812965234075492,115,-3.253436715529944,-3.253436715529944,1.0791509907034718,14,1.0,1.7685985373590174,-1.2360516050702592,1.1853750154862857,0.22444280000000205,14,-0.7236334584398962,3.0139679054053983,3.806716898006024,21,-1.2199088236258,1.4327813622841161,0.8613388629454155,19,-1.1186221933861873,2.4049737855178517,2.191090902614179,16,-3.253436715529944,1.0791509907034718,0.3959480512372826,27,-0.6444886655690374,2.9465833876356835,2.6082416256423935,18,10.467697199999936,115,0.5043478260869565,COMPLETE
326,-9999.0,2026-04-28 13:43:45.396005,2026-04-28 13:43:53.021802,0 days 00:00:07.625797,2,56,11,7,38,0.8,14,78,10,3,2.56,1.1904471423531218,-0.12990942389281188,99,-3.5949181502372083,-2.5063290727579743,0.35685083537001894,14,0.5,0.9360016570519544,-2.0178375290717714,0.35685083537001894,-1.2841887999999857,14,-1.0211559343019907,1.0457983065895913,0.08569731532535041,17,-1.0466322208440662,1.242453122710116,0.31814969832915097,14,-1.2154451692205164,3.425473929893843,3.3970672366544052,18,-2.5063290727579743,0.5009361496767016,-2.1796078949310793,21,-2.1037744889953114,0.5711705098784586,-1.1165740987347128,15,-0.8713079999999152,99,0.3838383838383838,COMPLETE
327,-9999.0,2026-04-28 13:43:53.027559,2026-04-28 13:44:00.671629,0 days 00:00:07.644070,2,38,10,6,40,0.8,11,80,14,4,2.7600000000000002,1.3805463245775462,0.7429638537105081,139,-3.719782463736067,-3.7170644930945325,0.6394334608366287,22,0.6666666666666666,1.2492757422100993,-2.2287090535113894,0.7686022415195387,-0.6344672000000107,24,-1.5857763095933448,1.8411718121915106,2.2533785477775403,25,-1.0707023418659116,1.1777391382932887,0.38713359853064233,23,-1.8302038808686238,1.1214216063139206,0.36697557480560583,22,-3.7170644930945325,0.6394334608366287,-1.7255599015371992,23,-1.12998857941886,2.7349096883103914,3.8103225026864695,22,4.4391772,139,0.4172661870503597,COMPLETE
328,-9999.0,2026-04-28 13:44:00.677168,2026-04-28 13:44:08.319890,0 days 00:00:07.642722,2,37,11,7,41,0.95,15,80,14,4,2.4800000000000004,2.5628973799621897,0.9527437456461305,30,-0.950100550225682,-0.950100550225682,0.0,1,0.6666666666666666,2.8767800585373298,-0.21478656658878073,0.0,-0.1156299999999999,1,-0.6320554536143681,5.0,3.2851942701345394,7,-0.1713743236993494,1.593248871048632,0.18337013145763859,4,-0.6534503852863827,4.192827826086938,1.4210262118402595,6,-0.950100550225682,0.8669768100148008,-0.17932634006104786,5,-0.3103796415548032,3.7243307726227686,1.1218282005053926,7,5.80949759999998,30,0.6,COMPLETE
329,-9999.0,2026-04-28 13:44:08.325782,2026-04-28 13:44:15.933993,0 days 00:00:07.608211,2,31,10,7,37,0.8,13,89,13,4,2.6,2.2747368425190575,1.7464858422669243,92,-1.4591134200655205,-1.379138852710593,1.263754201599493,11,1.0,2.181856225816551,-1.1079120569827536,1.5334345594083731,0.5164340000000323,12,-0.872281364003602,3.0619746268325545,3.6996238843888696,19,-1.2136451364129501,1.263754201599493,0.5239498639825424,17,-1.379138852710593,1.6754094368340593,0.8469907952280753,11,-0.8735366865007163,2.167875604079217,2.3647568527138674,19,-1.0231280359875754,3.9459726263606485,2.5271596572881583,14,10.901169999999926,92,0.5108695652173914,COMPLETE
330,-9999.0,2026-04-28 13:44:15.939819,2026-04-28 13:44:23.570621,0 days 00:00:07.630802,2,38,10,6,41,0.85,15,80,14,4,2.64,2.366701207840259,1.3194610757983671,79,-1.1798517017072347,-1.1772122091149664,1.0026235879426388,11,1.0,2.055587744901819,-0.38419712911131937,2.8518089457713187,1.122788800000074,11,-0.8737717308093249,4.380136601044676,3.3278987258310577,16,-0.5771642447766914,1.5387742651136889,0.520623732017711,11,-0.8153294053507385,2.088790385831738,1.2291803248795974,11,-1.1772122091149664,1.0026235879426388,0.006323744833425238,15,-0.6529567493980761,2.338073461337496,1.7099511272283374,15,8.147986800000107,79,0.5316455696202531,COMPLETE
331,-9999.0,2026-04-28 13:44:23.575663,2026-04-28 13:44:32.476761,0 days 00:00:08.901098,2,39,12,7,56,0.9,9,87,11,5,2.5,2.4466636282590697,1.0139728027249533,66,-1.5231290782619107,-1.1930579581534424,0.45725885459044524,7,0.8333333333333334,1.944872656965923,-1.1174789121541073,0.45725885459044524,-0.6537100000000073,9,-0.3876859327207628,3.8797758680756926,2.9953106452188516,15,-0.4617186103508756,3.613610415282118,1.498939328992921,11,-0.5297844369425414,4.166371549458484,1.6357204628939082,7,-1.1930579581534424,1.0907545991768781,0.19554343249323924,12,-0.4636358022924992,1.4722104829708018,0.4120329467508066,12,6.196729999999873,66,0.5,COMPLETE
332,-9999.0,2026-04-28 13:44:32.484736,2026-04-28 13:44:40.119095,0 days 00:00:07.634359,2,48,10,6,54,0.8,14,81,15,3,2.64,1.2584944102649376,0.33044318559751945,109,-3.373251179159536,-2.585869263107098,0.5466013386829794,14,0.6666666666666666,1.1255411851564887,-1.852539726891418,1.7648497447877034,1.3980611999999892,15,-2.0883793467255876,1.1074704772404753,0.19996674255944313,17,-1.9188907212947466,0.5466013386829794,-0.935390448941209,15,-1.427030874540622,2.281429388124258,2.984182709024319,23,-2.585869263107098,0.5775324265549139,-2.1571822225942006,25,-2.047375712320986,1.273083086199296,0.4930211335367751,14,1.9180584000000778,109,0.3669724770642202,COMPLETE
333,-9999.0,2026-04-28 13:44:40.124559,2026-04-28 13:44:47.718909,0 days 00:00:07.594350,2,36,10,7,38,0.8,14,81,15,4,2.6,2.0980950479643816,1.5788555695605275,110,-1.9181209437531106,-1.9155178771646908,0.8205550794383236,16,0.8333333333333334,1.8516120904612623,-0.8451806839057875,1.6827055275289833,0.753782000000025,16,-0.8768927757254177,2.7787614892858388,3.217274761953859,21,-0.9764958069861863,2.792639914819963,2.331278253438085,19,-1.3929507851189566,1.579991712874384,1.1706194174824436,18,-1.9155178771646908,0.8205550794383236,-0.6067681960659432,19,-0.6483708525284466,2.9339165638387987,2.6069471805546973,17,9.801970000000026,110,0.5,COMPLETE
334,0.48179037608423225,2026-04-28 13:44:47.724728,2026-04-28 13:44:55.337880,0 days 00:00:07.613152,2,33,10,7,42,0.8,15,81,15,4,2.4800000000000004,2.372254583782858,2.0388402906403162,106,-1.5365283403881265,-1.5365283403881265,1.2423769969455116,12,1.0,2.1834694999760074,-0.84811242216669,1.4367441355814816,0.40252960000000115,12,-0.7223547909702805,3.16306798986486,4.081287609311368,22,-0.4367887156888696,3.347900986723718,2.3726550935493362,16,-1.2697672972602372,2.30375322537827,2.295407213609413,18,-1.5365283403881265,1.2423769969455116,0.8063102478842232,21,-0.6310955696846109,2.7396841682033073,2.2748519794875577,17,12.827247199999903,106,0.5377358490566038,COMPLETE
335,-9999.0,2026-04-28 13:44:55.343750,2026-04-28 13:45:03.021535,0 days 00:00:07.677785,2,37,11,6,42,0.9,14,82,15,4,2.2800000000000002,2.030004147660089,0.8505315497528013,60,-1.3558371313437636,-1.3558371313437636,0.8603630647875301,6,0.6666666666666666,1.8265392042643602,-0.4182752739379924,0.9927790899685953,-0.0036991999999735903,6,-0.6313488407867716,3.7575461450816916,2.9043550379015626,14,-0.4442587880530637,2.2933254759449144,0.7678089303555069,9,-1.3558371313437636,1.331074679042856,0.42378834854774894,9,-1.3269729763301394,0.8603630647875301,-0.2781218112232975,11,-0.5124556129541504,2.9449364311349444,1.2890579929352608,11,5.179012000000016,60,0.5333333333333333,COMPLETE
336,-9999.0,2026-04-28 13:45:03.027564,2026-04-28 13:45:10.667081,0 days 00:00:07.639517,2,30,10,7,44,0.8,14,82,14,4,2.46,1.9611170368893296,1.7054967014497269,98,-1.5880847787859822,-1.5880847787859822,1.651769645217028,11,1.0,1.9463088689332866,-0.47962018455845123,1.7919621213156778,0.5795658000000259,11,-1.3849779981898398,2.390931043366239,3.2208116770374273,20,-1.5880847787859822,1.6602508408159176,1.019200868350878,14,-0.8096202041768644,2.502253707904354,2.0522617311537816,14,-1.0781289968484904,1.651769645217028,1.7971091991077826,21,-1.260061218163042,1.7695348627167604,1.5640309330484659,18,10.657018199999868,98,0.5204081632653061,COMPLETE
337,-9999.0,2026-04-28 13:45:10.672845,2026-04-28 13:45:18.324711,0 days 00:00:07.651866,2,34,11,5,43,0.8,12,89,14,4,2.4400000000000004,1.9112672979248575,0.9853884178666265,96,-3.022245422969552,-3.0196147753767386,0.6872757826263809,12,0.6666666666666666,1.5942757143479231,-1.448758801338879,0.9836783839306144,-0.022881599999990954,14,-0.7612180240096313,2.8560697363349803,3.275524692457976,21,-0.41991127314789994,2.5994570985090815,1.2874270424033218,16,-1.4340426340933554,1.8141547725816713,1.2152239267386955,13,-3.0196147753767386,0.6872757826263809,-1.090007846987795,20,-0.5871891260661593,2.526968013566416,1.2470442925875513,12,6.003919999999874,96,0.5208333333333334,COMPLETE
338,0.41830486718425697,2026-04-28 13:45:18.329779,2026-04-28 13:45:26.024222,0 days 00:00:07.694443,2,46,14,6,45,0.85,8,85,10,4,2.7600000000000002,1.7172454641992172,1.3819553088886607,109,-2.0447626249578166,-2.0447626249578166,1.0301936958106348,12,1.0,1.640946630451031,-2.0447626249578166,2.322925036594123,3.3982240000000496,24,-0.9949029599207774,1.4810779141615482,1.0609625171124737,22,-0.5132130955143045,1.1738078682201456,0.1880154533813183,12,-0.9222451413271289,2.773992061745144,2.3864709605710965,18,-1.6470455483053463,1.0301936958106348,0.10009651558942068,17,-1.6207096812673751,1.5214762086637093,1.157962406677604,16,8.539902400000132,109,0.44036697247706424,COMPLETE
339,-9999.0,2026-04-28 13:45:26.030171,2026-04-28 13:45:33.712212,0 days 00:00:07.682041,2,47,12,6,46,0.85,9,84,12,5,2.4200000000000004,1.486600332552549,0.7955134440395638,121,-4.142517276342994,-3.1216445540394706,0.1954427908852511,17,0.6666666666666666,1.324497361222407,-2.0495714143944297,2.9824539568402018,5.039754799999985,24,-1.0103434223016359,0.7578292704517652,-0.5469350162648712,20,-0.6195195797812802,2.235706147115289,1.503260381626803,17,-1.0744678130851508,1.5600366214596102,1.1278092870366851,20,-3.1216445540394706,0.1954427908852511,-2.7905501986905556,19,-1.5753297663549617,1.1881332085631762,0.43974141052933735,21,4.697553600000037,121,0.4049586776859504,COMPLETE
340,-9999.0,2026-04-28 13:45:33.717424,2026-04-28 13:45:41.366942,0 days 00:00:07.649518,2,47,14,6,46,0.8,9,84,10,5,2.7,1.466225591374488,0.8225414766402871,118,-3.6004444493695242,-2.7116865745489163,0.17498260761254222,11,0.6666666666666666,1.338612643161136,-2.0432007469795965,2.795233138451301,4.363368000000012,23,-1.1742145673842534,0.8022392459490395,-0.504609050179361,23,-0.4559428131037184,1.7461891699685,0.7073353737093946,11,-1.2147157928211196,1.2467140345006709,0.6627770366826047,23,-2.7116865745489163,0.17498260761254222,-2.5798730279743776,15,-1.3534924968533866,2.031995351764875,2.2862505276034506,23,4.893121999999983,118,0.4067796610169492,COMPLETE
341,-9999.0,2026-04-28 13:45:41.372154,2026-04-28 13:45:49.019859,0 days 00:00:07.647705,2,49,14,6,45,0.85,10,85,10,4,2.7600000000000002,1.3224571379187733,0.7447862374417266,97,-2.9782080948954373,-2.059064682137415,0.7427602404809922,9,0.6666666666666666,1.3523148213069935,-2.059064682137415,1.564755387837443,1.7554800000000537,22,-1.4325817532983316,1.0247338542710183,0.050953128028075056,18,-0.5267534220244378,0.9265543828463376,-0.06493481516355315,9,-1.1865176144765834,2.078019722929511,1.9641042398674147,19,-1.6838492022940064,0.7427602404809922,-0.6186776097257263,13,-1.6828562232964295,1.5979192391473376,1.3817924816440952,16,4.522306000000165,97,0.38144329896907214,COMPLETE
342,-9999.0,2026-04-28 13:45:49.027986,2026-04-28 13:45:56.658980,0 days 00:00:07.630994,2,30,10,7,43,0.85,12,81,15,4,2.4200000000000004,2.135922423528719,1.3930711545296088,84,-2.1864811946660128,-2.1864811946660128,1.1628562957813313,10,1.0,1.844607285250747,-1.1964479202458498,2.7282736663995433,1.552542800000034,11,-0.8524230154890424,2.451989737398108,1.8947598424881473,10,-0.44416919000792815,2.3746377230786977,0.9185708666396231,11,-1.144759761740231,2.0388109579479594,1.4252570411555254,13,-2.1864811946660128,1.1628562957813313,0.6016062811078138,21,-1.0704599481784396,2.0589661605666767,1.9656900957865098,18,8.647275199999903,84,0.5238095238095238,COMPLETE
343,-9999.0,2026-04-28 13:45:56.664162,2026-04-28 13:46:04.350879,0 days 00:00:07.686717,2,44,14,6,48,0.85,8,84,10,4,2.72,1.9704001654339238,1.5083080745810422,104,-2.279513444234112,-2.0430469485487155,0.6744740377439025,12,0.8333333333333334,1.750500319551577,-2.0430469485487155,2.4178882152315047,3.421406800000093,21,-0.9947490556434324,1.8116460690990404,1.7024951163205682,22,-0.41641395878964205,1.248661588683355,0.2672312714593117,12,-1.2703130082166778,2.2842654429618405,2.1866183906059655,19,-1.6861412710994301,0.6744740377439025,-1.1332012880713171,17,-0.8653062546503818,3.3854656388839,2.6052981571716316,13,9.323960800000219,104,0.46153846153846156,COMPLETE
344,-9999.0,2026-04-28 13:46:04.356051,2026-04-28 13:46:11.990873,0 days 00:00:07.634822,2,33,10,5,41,0.85,15,81,15,4,2.6,2.7086147880692066,1.5793994592877816,69,-1.3966241042657865,-1.3966241042657865,1.2498772928526136,5,1.0,2.4691951793960136,-0.47945129511478835,3.138847045191202,0.8859960000000111,8,-0.8727390721138644,3.027708935428941,3.046085801640852,16,-0.1700669478132394,2.6615842950325828,0.5096678914114916,5,-0.8271681090165948,1.2498772928526136,0.2835630910363651,11,-1.3966241042657865,1.7948380813245715,1.74458211697206,14,-0.6513135478134564,4.378833078585329,3.0065018546659106,15,9.818601999999931,69,0.5507246376811594,COMPLETE
345,-9999.0,2026-04-28 13:46:11.995996,2026-04-28 13:46:19.567736,0 days 00:00:07.571740,2,37,10,7,39,0.8,16,81,15,4,2.4800000000000004,1.8612158877180807,1.1357467771290615,96,-2.0672879019087373,-2.0646422789691146,0.7447782045290592,14,0.8333333333333334,1.6660821430790105,-0.844430766075148,1.915762428661371,0.8440216000000111,14,-0.5670800124198426,2.695251998135475,2.9572259740184847,20,-0.6544354509858231,2.2719528008085423,1.4908840857667194,14,-1.1347385728781012,1.317711487380173,0.551657194329569,15,-2.0646422789691146,0.7447782045290592,-0.7783034104839048,17,-0.6564690399717831,2.2218384067938652,1.7489952191434899,16,6.969517200000008,96,0.4791666666666667,COMPLETE
346,-9999.0,2026-04-28 13:46:19.573363,2026-04-28 13:46:27.249024,0 days 00:00:07.675661,3,48,13,7,46,0.85,8,79,12,4,2.7600000000000002,1.729960057004795,1.1578257237454685,121,-3.118937125569582,-3.118937125569582,0.8677830639292544,18,0.8333333333333334,1.467570848818167,-3.118937125569582,1.1502174617891914,0.5281676000000735,25,-1.6546987928790124,1.1916285686446417,0.3912702373777055,20,-0.9521080174957841,1.9870857920484315,1.667438084682371,20,-0.8011227424159615,3.2971493191048977,2.811315096048461,19,-2.1486876765173344,0.8677830639292544,-0.5287444704670907,18,-1.7189267184367123,1.8858961365123532,2.0775077948312903,19,7.111023200000188,121,0.4380165289256198,COMPLETE
347,-9999.0,2026-04-28 13:46:27.254228,2026-04-28 13:46:34.902779,0 days 00:00:07.648551,2,50,11,6,45,0.95,10,82,14,5,2.5,1.5573990622516647,0.28305300185048066,59,-2.420663245280905,-1.6880135689071083,0.4848302118804323,8,0.5,1.26139903820009,-1.0841567667658534,0.5658627482751983,-0.5090649999999863,10,-0.5866731141092391,1.3471457103351492,0.4769379240430638,13,-0.5583639518938737,0.8293080939947826,-0.15695423553606647,8,-0.939663504594616,3.2238848798529136,2.096533919014676,10,-1.6880135689071083,0.4848302118804323,-0.8551627993289346,10,-0.4027972186882719,2.8933627291715127,0.6460282029101316,8,1.6823250000000733,59,0.423728813559322,COMPLETE
348,-9999.0,2026-04-28 13:46:34.908652,2026-04-28 13:46:42.604010,0 days 00:00:07.695358,2,36,10,5,42,0.8,12,86,13,4,2.8,1.8242611572950846,0.8273368721881464,105,-3.993394528783563,-3.990732090768451,0.6142572373013265,16,0.8333333333333334,1.4047900188651627,-1.4400456418788283,1.3814076870945808,0.5909339999999874,18,-0.8879762395445587,2.682136920802704,2.3642508379532634,16,-0.6659570787194236,1.9491750662510987,1.186151317002082,17,-1.4554977872726662,1.0281344816795177,0.059539002615260905,16,-3.990732090768451,0.6142572373013265,-1.7652228396117464,22,-0.6778113891458543,3.2904555506412803,2.5283689151700317,16,5.001629999999979,105,0.45714285714285713,COMPLETE
349,-9999.0,2026-04-28 13:46:42.609236,2026-04-28 13:46:50.224517,0 days 00:00:07.615281,2,41,14,6,41,0.8,18,83,11,4,2.4400000000000004,2.1391683655769285,1.3007084061925929,58,-2.033287218925387,-2.033287218925387,0.6206784018577074,7,0.6666666666666666,2.3148915537986063,-2.033287218925387,5.0,5.778568000000028,12,-0.6114212513697659,2.9417796216396237,1.1061942150701443,8,-0.8834027335042887,0.6206784018577074,-0.3421278177032083,7,-1.2333833325639092,0.8384535152206742,-0.22843877096277998,11,-1.0755427865576732,1.5862901665137943,0.6552609951750998,9,-0.4389660440750093,1.8478084882297698,0.8347938155762735,11,7.929637600000028,58,0.4482758620689655,COMPLETE
350,-9999.0,2026-04-28 13:46:50.229762,2026-04-28 13:46:57.908486,0 days 00:00:07.678724,2,46,14,7,59,0.8,10,78,10,4,2.7600000000000002,1.3494779924704547,1.0808784712644275,125,-2.24354648225713,-2.06537317512261,0.9072399152258074,13,0.8333333333333334,1.398343299346449,-2.06537317512261,1.5265671315750446,1.7355600000000582,25,-1.2516139381257925,1.3447394694324803,0.7948905967588793,22,-0.6034780725960894,0.9072399152258074,-0.12676596158593956,13,-1.6864620540680688,1.5474225958117906,1.4199523271053227,24,-1.6453136581247207,1.474260944339828,1.815965960217203,22,-1.649376778980367,1.2966378984377784,0.845667905091041,19,6.6490388000000955,125,0.376,COMPLETE
351,-9999.0,2026-04-28 13:46:57.914302,2026-04-28 13:47:05.581308,0 days 00:00:07.667006,2,35,11,6,35,0.8,12,90,14,3,2.54,1.447607134902644,0.5881880735937243,93,-3.383997187282838,-2.7760243145501873,0.3412155853171655,12,0.5,1.3044943644930045,-1.8074411773719208,0.3412155853171655,-1.1387418000000205,12,-1.8610962524211228,2.6796044553293634,3.03843816545728,19,-0.4098216604452588,2.088338340282091,0.9353407925503987,14,-1.5994933998831438,1.9168873589478324,1.7330705144595893,16,-2.7760243145501873,0.6645928265704526,-1.0293686195844476,16,-0.7632210349319811,0.9950042429689577,-0.009610611320454154,16,3.513121999999913,93,0.44086021505376344,COMPLETE
352,-9999.0,2026-04-28 13:47:05.586489,2026-04-28 13:47:13.158555,0 days 00:00:07.572066,2,55,12,6,40,0.8,17,83,11,3,2.72,1.1433797568202957,-0.07073146800529173,73,-2.960659160446367,-2.4469610867697487,0.21895937677809135,9,0.5,0.9545535467964099,-1.3163683402878807,1.1953586558168026,0.35555080000002626,14,-0.9987568817271194,1.4416444506805528,0.501831733257796,12,-1.2943076015905814,0.21895937677809135,-1.1023945916634692,9,-1.2187173760178238,2.7719706434304645,2.01629957289029,13,-2.4469610867697487,0.37123253434895165,-1.9630425939080043,14,-1.296338691594314,0.8611128798669115,-0.23263372860838905,11,-0.47113520000005016,73,0.3287671232876712,COMPLETE
353,-9999.0,2026-04-28 13:47:13.164451,2026-04-28 13:47:20.849870,0 days 00:00:07.685419,2,56,12,5,50,0.85,10,80,13,3,2.3800000000000003,1.0117108896816733,-0.17372316830380208,133,-4.038854757572786,-2.8040406233704895,0.45957828277020146,15,0.5,0.9477462751035217,-2.5540446000674946,1.1283840780597933,0.48209119999997885,26,-1.2638636246853958,1.0725613657903634,0.22705717732915964,25,-1.3088435651467831,0.45957828277020146,-0.9332085515869504,15,-1.2221568925959267,1.8797737770227365,1.6246516963170254,18,-2.8040406233704895,0.7304849861775696,-1.726925600579865,29,-2.520342788789529,0.7994828482693761,-0.716004931302161,20,-1.073054799999884,133,0.3458646616541353,COMPLETE
354,-9999.0,2026-04-28 13:47:20.855030,2026-04-28 13:47:28.467045,0 days 00:00:07.612015,2,30,10,7,38,0.8,14,81,15,3,2.4800000000000004,2.0244090498357132,1.6974185875838137,98,-2.2105655094933527,-2.2105655094933527,1.5206401287483144,11,1.0,1.9157266494207466,-0.45213407581247145,2.0752265861027044,0.8399240000000141,11,-2.2105655094933527,1.843968076134921,2.0543406994237623,19,-1.6907828071741051,1.63358922502761,1.1811637848946344,18,-0.8210827905884458,3.123164006285667,2.465369976422238,13,-1.4855299460487212,1.9498662767150643,2.4839331739886283,18,-1.0894926906619549,1.5206401287483144,1.1597798907736045,19,10.61255759999986,98,0.5204081632653061,COMPLETE
355,-9999.0,2026-04-28 13:47:28.473045,2026-04-28 13:47:36.119113,0 days 00:00:07.646068,2,51,11,6,45,0.85,10,86,11,3,2.66,0.9581673492476731,-0.2743249078627996,131,-3.924707196644702,-2.9217316731418306,0.5446042876308355,17,0.5,0.9096155086824502,-2.9217316731418306,0.5817258466135432,-1.679788999999965,25,-2.094445488752561,1.1960465501761264,0.5774108845230552,27,-1.232566328490181,0.5446042876308355,-0.8478624871021245,17,-1.2462357285427519,1.5225056220468307,1.2654134281107288,20,-2.3715289349468356,0.7249135469970437,-1.3887416046061696,25,-2.1423715935875873,1.179208242021659,0.4276193318976773,17,-1.669976399999873,131,0.31297709923664124,COMPLETE
356,-9999.0,2026-04-28 13:47:36.124023,2026-04-28 13:47:43.728640,0 days 00:00:07.604617,2,40,14,7,43,0.85,14,90,12,5,2.58,1.751888920145113,0.3477614664879984,69,-2.431100091797317,-1.8962488802033395,0.2556679792245526,9,0.5,1.2785018839487616,-0.40926679177838027,4.266243047362381,1.5502896000000765,11,-0.8527378166119561,1.340680288088837,0.7140712280154782,18,-0.6078401128597967,0.9651529907367514,-0.03008738237437747,9,-0.7254558379466,2.918740923561171,1.5739376665141913,10,-1.8962488802033395,0.2556679792245526,-1.4834116112597884,11,-0.5604373964221082,0.7648482918969849,-0.23823070196759,10,2.0696032000000697,69,0.43478260869565216,COMPLETE
357,-9999.0,2026-04-28 13:47:43.733824,2026-04-28 13:47:51.368637,0 days 00:00:07.634813,2,42,14,6,57,0.8,10,78,11,4,2.66,1.6387121591853901,1.6880633011099784,126,-2.3294959389182575,-2.3294959389182575,0.7977631089414696,16,0.8333333333333334,1.6529033434257108,-2.056410530737277,2.575684432713928,4.41177460000004,23,-0.9854559111652036,1.6850550814001697,1.3960425494004003,20,-1.0904884425363188,0.7977631089414696,-0.33887428749318493,16,-2.3294959389182575,1.128995511239024,0.4281583225150376,26,-1.3224588347449384,1.5864628889675791,1.9696538420472587,22,-1.5913140677533653,2.0583119318501706,2.261624780190319,19,10.49316220000005,126,0.3968253968253968,COMPLETE
358,-9999.0,2026-04-28 13:47:51.373712,2026-04-28 13:47:58.997027,0 days 00:00:07.623315,2,30,10,7,39,0.95,15,81,15,4,2.66,1.6696885997215494,0.2685369261109183,22,-2.226157265889519,-2.226157265889519,0.0,1,0.6666666666666666,1.363998530354776,-0.21478656658878073,0.0,-0.1156299999999999,1,-2.226157265889519,0.0,-1.4976917810063717,3,-0.17388709268226493,1.124722902811788,0.021730201758529688,2,-0.6682595188146384,5.0,0.855179550733709,3,-0.778812307192486,2.123389064338298,1.0967068722710138,4,-1.0568346624223437,1.7700196311792094,1.2509267129086288,9,1.5950451999999338,22,0.5,COMPLETE
359,-9999.0,2026-04-28 13:47:59.002741,2026-04-28 13:48:06.656091,0 days 00:00:07.653350,2,54,12,6,60,0.95,10,88,12,5,2.54,2.7198325639293675,1.3267027257882684,52,-2.0463978899923614,-2.0463978899923614,0.1488645797979031,5,0.5,2.401374269868181,-2.0463978899923614,5.0,5.370264800000002,14,-0.6661224657167987,0.8902022452150025,-0.1422021670766438,11,-0.8354098104124618,0.31785245137505946,-0.611972432044694,6,-0.8931468512512981,4.962076107188239,2.5647135313547453,9,-1.0962744334484096,0.1488645797979031,-0.9118441379379782,5,-0.5684727177324623,5.0,1.6912567604341788,7,8.078039799999992,52,0.4423076923076923,COMPLETE
360,-9999.0,2026-04-28 13:48:06.661753,2026-04-28 13:48:14.329844,0 days 00:00:07.668091,2,42,13,6,49,0.9,11,81,15,3,2.4400000000000004,1.0183268323539674,-0.08289150201169493,73,-2.7882904330350433,-1.7896373631562397,0.30595517315077275,10,0.16666666666666666,0.9481881587028389,-1.5431322623859705,0.30595517315077275,-1.0066911999999761,10,-1.6905180468338812,0.844456626721543,-0.35139465911046,17,-0.7126092781038943,0.980755375941718,-0.01955082539253361,11,-1.0313894285617324,2.434376888495827,1.9734174883100142,13,-1.7896373631562397,0.6426262882180483,-0.9537098817804623,11,-1.1367525818976758,0.901790641595895,-0.13941993409675169,11,-0.5255787999999484,73,0.3835616438356164,COMPLETE
361,0.45986715502330083,2026-04-28 13:48:14.334908,2026-04-28 13:48:21.966865,0 days 00:00:07.631957,2,31,10,7,37,0.8,14,81,15,4,2.5,2.0077135786612916,1.8116823840460246,106,-1.5783249482978772,-1.5783249482978772,1.3255657327586237,12,1.0,1.942961458725735,-0.39156954677559863,1.9442888181359084,0.6910400000000205,12,-0.7202928424448243,2.98912584459458,3.7423389409821928,21,-1.5783249482978772,1.3255657327586237,0.636300819343516,16,-1.0011884276418228,2.3500916590283984,2.101733939418038,16,-1.484579350868676,1.6372861876814406,2.082013845837638,23,-1.2524353883461756,1.7999232297687975,1.6166667586947403,18,11.339384999999957,106,0.5188679245283019,COMPLETE
362,-9999.0,2026-04-28 13:48:21.972761,2026-04-28 13:48:29.564018,0 days 00:00:07.591257,2,30,10,7,39,0.8,17,81,15,4,2.46,2.1873152217345893,1.5368562351764534,82,-1.4695390910813764,-1.4695390910813764,1.4442986887638674,9,1.0,2.002234535753111,-0.47962018455845123,2.021895368782211,0.6195956000000225,9,-1.4695390910813764,2.040270835399502,2.5018707191067024,18,-0.5880259892037746,2.951463558730338,1.4091668884607333,10,-0.785786288942915,2.984134935694691,2.24943145275065,12,-1.2068024634003556,1.6818279430369267,1.5723295240383628,18,-1.1918941265216925,1.4442986887638674,0.868743226702251,15,9.568192799999963,82,0.5,COMPLETE
363,0.48928438787093326,2026-04-28 13:48:29.569119,2026-04-28 13:48:37.231177,0 days 00:00:07.662058,2,33,10,6,37,0.8,14,82,15,4,2.3800000000000003,2.3391803505248796,1.9760323755635076,105,-1.1769455989079904,-1.1769455989079904,1.348228176808098,13,1.0,2.257571950405643,-0.39686780862412346,2.3592719421708557,0.9947288000000443,13,-0.7181350944826003,3.5256098309914607,4.071995686174867,21,-1.1769455989079904,1.348228176808098,0.5843337334345833,18,-1.1034606183721283,2.416309196455834,2.1923563733735607,17,-1.0638273975218024,1.7625994714817284,1.8857748487074888,19,-0.633378984256718,2.6230634852413033,2.1270048116905027,17,12.417906800000033,105,0.5619047619047619,COMPLETE
364,-9999.0,2026-04-28 13:48:37.237058,2026-04-28 13:48:44.880237,0 days 00:00:07.643179,3,34,10,7,35,0.85,11,83,12,4,2.64,2.671257516699878,1.2467769679035567,76,-2.629331349812204,-2.117982481856225,0.29054345075197585,9,0.6666666666666666,1.9528302732816707,-0.9747669371167951,0.865010835926382,-0.16007959999995158,11,-1.6323482901813593,3.027225935784529,3.0588922624982695,18,-0.5937756441805192,5.0,3.0577395849138655,14,-0.597507407168911,5.0,2.6645071323177394,11,-2.117982481856225,0.29054345075197585,-1.931237571784783,13,-0.7810735609217316,1.8447648777363814,0.7908399994762005,9,7.607463600000042,76,0.5394736842105263,COMPLETE
365,0.46398930621865253,2026-04-28 13:48:44.885312,2026-04-28 13:48:52.497032,0 days 00:00:07.611720,2,31,10,7,38,0.8,14,82,15,4,2.56,2.041596851626315,1.8475343927099892,105,-1.5755142557518067,-1.5755142557518067,1.3590250783699036,12,1.0,1.9624209977472467,-0.3889216153413335,1.994887197496666,0.728068400000037,12,-0.7200290570425052,3.063652027027019,3.881125154187859,21,-1.5755142557518067,1.3590250783699036,0.700500245749458,16,-0.9984625235479152,2.409133638863402,2.1885144247157706,16,-1.47858875519615,1.5773773876540642,1.8802805703807213,22,-1.249841444300454,1.8455057803468364,1.7067175612260899,18,11.573391599999926,105,0.5142857142857142,COMPLETE
366,-9999.0,2026-04-28 13:48:52.502943,2026-04-28 13:49:00.134186,0 days 00:00:07.631243,2,35,10,6,37,0.95,15,82,15,4,2.3600000000000003,2.5884620344550577,1.1624627518496837,29,-0.9751406854335007,-0.9751406854335007,0.984715902461775,2,0.8333333333333334,3.507654166123413,-0.2817200547815636,2.667484216898736,0.19281119999998708,2,-0.7238610476643161,5.0,3.8491583915153393,7,-0.1694533395160914,0.984715902461775,-0.0025180349157105653,2,-0.44615122213279707,1.2297930434782123,0.10159354180898639,3,-0.9751406854335007,4.044165329666136,2.295389309803819,6,-0.6539113131271804,1.6046137142254886,0.5383421028856805,9,7.1167475999999175,29,0.6206896551724138,COMPLETE
367,-9999.0,2026-04-28 13:49:00.140010,2026-04-28 13:49:07.728548,0 days 00:00:07.588538,2,30,11,6,39,0.8,17,82,14,4,2.2600000000000002,1.7519949757333693,1.066537322520315,72,-1.2252462031611404,-1.2252462031611404,0.9800373274612016,8,0.8333333333333334,1.8519236172172213,-0.4132169717311605,1.3610294893785821,0.21889940000001662,8,-1.21862286859149,2.1924641769918276,2.454585127882547,16,-0.5906452304328985,0.9800373274612016,-0.014479514427323537,8,-0.6223877812546211,2.6879562705965148,1.7761489656185292,11,-0.8072739328488876,1.638029948838512,0.9142448674958281,15,-1.2252462031611404,1.6524526411335767,1.049825088552292,14,6.549691000000024,72,0.5138888888888888,COMPLETE
368,-9999.0,2026-04-28 13:49:07.733714,2026-04-28 13:49:15.328168,0 days 00:00:07.594454,2,40,10,7,37,0.8,15,82,15,5,2.4400000000000004,2.0244033991809656,1.3246806492848244,109,-2.888036450928965,-1.8487804082668111,0.49634077595829046,14,0.8333333333333334,1.6942267255203,-1.1450372372061481,4.675590399763352,3.9756656000000445,16,-0.9502135156832405,2.3991566304938616,2.8458643500137937,24,-0.9496956367754935,1.5140430822122717,0.6264052504878714,14,-1.2370091091690354,1.4737520859997395,0.9735152715207418,19,-1.8487804082668111,0.49634077595829046,-1.4703047128894142,17,-0.7128321472335315,1.5875374206582766,0.9969381365759089,19,8.121814000000027,109,0.46788990825688076,COMPLETE
369,-9999.0,2026-04-28 13:49:15.333405,2026-04-28 13:49:22.950936,0 days 00:00:07.617531,2,39,14,6,37,0.85,14,84,11,4,2.52,1.4657543185867083,0.38596789317751345,54,-1.9945055235927958,-1.563138287165467,0.16862037155968418,6,0.6666666666666666,1.3765968501645667,-0.3143929239246731,2.1117173666045845,0.5185828000000114,8,-1.0211204057619772,2.1225240222131054,1.6851721868884395,14,-0.44930438109669407,0.6644770567747624,-0.19415278136155623,6,-0.9926436550408794,2.6854126035651693,1.6451162093702898,10,-1.563138287165467,0.16862037155968418,-1.373265387995759,8,-0.5673810863709202,1.0417744908029445,0.03435433216365524,8,2.3034584000000358,54,0.46296296296296297,COMPLETE
370,-9999.0,2026-04-28 13:49:22.956927,2026-04-28 13:49:30.611877,0 days 00:00:07.654950,2,31,11,6,36,0.8,13,82,15,4,2.3400000000000003,1.9719420871700748,1.243374928199503,97,-1.8796514451524176,-1.8796514451524176,0.6971337307045604,11,0.5,1.7133780795883082,-1.1151622956211658,0.8666124726335714,-0.14439599999996888,11,-0.7237188376273472,4.562619090775712,4.1335122263143065,18,-1.4955150023665498,0.6971337307045604,-0.571723604950769,15,-1.0179506725447243,2.4737440807822355,2.1823927185880887,15,-1.8796514451524176,0.9152850585108856,-0.25888476094032553,21,-1.2133791782675016,2.3162580896134832,2.1193489901856877,17,7.604688800000159,97,0.5154639175257731,COMPLETE
371,-9999.0,2026-04-28 13:49:30.617684,2026-04-28 13:49:38.245593,0 days 00:00:07.627909,3,58,13,7,37,0.8,14,83,11,3,2.58,1.8220567527224436,0.8623977820811701,77,-1.8430806129788844,-1.8430806129788844,0.7842191400731733,8,0.6666666666666666,1.6108768978012888,-1.1575409083285753,2.4682064433402995,1.9236294000000376,12,-0.8151076129683179,0.9702376639495583,-0.03481999238930111,13,-0.5865124323336128,1.0490630257537952,0.029766761979388434,8,-0.8018885581439628,4.078936495142789,2.8485424139282234,15,-1.4696997136600891,0.7842191400731733,-0.5697887293125925,17,-1.8430806129788844,1.5816777480750472,0.977056838281265,12,5.242728800000007,77,0.4805194805194805,COMPLETE
372,-9999.0,2026-04-28 13:49:38.250896,2026-04-28 13:49:45.864889,0 days 00:00:07.613993,3,35,10,6,36,0.9,13,82,12,4,2.5,3.0505199917785646,1.2824705694153726,44,-1.369661743584779,-1.045900095753763,0.5726599682707231,4,0.8333333333333334,3.3499343339306376,-0.20699753217120215,2.7447697722162316,0.3569450000000085,4,-0.7201298611696061,5.0,4.833108461003843,10,-0.5868413422907439,3.2872413505973515,1.0443618910302765,9,-0.6029957941229952,4.916848384590386,1.470005705225641,5,-1.045900095753763,0.5726599682707231,-0.5618633495863001,9,-0.5869372130297679,1.7816004749966925,0.5522657088187666,7,7.855054999999944,44,0.6136363636363636,COMPLETE
373,-9999.0,2026-04-28 13:49:45.870053,2026-04-28 13:49:53.471128,0 days 00:00:07.601075,3,48,10,7,38,0.9,15,83,11,4,2.7600000000000002,1.792451784683385,0.3699566729715553,46,-2.951034191318103,-1.8722549765242913,0.15424950731676337,6,0.5,1.3528843175038023,-0.5732313759650539,1.0976766695853184,0.06135560000004592,8,-1.2335446287666205,0.9193176027473129,-0.0800660749793014,8,-1.0199550141261262,4.264104338889789,2.1602304505915937,9,-1.005594265229465,3.6040817037802277,2.0482390581208154,8,-1.8722549765242913,0.15424950731676337,-1.6839604788030371,7,-1.5248143212576086,0.7152808857808993,-0.28605851710078456,6,2.1847668000000375,46,0.4782608695652174,COMPLETE
374,-9999.0,2026-04-28 13:49:53.477338,2026-04-28 13:50:01.163220,0 days 00:00:07.685882,2,37,10,5,35,0.85,11,81,15,4,2.8,1.8585367828440305,0.8229907688904525,88,-2.9666175833200197,-2.5583130010837434,0.2908286608898243,12,0.8333333333333334,1.5122123791158621,-1.4113789505468557,1.3204073436603454,0.4467760000000043,14,-0.8839730183452915,3.9136761823083313,3.7881036619831887,19,-0.5456198045385897,1.996234596579679,0.8638852906564187,12,-0.9974535412414992,1.508184866971155,0.7565570055353854,14,-2.5583130010837434,0.2908286608898243,-2.2061510614484803,16,-0.8854641422155349,2.121889046654848,1.2887737166161983,13,4.945891999999996,88,0.4772727272727273,COMPLETE
375,-9999.0,2026-04-28 13:50:01.168310,2026-04-28 13:50:08.797060,0 days 00:00:07.628750,2,34,10,7,34,0.9,12,82,15,4,2.56,3.0674298566320615,1.4307831139133196,58,-2.1426080225594153,-2.1426080225594153,0.9515282176179957,6,0.8333333333333334,2.4875725976812912,-0.3950548776470936,4.355884015128501,0.771954000000008,6,-0.717185733313698,5.0,4.3247957660917935,10,-0.22569822435108988,2.086813892215551,0.4316029834231294,7,-0.7796330223465857,4.0471082656159725,2.109578848589333,8,-2.1426080225594153,0.9515282176179957,-0.13217432608102486,14,-0.6446230539182491,1.9632447492143519,1.0789414114566798,13,8.830439199999818,58,0.5862068965517241,COMPLETE
376,-9999.0,2026-04-28 13:50:08.802304,2026-04-28 13:50:16.426443,0 days 00:00:07.624139,2,48,13,6,37,0.9,14,81,15,5,2.4200000000000004,1.8023247351556257,0.6109552046515884,66,-1.8284921384161739,-1.3023737182365276,0.4671714004324207,6,0.5,1.5506411232381911,-0.958823543752416,3.751561362081567,2.4936300000000244,13,-0.9160747509214414,0.6686566215487744,-0.5696389131694901,14,-0.7707230537238398,0.7144489648016283,-0.17011771501463935,6,-0.723820564138222,3.396679054707632,2.3136752842565,12,-1.3023737182365276,0.4671714004324207,-0.9043780923916,11,-0.5728025427695799,1.8154310073617317,0.502560664228735,10,3.6672864000000915,66,0.45454545454545453,COMPLETE
377,-9999.0,2026-04-28 13:50:16.431581,2026-04-28 13:50:24.102369,0 days 00:00:07.670788,2,59,13,6,33,0.85,11,84,11,3,2.5,1.200282296596371,0.18135127000553827,101,-3.0909843089977644,-2.3692551143864184,0.6557347924957195,9,0.3333333333333333,1.0702988402550042,-1.465476837295199,0.7016946370686431,-0.7269999999999666,18,-1.6496831968410217,0.8863486010647208,-0.36687216060763417,21,-1.057414458139455,0.6557347924957195,-0.3918357310894627,9,-1.0579457402746646,2.5775614147443853,2.6502763592031853,19,-2.3692551143864184,0.7579490068904579,-1.1299355141857093,21,-1.7085080578115326,1.6224053273142998,1.053474666712817,13,1.0429550000000676,101,0.37623762376237624,COMPLETE
378,-9999.0,2026-04-28 13:50:24.108074,2026-04-28 13:50:31.741189,0 days 00:00:07.633115,2,34,10,5,38,0.8,15,81,15,4,2.4200000000000004,2.0484682842067725,1.3223811315949037,91,-1.4221247735181919,-1.1625938240001066,1.0891748243201869,11,1.0,1.9379243611459187,-0.5304881366417127,2.619090727683927,0.9736564000000003,11,-0.7545767056954643,3.01707921070562,3.1960268797396996,20,-0.4343192907370745,2.0916817562066217,1.0680693266374774,15,-1.1179202537857205,1.0891748243201869,0.13857128444694222,13,-1.1625938240001066,1.6503720589005864,1.647593767904021,19,-0.6580697063006468,1.8234111274236928,0.910369130841282,13,8.173110399999949,91,0.5384615384615384,COMPLETE
379,-9999.0,2026-04-28 13:50:31.746922,2026-04-28 13:50:39.392278,0 days 00:00:07.645356,2,52,12,6,38,0.85,14,84,10,3,2.72,0.9417346890408846,-0.4608075424344031,72,-4.102877186771792,-3.8432217125583708,0.1487129719487985,7,0.5,0.7495356031637785,-1.6331916164747065,0.1487129719487985,-1.4736799999999772,10,-1.0153949957410116,1.7079318086151822,0.8193432983187199,13,-0.6812388885427278,0.7895760771525734,-0.15265933893248151,7,-1.229402489188547,1.791089814004067,1.5030650719188854,16,-3.8432217125583708,0.190728588983023,-3.4933182889393843,17,-2.14489591174338,1.0223688735416634,0.03240400302781943,9,-2.8126199999999324,72,0.3055555555555556,COMPLETE
380,-9999.0,2026-04-28 13:50:39.397271,2026-04-28 13:50:47.052511,0 days 00:00:07.655240,2,52,14,7,29,0.85,8,83,10,4,2.8,1.2690395968078763,0.5040705034348817,110,-3.1800098057718453,-2.8880650564391352,0.7496211853005762,13,0.3333333333333333,1.2031638362971542,-1.8392270073603458,0.7496211853005762,-0.7072200000000195,23,-1.541239897755065,0.7853122202770829,-0.5459087760459336,21,-0.6611038621371109,0.7921582615767722,-0.29502363587541325,13,-1.3462230484727995,1.8896660499858517,1.8217845216475625,19,-2.8880650564391352,0.9053377795635787,-0.3689521378646865,16,-1.7101313742087016,2.492142084143395,3.1197430487477806,18,2.9993260000001687,110,0.38181818181818183,COMPLETE
381,-9999.0,2026-04-28 13:50:47.058131,2026-04-28 13:50:54.672205,0 days 00:00:07.614074,2,33,12,6,39,0.95,15,80,13,4,2.74,2.6306464336220166,0.9732190819718637,23,-1.6862608388711773,-1.6862608388711773,0.0,1,0.8333333333333334,3.3590608366674486,-0.21478656658878073,0.0,-0.1156299999999999,1,-1.6862608388711773,1.829120630552896,0.7119268009599278,4,-0.17006851044558852,1.1620581029050907,0.027615556650628648,2,-1.2094676116422565,5.0,2.1961573701289927,5,-0.6855438843869812,3.2733843642530758,1.3949621469444118,4,-0.5172069440902662,4.519315504021038,1.6242826171472213,7,5.9611816000000095,23,0.6521739130434783,COMPLETE
382,-9999.0,2026-04-28 13:50:54.677314,2026-04-28 13:51:02.265481,0 days 00:00:07.588167,2,42,10,6,37,0.8,14,82,14,4,2.2600000000000002,1.8602612162182588,1.3547192822631413,113,-2.6944092254422842,-2.246953728624421,0.9803785697496737,16,0.8333333333333334,1.6355162937390728,-2.037347878318705,5.0,5.7172374000000525,17,-0.9701897763603173,1.5178646152024455,0.9927075525339779,20,-0.9936961520507487,1.1411456411859735,0.25370513370290837,20,-2.246953728624421,0.9803785697496737,-0.04991406148567856,20,-1.8420521498623907,1.0719387967731338,0.20329890710477638,16,-1.724048686470577,1.4502396743983255,1.0112807617228103,20,8.285753400000129,113,0.4778761061946903,COMPLETE
383,-9999.0,2026-04-28 13:51:02.271575,2026-04-28 13:51:09.890098,0 days 00:00:07.618523,2,59,12,6,34,0.95,10,84,10,3,2.56,1.091487799104819,0.07256079858624458,55,-1.9544570781305146,-1.9544570781305146,0.3901118913086246,3,0.3333333333333333,1.0531281228779414,-1.2062278500697141,0.3901118913086246,-1.1473763999999886,12,-1.2031576159006547,1.641785733897108,1.1823216799275782,17,-0.4999481894950383,0.6966292134831645,-0.13173183626032925,4,-1.2247513546485034,2.2378225205071196,1.3294034007914401,9,-1.9544570781305146,0.6372054332656383,-0.7781776543909769,10,-0.40290954230354314,0.9453720021672591,-0.019074398550256166,3,0.41074680000008357,55,0.38181818181818183,COMPLETE
384,0.46274683917934506,2026-04-28 13:51:09.895098,2026-04-28 13:51:17.483178,0 days 00:00:07.588080,2,31,10,7,39,0.8,15,81,15,4,2.54,2.138725614435179,1.850143455511762,102,-1.5409049883732797,-1.5409049883732797,1.4502694933524913,10,1.0,2.024416497420897,-0.3898041703373948,2.240806504816015,0.7523258000000421,10,-0.7198563552658076,3.0388099662162085,3.8334813309093274,21,-0.980963720955009,1.8827031464871253,1.2332741466564157,15,-0.9936268941003387,2.389452978918411,2.1470595249360347,16,-1.5409049883732797,1.4502694933524913,1.4595353798045885,22,-1.2495889618276488,1.8303115968208212,1.6751845507641638,18,11.59622059999994,102,0.5196078431372549,COMPLETE
385,-9999.0,2026-04-28 13:51:17.488149,2026-04-28 13:51:25.091068,0 days 00:00:07.602919,3,34,10,7,38,0.8,14,81,15,4,2.3200000000000003,2.533282988528511,1.8875599174879685,95,-1.329229816267306,-1.3019058531527308,0.9526383316372894,8,0.8333333333333334,2.440354554277067,-0.3347686397675273,1.9873745786238706,0.7966928000000095,14,-0.7209440580724013,3.311286186242646,4.268567430617165,25,-0.5847176648797916,3.594772619525122,2.7079640657743154,19,-1.06999924064222,4.099344666918547,3.420050511130146,15,-1.3019058531527308,0.9526383316372894,-0.094636279273419,14,-0.5647358730696155,1.2542815482235892,0.22672097667959523,8,11.784318400000071,95,0.5578947368421052,COMPLETE
386,-9999.0,2026-04-28 13:51:25.096766,2026-04-28 13:51:32.710060,0 days 00:00:07.613294,2,30,10,7,39,0.8,14,81,15,4,2.52,2.0403717203563994,1.7303144734421032,98,-1.5866560424528178,-1.5866560424528178,1.4252687233714894,11,1.0,1.9276248577531883,-0.4795477888009746,1.8390013801396856,0.6139896000000089,11,-1.3834950651089648,2.359441965023626,3.2696653945227805,21,-1.5866560424528178,1.7028754344475494,1.0841143004813647,14,-0.7816691811572931,3.1005254058612417,2.3714120469785938,13,-1.4907404272100693,1.4252687233714894,1.3869297084031063,21,-1.2582639070996187,1.815117413294806,1.655775790266767,18,10.817098399999958,98,0.5204081632653061,COMPLETE
387,-9999.0,2026-04-28 13:51:32.715836,2026-04-28 13:51:40.355515,0 days 00:00:07.639679,2,57,12,5,35,0.95,11,79,11,5,2.4800000000000004,2.0721787515365326,0.813319724897449,49,-2.053084977608692,-2.053084977608692,0.4353787482752732,4,0.6666666666666666,1.9371955879172407,-2.053084977608692,2.7613738344607945,2.6975088000000147,14,-0.37580312769892427,2.022686649936937,0.7182581239010721,10,-0.33138079239081514,2.451539530920689,0.31292923637114,4,-0.9061793596857018,3.8707087777350573,1.8728986943151282,7,-0.8109842672435187,0.4353787482752732,-0.6232983879346898,6,-1.0518785959187398,0.8913849678904462,-0.09837811726797208,8,4.939939199999999,49,0.46938775510204084,COMPLETE
388,-9999.0,2026-04-28 13:51:40.360910,2026-04-28 13:51:48.004098,0 days 00:00:07.643188,2,36,10,5,40,0.8,13,81,15,4,2.66,1.7714330463242625,0.8720398923059499,105,-3.665855418370481,-3.6632027824491584,0.6754628086218675,15,0.8333333333333334,1.4422302696030362,-1.1003466568460518,1.678225520700204,0.7694672000000402,15,-0.883771952858627,2.6444982156267733,2.4556305285298174,18,-0.7805003455433343,2.052562462600117,1.3118494942364167,19,-1.352095979304786,1.0060214813469823,0.012365007637193948,16,-3.6632027824491584,0.6754628086218675,-1.4051651635401674,21,-0.9357821056278658,2.5718277890496304,2.0880922869723983,16,5.295057400000069,105,0.47619047619047616,COMPLETE
389,-9999.0,2026-04-28 13:51:48.009732,2026-04-28 13:51:55.613090,0 days 00:00:07.603358,2,58,12,6,37,0.85,14,80,13,3,2.54,1.4688052457400722,0.518772731983565,82,-3.131467879614221,-2.2991703821387492,0.19008609228219953,7,0.5,1.2569490265549401,-1.4181620962601256,2.433433799114126,2.300933599999988,13,-0.9550430713152807,1.5905738504563707,0.79886074470783,14,-0.7964034125477252,0.19008609228219953,-0.7207198882987265,7,-1.1710502721105238,3.478832599430839,3.4202205635739613,18,-2.2991703821387492,0.5810479619163542,-1.7937750199566227,20,-2.0253641274806893,0.5388571712405428,-0.8928836081250391,10,3.0488518000000298,82,0.4024390243902439,COMPLETE
390,-9999.0,2026-04-28 13:51:55.618405,2026-04-28 13:52:03.243271,0 days 00:00:07.624866,2,31,12,6,41,0.85,17,81,15,4,2.7600000000000002,1.7167811386745264,0.8848714869390725,55,-1.631709767310025,-1.631709767310025,0.9022486068895501,5,0.8333333333333334,1.8033999792380488,-0.5175575822112166,1.5600217952666922,0.23639080000001922,5,-1.631709767310025,1.7178326843827432,1.1973356087757514,11,-0.5971162929875482,0.9022486068895501,-0.060873123012017416,6,-1.199832481481228,1.9736635884461189,1.1388643876234061,9,-0.8691837332472805,2.372554626475311,1.556152164020519,11,-1.0189050242454893,1.7743655305867434,1.2413590842267563,13,5.417406400000058,55,0.45454545454545453,COMPLETE
391,-9999.0,2026-04-28 13:52:03.249093,2026-04-28 13:52:10.873295,0 days 00:00:07.624202,2,42,10,6,39,0.8,16,82,15,4,2.52,1.9498114329593657,1.5054964108317843,101,-2.1793453814396924,-2.0329805373258925,0.9333589247192756,15,0.6666666666666666,1.7861585215969107,-2.0329805373258925,5.0,5.97230240000004,16,-0.6688878952194992,2.1932706599759073,1.7726952774030247,20,-1.0047984337065716,0.9333589247192756,-0.11171018072212435,15,-1.5448478196982747,0.9568224662326261,-0.08249111661977615,15,-1.9686742550006318,1.2762640248689499,0.7290172045136378,16,-1.709201787460589,1.3391525219594362,0.7531648804159019,19,9.24287360000009,101,0.44554455445544555,COMPLETE
392,-9999.0,2026-04-28 13:52:10.878491,2026-04-28 13:52:18.501341,0 days 00:00:07.622850,2,31,10,7,39,0.85,15,81,15,4,2.64,2.5892139512517005,1.6390318537301443,73,-1.782954162537622,-1.782954162537622,1.4693705782205577,7,1.0,2.192528513410367,-0.39353701350430625,3.130630404397075,0.8993604000000266,7,-1.6210669476968518,3.090963621713614,2.777662800724756,13,-0.4423173705520039,3.2776041063001786,1.0611629026526348,8,-1.1610022137733682,2.432463504111295,1.6207097964490602,11,-1.782954162537622,1.4693705782205577,1.3978738857831408,17,-1.0552222587946392,2.134251492767483,2.0774213367712457,17,10.233146800000004,73,0.547945205479452,COMPLETE
393,-9999.0,2026-04-28 13:52:18.507349,2026-04-28 13:52:26.095547,0 days 00:00:07.588198,2,32,10,7,37,0.95,13,81,15,4,2.3800000000000003,3.501937878791944,1.513342202857195,34,-0.7280163135763439,-0.7280163135763439,0.8888538923417217,2,0.8333333333333334,4.00706219029686,-0.2817200547815636,2.691555824613,0.19559459999998197,2,-0.7238410153692859,5.0,2.4618623302226084,5,-0.20389184411603845,0.8888538923417217,-0.04110994145715141,4,-0.6355642357291942,5.0,1.6225391735708694,5,-0.7280163135763439,3.173320892656876,2.713766871048051,9,-0.6505249175084973,4.257896663140066,2.1274001837588097,9,9.393941999999878,34,0.6764705882352942,COMPLETE
394,-9999.0,2026-04-28 13:52:26.100666,2026-04-28 13:52:33.722879,0 days 00:00:07.622213,2,48,12,5,33,0.9,9,82,15,5,2.68,1.509312789024616,0.46276191001092815,82,-3.1283022947000956,-2.4880369831734894,0.11471353693997138,9,0.8333333333333334,1.306684178748011,-1.0197607492089085,1.4717318524269842,0.5954624000000575,15,-0.6942560321190693,1.52004372515619,0.7283008423251136,15,-0.8637614760595109,1.5752695328749202,0.46402804355356597,9,-0.922469019800668,2.433330965812065,2.061693947419374,14,-2.4880369831734894,0.11471353693997138,-2.3003187963162586,13,-1.2136379506745314,1.9407871209375656,1.2274050230837164,16,2.7529996000001278,82,0.4146341463414634,COMPLETE
395,-9999.0,2026-04-28 13:52:33.728227,2026-04-28 13:52:41.318538,0 days 00:00:07.590311,2,34,10,6,40,0.9,16,80,14,3,2.7800000000000002,2.2801030301614102,1.0162067320157675,44,-1.9577589721837958,-1.9577589721837958,0.8967019771632557,3,0.8333333333333334,2.159695468174361,-0.920872750279429,2.218497431205592,0.34627259999999715,3,-1.8028220895049143,2.291793801327621,1.7823039697042686,10,-0.3906238603807928,1.3291886508678066,0.1585820720709119,7,-1.1802122230449281,5.0,2.7157994112569916,8,-1.9577589721837958,1.9444363204041868,1.2096347754225745,7,-0.921773043532923,0.8967019771632557,-0.11535243636013881,9,6.2232389999999915,44,0.5454545454545454,COMPLETE
396,-9999.0,2026-04-28 13:52:41.323650,2026-04-28 13:52:48.948810,0 days 00:00:07.625160,2,35,10,6,40,0.8,15,80,14,4,2.3800000000000003,2.2313176420987877,1.6044230049047536,99,-1.6327264825892993,-1.3273887852084252,1.1251979066928037,13,1.0,2.0508241374876524,-0.3957649435784181,2.901859244964528,1.261465200000056,13,-0.7162505339806066,3.917713174326988,4.222209299021684,20,-0.43349683332353767,1.5993842426530562,0.7220080736055845,16,-1.3273887852084252,1.1251979066928037,0.23248533169029084,15,-1.1533619314538917,1.6219795479896115,1.5596007430807468,19,-0.6473854195566092,2.2217717359657385,1.6287693820301596,16,9.970198400000019,99,0.5252525252525253,COMPLETE
397,-9999.0,2026-04-28 13:52:48.954107,2026-04-28 13:52:56.511227,0 days 00:00:07.557120,2,45,14,7,41,0.85,18,79,11,5,2.66,1.924812605597192,1.1483685209044636,58,-2.0381197576061694,-2.0381197576061694,0.4745607191489657,7,0.5,2.185987669433227,-2.0381197576061694,5.0,6.89347620000007,12,-0.6269342418646611,0.7996360025103412,-0.27179376172256076,12,-0.8401077917786215,0.4745607191489657,-0.48141427355522515,7,-0.7028248238483452,2.9709134883073123,1.0677030133975585,8,-1.1528609754720058,0.5576220545753799,-0.6912687366980252,11,-0.4300185287022311,1.746143369041154,0.37350868400496395,8,6.87898939999998,58,0.43103448275862066,COMPLETE
398,-9999.0,2026-04-28 13:52:56.516418,2026-04-28 13:53:04.146021,0 days 00:00:07.629603,2,43,14,6,33,0.9,9,83,10,4,2.8,1.216541692108897,0.38527927518501687,63,-2.282307352491406,-1.2631614528412862,0.7857500443463556,7,0.6666666666666666,1.2829341893904553,-1.2631614528412862,0.7857500443463556,-0.2174079999999634,9,-1.0356454319952084,1.567337907536012,1.0946698999360516,16,-0.4352513911364813,1.0081072539463576,0.0048317280807230745,7,-1.1923613257664347,1.9833527404135642,1.4566093914818667,11,-1.2035453424839286,1.0185354809801173,0.038396008644125956,11,-0.9359153983366534,0.9361667254309742,-0.06542337703270285,9,2.321492000000025,63,0.42857142857142855,COMPLETE
399,-9999.0,2026-04-28 13:53:04.151900,2026-04-28 13:53:11.791647,0 days 00:00:07.639747,3,45,12,5,34,0.85,10,80,12,5,2.8,1.6220458696598523,0.17929329620314793,91,-3.7093736586255504,-3.0073311342251685,0.1672879672310403,12,0.6666666666666666,1.0855148778935666,-2.184707919130651,0.4289577635977018,-1.3530959999999648,16,-0.5434786541484559,1.2142288014471971,0.3145298913790784,15,-0.6170565243880155,4.044448347236987,2.452456758619359,12,-0.7255851107931305,2.81084187819514,2.4177646860858326,16,-3.0073311342251685,0.1672879672310403,-2.874109618687637,14,-1.4858854203040843,1.0665104602510471,0.11821405982221922,18,0.9701680000001156,91,0.4175824175824176,COMPLETE
400,-9999.0,2026-04-28 13:53:11.796916,2026-04-28 13:53:19.432449,0 days 00:00:07.635533,2,33,10,6,36,0.8,12,82,15,4,2.56,2.2337824935569883,1.848068365037251,121,-3.2785223186997814,-3.2785223186997814,0.8760166104276663,18,0.8333333333333334,1.8851317825407534,-1.6382296433602426,0.8760166104276663,-0.22302999999996853,18,-0.7242850070755168,4.056508069587107,4.676862807118698,21,-1.1844874192717003,1.638288071211582,1.0119812068166922,20,-1.0508692302669278,2.7946353803849413,2.7838019600268327,18,-3.2785223186997814,1.041251432722583,0.1885196844645387,26,-0.6384404126956025,2.9959953970080506,2.6502745317967147,18,11.520999200000004,121,0.5289256198347108,COMPLETE
401,-9999.0,2026-04-28 13:53:19.437458,2026-04-28 13:53:26.999175,0 days 00:00:07.561717,2,33,14,7,42,0.8,18,80,12,5,2.7,1.784895457323658,0.47700640707937225,58,-1.6254981868121026,-1.6254981868121026,0.43331858998754164,8,0.6666666666666666,1.4450094223297671,-0.9226250794141598,1.5856492858707583,0.4813920000000138,10,-1.6254981868121026,1.5583126023261358,1.0452880668691433,13,-0.7461300680238595,0.43331858998754164,-0.5426107657871548,8,-1.1923499445292776,5.0,2.140043665730862,8,-1.3016771975721488,0.5906824330331552,-0.6249026643634248,11,-0.723062510403573,1.541409832724356,0.3628281400267941,8,2.869176000000029,58,0.41379310344827586,COMPLETE
402,-9999.0,2026-04-28 13:53:27.005100,2026-04-28 13:53:34.612916,0 days 00:00:07.607816,2,37,10,7,37,0.8,14,81,15,4,2.4200000000000004,1.7498325836335316,1.1397226194038157,111,-2.1006665538122333,-2.0980099226409124,0.6442280308523873,16,0.8333333333333334,1.5695189057207812,-0.8463327164952297,1.55743213991361,0.6154664000000087,16,-1.0151041262484213,2.0074784127039575,2.305308997703026,21,-0.7862122324802912,2.3647071938168556,1.9623895763200006,20,-1.4366553925808565,1.4654506008166097,0.9525477468480981,18,-2.0980099226409124,0.6442280308523873,-1.222417942352494,18,-0.7090434486857766,2.4596991236977717,2.2250409379042546,18,6.98820200000001,111,0.4774774774774775,COMPLETE
403,-9999.0,2026-04-28 13:53:34.618893,2026-04-28 13:53:42.232345,0 days 00:00:07.613452,3,54,13,7,53,0.85,14,79,10,4,2.6,1.4632428939001718,0.13387879404661204,74,-2.753315344631587,-1.8414845492109688,0.49067678129211384,10,0.3333333333333333,1.0803691737789818,-0.969458158077946,1.134803152078368,0.17175000000000384,13,-1.540673026757826,0.49067678129211384,-0.8110031021720254,12,-1.0695658189020076,0.6136243332383232,-0.6685128005160079,13,-0.6519162444961126,4.822616771374016,2.694129043295024,13,-1.8414845492109688,0.9408347083101428,-0.1248888821446914,10,-1.7040686410574297,0.7769016171080659,-0.4582014941826307,13,0.7636919999999936,74,0.4189189189189189,COMPLETE
404,-9999.0,2026-04-28 13:53:42.237391,2026-04-28 13:53:49.768915,0 days 00:00:07.531524,2,52,12,7,41,0.8,18,79,10,3,2.66,1.1662170264850074,-0.0011516466685068671,66,-2.220349302681608,-1.5657174292864087,0.2817640087639645,8,0.6666666666666666,0.9968232991269576,-1.5657174292864087,0.2817640087639645,-1.2424117999999873,12,-1.0178647390093365,1.1283862309319432,0.18501666892674073,13,-1.0446212846477325,1.5826784738793909,0.6144959757562907,9,-1.2347348746236777,1.749290381453337,0.8743326444911048,12,-1.3501237626745326,0.5770968549261413,-1.0096409000965534,12,-0.715027130054773,1.6780862089552666,0.5712975309113633,8,-0.02729720000002045,66,0.3333333333333333,COMPLETE
405,-9999.0,2026-04-28 13:53:49.774447,2026-04-28 13:53:57.378537,0 days 00:00:07.604090,2,34,11,7,37,0.9,14,82,15,4,2.3800000000000003,2.9745755834086935,1.5878950604526265,50,-1.3552468843565155,-1.3552468843565155,1.4950397110535927,5,1.0,3.3744428250850405,-0.4182327468525511,1.6634452390618917,0.21244180000004054,5,-0.7237197887323578,5.0,4.621660860478083,11,-0.16863203641962946,2.4359019066733185,0.43672574969797484,5,-0.7795734784001345,4.386655996060101,2.3509358501819566,8,-1.3552468843565155,1.4950397110535927,0.7223263413701497,11,-0.49084294382318167,2.866410647603257,1.1832797609875545,10,9.840403399999985,50,0.62,COMPLETE
406,0.4662589808832342,2026-04-28 13:53:57.384444,2026-04-28 13:54:05.066638,0 days 00:00:07.682194,2,43,13,6,32,0.8,8,79,11,4,2.7800000000000002,1.6341256693756598,1.6546534178373598,144,-2.7566346048775068,-2.7566346048775068,1.2174066975929472,22,1.0,1.5667464262870003,-2.0586041668263984,1.7970465349557472,2.7413220000000793,29,-1.0012003980348678,1.966090322945285,1.996539036163103,23,-1.2053244164274477,1.6079620912769037,1.1055655473877435,22,-2.1080372962520557,1.2174066975929472,0.6466891984480361,23,-2.7566346048775068,1.2551545351847848,1.2263752392501326,25,-1.5946192308926883,1.9610938342982909,2.2114294857750627,22,10.331186600000164,144,0.4305555555555556,COMPLETE
407,-9999.0,2026-04-28 13:54:05.071877,2026-04-28 13:54:12.630828,0 days 00:00:07.558951,2,30,12,7,39,0.8,16,80,13,4,2.4200000000000004,2.1047508277169054,1.3151861867157388,74,-1.2389575513862316,-1.2363271134912366,0.9441443462198422,7,0.8333333333333334,1.9719523860820913,-0.6040350519860017,0.9441443462198422,-0.0338663999999711,7,-1.2193674925478444,2.395869253291444,2.880542135921904,17,-0.5896886120870095,3.5370754145590637,1.5069895941065337,9,-0.6101220697449208,2.8601067678684426,2.1127539332026712,11,-1.2363271134912366,1.0140478058571223,0.028888606519728022,15,-1.2076618374636008,1.8772613785055163,1.395809250543567,15,8.120370600000015,74,0.5135135135135135,COMPLETE
408,-9999.0,2026-04-28 13:54:12.637099,2026-04-28 13:54:20.299616,0 days 00:00:07.662517,2,47,12,7,29,0.8,9,79,12,4,2.74,1.1394674953717827,0.5270382497301865,133,-3.619636075586384,-2.055534017935895,0.5372090211930102,19,0.5,1.173307402447251,-2.055534017935895,0.5372090211930102,-1.3475593999999425,21,-1.5079029720820585,0.8573167047408029,-0.38873402185242156,21,-1.4346299298912697,0.745046221816696,-0.6483061357786979,22,-1.5757748045572784,1.1247934175064016,0.38510235757933664,23,-1.869689132483195,1.435873982755619,1.7449529855999124,19,-1.9297769443309778,2.136565624218167,3.4167737128329323,27,3.125174400000197,133,0.38345864661654133,COMPLETE
409,-9999.0,2026-04-28 13:54:20.304724,2026-04-28 13:54:27.917822,0 days 00:00:07.613098,2,40,12,6,35,0.8,10,77,10,4,2.68,1.624831866026392,0.6837376989501265,116,-3.5704221688530664,-2.3605278820136126,0.4444166761165243,17,0.5,1.2839555797187938,-2.3073763717305473,0.4444166761165243,-1.518814799999968,20,-1.040118385587637,2.6483812754166913,2.8029341791471873,18,-0.7279858428782717,2.7617909488529757,1.9495300486713552,19,-2.3605278820136126,0.8440377241055484,-0.5729465504035081,23,-1.6648947078145304,0.8672429832428348,-0.44859992379553404,19,-1.132860377671859,2.1831215884237767,1.8903232400812264,17,4.094764400000095,116,0.4224137931034483,COMPLETE
410,-9999.0,2026-04-28 13:54:27.923768,2026-04-28 13:54:35.563568,0 days 00:00:07.639800,2,51,12,7,35,0.85,12,78,10,3,2.8,1.3365164045448727,-0.04831362881617488,101,-3.4776412632564773,-3.081933994805593,0.14015989031968876,13,0.5,0.973193489174902,-3.081933994805593,0.14015989031968876,-2.859853999999973,19,-1.8106913068649453,0.9652922732160608,-0.07908161883961595,18,-1.053866668742971,3.1026427587483942,1.87136591630912,13,-1.2974948546284568,1.676607271097306,1.4197226416542863,17,-2.7807270006244695,0.5472817734246855,-1.7330259356384214,20,-2.1160749760411135,1.5871144604631022,1.0909912236175545,14,-0.3792619999998692,101,0.33663366336633666,COMPLETE
411,-9999.0,2026-04-28 13:54:35.568744,2026-04-28 13:54:43.155104,0 days 00:00:07.586360,2,47,10,7,38,0.85,15,80,14,4,2.54,1.7581222403076653,0.9163746484466181,88,-4.0467328375182925,-2.2195739215319112,0.3126573444858587,13,0.6666666666666666,1.466838663089169,-2.0421063665564723,5.0,5.556739800000043,16,-1.2523187507231506,0.8041121840839097,-0.2911406704889097,14,-1.0094046479460503,1.2962243919025387,0.46353110015961985,13,-1.4027285507757155,1.5270884696587896,0.8051241338379533,14,-2.2195739215319112,0.3126573444858587,-2.2195739215319144,15,-1.7694868054008213,1.608651051714896,1.1835674487029157,16,5.456335600000162,88,0.4090909090909091,COMPLETE
412,-9999.0,2026-04-28 13:54:43.160294,2026-04-28 13:54:50.777320,0 days 00:00:07.617026,3,44,11,5,35,0.85,13,79,12,4,2.7600000000000002,1.6812016614575447,0.27679925713269643,70,-3.4038220401082646,-2.24308506212463,0.2516997966236288,6,0.5,1.1875133752035463,-1.26055662892687,0.7221572756977677,-0.3970955999999748,13,-1.857325199515763,0.982670530486731,-0.029419222437843118,14,-0.45186904329294036,2.7187786598074855,1.5569082255354694,13,-1.0146963170831387,2.834043411220541,2.14073567966524,12,-2.24308506212463,0.2516997966236288,-2.1907751148968035,12,-0.3087791164514021,2.5778602949091147,0.5804415749300906,6,1.612240000000087,70,0.44285714285714284,COMPLETE
413,-9999.0,2026-04-28 13:54:50.783260,2026-04-28 13:54:58.368232,0 days 00:00:07.584972,2,31,11,6,37,0.8,14,81,15,3,2.7800000000000002,1.4151749637952973,0.8019562359772636,85,-2.27024767901929,-2.0500015056507976,0.4401239524195624,10,0.6666666666666666,1.4347645123614825,-1.5281311398516007,0.4401239524195624,-0.8283925999999942,10,-2.0500015056507976,1.6819172851994382,1.4479694719560454,16,-1.7263578752185718,0.9184517417456703,-0.1355625463695831,14,-1.3539638570953527,2.432906406521111,2.1782856096951297,13,-1.461409112954484,1.2943370283243913,0.6605884296299491,15,-1.0640502799104867,1.7233133685616104,1.4888490509520347,17,4.876449200000055,85,0.4470588235294118,COMPLETE
414,0.44633653925553907,2026-04-28 13:54:58.374289,2026-04-28 13:55:06.142461,0 days 00:00:07.768172,2,33,10,5,33,0.8,8,80,14,3,2.8,1.498259381447915,1.3617208901974116,168,-2.460868068014103,-2.2340690826312186,1.043557222259425,21,1.0,1.3771144974199379,-1.7732796066000973,1.347615967794345,1.1018139999999566,27,-2.0914277680391136,1.4546467221114008,1.5437250215907028,32,-1.1883392417367986,2.491183596460959,3.495188917383918,30,-1.5126483014018226,1.6031761621734721,1.572151956919865,21,-2.2340690826312186,1.049376617887888,0.27713548313967884,29,-1.9409589720019973,1.043557222259425,0.180309962150349,29,8.415441999999906,168,0.4107142857142857,COMPLETE
415,-9999.0,2026-04-28 13:55:06.148291,2026-04-28 13:55:13.758275,0 days 00:00:07.609984,2,40,13,6,30,0.8,9,79,10,4,2.7800000000000002,1.6148531628814975,0.7803539716905487,116,-3.2583790133641197,-2.526389310269429,0.358242500371443,17,0.6666666666666666,1.3236580789393013,-2.526389310269429,0.358242500371443,-1.9005519999999332,21,-1.0483456310018477,2.273169396268698,2.687972923150417,20,-0.7345554967626465,2.0709205708195926,1.3267715222189391,18,-2.1579682293494775,1.1617780657744419,0.4940724918697015,21,-1.7284227416209028,0.8076602946329902,-0.6902499500726966,19,-0.9027704980666691,3.0173481494218195,2.7641088429768645,17,4.68492480000009,116,0.4051724137931034,COMPLETE
416,-9999.0,2026-04-28 13:55:13.763534,2026-04-28 13:55:21.464953,0 days 00:00:07.701419,2,31,10,5,31,0.8,8,81,15,3,2.7800000000000002,1.3052974659413563,1.069761248806265,167,-2.0931807696580584,-2.0931807696580584,0.9500296247463949,20,0.8333333333333334,1.2913849930821948,-1.783086148533077,1.3186204900853529,1.1340914000000035,28,-2.0931807696580584,1.5569421965318417,1.7529780269525563,30,-1.4656759854036832,1.2019696265014463,0.6329877634755787,28,-1.0916033294419898,1.3281598047216283,0.8775722127221108,20,-1.290806442634894,1.4760630530614738,2.2494379174975876,30,-1.9780068659349448,0.9500296247463949,-0.2284998278102468,31,6.572984000000015,167,0.38922155688622756,COMPLETE
417,-9999.0,2026-04-28 13:55:21.470488,2026-04-28 13:55:29.097386,0 days 00:00:07.626898,2,50,14,5,35,0.9,13,80,14,5,2.4800000000000004,1.910619415600556,0.8990973216726004,65,-2.0870743116710653,-2.048245367357796,0.2875680649227481,6,0.5,1.762777006387118,-2.048245367357796,5.0,5.144351600000019,14,-0.8892407232296288,0.951535483870966,-0.058584602085287596,12,-0.4117333632136612,0.8730404615558838,-0.0640797827896944,6,-0.5260020807581278,3.066980392156821,1.5458743636424632,9,-1.5838002893139473,0.2875680649227481,-1.4521773209221989,12,-0.5557955294438502,1.284592091096916,0.27919967219030006,12,5.383649599999996,65,0.4153846153846154,COMPLETE
418,-9999.0,2026-04-28 13:55:29.103429,2026-04-28 13:55:36.776112,0 days 00:00:07.672683,2,31,10,5,34,0.8,11,80,14,5,2.64,1.585747777281033,1.1135950684213913,112,-2.018139436098541,-2.018139436098541,0.4895271972728729,13,0.8333333333333334,1.515531559022851,-1.161655132528602,1.5162737899767276,1.0533276000000535,17,-2.018139436098541,2.6830565374294726,3.599840288683409,23,-1.1983495481894428,0.4895271972728729,-0.92115273309894,15,-0.7114410898734854,2.324883377024935,1.520170677100352,13,-1.0860950475151376,1.0867588902778533,0.23858798052007746,21,-1.8069219636303087,1.4139868717043382,1.1907965973233958,23,6.811728800000161,112,0.44642857142857145,COMPLETE
419,-9999.0,2026-04-28 13:55:36.781439,2026-04-28 13:55:44.417751,0 days 00:00:07.636312,3,56,14,7,36,0.8,14,78,10,4,2.56,1.1526639177477533,0.3670059891220619,97,-3.7386995219509362,-2.1280652403762024,0.9387687587917902,13,0.5,1.1608621827991956,-1.1569400464041089,1.2678891514266197,0.3922808000000666,16,-1.593498455865246,1.0964823604568714,0.160969746590367,15,-0.9109650730386186,0.9594525355325251,-0.05515371350860443,13,-1.81840886377875,1.6573654085499359,1.886746823652663,19,-1.8700970053792485,0.9387687587917902,-0.16919255963387947,14,-2.1280652403762024,0.9960252917287779,-0.01361516236824123,20,2.207412000000031,97,0.4329896907216495,COMPLETE
420,-9999.0,2026-04-28 13:55:44.423699,2026-04-28 13:55:52.107253,0 days 00:00:07.683554,2,35,10,6,31,0.8,8,80,14,3,2.7600000000000002,1.451995112085095,0.9243909632503803,175,-3.408139990099161,-3.0992450055013494,0.7224856787154172,24,0.6666666666666666,1.2404345394738232,-1.9835217441772146,1.06289679954546,0.21144079999997345,27,-2.414596607905246,1.5347069444636823,1.9297141968645404,35,-0.7993851068631072,2.69245153741553,3.143715899926769,29,-1.3464792335542553,1.871497026715468,2.5330776515815057,24,-3.0992450055013494,0.8279326856550118,-1.0475042115748678,30,-2.862988649351586,0.7224856787154172,-1.2240985572956387,30,5.585099599999954,175,0.3942857142857143,COMPLETE
421,0.44778217953989957,2026-04-28 13:55:52.112339,2026-04-28 13:55:59.699373,0 days 00:00:07.587034,2,31,10,7,35,0.8,12,81,15,5,2.3800000000000003,2.1463542340177146,1.5000220415293697,108,-1.4583877398514618,-1.4583877398514618,1.068893632309751,12,1.0,1.7725640865610712,-1.2524159494707356,1.563443867712796,0.8912048000000006,15,-1.0092049664728142,3.0523999733296305,3.966278138845225,23,-0.8889370512915862,1.068893632309751,0.09323344545151269,13,-0.6940194112518001,4.737453517198603,2.7569918532669657,12,-1.4427884677175051,1.1626895579321934,0.5155025477413089,23,-1.4583877398514618,1.2932448556233125,0.7769214638712052,22,9.283864000000008,108,0.49074074074074076,COMPLETE
422,-9999.0,2026-04-28 13:55:59.705663,2026-04-28 13:56:07.324194,0 days 00:00:07.618531,2,41,10,7,33,0.9,10,81,15,5,2.3200000000000003,2.436281654849352,1.3665323843990034,83,-1.4534911336007497,-1.126935745730152,1.0606586471245578,6,1.0,2.073964096281019,-1.109056980200011,2.3338715575684774,1.4225340000000308,12,-0.4355006608780702,2.874227795223213,2.5834389032323157,19,-0.5418998697038461,3.3494181285348947,1.6489529947251835,14,-0.5237909464737603,2.8833937857635035,0.9554420119163076,6,-1.126935745730152,1.0606586471245578,0.15807502053892808,15,-0.45505107543675694,2.1161200148814645,1.430751375981254,17,8.467583999999984,83,0.5662650602409639,COMPLETE
423,-9999.0,2026-04-28 13:56:07.329317,2026-04-28 13:56:14.933280,0 days 00:00:07.603963,2,34,11,7,33,0.8,10,81,15,5,2.4800000000000004,2.2564574713355614,1.8815546313594875,127,-3.165641378136598,-3.165641378136598,0.669335687645274,17,0.8333333333333334,1.8842912408599308,-0.9684330493021044,1.307030398909338,0.47742920000006794,17,-0.9006433580559976,3.035509638939178,4.374735734182167,27,-0.611542365579494,4.113372098705102,3.645273553364481,22,-0.8874677457666121,2.756152416461848,2.859952823564327,17,-3.165641378136598,0.669335687645274,-1.3131622635895512,22,-1.0446027774928903,1.6573445873526267,1.2450987406354308,22,11.710235600000063,127,0.5039370078740157,COMPLETE
424,-9999.0,2026-04-28 13:56:14.939760,2026-04-28 13:56:22.553623,0 days 00:00:07.613863,2,32,10,7,36,0.8,14,81,15,5,2.2800000000000002,3.0659717419070316,2.177235414458663,96,-1.0868564606575106,-1.0868564606575106,1.4761247357126634,11,1.0,2.658740568502279,-0.47954614589750966,4.637675041517206,2.0371344000000624,11,-1.0868564606575106,3.5023515663731146,4.155236644905158,21,-0.7492017273745784,1.750682672487006,0.69902751167501,12,-0.6765892260796011,5.0,3.384286075986087,13,-0.8868406858336857,1.4761247357126634,1.0868671381013773,19,-0.6691718627605292,2.028996435352203,1.7008607160842848,20,13.74663000000005,96,0.5729166666666666,COMPLETE
425,-9999.0,2026-04-28 13:56:22.558883,2026-04-28 13:56:30.148484,0 days 00:00:07.589601,2,32,11,7,36,0.8,14,81,15,4,2.54,2.7522012628434886,2.0599242324913947,94,-1.3103057124277169,-1.3103057124277169,1.1919979535597909,11,1.0,2.4684640558475652,-0.4430831430474763,1.1919979535597909,0.1651240000000609,11,-0.7214988481012562,4.96881638571688,4.590571464774484,18,-1.3103057124277169,1.8862033425429239,1.2491726633259148,14,-1.108754069230362,2.7875027192178394,2.757796199198359,16,-1.117162592374137,1.2958829889912136,0.7481362961275329,20,-0.5513218959475664,4.382804187032284,2.848744771522016,15,12.94092760000003,94,0.5425531914893617,COMPLETE
426,-9999.0,2026-04-28 13:56:30.153708,2026-04-28 13:56:37.870738,0 days 00:00:07.717030,2,30,10,5,33,0.8,9,80,13,3,2.68,1.3452855385585425,1.1646428925873031,138,-2.719626067432561,-2.255297466427374,0.7849572106291275,17,0.8333333333333334,1.3890208561313468,-2.255297466427374,0.7849572106291275,-0.5548276000000185,19,-1.9839185717719925,1.4324380909814964,1.2453604032366838,23,-1.5105063997052401,1.2043018875799416,0.5834021277056456,25,-0.9961652305696536,1.2502052243038468,0.5445139535958932,17,-1.1981760568623876,2.088840607097905,3.961073086904787,25,-1.446347155657698,1.310970210758938,1.2083353840808275,29,7.1348019999998735,138,0.4420289855072464,COMPLETE
427,-9999.0,2026-04-28 13:56:37.876488,2026-04-28 13:56:45.528842,0 days 00:00:07.652354,2,38,10,5,35,0.9,11,80,13,3,2.8,1.8265813902000543,0.5675180419973336,69,-2.7108208136476466,-2.4728101003757006,0.36279682963193616,4,0.8333333333333334,1.4015991736462867,-0.9214998686757008,2.2138572080291365,0.4257239999999829,4,-1.7669087951187084,1.7163687973087163,1.0856341946811066,14,-0.6345181521242614,1.691215431303836,0.7561115008690944,15,-1.005750787800751,1.7519895175558489,0.9931313102397255,10,-2.4728101003757006,0.36279682963193616,-1.9651331057566446,13,-0.9668691125887252,3.2232605573708515,2.1096403519507367,13,3.405813999999907,69,0.463768115942029,COMPLETE
428,0.4907253959553612,2026-04-28 13:56:45.534716,2026-04-28 13:56:53.166224,0 days 00:00:07.631508,2,31,10,7,36,0.8,14,81,15,4,2.6,2.2502968784148307,2.058707397410324,104,-1.5683398364231556,-1.5683398364231556,1.6072757323606421,12,1.0,2.138878618648799,-0.3871567717282459,2.0286194504038377,0.7527540000000332,12,-0.8641967798354111,3.8362097786565843,4.327895592809239,20,-1.5683398364231556,1.6072757323606421,1.013693538171978,15,-1.1387089939454713,2.448494958753419,2.2325200764740316,16,-1.4605224875265403,1.7052872029156496,2.2783637608216,23,-1.2346678332246517,1.8758941473988535,1.7470174161850593,18,12.961941999999894,104,0.5288461538461539,COMPLETE
429,0.4203219899619296,2026-04-28 13:56:53.174224,2026-04-28 13:57:00.851608,0 days 00:00:07.677384,3,32,10,5,30,0.8,8,82,13,3,2.7600000000000002,1.4919493067479503,1.1961773298313123,127,-2.4551076026956107,-2.4551076026956107,1.0528685685767691,16,1.0,1.4823726891411033,-1.6997735532385958,1.0528685685767691,0.12288400000002309,17,-2.4551076026956107,1.4366147112281733,1.1756249450425749,25,-1.2093431655589653,2.340923939355325,3.1169546359989253,28,-1.220013514738273,1.542891219520803,1.1774262807039415,16,-1.0944653479863564,1.3898366521012078,1.1319933312274433,20,-1.2444668645241586,1.1885607497054236,0.45218078601496625,21,7.367017599999914,127,0.4330708661417323,COMPLETE
430,-9999.0,2026-04-28 13:57:00.857444,2026-04-28 13:57:08.514122,0 days 00:00:07.656678,3,34,10,5,31,0.8,10,82,15,3,2.7,1.734118335697688,1.3181550497402865,107,-2.1402107253368143,-2.1402107253368143,0.23864147609501588,11,0.8333333333333334,1.6983881336383708,-1.4288081306009397,0.23864147609501588,-1.1203009999999902,11,-2.1402107253368143,1.8432892430146823,2.052948199205251,24,-0.3642687660304421,3.2134519182404366,2.398481263159291,19,-0.9824614421797094,1.9889128890563912,1.9805352266366372,17,-1.0907743030058985,1.7696223679465115,1.98471132534912,19,-1.1710003548117454,1.3507921198330892,0.6125552840914095,17,8.12615099999996,107,0.4672897196261682,COMPLETE
431,0.42859487066794844,2026-04-28 13:57:08.519452,2026-04-28 13:57:16.187906,0 days 00:00:07.668454,3,30,10,5,29,0.8,8,82,14,3,2.74,1.6664922843528143,1.3177006388253736,123,-2.0395836690778935,-2.0395836690778935,1.023428890773399,15,1.0,1.544612995962372,-1.7027856176866312,1.0880386183414912,0.19651100000006583,16,-2.0395836690778935,2.5141721474605037,2.741185269415225,21,-1.5573514814837832,1.1140586711606062,0.3550293903670454,27,-1.0855081906740072,2.502375016911451,2.4722855205150163,15,-1.0825944023035117,1.7568803614694342,2.07446245547096,20,-1.5950531260795395,1.023428890773399,0.06673019718392847,24,8.130832399999989,123,0.4634146341463415,COMPLETE
432,-9999.0,2026-04-28 13:57:16.194200,2026-04-28 13:57:23.885088,0 days 00:00:07.690888,3,30,11,5,31,0.95,10,82,13,3,2.7800000000000002,2.8348973679219314,0.36779011028723424,19,-1.954526393142145,-1.5749697456556064,0.2302981992017022,1,0.6666666666666666,2.120768435980572,0.0,5.0,0.6055555999999962,1,-1.5749697456556064,0.4510483532724585,-0.27320022076395833,2,-0.8990347788738072,1.3280376550574295,0.2000548167205629,5,-0.3474526281884712,5.0,1.0191019150994407,2,-0.24969033207144423,5.0,1.300042188573225,3,-0.9160046328723004,0.2302981992017022,-0.6448136379058611,6,2.2128452000000243,19,0.5789473684210527,COMPLETE
433,-9999.0,2026-04-28 13:57:23.890211,2026-04-28 13:57:31.481397,0 days 00:00:07.591186,2,30,11,6,35,0.8,14,82,15,5,2.3600000000000003,2.0540472656804063,1.4557561563104375,85,-1.7205280941695575,-1.7205280941695575,0.6243567382571368,9,0.8333333333333334,2.0567473698090875,-0.5579679005329233,1.2012809529637294,0.14801999999998205,9,-1.7205280941695575,2.6298897695709655,3.363319214898075,20,-0.9359319231780646,0.6243567382571368,-0.3965550644741911,10,-0.6989010105433697,5.0,3.8998675946691597,12,-0.8412766553544708,1.3030657787808022,0.4838870921356486,14,-1.4624518337699262,1.5656903545098044,1.2359981006339504,20,8.975673999999989,85,0.5176470588235295,COMPLETE
434,-9999.0,2026-04-28 13:57:31.486612,2026-04-28 13:57:39.191130,0 days 00:00:07.704518,3,34,10,5,28,0.8,8,82,13,3,2.8,1.4788380396333378,0.9998543568773334,124,-2.651630241303734,-2.651630241303734,0.6637466023878814,17,0.8333333333333334,1.4047021480330375,-2.3071370820136337,0.6637466023878814,-0.8634919999999657,18,-2.651630241303734,1.358101560044634,1.045889169305858,27,-0.5317001881199883,2.4905456680820253,2.635247377032357,24,-1.226394878269399,2.0326094249342286,2.2753463656051354,18,-1.1055201679359836,1.19183957890613,0.633586228798344,20,-1.193015949273737,1.1361854034451273,0.2725490005222708,17,6.10717799999998,124,0.4032258064516129,COMPLETE
435,-9999.0,2026-04-28 13:57:39.197112,2026-04-28 13:57:46.802008,0 days 00:00:07.604896,2,32,10,6,34,0.85,13,82,15,4,2.3400000000000003,2.3857624073454504,1.4448639994377916,78,-1.5942875672317287,-1.5942875672317287,1.1478002457206824,8,1.0,2.1647816395629604,-1.1118109087342742,1.1478002457206824,0.15999820000001108,12,-0.7215355012840531,4.4751159019754105,3.402151019607369,14,-0.5860401583705043,1.333156220171802,0.22242884498602233,8,-0.8328274828723274,2.2994525493390583,1.3524087017481534,11,-1.5942875672317287,1.3066172028232361,0.8143176018929665,17,-0.6539168139095186,3.7524323240425126,2.717879628392228,16,8.940945400000055,78,0.5512820512820513,COMPLETE
436,-9999.0,2026-04-28 13:57:46.807283,2026-04-28 13:57:54.497347,0 days 00:00:07.690064,2,43,10,5,29,0.8,9,82,13,3,2.7600000000000002,1.1052767133035803,0.05068029051094417,171,-4.262802023480733,-3.1281516061429695,0.45602987048489646,25,0.6666666666666666,1.0082600675011706,-2.5695751743125896,0.45602987048489646,-2.328088800000039,28,-2.350496202328141,1.1752459736199852,0.6129487921805676,32,-0.8250843610373186,1.4395017444548674,0.9575642112253036,26,-2.1258398400081395,1.0453102012332407,0.1596833531370967,25,-3.1281516061429695,0.709569891595167,-2.147721047417961,29,-1.8777930935043141,1.806002598433326,3.049695233940697,31,0.20122400000004426,171,0.3684210526315789,COMPLETE
437,-9999.0,2026-04-28 13:57:54.503045,2026-04-28 13:58:02.125554,0 days 00:00:07.622509,2,39,13,6,30,0.8,8,82,12,4,2.8,1.4817171831766698,0.7715678701949077,127,-4.01253789182944,-2.8825595384552747,0.6510121064199329,18,0.6666666666666666,1.281486704331821,-2.5681040537396385,0.6510121064199329,-1.1496079999999798,27,-1.0403826483547796,1.9882443403480476,2.1192733358103455,20,-1.1412829950880157,1.1002997883283625,0.20747869970212385,21,-2.1547760421278688,1.534529372496661,1.6464952280734524,22,-2.8825595384552747,0.7303257165204895,-1.126680785156553,19,-0.9032316433486237,2.885891774946525,2.932448742740057,18,4.642974000000066,127,0.3937007874015748,COMPLETE
438,-9999.0,2026-04-28 13:58:02.130775,2026-04-28 13:58:09.842971,0 days 00:00:07.712196,3,32,11,5,32,0.9,11,81,14,3,2.72,2.4547742828937924,0.7275540968050461,47,-1.808646136063578,-1.808646136063578,1.350585163824471,1,1.0,1.949803971895141,-0.05785699255980949,5.0,0.2574400000000088,1,-1.808646136063578,2.018727862386695,1.3190454493951176,9,-0.3670232655345154,2.866986303590185,1.1339225704863454,12,-1.2288900857741667,1.8552816348811365,0.7320765307085919,6,-0.8435048278693821,1.350585163824471,0.28548199758100523,8,-0.7227780532503458,1.6370647326802672,0.6373580326592077,11,4.440665999999993,47,0.5319148936170213,COMPLETE
439,-9999.0,2026-04-28 13:58:09.848234,2026-04-28 13:58:17.465593,0 days 00:00:07.617359,2,30,10,7,34,0.8,12,81,15,4,2.54,1.9582478519732058,1.4908721759697245,112,-2.350951724885398,-2.350951724885398,0.847591819186833,14,0.8333333333333334,1.6746269567356074,-1.4335371539675914,1.9209759285049735,1.39534300000006,16,-1.7326417402454442,2.1504079678387806,2.6303119266532615,20,-1.4843119943154977,1.5136723696406844,0.942581765551509,18,-0.7791982192986168,3.3812339869280654,2.6879868514628535,14,-2.350951724885398,0.847591819186833,-0.6441490273198736,25,-1.2761542902943603,1.9356050397398974,1.9331585394705364,19,9.243758799999968,112,0.5,COMPLETE
440,-9999.0,2026-04-28 13:58:17.470755,2026-04-28 13:58:25.114834,0 days 00:00:07.644079,3,31,10,5,33,0.8,8,82,13,5,2.52,1.3717942239880179,0.17331715871966025,94,-4.422366564777615,-3.9530553959227777,0.15893023420674193,11,0.6666666666666666,1.0712102934395176,-0.9714819948437237,1.1437885662828555,0.16446679999999603,11,-0.9686849066115168,2.470802068233388,2.5729371725662364,20,-1.0502988884927749,1.7668538259892403,1.195866887678787,14,-0.6096238715116553,1.72371987664093,1.0202076114652625,12,-3.9530553959227777,0.15893023420674193,-3.8407044953858382,20,-1.6324724305836498,0.9666707725749505,-0.07287102400648227,17,0.9234736000000021,94,0.40425531914893614,COMPLETE
441,-9999.0,2026-04-28 13:58:25.120584,2026-04-28 13:58:32.753493,0 days 00:00:07.632909,2,41,12,6,37,0.8,15,80,13,4,2.72,2.13699503311635,1.837476281781403,97,-2.0393735526763166,-2.0393735526763166,1.1204621182567474,15,1.0,1.9844878966797366,-2.0393735526763166,5.0,6.095054000000033,16,-1.397924720972259,1.7426909385581955,1.451275947321795,17,-0.9844561160736389,1.563368055555532,0.7717950960574926,15,-1.6019690071215742,1.1204621182567474,0.310312478512742,18,-1.531911117929849,1.4979177586985903,1.215298735810988,15,-0.6668976144064617,1.8975313276290358,1.1811214329853659,16,11.425060800000075,97,0.44329896907216493,COMPLETE
442,-9999.0,2026-04-28 13:58:32.758621,2026-04-28 13:58:40.409422,0 days 00:00:07.650801,2,30,10,7,36,0.8,14,81,15,4,2.54,2.1259661184733463,1.8143465190568902,97,-1.5803334688842157,-1.5803334688842157,1.436987777264457,11,1.0,2.004994807193849,-0.479523661738327,1.8546811330810251,0.6254642000000254,11,-1.378247351356966,2.7905289027848355,3.670811985183353,20,-1.5803334688842157,1.7170836323247616,1.1016236758129683,14,-0.7783127454412054,3.126203668564176,2.390426909997756,13,-1.4824064801920096,1.436987777264457,1.4189632905643679,21,-1.2522002022301337,1.8303115968208212,1.6787890527828697,18,11.360561799999957,97,0.5257731958762887,COMPLETE
443,-9999.0,2026-04-28 13:58:40.414661,2026-04-28 13:58:48.075938,0 days 00:00:07.661277,3,34,10,7,33,0.8,11,82,12,3,2.74,1.864913961739404,1.060682317400193,96,-2.4963298084591483,-2.298028298113323,0.3581184284453058,8,0.5,1.5426127324202412,-1.20648917032569,0.3581184284453058,-0.6397761999999974,8,-2.298028298113323,1.4801086788398123,1.187116287473633,21,-0.9986266640182383,4.997511083769985,3.7486999718395753,18,-1.622624885003145,2.7650933528635075,3.280939079981793,16,-1.9622704097665373,0.6866400310842149,-1.0330749530673144,19,-1.2845783623910974,0.9020121954335978,-0.17981028182653125,14,6.426330799999946,96,0.4583333333333333,COMPLETE
444,-9999.0,2026-04-28 13:58:48.081804,2026-04-28 13:58:55.747532,0 days 00:00:07.665728,3,33,10,5,35,0.85,12,80,13,3,2.66,1.7448167565243662,0.5544529166269518,67,-2.4738096203810347,-2.3650242175654848,0.4241065441907956,6,0.6666666666666666,1.4601618168797037,-1.2044434700009696,0.4241065441907956,-0.4689557999999816,6,-2.3650242175654848,1.2564559534655741,0.5147256357228125,15,-0.43661619919809197,5.0,2.4222296181268144,14,-1.235718616994575,1.3619965653061972,0.4134852254025434,8,-0.8005632806026671,0.9202618901129138,-0.13351848816587353,12,-0.6127226660931485,1.5060795860707172,0.5787513086753959,12,3.347626600000009,67,0.4626865671641791,COMPLETE
445,-9999.0,2026-04-28 13:58:55.752720,2026-04-28 13:59:03.479305,0 days 00:00:07.726585,3,34,10,5,30,0.8,9,82,13,3,2.58,1.9558143918968565,1.3709620363145305,112,-1.975292074156758,-1.975292074156758,0.21055046681807255,12,0.8333333333333334,1.7259759325263713,-1.4306783886069643,0.21055046681807255,-1.2514353999999894,12,-1.975292074156758,2.2143644592895977,2.76865594054414,26,-0.35893396598647326,4.927619708686324,3.568477924060831,21,-1.6411832202177128,1.406735349683067,0.8767042048858809,17,-1.0861237520075462,1.6877014565071518,1.7625975319767617,19,-1.1677092059695982,1.2879149103969256,0.5007720164195595,17,8.4345117999999,112,0.4732142857142857,COMPLETE
446,-9999.0,2026-04-28 13:59:03.485289,2026-04-28 13:59:11.130776,0 days 00:00:07.645487,2,34,10,7,29,0.8,9,81,15,3,2.2600000000000002,1.7419190655236243,1.0099442595619494,158,-3.365449732704331,-3.1171101789406506,0.530770381107902,18,0.6666666666666666,1.3082924494979953,-1.973589571780609,0.530770381107902,-1.02290180000002,18,-1.9369799879538154,1.622835647039571,2.036646695710087,33,-0.5844138705175875,4.613778937917141,3.8656908912578114,26,-1.8552244345678612,1.6634444669913366,1.8700943454563745,24,-3.1171101789406506,0.714739555290097,-1.7699904044463421,27,-1.1398687906351366,1.3059454047956993,1.0801258293937854,30,6.101048999999925,158,0.4620253164556962,COMPLETE
447,-9999.0,2026-04-28 13:59:11.135890,2026-04-28 13:59:18.801295,0 days 00:00:07.665405,3,40,10,5,29,0.9,9,79,12,3,2.72,1.783187987287821,0.641759912615338,69,-2.3922793464425354,-2.068725737891179,0.1926354935985237,7,0.6666666666666666,1.4549770906736232,-1.4250567681925503,0.1926354935985237,-1.0789699999999902,8,-2.068725737891179,1.6678977309725702,1.1405659645881583,16,-0.5572011392268865,2.910905393576255,1.4182437533269754,14,-0.6710016666583921,3.3844780068970475,1.6695396775237459,7,-1.5107279101539117,0.9975412857509826,-0.006491519660534184,12,-0.9955473190045839,1.5456700129315462,0.7076715999136729,12,3.885590799999994,69,0.43478260869565216,COMPLETE
448,-9999.0,2026-04-28 13:59:18.807335,2026-04-28 13:59:26.510318,0 days 00:00:07.702983,3,30,11,5,29,0.8,9,81,14,3,2.62,1.6076495763288081,1.2420763965473258,107,-2.045972156742787,-2.045972156742787,0.582262776324334,10,0.8333333333333334,1.6404448161207659,-1.4293103762919377,0.582262776324334,-0.5859975999999878,10,-2.045972156742787,2.058960379929677,2.0949123360111566,20,-1.6159850989877995,1.409262227071741,1.0642904187764923,25,-0.9962944448094502,2.036831649967103,1.5071413144946755,13,-1.0918062461293818,2.419366916119445,3.0911557251305233,19,-1.3317009953239913,1.139213508560548,0.2809561848710951,20,7.643017199999935,107,0.48598130841121495,COMPLETE
449,-9999.0,2026-04-28 13:59:26.515513,2026-04-28 13:59:34.141349,0 days 00:00:07.625836,2,49,11,7,32,0.95,10,83,11,5,2.4000000000000004,1.134442404199503,-0.1064917682213377,50,-2.3483341583373813,-1.6005566055484501,0.3405107545104994,6,0.5,0.8903842345521698,-1.080102025947753,0.3405107545104994,-0.6809820000000077,8,-0.8476794250426337,0.8017986217401917,-0.2724976600151141,13,-0.631115109153984,1.4066963948303564,0.27163494331299276,8,-0.958213424893152,1.6294177037611648,0.596308245040511,6,-1.6005566055484501,0.3647127326708456,-0.9937437083163525,8,-0.41220441826841436,2.2635182176839597,0.4403295706499444,7,-0.6476219999999699,50,0.36,COMPLETE
450,-9999.0,2026-04-28 13:59:34.147373,2026-04-28 13:59:41.777678,0 days 00:00:07.630305,2,30,11,7,44,0.8,12,80,13,5,2.3800000000000003,1.9397592504218126,1.1071481328915354,101,-1.61608165270467,-1.519267740299782,0.744045852871112,10,0.8333333333333334,1.5636851886111707,-1.2642255760711745,1.0924224913157876,0.17081340000000278,14,-1.3691970123861548,2.232264374033981,3.183662078559024,22,-0.9853106527149605,1.1207832824884332,0.15819982264384524,13,-0.525277587280551,5.0,2.841483743436468,10,-1.519267740299782,0.744045852871112,-0.7506030839410038,22,-1.492293553134979,1.4490395018215634,1.0393328366508747,20,6.76412080000004,101,0.44554455445544555,COMPLETE
451,-9999.0,2026-04-28 13:59:41.782889,2026-04-28 13:59:49.444357,0 days 00:00:07.661468,2,60,12,6,28,0.85,8,82,13,3,2.5,1.1912567428687806,0.18115762363309731,147,-4.368583551016175,-3.053095559498831,0.6203004358107883,16,0.3333333333333333,1.0447862618293773,-1.3158444211177758,1.403702348747747,1.2028149999999682,28,-1.5132731238750683,0.7791757716470867,-0.9585948770298836,30,-1.2885628357595644,0.7626910954484483,-0.3815970617969455,16,-1.1922268349533356,2.7267602628837904,4.133857311559885,25,-3.053095559498831,0.6203004358107883,-2.3889025616700033,26,-2.2196781582536866,0.8549105426748234,-0.5206320692644373,22,0.9655300000000144,147,0.3877551020408163,COMPLETE
452,-9999.0,2026-04-28 13:59:49.449953,2026-04-28 13:59:57.070126,0 days 00:00:07.620173,2,33,10,7,35,0.8,12,81,15,5,2.46,2.5391926140527015,1.9218190160373572,115,-3.2246516997732844,-3.2246516997732844,0.6921169745610275,14,0.8333333333333334,1.9769452565634928,-1.2483253193797084,1.802240613007446,1.2689120000000331,16,-0.996162745917506,3.350641986326306,4.525690174295538,24,-0.46745959112482444,2.2968574757145706,1.3986802248284302,16,-0.672480223418164,5.0,3.7525276369862803,14,-3.2246516997732844,0.6921169745610275,-1.3479778222397987,24,-0.6702765770683711,2.0932986347068563,1.93308188235366,21,11.982800200000042,115,0.5217391304347826,COMPLETE
453,-9999.0,2026-04-28 13:59:57.076161,2026-04-28 14:00:04.735242,0 days 00:00:07.659081,2,31,11,7,36,0.9,14,81,14,3,2.5,3.201121754936041,1.4470257966740692,47,-1.7779195364619846,-1.7779195364619846,1.7023028377982816,3,1.0,3.022271542055952,-1.034973172087066,2.113286341910862,0.461189999999978,3,-1.7779195364619846,4.107137947152807,2.2496946333205647,6,-0.23926840189226325,4.3122203268311905,1.3042674904883311,10,-0.6135419707936804,3.8894260807473935,1.866529849505616,7,-1.0841541393404281,1.7023028377982816,0.7926164597628071,9,-0.8112560745120462,3.0823569951757133,2.0078563469671185,12,8.988814999999928,47,0.6382978723404256,COMPLETE
454,-9999.0,2026-04-28 14:00:04.740481,2026-04-28 14:00:12.390165,0 days 00:00:07.649684,2,47,13,6,29,0.8,8,77,10,4,2.68,1.3481218166721824,0.8376357985450703,138,-2.830888879192619,-2.830888879192619,0.8764553130825766,18,0.5,1.2884141070560922,-2.087586713498742,0.9241439041043965,-0.2499647999999688,29,-1.3689847323185749,0.8764553130825766,-0.33882815111024867,23,-0.8507060901482523,0.9417108713842072,-0.10441108077295924,18,-1.5415736344235045,1.5302576304629756,1.288087860182796,22,-2.830888879192619,1.1637819952167021,0.8414756823742042,23,-1.6733123003646082,2.6523811857822364,3.5894552805965985,23,5.074776000000125,138,0.4057971014492754,COMPLETE
455,-9999.0,2026-04-28 14:00:12.395415,2026-04-28 14:00:20.054052,0 days 00:00:07.658637,2,31,11,5,32,0.85,10,80,14,3,2.72,1.2627200444050792,0.586454058954855,101,-2.227781915045778,-1.8635331386935259,0.5563734616678728,10,0.6666666666666666,1.2553787628971607,-1.6617191377456981,0.5563734616678728,-0.8701912000000145,10,-1.6991915008955143,1.7317767356518954,1.6575627653183433,20,-0.8941395647249042,1.9441951857630244,1.3751940704372245,18,-1.8635331386935259,0.6105362651788554,-0.696971578295591,10,-1.308063489466248,1.1856567041618138,0.7020317306634105,21,-1.1595559840307401,1.5477819140070128,1.3510985656057573,22,3.5392099999999704,101,0.40594059405940597,COMPLETE
456,-9999.0,2026-04-28 14:00:20.059943,2026-04-28 14:00:27.639309,0 days 00:00:07.579366,2,44,11,6,38,0.9,15,78,10,5,2.3000000000000003,1.3948155985614523,0.30973751217651113,56,-1.2770954685992753,-0.820035696380508,0.7891194189516432,6,0.6666666666666666,1.3379229806203328,-0.7076444393866325,0.7891194189516432,-0.14981800000000156,8,-0.7040574694454518,1.5191866989320435,0.6811394695304562,13,-0.820035696380508,1.3055485946178442,0.16252413289798984,6,-0.7408590491644383,2.343669194261103,0.9784446566148741,8,-0.7807183609653182,0.9308975987606528,-0.10967268446273604,12,-0.610099255502504,1.4804720858454274,0.2958074984784842,9,1.8678490000000103,56,0.4642857142857143,COMPLETE
457,-9999.0,2026-04-28 14:00:27.644505,2026-04-28 14:00:35.304439,0 days 00:00:07.659934,2,33,10,5,44,0.8,11,81,15,5,2.3400000000000003,2.0426969272113795,1.685516491181686,126,-2.7516198741456623,-2.7516198741456623,0.8119136346526447,15,0.8333333333333334,1.7751363899486792,-0.9749025904684812,1.6240448441169277,1.1533472000000433,18,-0.7170132218096955,2.9396615077816657,4.423202319893149,28,-1.0979314232213417,1.6668959752432293,1.064993599341224,17,-0.6853687131671605,3.2913468364233127,2.328190164053101,15,-2.7516198741456623,0.8119136346526447,-0.7501629549018007,25,-0.7342894161684713,1.9223187650504965,1.8935286187043987,23,10.471364000000104,126,0.5158730158730159,COMPLETE
458,-9999.0,2026-04-28 14:00:35.309665,2026-04-28 14:00:42.968522,0 days 00:00:07.658857,2,37,10,5,32,0.8,10,82,14,3,2.7800000000000002,1.172362598728166,0.16979947254022373,136,-3.7781474085741023,-3.1690512904418737,0.4162307299771195,20,0.6666666666666666,1.049785476932529,-2.417973571106251,0.4162307299771195,-1.853245600000042,20,-2.3737342788000175,1.529593058226861,1.4532643577667592,25,-0.7619983632700732,1.651404906237582,1.1547244781491495,23,-2.0999685646062263,1.175314386195048,0.49888326764595536,20,-3.1690512904418737,0.6105730211418112,-2.1499483648223294,21,-1.1037100649190565,1.6510594905905753,1.9151186965018496,27,0.9459847999998994,136,0.375,COMPLETE
459,-9999.0,2026-04-28 14:00:42.973710,2026-04-28 14:00:50.586239,0 days 00:00:07.612529,2,31,10,7,56,0.9,13,81,15,5,2.52,3.198165240142197,1.682642854538189,56,-0.9870172969251672,-0.9870172969251672,1.0173428325004201,5,1.0,2.913964911002184,-0.9830271561167152,3.3177360658877886,1.210090000000008,5,-0.7166127433672609,4.690151219650014,2.5798585891979364,8,-0.47312364588178263,1.0173428325004201,0.014138542645913965,9,-0.7064793735247442,5.0,2.0984418039989405,7,-0.9870172969251672,2.2128554587424527,1.737104567969805,13,-0.9724464369000047,2.9509058640725097,2.4562236234165313,14,10.505561999999946,56,0.6071428571428571,COMPLETE
460,-9999.0,2026-04-28 14:00:50.591509,2026-04-28 14:00:58.323815,0 days 00:00:07.732306,2,33,10,5,32,0.95,9,80,13,3,2.7600000000000002,3.268017582853744,1.112586445782963,41,-1.5818486438473809,-1.5818486438473809,1.2912391659032891,1,1.0,2.5303388997596383,-0.22811164531515554,5.0,0.3641091999999846,1,-1.5818486438473809,2.589979045799927,1.111371394506433,6,-0.41452303018350123,3.662561790176635,1.2452020962903543,9,-1.0450219036137363,3.717860026917898,1.1006545678074797,4,-0.6829504770203103,3.3464654683247113,2.348792199583283,8,-1.447654792525077,1.2912391659032891,0.5053892165102436,13,6.851082399999897,41,0.5365853658536586,COMPLETE
461,-9999.0,2026-04-28 14:00:58.329380,2026-04-28 14:01:05.905316,0 days 00:00:07.575936,2,31,12,7,39,0.8,17,81,15,4,2.7,2.1196837161578252,1.3991031080657208,78,-1.6333626567584119,-1.6333626567584119,1.2213402163874418,8,1.0,2.0272105243843495,-0.5070252425924773,1.2213402163874418,0.1342029999999994,8,-1.6333626567584119,1.4206861742908479,0.986363270899604,16,-1.0118188619388486,3.1752569211408948,1.6410492327625592,10,-1.174112060127226,2.956427081357837,2.509268461642078,13,-0.6161246731097288,1.9495674881671097,1.546159510958578,17,-1.2015475161819342,1.9948244156028194,1.5775751721315068,14,8.677289000000044,78,0.48717948717948717,COMPLETE
462,-9999.0,2026-04-28 14:01:05.911634,2026-04-28 14:01:13.546230,0 days 00:00:07.634596,2,50,12,6,32,0.9,10,80,13,5,2.4800000000000004,1.7488709795849136,0.7588240210268475,84,-2.5646329665958882,-2.0469703780286626,0.3206656757175895,10,0.6666666666666666,1.4838605786668373,-2.0469703780286626,3.5238272008763745,3.3177980000000717,16,-0.8440096827407431,0.7955764261578251,-0.318537179818712,14,-0.49899121292651827,1.9855254664072444,0.8360661543849401,10,-0.907329506899243,2.554541825439999,1.8973839377517399,12,-2.039843147058398,0.3206656757175895,-1.6973251179975057,14,-1.1928865396613035,1.3130892829104475,0.5175583318405508,18,4.562447200000075,84,0.42857142857142855,COMPLETE
463,-9999.0,2026-04-28 14:01:13.551345,2026-04-28 14:01:21.219341,0 days 00:00:07.667996,2,53,10,6,44,0.8,10,82,14,4,2.64,1.1908266910020244,0.45952125584399023,169,-6.024370331719138,-5.370220016227697,0.33773175041109305,24,0.5,1.1014985343242025,-2.0338027842105886,2.796585541519591,6.335928400000079,32,-1.12773285910226,0.842888994663942,-0.41284070831506536,26,-2.108386087177992,0.33773175041109305,-2.042328131543325,24,-1.9101175979688645,1.3265130434319758,1.1831742890468178,32,-5.370220016227697,0.49068698841575004,-3.6090436476856835,30,-1.9429648895878386,1.3505538275697946,1.3022373335611181,25,2.490934400000122,169,0.3609467455621302,COMPLETE
464,-9999.0,2026-04-28 14:01:21.224689,2026-04-28 14:01:28.895026,0 days 00:00:07.670337,3,31,10,5,33,0.8,11,83,12,3,2.74,1.1324593868564363,0.36800464349163176,89,-2.4456395074512676,-2.3367354133581033,0.39374302292232555,7,0.8333333333333334,1.1951253288993728,-1.2054083331382959,0.39374302292232555,-0.5495962000000021,7,-2.3367354133581033,1.5516420882514508,1.1532351364872184,18,-1.578899750816952,1.336064820576621,0.6442194719403105,19,-1.6991805130691813,1.1461704695494337,0.2799209534604774,12,-1.6869343010731699,1.0609609155613395,0.1699847158206813,19,-1.2802909618701146,1.306175004277448,0.510263783241105,14,2.220303799999912,89,0.43820224719101125,COMPLETE
465,-9999.0,2026-04-28 14:01:28.900336,2026-04-28 14:01:36.566816,0 days 00:00:07.666480,3,32,10,5,31,0.8,9,80,13,5,2.7800000000000002,1.5438660369655512,0.44057537411602016,97,-4.340049051518423,-3.840241773505778,0.1770487407713274,11,0.6666666666666666,1.1901709523716537,-1.420423441268681,0.8445406753438589,-0.20197119999999513,11,-2.1357828795547196,1.5439254120226706,1.2278949942546413,20,-0.9608605788626979,3.126777085633725,3.031469810178855,16,-0.5866221328726849,2.418663519008767,1.997628133037277,13,-3.840241773505778,0.1770487407713274,-3.7178199720437233,20,-1.463593968570107,1.1522407890129587,0.3062504792690657,17,2.531202000000077,97,0.4020618556701031,COMPLETE
466,-9999.0,2026-04-28 14:01:36.572078,2026-04-28 14:01:44.189117,0 days 00:00:07.617039,2,30,10,7,37,0.8,15,81,15,4,2.3200000000000003,2.0954607131289102,1.4779910213349308,94,-1.8100639462307417,-1.8100639462307417,1.1129093304587345,9,1.0,1.8458463393099047,-0.47978919302857453,1.899319171394683,0.5452752000000283,9,-1.3878308278243816,2.1649694204767016,2.8038441332944863,21,-0.9546717520741241,2.445966518031741,1.4305728912025417,13,-0.7828403101630539,3.286424260376915,2.355880488216555,13,-1.8100639462307417,1.1129093304587345,0.36894436780803286,20,-1.2769182956177612,1.663175578034687,1.3634290474879407,18,9.17755119999999,94,0.5319148936170213,COMPLETE
467,-9999.0,2026-04-28 14:01:44.194390,2026-04-28 14:01:51.840706,0 days 00:00:07.646316,2,31,11,6,36,0.8,14,82,14,4,2.72,1.726070021666225,1.2249082809133744,88,-1.6237943988588306,-1.6237943988588306,0.7405795053003478,10,0.8333333333333334,1.7207520604461375,-0.3153961885417821,1.5078667960263328,0.37166200000002814,10,-1.6237943988588306,2.1397443036775883,2.1573933885842056,17,-1.6071614822936433,0.7405795053003478,-0.44391670643503245,12,-1.1848247540882917,2.5781685304002355,2.5300008539026253,15,-1.3703536395278828,1.3637906085969718,0.8820268641974716,18,-1.2140609385564942,2.026270385995874,1.852283285230949,16,7.543520800000159,88,0.48863636363636365,COMPLETE
468,-9999.0,2026-04-28 14:01:51.845968,2026-04-28 14:01:59.562390,0 days 00:00:07.716422,3,41,11,7,30,0.8,8,80,14,3,2.8,1.4831502084136903,1.0677411825354348,167,-2.673326653749364,-2.4789597189332513,0.7680975736202025,24,0.6666666666666666,1.295341240339469,-1.9446247763237459,0.7680975736202025,-1.0198859999999699,31,-2.4789597189332513,1.0269489772223526,0.10318032165534952,31,-1.3885015146394388,0.9888013252293014,-0.027837480706149886,26,-1.1891382681944465,3.1549983413994767,5.11557962038327,24,-2.2440960700307864,1.0034041573170092,0.02100999328864539,31,-1.0798869727408604,1.9566508756937995,2.214400640591463,24,6.449916000000067,167,0.38922155688622756,COMPLETE
469,-9999.0,2026-04-28 14:01:59.567570,2026-04-28 14:02:07.275450,0 days 00:00:07.707880,3,31,10,5,43,0.95,11,81,15,3,2.4200000000000004,3.0779782062227845,0.5570911200305025,17,-0.8548655853260703,-0.8548655853260703,0.0,0,0.8333333333333334,3.932553217306817,0.0,0.0,0.0,0,-0.7226814796417425,5.0,1.1432697999999686,1,-0.19903289981993197,2.7218207991284107,0.43755714134525725,5,-0.3439630025092605,5.0,0.8728248863418608,2,-0.4059803280142914,4.729574080212055,0.8784503519431164,4,-0.8548655853260703,1.016474357996241,0.010444540552811965,5,3.3834625999999313,17,0.5882352941176471,COMPLETE
470,-9999.0,2026-04-28 14:02:07.281436,2026-04-28 14:02:14.869824,0 days 00:00:07.588388,2,31,10,7,39,0.8,17,82,15,4,2.64,2.1057102396443743,1.6039339904397245,88,-1.622497319720009,-1.622497319720009,1.5561801360672565,10,1.0,1.9911245234566404,-0.3853922831978803,2.3355205172187143,0.8097528000000409,10,-1.622497319720009,1.6956536915105602,1.6527698498632004,18,-1.001696089742718,1.998976135163669,1.1539668651478152,12,-1.1625462936813953,3.049370604968706,2.6062351466514366,14,-1.182415404270131,1.9985603529373395,2.3153525568686106,19,-1.1872289040600754,1.5561801360672565,1.0855267241072442,15,10.003935200000068,88,0.48863636363636365,COMPLETE
471,-9999.0,2026-04-28 14:02:14.875005,2026-04-28 14:02:22.439698,0 days 00:00:07.564693,3,37,10,7,37,0.8,15,80,14,5,2.52,2.154689494727173,0.9301194680974678,85,-3.1572258883230733,-2.7415951355778563,0.2732410542537996,11,0.8333333333333334,1.5646517942187874,-0.3577121541251078,4.244853080568776,1.369328000000003,11,-0.7961929430298414,2.2528185499752142,2.447541923134744,20,-0.8892671675085166,2.45402388875263,1.9985928834035382,17,-0.6092558776033349,2.1792284000421085,1.5867816133015245,13,-2.7415951355778563,0.2732410542537996,-2.401585155660557,13,-0.5813228777846249,1.523971994770507,0.5800575444055545,11,5.631667599999979,85,0.4588235294117647,COMPLETE
472,-9999.0,2026-04-28 14:02:22.444886,2026-04-28 14:02:30.048330,0 days 00:00:07.603444,2,40,10,7,57,0.8,11,81,15,5,2.2800000000000002,1.8041069262666964,1.5269945882523153,154,-4.143446235630443,-3.7028043656165903,0.42669810727535823,20,0.8333333333333334,1.5437370049986803,-1.2754921979965095,2.246791668758631,3.2283052000000367,25,-0.6023013183571777,2.9347930571845415,4.442468750324857,32,-0.7412424220170281,2.105423746970392,1.5313742967178356,20,-1.2279800095703908,1.586511033959855,1.6111833984996604,27,-3.7028043656165903,0.42669810727535823,-2.786914540678398,25,-0.8064174255076448,1.5244239434514018,1.1355504246499004,25,9.356919999999992,154,0.512987012987013,COMPLETE
473,-9999.0,2026-04-28 14:02:30.054246,2026-04-28 14:02:37.684552,0 days 00:00:07.630306,3,35,10,5,42,0.8,12,82,15,4,2.5,2.3058210577936404,1.3808121740874775,99,-2.2276760644723557,-2.2243615635581167,0.6663113006396623,9,0.6666666666666666,1.8661637602928753,-1.450933960006138,0.8775475210660378,-0.1749649999999936,14,-0.9941548377181786,3.3457658790873435,3.8857336739225756,22,-0.40258646901242195,5.0,3.2365443675878236,19,-1.4770546015683945,2.073943158672131,1.6842969802231877,15,-2.2243615635581167,0.6663113006396623,-1.0939973421788762,20,-0.7433730928092225,1.8713584872966678,0.7472603649701481,9,8.477240000000009,99,0.5252525252525253,COMPLETE
474,-9999.0,2026-04-28 14:02:37.690514,2026-04-28 14:02:45.333590,0 days 00:00:07.643076,2,58,13,6,45,0.8,11,79,12,3,2.6,1.1463184536364388,0.1979953837052332,142,-4.626615895289012,-3.2192929456847272,0.7378507504576598,15,0.3333333333333333,1.0520270342145759,-2.3315880283472126,1.5677544730759303,1.989582000000012,27,-2.0886204978600307,0.7975879364433023,-0.8578464416100884,27,-1.0928340200042155,0.7378507504576598,-0.4064435043192649,15,-1.1818624709045353,2.1622481257999766,2.5247673635487855,23,-3.2192929456847272,0.7490851106968178,-1.5942025504310897,31,-2.338757831403503,0.8633843253449444,-0.4678845649569552,19,1.124902000000172,142,0.3591549295774648,COMPLETE
475,-9999.0,2026-04-28 14:02:45.338778,2026-04-28 14:02:52.996331,0 days 00:00:07.657553,2,52,14,5,32,0.85,9,83,10,4,2.7800000000000002,1.4506796137386697,1.015108742913845,103,-2.6503627052362098,-2.073351675799722,0.8341609014141922,12,0.6666666666666666,1.465847392160669,-2.063008351658858,1.8377492895434997,2.1284026000000233,20,-1.7328544819300895,0.8341609014141922,-0.3830548506003728,19,-0.6426956147075085,0.9406118860225748,-0.06838285657152499,12,-1.3099511084975444,1.6792018530183366,1.3469247594494416,18,-2.073351675799722,1.1825620148970217,0.554486196544457,16,-1.6582898076775907,2.2297917375363934,2.512276608661046,18,6.211264400000149,103,0.3786407766990291,COMPLETE
476,-9999.0,2026-04-28 14:02:53.001704,2026-04-28 14:03:00.716962,0 days 00:00:07.715258,3,35,12,5,29,0.8,8,81,15,3,2.7600000000000002,1.4799747379007648,0.8265809747765401,127,-2.9540138795099193,-2.667769332127543,0.5541989169875678,18,0.6666666666666666,1.300485524715844,-1.9210310008747524,0.5541989169875678,-1.0430720000000115,19,-2.433914068241882,1.2475203668651982,0.8127079288476668,27,-0.6194540276929343,2.665831001941356,2.8470250688386933,23,-1.0825764884314908,2.384961173783635,2.9255897756700566,18,-2.667769332127543,0.7340028696773973,-1.2200625255251674,22,-1.337930449692696,1.2933340981494346,0.6372976008280018,18,4.979450799999907,127,0.3937007874015748,COMPLETE
477,-9999.0,2026-04-28 14:03:00.722847,2026-04-28 14:03:08.369990,0 days 00:00:07.647143,2,57,12,6,42,0.95,11,79,12,4,2.7,1.2971180191011131,0.5789202035540916,60,-2.4615820480935167,-2.0594234228355766,0.49940433149104596,7,0.5,1.3869631148005241,-2.0594234228355766,3.382091745722875,4.700534000000034,17,-1.2221090438226774,0.8595010938061326,-0.20549369881911472,11,-0.4216326066034954,1.3002911578985425,0.15793501293734913,7,-1.0737433688063285,1.1851181251181377,0.28078057991181016,9,-1.5864150695467718,0.49940433149104596,-0.9433419298351398,8,-0.9666740010711609,0.5563016605699439,-0.5168927428703896,8,3.416923000000116,60,0.35,COMPLETE
478,-9999.0,2026-04-28 14:03:08.375229,2026-04-28 14:03:15.977037,0 days 00:00:07.601808,2,57,14,6,36,0.95,13,80,14,5,2.62,2.3344202571653354,1.2154546679869056,48,-2.0488741802611656,-2.0488741802611656,0.4618917274417495,3,0.6666666666666666,2.385183481164423,-2.0488741802611656,5.0,5.424846200000011,12,-0.6125147308766714,1.447866722859897,0.5140799531941909,12,-0.3243559214973786,1.2093241849410228,0.044048884881919825,3,-0.5224178234070468,5.0,1.9901078364069624,7,-0.7642977279671921,0.4618917274417495,-0.5807282517532486,6,-0.817472085973211,0.8874389077493439,-0.09962661480840129,8,7.388277799999976,48,0.4583333333333333,COMPLETE
479,-9999.0,2026-04-28 14:03:15.982049,2026-04-28 14:03:23.617152,0 days 00:00:07.635103,3,36,12,6,55,0.95,14,84,10,4,2.2,3.6766893452605807,0.6976531267503047,12,-0.5158456400290159,-0.5158456400290159,0.0,0,0.8333333333333334,5.0,0.0,0.0,0.0,0,-0.48063276572532015,5.0,1.5601919999999492,4,0.0,5.0,0.4070059261014336,1,-0.5158456400290159,5.0,1.6858038517989282,3,0.0,5.0,0.3712240973133163,1,-0.21164590443637563,2.0601360715634827,0.16169288528820047,3,4.245839999999967,12,0.8333333333333334,COMPLETE
480,-9999.0,2026-04-28 14:03:23.623102,2026-04-28 14:03:31.268024,0 days 00:00:07.644922,2,48,14,6,28,0.85,8,77,10,4,2.54,1.4034972028439647,0.584034655084679,107,-3.0280859889760094,-2.675904531512351,0.7068710282731818,12,0.6666666666666666,1.264950629781207,-2.675904531512351,0.7068710282731818,-0.9294679999999667,26,-1.6079853327701947,0.7524286303595654,-0.5936633104988265,19,-0.44508570697540845,1.150461188297224,0.16109865477202945,12,-0.9418677302974706,2.306087939548995,2.002845663416175,18,-1.7285998095781567,1.0816577755779477,0.26562298750425484,15,-1.6973317682763938,2.423476655006875,2.597771935314408,17,3.5046636000001907,107,0.4205607476635514,COMPLETE
481,-9999.0,2026-04-28 14:03:31.273094,2026-04-28 14:03:38.879734,0 days 00:00:07.606640,2,41,10,6,35,0.8,13,81,15,5,2.8,2.2302494491693134,2.2719102107561047,111,-2.8161459727722864,-2.50113210027517,0.5986804134885064,15,0.8333333333333334,2.170877892864872,-2.0289510219402405,5.0,8.469912000000024,16,-0.8145325517138468,2.4998236281532815,2.9242228941791515,24,-0.6794893964969532,1.679611940036665,0.6939854990174465,15,-1.1731578059532737,2.1455476716804163,1.9775817434494414,18,-2.50113210027517,0.5986804134885064,-1.2919518419627574,18,-0.8174944383368539,1.4578330416570136,0.8577109698533203,20,14.12920600000005,111,0.4864864864864865,COMPLETE
482,-9999.0,2026-04-28 14:03:38.885422,2026-04-28 14:03:46.491498,0 days 00:00:07.606076,2,32,11,7,39,0.85,16,82,15,4,2.3800000000000003,2.796029748946845,1.6441439827471591,70,-1.3629721164387147,-1.3629721164387147,1.2380427049444096,7,1.0,2.602673442069996,-0.41309218258950486,1.438550930201927,0.2659022000000455,8,-0.7233353748648508,3.878349357776211,3.8396975597153604,16,-0.581793986092501,2.199350111764216,0.5565706132683257,7,-0.8282198274504229,3.0218853889943045,2.289931719906746,12,-1.3629721164387147,1.2380427049444096,0.49738517191075804,15,-0.6020158624324609,5.0,2.4153766316817205,12,10.22496040000005,70,0.5571428571428572,COMPLETE
483,-9999.0,2026-04-28 14:03:46.496718,2026-04-28 14:03:54.152104,0 days 00:00:07.655386,2,33,10,6,38,0.8,15,81,15,4,2.54,2.4104580319123405,2.068107043759522,98,-1.1238242551201654,-1.1238242551201654,1.7123485077637048,11,1.0,2.4106619103553815,-0.7212441486144894,1.7123485077637048,0.565205800000057,11,-0.721190714816063,3.772534268448464,4.489199782455944,21,-0.43434486461036215,2.065028692638364,1.0703216288079354,14,-1.1003920965681546,2.3676305530094655,2.1073758868816794,16,-1.1238242551201654,1.7355495916335433,1.812119074853058,19,-0.6300359551936744,2.8096565779805016,2.364420089558461,17,13.018208799999954,98,0.5510204081632653,COMPLETE
484,-9999.0,2026-04-28 14:03:54.158059,2026-04-28 14:04:01.827462,0 days 00:00:07.669403,2,36,12,5,45,0.8,10,81,15,4,2.7800000000000002,1.7294622515973048,1.0815549407734493,130,-3.251262373413962,-3.251262373413962,0.8722729099576263,16,0.5,1.4337438271483263,-1.6030732003273305,0.8722729099576263,-0.2510641999999619,20,-0.8933521379129872,2.735137423158489,3.316400494370053,23,-0.4653249862234102,3.099497686330355,2.8000362129659173,23,-2.302213951346752,0.9606412515862731,-0.13554504127930578,24,-3.251262373413962,0.9437433729716981,-0.26127079281083043,24,-1.1215768697746338,1.7654808655793872,1.0207729713948233,16,6.599768000000039,130,0.4461538461538462,COMPLETE
485,-9999.0,2026-04-28 14:04:01.832597,2026-04-28 14:04:09.532803,0 days 00:00:07.700206,2,50,14,6,60,0.85,8,84,10,4,2.7600000000000002,1.406603895016179,0.9089412032550129,118,-2.881484162389431,-2.5925376472726245,0.533901118688133,13,0.6666666666666666,1.3638689752856081,-2.0621283286013297,1.7860070326402004,2.769550800000009,29,-1.558025262634555,0.7842582262009404,-0.5227011267621706,21,-0.428518012489382,1.1854332001362942,0.2342248277182879,13,-1.1764414908835539,2.1078790675732386,2.108446455450519,21,-2.5925376472726245,0.533901118688133,-1.5462164190410355,15,-1.6673365579627502,2.042144724858267,2.410342682164468,19,5.497550800000117,118,0.3898305084745763,COMPLETE
486,-9999.0,2026-04-28 14:04:09.538833,2026-04-28 14:04:17.149938,0 days 00:00:07.611105,2,35,10,6,37,0.8,15,82,15,3,2.3200000000000003,1.9193260800676037,1.186511174107363,88,-1.927267923283159,-1.927267923283159,0.8964638899064681,9,0.8333333333333334,1.7587630576360282,-0.4527516449622352,2.3252953467445185,0.8689563999999761,9,-1.927267923283159,2.981441455034335,2.8642703395710623,17,-0.4375004538010368,1.5426055085237942,0.5849901900685905,14,-1.3023038294664948,2.4448093295603432,2.260221671746976,17,-1.0862133242981167,1.3253409506361635,0.7587764732881475,14,-1.1057183385382823,0.8964638899064681,-0.21814803003057381,17,7.299186799999968,88,0.5227272727272727,COMPLETE
487,0.4929475693956498,2026-04-28 14:04:17.155075,2026-04-28 14:04:24.763994,0 days 00:00:07.608919,2,33,10,7,37,0.8,15,81,15,4,2.54,2.492020650235394,2.1665785152295003,105,-1.5192093559308268,-1.5192093559308268,1.27363070516623,12,1.0,2.2910502016677206,-0.8478239330836896,1.474129071458053,0.43698580000004483,12,-0.7221079161863436,3.2426588893581045,4.230008463674895,22,-0.9686195969078042,3.4334806158973947,2.4547857348099944,16,-1.0898142615718573,2.7185680415520803,2.62218934241214,17,-1.5192093559308268,1.27363070516623,0.9050510028009828,21,-0.6264218748067695,2.8096565779805016,2.350450747678945,17,13.674390599999908,105,0.5428571428571428,COMPLETE
488,-9999.0,2026-04-28 14:04:24.772540,2026-04-28 14:04:32.438496,0 days 00:00:07.665956,3,46,14,6,32,0.85,8,79,10,4,2.74,1.9172273039380272,0.8468130797701275,102,-3.3863481264161144,-2.872521222201184,0.49675612918695716,14,0.6666666666666666,1.406488091295167,-2.872521222201184,0.49675612918695716,-1.5951169999999348,23,-1.037716904000373,1.8502502746001714,1.6125872534191732,20,-0.616325813375549,3.1201769576173097,2.2382859123066368,16,-0.8037826927377943,3.464263587136347,2.5507323258410874,14,-2.7674978882076977,0.5212085539068635,-1.6115440249711677,15,-1.5307448680951372,2.050708321180516,1.8859340120249701,14,5.0932592000003,102,0.45098039215686275,COMPLETE
489,0.41004646250402843,2026-04-28 14:04:32.443746,2026-04-28 14:04:40.051968,0 days 00:00:07.608222,2,43,14,6,34,0.8,11,78,10,4,2.8,1.5967135644120098,1.2891932488966622,104,-2.33674741067651,-2.0584035638072926,1.295675115889112,10,1.0,1.6067698969953819,-2.0584035638072926,1.7167071764512196,2.131910000000037,22,-1.070049050200513,1.4685747096850923,0.9268640917417414,18,-0.4250218886272642,1.295675115889112,0.23266531904693188,10,-1.9991128013368498,1.489050416744401,1.243145918244415,21,-1.7324013807488758,1.4189350458639935,1.1618412363116004,18,-1.6313948768538453,2.1913389218382395,2.0387329280352473,15,7.975426000000074,104,0.41346153846153844,COMPLETE
490,-9999.0,2026-04-28 14:04:40.057938,2026-04-28 14:04:47.775630,0 days 00:00:07.717692,3,31,11,5,32,0.85,8,80,14,3,2.7800000000000002,1.9533126885825434,1.5349840691805987,98,-1.8705824609627097,-1.8705824609627097,0.9504393928925153,11,0.8333333333333334,1.86236347310474,-1.421714460910803,1.8912228100177704,1.1152584000000187,11,-1.8705824609627097,1.8012282873117171,1.4853212302131213,16,-0.8737063970537076,2.0547580496601445,2.12028506955686,24,-1.065485043287378,3.154133301968159,2.6215188764926456,12,-1.141983950664313,1.8680942896449526,1.965641891288361,17,-1.0966673382145358,0.9504393928925153,-0.09812105246741476,18,9.546346399999962,98,0.46938775510204084,COMPLETE
491,-9999.0,2026-04-28 14:04:47.780660,2026-04-28 14:04:55.366058,0 days 00:00:07.585398,2,43,14,6,35,0.8,13,77,10,4,2.7600000000000002,1.5210346589467882,0.9513329387740818,87,-2.047426872018111,-2.047426872018111,1.061792995885346,11,1.0,1.5350894242502944,-2.047426872018111,2.5381324805564014,2.9724564000000564,17,-1.0692753517209936,1.2231928748934409,0.35847644399789047,14,-0.43531257125190065,1.061792995885346,0.05827431233871305,11,-1.7002537829630218,1.722266238164842,1.3714645807457515,16,-1.7475136940573972,1.0689590697271827,0.18239890205917764,16,-1.547412277870488,1.511864294453516,0.7649269935029013,13,5.814378000000109,87,0.41379310344827586,COMPLETE
492,-9999.0,2026-04-28 14:04:55.371083,2026-04-28 14:05:03.053589,0 days 00:00:07.682506,2,42,14,6,33,0.8,9,78,11,4,2.8,1.612937726824364,1.5870027309251002,119,-2.2707998419497897,-2.1505164211486205,0.6854011882884795,16,0.8333333333333334,1.6559812544716197,-2.0548737292821126,1.8238086224200234,2.306590000000064,22,-1.0054002454763233,1.7709172760177618,1.750849089975559,21,-1.1134374223326533,0.6854011882884795,-0.5361226378757133,16,-2.1505164211486205,1.2864376447706893,0.8193067372436191,21,-1.0196843181217228,2.072361396017871,2.949650170651763,19,-1.6015274677220366,2.0387002334313604,2.2317430255553106,20,9.86551200000012,119,0.40336134453781514,COMPLETE
493,-9999.0,2026-04-28 14:05:03.058768,2026-04-28 14:05:10.685009,0 days 00:00:07.626241,3,30,11,7,35,0.8,12,82,15,5,2.4200000000000004,2.0147681091963787,0.8781208841925384,86,-3.8846738409312174,-3.3273331062562104,0.2353825833892998,9,0.5,1.4800951755704341,-1.2793002216217775,0.2353825833892998,-1.0246638000000141,9,-0.8302505667290208,3.80599145754014,4.155092933142268,19,-0.8105118726263558,2.042986882318137,1.6088981827610427,16,-0.5158677805781928,5.0,3.5045138339414583,11,-3.3273331062562104,0.41043368058311036,-2.3985922495686873,19,-1.0555344062242926,0.5938140513475854,-0.576523595120837,12,5.2067378000000275,86,0.4418604651162791,COMPLETE
494,-9999.0,2026-04-28 14:05:10.691103,2026-04-28 14:05:18.358165,0 days 00:00:07.667062,2,44,12,6,32,0.85,9,79,11,4,2.8,1.7971251512416477,1.4083460632481966,105,-2.1402660639849724,-2.053722508795554,0.9419026984191959,15,0.8333333333333334,1.6866203361582488,-2.053722508795554,1.9188620787510677,2.3636900000000516,20,-1.002243684394544,1.9005483175797744,1.7023321453144558,19,-1.2049491699299044,2.261317679637693,1.6800565114912347,18,-1.0664172900048947,1.6353178683622154,1.2724086078861108,17,-1.4853656176516767,0.9419026984191959,-0.17233785540400337,16,-1.0302808930735705,2.1248022646999396,1.6039269702013303,15,8.73394800000018,105,0.44761904761904764,COMPLETE
495,-9999.0,2026-04-28 14:05:18.363306,2026-04-28 14:05:25.985876,0 days 00:00:07.622570,2,37,10,7,38,0.8,16,80,14,4,2.5,1.913998708621343,1.2757445507559195,95,-1.3583937482127078,-1.355750931662612,0.9783594635017484,14,0.8333333333333334,1.8107057447067159,-0.8443031827145812,1.9324371243192053,0.8593900000000154,14,-0.5668644081058194,2.866033856445809,3.0864305247136903,19,-0.9840461459423263,2.1374664622460573,1.42713430191459,15,-1.1312481862220474,1.3288671119224338,0.5705830204150164,15,-1.355750931662612,0.9783594635017484,-0.050613869963567204,16,-0.651057276956156,2.240828233292805,1.7615433274557724,16,7.871515000000051,95,0.4842105263157895,COMPLETE
496,-9999.0,2026-04-28 14:05:25.991555,2026-04-28 14:05:33.634879,0 days 00:00:07.643324,2,47,12,6,33,0.95,10,79,12,5,2.52,1.5520630440992143,0.15713855755050132,44,-1.7701182389319878,-1.167040212595847,0.5278933318186774,4,0.5,1.1897313052855307,-1.0763050946113584,0.6296057851427216,-0.3267839999999689,7,-0.8460740507042872,0.8067498055622774,-0.21688033021828312,9,-0.7734267913985653,2.085926928281476,0.7584681452689646,9,-0.4762797092326238,3.029540718874806,0.9330775263616253,4,-1.167040212595847,0.5278933318186774,-0.6574158923178253,8,-0.5628262630876862,2.2326616949153273,0.4523658962084953,7,0.9360356000000625,44,0.4090909090909091,COMPLETE
497,-9999.0,2026-04-28 14:05:33.640763,2026-04-28 14:05:41.263555,0 days 00:00:07.622792,2,37,14,5,36,0.9,14,76,10,4,2.72,1.8469256245528058,0.6227125217585042,37,-1.6221687938528364,-1.193155666208576,0.1508107578183392,4,0.5,1.9020805693471043,-0.41808821942425956,0.8039723931170264,-0.06276999999998978,4,-0.8958001924442546,2.6889685617005212,1.5734680659049927,9,-0.3971823611122356,0.5447728275253582,-0.16266424103598132,4,-1.193155666208576,3.913476209731766,2.5593962043384932,8,-1.1901963934345103,0.1508107578183392,-1.0000554174395937,5,-0.3815871139972656,2.9795529974238226,0.8289005187831044,7,3.751888400000025,37,0.4594594594594595,COMPLETE
498,-9999.0,2026-04-28 14:05:41.268920,2026-04-28 14:05:48.882434,0 days 00:00:07.613514,2,32,10,5,39,0.8,17,81,15,4,2.72,2.197397161321126,1.315184451889954,77,-1.6187034111309395,-1.6187034111309395,1.013855434686653,9,1.0,2.062192889569218,-0.3818643709567499,3.5293897257628952,1.0477744000000344,9,-1.6187034111309395,1.617873278555202,1.2703032873528253,16,-0.45886010789521914,1.013855434686653,0.013803389489108753,10,-0.8453609449265953,1.139594462355402,0.1798030953830132,11,-0.5670039649410397,3.646790718798831,3.86506002350544,18,-0.7159381859261132,2.2368793477677715,1.5143625156093021,13,8.10504160000014,77,0.4935064935064935,COMPLETE
499,-9999.0,2026-04-28 14:05:48.888278,2026-04-28 14:05:56.553568,0 days 00:00:07.665290,2,34,11,5,28,0.8,8,82,14,4,2.56,2.0569285365337713,1.770159876748667,139,-2.836267671221517,-2.704310527276868,0.9007552704217142,19,0.8333333333333334,1.7130342973148787,-1.9819642563376143,1.438944503215227,1.1078652000000355,25,-0.7148203055138214,3.2730787880129992,4.0615926287008275,26,-0.6313012866868712,2.8764579116481888,2.669786395167484,22,-1.5413400860844315,1.52996306358778,1.3561213964492946,20,-2.704310527276868,0.9007552704217142,-0.48207780125335553,27,-1.0772186451911971,2.322371682316719,1.9076714414277163,19,11.039175600000073,139,0.48201438848920863,COMPLETE
