number,value,datetime_start,datetime_complete,duration,params_d_period,params_ema_period,params_k_period,params_left_bars,params_max_separation,params_min_close_ratio,params_min_separation,params_overbought,params_oversold,params_right_bars,params_rr_target,user_attrs_avg_profit_factor,user_attrs_avg_quarter_return,user_attrs_full_total_trades,user_attrs_max_drawdown_pct,user_attrs_max_quarter_drawdown_worst,user_attrs_min_profit_factor,user_attrs_min_trades_per_period,user_attrs_positive_ratio,user_attrs_profit_factor,user_attrs_q_2024-Q1_drawdown,user_attrs_q_2024-Q1_pf,user_attrs_q_2024-Q1_return,user_attrs_q_2024-Q1_trades,user_attrs_q_2024-Q2_drawdown,user_attrs_q_2024-Q2_pf,user_attrs_q_2024-Q2_return,user_attrs_q_2024-Q2_trades,user_attrs_q_2024-Q3_drawdown,user_attrs_q_2024-Q3_pf,user_attrs_q_2024-Q3_return,user_attrs_q_2024-Q3_trades,user_attrs_q_2024-Q4_drawdown,user_attrs_q_2024-Q4_pf,user_attrs_q_2024-Q4_return,user_attrs_q_2024-Q4_trades,user_attrs_q_2025-Q1_drawdown,user_attrs_q_2025-Q1_pf,user_attrs_q_2025-Q1_return,user_attrs_q_2025-Q1_trades,user_attrs_q_2025-Q2_drawdown,user_attrs_q_2025-Q2_pf,user_attrs_q_2025-Q2_return,user_attrs_q_2025-Q2_trades,user_attrs_total_return_pct,user_attrs_total_trades,user_attrs_win_rate,state
0,-9999.0,2026-04-28 11:59:56.474575,2026-04-28 12:00:03.809101,0 days 00:00:07.334526,3,41,10,6,46,0.8,11,87,13,3,2.46,1.6102227038071628,0.8774472801398036,103,-3.4134606165395347,-2.882817006853813,0.045057774180939036,14,0.8333333333333334,1.3976754331673784,-2.882817006853813,0.045057774180939036,-2.7611485999999963,14,-2.285709597410809,1.6244491014161762,1.3146144587224962,20,-0.6687047181901213,1.5845692244617982,0.7091754852870835,14,-1.203308297312395,3.373221003962972,3.6214550728886907,15,-1.1309736396510026,1.2144831679569126,0.734616478220329,22,-1.3306569023575254,1.8195559508641774,1.6459707857202188,18,5.2687700000000115,103,0.44660194174757284,COMPLETE
1,-9999.0,2026-04-28 12:00:03.817669,2026-04-28 12:00:11.097856,0 days 00:00:07.280187,2,39,12,6,43,0.8,16,85,13,5,2.2600000000000002,1.5792673000618986,0.7918123260816183,90,-1.6181379603748411,-1.531893505050449,0.827404689837107,12,0.6666666666666666,1.5288331112017033,-0.6678565220706679,1.5850489029870898,0.686104400000076,15,-0.5759146860481443,2.873299697013003,2.8615392532755246,19,-0.689682079677738,1.9255272310824516,0.8427461134132841,13,-1.3001025389703975,1.3965263023749128,0.8341852571818187,15,-1.531893505050449,0.8677969770768266,-0.19484858785790982,12,-0.998652150756418,0.827404689837107,-0.278852479523084,16,4.813021200000067,90,0.4888888888888889,COMPLETE
2,-9999.0,2026-04-28 12:00:11.102622,2026-04-28 12:00:18.428460,0 days 00:00:07.325838,3,51,14,7,58,0.9,14,83,11,4,2.24,2.365302090134828,0.6418111535576051,54,-1.8107845867681236,-1.7266224519958673,0.5566590922110297,7,0.5,1.7141060822202276,-0.798353959564858,0.600184912560392,-0.426382799999947,9,-1.7266224519958673,0.5627987545995001,-0.620498498873423,11,-0.39931087160663853,2.4721697814380454,0.5636021341269171,7,-0.8272777486457713,5.0,2.6260908255715254,12,-0.9363119202035735,0.5566590922110297,-0.6820145446725601,8,-0.6646500192290515,5.0,2.390069805193118,7,3.8545304000001446,54,0.5185185185185185,COMPLETE
3,-9999.0,2026-04-28 12:00:18.433216,2026-04-28 12:00:25.752885,0 days 00:00:07.319669,2,36,14,7,53,0.9,16,79,13,3,2.64,1.3968860966006718,0.3498473164953886,37,-1.904032277178537,-1.904032277178537,0.44008191511900185,4,0.6666666666666666,1.4250919455719289,-1.1157197817584346,0.44008191511900185,-0.3171599999999719,4,-1.904032277178537,1.3829875499818516,0.6764486244573487,11,-0.3122989599092416,1.4475372161117712,0.1812363267829742,5,-0.8138936714507361,2.313383791766659,1.0614684008459108,6,-0.6393979728410403,1.9991466083150307,0.6471241826611962,5,-0.5689874534874038,0.7981794983097149,-0.1500336357751264,6,2.1103051999999956,37,0.40540540540540543,COMPLETE
4,-9999.0,2026-04-28 12:00:25.757651,2026-04-28 12:00:33.083508,0 days 00:00:07.325857,2,53,13,7,50,0.95,16,80,11,5,2.66,2.6032378897898583,1.0191226984413493,41,-2.0483212403699538,-2.0483212403699538,0.0,4,0.5,2.5388741350382458,-2.0483212403699538,5.0,3.524737400000033,8,-0.7804484913908546,0.6791094854376933,-0.33811918657424833,9,-0.6409416716784394,0.0,-0.6018238944166643,4,-0.7190083331676631,4.199698109094718,2.2902194535014075,9,-0.7542198379567853,0.7406197442067378,-0.18288719756904825,5,-0.5799056225203719,5.0,1.422609615706616,6,6.200246999999903,41,0.43902439024390244,COMPLETE
5,-9999.0,2026-04-28 12:00:33.088136,2026-04-28 12:00:40.474712,0 days 00:00:07.386576,2,45,10,7,58,0.8,9,89,13,5,2.7,1.3551848475184876,0.8551962787200624,147,-3.848397697859317,-3.2910639273122086,0.6225751193859136,20,0.8333333333333334,1.2705196608606382,-2.051299771633319,2.084931622816166,3.0757920000000105,24,-1.4393617295577636,1.010850836719244,0.03057264891064282,28,-1.3735473733606554,1.330529761300816,0.7266875998747313,20,-1.0847483730218825,1.7692075030183823,2.3801632661228034,28,-3.2910639273122086,0.6225751193859136,-1.8649547949638134,25,-1.1611557367222265,1.3130142418704045,0.7829169523760005,22,5.162489000000048,147,0.4013605442176871,COMPLETE
6,-9999.0,2026-04-28 12:00:40.479260,2026-04-28 12:00:47.870184,0 days 00:00:07.390924,3,49,12,7,38,0.95,12,77,11,3,2.2600000000000002,1.4668422512865826,-0.05743603601462607,43,-2.8389185864470727,-1.797632654031632,0.16368103501897105,3,0.6666666666666666,0.9325888112625448,-1.5441911941072373,0.16368103501897105,-1.0756399999999888,7,-1.797632654031632,0.32359523705580395,-1.25297570790448,12,-0.5592123620802767,1.020157740885767,0.014965676083900092,8,-0.6548736949500789,4.393995035078264,1.6092902274475795,6,-0.6126764067524424,1.173453144500467,0.16100089027135667,7,-0.32741622225372013,1.7261713151802234,0.19874269801387623,3,-0.37080940000001616,43,0.3953488372093023,COMPLETE
7,-9999.0,2026-04-28 12:00:47.874882,2026-04-28 12:00:55.262412,0 days 00:00:07.387530,2,40,11,5,58,0.8,11,83,11,3,2.3400000000000003,1.2723191530740137,0.24375424599721493,118,-3.242443265814026,-2.665139719221871,0.15795097938672858,17,0.6666666666666666,1.0929874140014586,-2.665139719221871,0.15795097938672858,-2.463246000000019,17,-2.5621350281481274,1.6053410232955243,1.5129746884954498,22,-1.0488368374740855,1.1415235018271261,0.2734104363292911,21,-1.321000490061559,1.3073765779981863,0.7690856303714799,20,-2.118924717899655,0.7421118549134343,-0.9903742653956216,21,-0.6998793520188845,2.679610981023082,2.360674986182709,17,1.3942942000000347,118,0.4322033898305085,COMPLETE
8,-9999.0,2026-04-28 12:00:55.267172,2026-04-28 12:01:02.748521,0 days 00:00:07.481349,3,34,13,5,47,0.85,8,85,12,3,2.62,2.4996263901217497,1.0931881878747163,70,-1.738748201330407,-1.738748201330407,0.9171610083421615,8,0.8333333333333334,1.8542217527426508,-1.4173602459041357,0.9171610083421615,-0.11826839999997674,12,-1.738748201330407,1.564073315341663,1.0944289636244608,16,-0.364653981482295,5.0,2.446090094447717,13,-0.6149513785829617,5.0,2.237037092547056,8,-1.2851157679708518,1.3320429370788809,0.7148353404314634,11,-0.9694348908139092,1.1844810799677912,0.18500603619757694,10,6.71196200000006,70,0.45714285714285713,COMPLETE
9,-9999.0,2026-04-28 12:01:02.753380,2026-04-28 12:01:10.105910,0 days 00:00:07.352530,3,30,13,6,48,0.9,14,80,10,5,2.3400000000000003,2.2666372401664003,0.6996118845904046,24,-1.260964612203311,-0.9652858422622411,0.0,2,0.6666666666666666,2.171281980575861,-0.905720282583305,0.0,-0.42435000000000667,2,-0.7283303415585421,3.0688662976768084,1.6554354402908311,6,-0.608640484469072,3.6891591575858516,1.0141989897607395,5,-0.5367602642938479,4.587574882108396,1.882403044111003,5,-0.9652858422622411,0.7146275502135034,-0.24249227148480657,2,-0.7203254174569411,1.5395955534138406,0.31247610486466737,4,4.247560399999939,24,0.5416666666666666,COMPLETE
10,-9999.0,2026-04-28 12:01:10.110774,2026-04-28 12:01:17.584104,0 days 00:00:07.473330,3,32,11,5,50,0.85,9,88,15,3,2.2,2.4831715832479397,1.1380275656790302,75,-1.4297000025995041,-1.4297000025995041,0.45108296950004717,9,0.8333333333333334,1.9688151905572713,-1.4297000025995041,0.45108296950004717,-0.7078340000000072,9,-0.7277952859275211,5.0,3.9263037126211486,13,-0.3611847509761299,1.9631586727768682,0.6945356052413976,13,-0.6137231340093192,5.0,1.9868580260723245,9,-1.174741119251414,1.2111918240960662,0.5097371787337934,16,-1.1561616411670892,1.2735960331146572,0.41856487140552456,15,6.9578659999999015,75,0.52,COMPLETE
11,-9999.0,2026-04-28 12:01:17.588862,2026-04-28 12:01:24.993189,0 days 00:00:07.404327,3,34,13,5,60,0.85,10,86,14,4,2.4400000000000004,2.629637860154696,1.3839326578985158,67,-1.4526779640217893,-1.1083898653361097,0.7057402446682604,8,0.6666666666666666,2.250376239371561,-1.1083898653361097,0.7057402446682604,-0.3701875999999604,9,-0.7279359059324069,4.8534710885885435,4.72446578650787,18,-0.3442551897880743,5.0,2.150142845876024,11,-0.746857329383469,2.9881931102274497,1.6700197166492625,10,-1.048463747746902,0.9496136261157396,-0.09590468331179824,11,-0.8884702134375332,1.280809091328182,0.22505988166969804,8,8.499807599999976,67,0.5522388059701493,COMPLETE
12,-9999.0,2026-04-28 12:01:24.998268,2026-04-28 12:01:32.444849,0 days 00:00:07.446581,3,57,12,7,58,0.85,8,76,11,3,2.46,1.314531857049403,0.49758721748708873,130,-3.2213721571130747,-3.1775100215295717,0.5948736155597676,18,0.6666666666666666,1.1768707825531395,-1.0820699363945065,1.428886297882581,1.283768200000024,25,-1.2160886407462739,0.5948736155597676,-0.8291982169754797,19,-0.9677541668181933,1.0488390145377513,0.06451759028729409,19,-0.7559340806136994,3.002085112682639,3.4983847024868897,18,-3.1775100215295717,0.7884083430467674,-1.1046161817912292,26,-1.9004955856748107,1.0240987585869108,0.07266721091503392,23,2.9505920000001407,130,0.4076923076923077,COMPLETE
13,-9999.0,2026-04-28 12:01:32.449875,2026-04-28 12:01:39.820292,0 days 00:00:07.370417,2,59,14,5,57,0.8,13,90,13,4,2.64,1.334996617434485,0.8919756229998299,100,-3.9722802829626787,-3.686729729841208,0.699147487220642,11,0.5,1.3317371596868985,-2.0257039462749433,3.33203195645835,5.998569199999992,22,-1.2060696456915339,0.7994872932659816,-0.29841044307226117,13,-0.810575534644018,0.699147487220642,-0.340270926685704,11,-2.9465573302107844,0.7954487588707445,-0.4780449300572198,23,-3.686729729841208,1.1276224142118048,0.022103591920741295,18,-1.6342372269384409,1.2562417945793873,0.4479072458934308,13,5.3119280000000435,100,0.4,COMPLETE
14,-9999.0,2026-04-28 12:01:39.825200,2026-04-28 12:01:47.191255,0 days 00:00:07.366055,3,51,14,5,34,0.95,12,84,13,4,2.54,1.9735284252387413,0.04032721434526487,36,-1.8235480641146309,-1.4802117185017771,0.12471114869788842,1,0.3333333333333333,1.0424558431453814,-1.0818057894954791,0.22174199352619153,-0.8391099999999985,7,-1.4802117185017771,0.5888621668897563,-0.5854681215547664,9,-0.3488534990125381,0.9058552423186129,-0.03617942680426145,6,-0.6433046602965927,5.0,2.5614047220787306,8,-1.383043058394275,0.12471114869788842,-1.1878851241808652,5,0.0,5.0,0.32920123653275013,1,0.1969828000000451,36,0.4166666666666667,COMPLETE
15,-9999.0,2026-04-28 12:01:47.195992,2026-04-28 12:01:54.602237,0 days 00:00:07.406245,3,31,10,6,48,0.95,13,78,12,3,2.58,2.9853197147503607,0.7246213642964721,18,-0.8465551404352212,-0.8465551404352212,0.0,0,0.6666666666666666,4.450869939707105,0.0,0.0,0.0,0,-0.7226814796417425,5.0,1.220180199999965,1,-0.2949966445107244,2.1447665903889654,0.395385978575824,6,-0.3395212762561357,5.0,2.202167485075579,3,-0.17817983202019136,5.0,0.7364182049921952,2,-0.8465551404352212,0.7671516981131976,-0.20642368286473145,6,4.407105999999961,18,0.5555555555555556,COMPLETE
16,-9999.0,2026-04-28 12:01:54.607151,2026-04-28 12:02:01.966178,0 days 00:00:07.359027,2,52,11,5,53,0.8,14,90,10,5,2.6,1.6622863076164132,1.101007575980208,103,-2.859763600526366,-2.0363722782368803,0.41452950265044247,12,0.6666666666666666,1.5503455628110308,-2.0363722782368803,4.25876892409993,4.479406000000052,18,-1.5380945587219375,0.41452950265044247,-1.1279505168702908,16,-1.410515902747341,0.4192723540145973,-0.9858226833001305,14,-1.3104543826637833,2.537377106882007,3.7578818662019176,22,-1.438182822763684,1.0407167517904645,0.12101627209504251,21,-0.7529645272295079,1.3030532062610392,0.3615145177546575,12,6.6387800000000885,103,0.39805825242718446,COMPLETE
17,-9999.0,2026-04-28 12:02:01.970905,2026-04-28 12:02:09.423311,0 days 00:00:07.452406,3,38,12,5,44,0.8,9,79,14,3,2.4800000000000004,1.5651468065402805,0.9054817336855999,118,-3.293810549832722,-2.2982826678863333,0.27972745921969105,15,0.8333333333333334,1.4059031551530137,-2.2982826678863333,0.27972745921969105,-2.250613999999984,21,-1.6613919303217521,1.224842944809024,0.5941066473808876,23,-0.5567275890155569,2.2944345858393347,2.210659322524444,24,-0.8304584610197908,2.2005826493605465,2.0026620747211954,15,-1.1232598804878022,1.601943732255001,1.7061604521281915,19,-0.8740988238646346,1.7893494677580855,1.1699159053588648,16,5.485537599999946,118,0.4406779661016949,COMPLETE
18,-9999.0,2026-04-28 12:02:09.428146,2026-04-28 12:02:16.757421,0 days 00:00:07.329275,3,35,10,5,51,0.95,18,89,13,3,2.4400000000000004,1.6666666666666667,0.3661123837311986,3,-0.7226814796417425,-0.7226814796417425,0.0,0,0.3333333333333333,0.0,0.0,0.0,0.0,0,-0.7226814796417425,5.0,2.0052079999999473,2,0.0,0.0,0.0,0,0.0,0.0,0.0,0,0.0,0.0,0.0,0,-0.10788999250850662,5.0,0.19146630238724427,1,2.2005135999999537,3,1.0,COMPLETE
19,-9999.0,2026-04-28 12:02:16.762343,2026-04-28 12:02:24.143479,0 days 00:00:07.381136,2,49,14,7,54,0.9,8,76,10,5,2.3600000000000003,1.9914639295371475,0.6724927269390631,86,-2.393158303736028,-1.6391911738071505,0.37370386620990437,9,0.6666666666666666,1.4618216408819982,-1.3828167132183622,0.7949150704734476,-0.3404819999999864,16,-1.1687696410524187,1.0603368783598206,0.1300796979571972,20,-0.4263399330876029,3.272942999446628,1.4405601519334787,9,-0.5429415744916672,3.407190740461788,2.052492928998384,12,-1.6391911738071505,0.37370386620990437,-1.4370132804090385,13,-0.7815775964574454,3.0396940222712967,2.1893188631543437,16,4.049012000000074,86,0.46511627906976744,COMPLETE
20,-9999.0,2026-04-28 12:02:24.148295,2026-04-28 12:02:31.484764,0 days 00:00:07.336469,2,33,14,5,47,0.9,17,88,14,5,2.66,2.017948161451207,0.49788711687353365,24,-1.8043566744013613,-1.6417809924302764,0.0,2,0.6666666666666666,2.1734738602049077,-0.9066061757839066,0.0,-0.5225400000000047,3,-1.6417809924302764,2.767456165773095,1.9618056190819466,7,-0.35435220470137324,1.205966197574969,0.08758775832098387,5,-0.5487581424316204,2.3490341993246955,0.3621420136838749,2,-0.3083858258669472,0.785232406034486,-0.04834329082887834,3,-0.14182049762430585,5.0,1.1466706009832794,4,3.003963999999959,24,0.5,COMPLETE
21,-9999.0,2026-04-28 12:02:31.489563,2026-04-28 12:02:38.855266,0 days 00:00:07.365703,2,53,11,7,40,0.85,12,89,10,3,2.4000000000000004,0.9510638849409263,-0.3701457245979367,89,-4.0879101935268185,-2.6520487029819337,0.12476691590510475,11,0.5,0.8218525241048465,-2.6520487029819337,0.12476691590510475,-2.4651639999999753,16,-1.468114973598509,0.5005349674156376,-0.9476614078686496,15,-0.7338525842381349,1.571969334820558,0.668775919015685,11,-1.2534325135768831,1.7416005767844167,1.4383552037843028,17,-1.757314389034797,0.5944205445674393,-1.25377652385259,17,-2.152749341824177,1.173090970152401,0.33859646133360677,13,-2.2515239999999603,89,0.3595505617977528,COMPLETE
22,-9999.0,2026-04-28 12:02:38.860082,2026-04-28 12:02:46.339745,0 days 00:00:07.479663,3,50,12,5,51,0.85,8,89,12,3,2.24,1.430796977678667,0.4178255449120057,108,-3.332450019297437,-2.344803455902845,0.616068870951183,14,0.6666666666666666,1.2020885769072418,-2.344803455902845,0.616068870951183,-1.4587732000000297,26,-1.3493915334198108,0.6635163458056368,-0.5940088417896172,17,-1.032188142388631,1.2654950352981646,0.37777986161833255,18,-0.8544015254815334,2.091399897917343,1.544017771554329,14,-1.3812424169455095,1.1725770671328353,0.478558420893882,17,-0.6768600680345127,2.7757246489668392,2.1593792571951376,16,2.488254000000012,108,0.4166666666666667,COMPLETE
23,-9999.0,2026-04-28 12:02:46.344614,2026-04-28 12:02:53.682662,0 days 00:00:07.338048,3,55,11,5,39,0.95,17,90,15,3,2.5,1.8782283804642361,0.28374046874222,21,-1.3100351206854155,-1.3100351206854155,0.0,2,0.6666666666666666,1.6329728926295215,-1.3100351206854155,2.5999579124578815,1.3685399999999959,5,-0.7151981449268596,0.47242398128770646,-0.3804878712862947,7,-0.3228423428646384,0.0,-0.27251163304025106,2,-1.039744057260405,1.0995706248149253,0.06677744606404801,3,-0.4415845642518147,5.0,0.7535358133058612,2,-0.25601075825778496,2.097417764224904,0.16658905740996044,2,1.7034249999999362,21,0.3333333333333333,COMPLETE
24,-9999.0,2026-04-28 12:02:53.687413,2026-04-28 12:03:01.095067,0 days 00:00:07.407654,2,30,13,6,57,0.8,8,84,15,5,2.52,1.3455419321325592,0.48094482493606744,109,-2.086724865675104,-1.9096394801435077,0.5286024315941729,13,0.5,1.2098988724007738,-1.9096394801435077,0.6694445564795187,-0.8359647999999886,17,-1.3642405416209977,2.0565925075355236,3.0435679567827334,24,-1.2230679496010168,1.4253078429978263,0.6437879175778649,15,-0.5351999683542892,2.4347750504988563,1.5954827474109035,13,-1.8557007195525115,0.5286024315941729,-1.4706653617709176,20,-1.3610315988658055,0.9585292036894566,-0.09053951038419106,20,2.8510228000001137,109,0.43119266055045874,COMPLETE
25,-9999.0,2026-04-28 12:03:01.099918,2026-04-28 12:03:08.466082,0 days 00:00:07.366164,2,60,13,5,41,0.9,14,85,13,3,2.3000000000000003,1.9124717712679011,0.7059677068603164,57,-1.530121698254549,-1.4281309901124837,0.0,3,0.5,1.5733651127701722,-0.9537931790244023,3.7269470471474255,2.5553130000000035,9,-1.0662051219130861,0.9277210655318348,-0.10466546964756906,12,-0.7025729616406017,0.0,-0.653151038918065,3,-0.8016229089859553,5.0,2.9594287055737967,13,-1.3091599643959704,0.7943254003999373,-0.5447218916565633,14,-1.4281309901124837,1.025837114528208,0.023602935810296266,6,4.244685000000015,57,0.43859649122807015,COMPLETE
26,-9999.0,2026-04-28 12:03:08.470776,2026-04-28 12:03:15.800107,0 days 00:00:07.329331,2,44,14,7,45,0.95,14,88,11,4,2.7600000000000002,1.5485787668128463,0.248428246291732,26,-1.1751734948834511,-0.9131426790232532,0.0,2,0.5,1.5276066036022993,-0.5024272688936636,0.6044050012711377,-0.17116999999998717,4,-0.9131426790232532,1.1859639324189344,0.17343486846435052,8,-0.45921951968872743,0.5312098664300302,-0.20601514562194057,4,-0.6743044179769095,5.0,1.8893448307993888,5,-0.6512078601348253,0.0,-0.4557862352191133,2,-0.32165830271621704,1.9698938007569757,0.2607611593276937,3,1.4819256000000225,26,0.4230769230769231,COMPLETE
27,-9999.0,2026-04-28 12:03:15.805020,2026-04-28 12:03:23.184834,0 days 00:00:07.379814,3,56,14,5,56,0.95,17,90,12,3,2.8,2.651279148777672,0.4422102852814173,19,-1.3100351206854155,-1.3100351206854155,0.19206946298319774,1,0.6666666666666666,2.179247795636819,-1.3100351206854155,2.9147586980919935,1.6378079999999962,5,-0.8466952082527435,0.19206946298319774,-0.5895778468579138,6,-0.2747998839676611,2.0802630548813346,0.13656368507339867,2,-0.8214533070810437,5.0,1.1843969071253735,3,-0.8877197992498417,0.7205836767095084,-0.0721993463866144,2,0.0,5.0,0.3562703127342637,1,2.6654419999999623,19,0.3684210526315789,COMPLETE
28,-9999.0,2026-04-28 12:03:23.189836,2026-04-28 12:03:30.525089,0 days 00:00:07.335253,2,60,11,6,54,0.9,13,86,15,5,2.52,2.232688920949177,1.561352452956599,92,-2.3538352950319363,-2.038263113344722,0.5832177844530744,9,0.5,1.8925817230803943,-2.038263113344722,5.0,5.884368799999962,15,-1.5677289295170804,0.5832177844530744,-1.2789230510103056,23,-0.8908559349941929,0.791136571439245,-0.2141620537695843,9,-0.8784678016544702,5.0,5.146087535638744,19,-1.323437300737872,0.8866891209627092,-0.29876938950540444,16,-0.5457674465940674,1.1350900488400337,0.12951287638618414,10,9.487965200000016,92,0.4673913043478261,COMPLETE
29,-9999.0,2026-04-28 12:03:30.529968,2026-04-28 12:03:37.956697,0 days 00:00:07.426729,3,56,10,5,58,0.9,12,87,13,4,2.4000000000000004,1.4180662140557896,-0.04898513794950876,68,-3.778718304895523,-2.3896174607449105,0.23908552718507678,7,0.3333333333333333,0.958357360860648,-1.4010976009965845,0.8850704525162446,-0.19436999999999927,14,-1.086860058406284,0.6027706447718632,-0.5967218482564318,13,-0.3823974183797903,1.3019093874591872,0.20990006780357007,10,-1.0225858177340066,4.91805457915258,3.0832248103995985,11,-2.3896174607449105,0.23908552718507678,-2.303890573711276,13,-1.7231279728976,0.5615066932497856,-0.49205328393251424,7,-0.3701659999999829,68,0.4411764705882353,COMPLETE
30,-9999.0,2026-04-28 12:03:37.961478,2026-04-28 12:03:45.358263,0 days 00:00:07.396785,3,54,14,7,43,0.9,15,82,10,4,2.3000000000000003,1.4805422588299244,0.1293167836108796,46,-2.115702484278477,-1.4768150393887327,0.3716209907495551,7,0.3333333333333333,1.1283992984190794,-0.7907964373808729,0.7031978140443607,-0.27807099999996865,9,-1.4749453833693338,0.3716209907495551,-0.728872783838741,8,-0.8119027631760972,0.43445204806652554,-0.5234320577316431,7,-0.6507692306315348,4.776652355965521,1.447122970784509,7,-0.780265792794528,1.7576031697475367,1.0411944434381537,8,-1.4768150393887327,0.8397271744060473,-0.18204087098703248,7,0.7584110000000033,46,0.43478260869565216,COMPLETE
31,-9999.0,2026-04-28 12:03:45.363050,2026-04-28 12:03:52.750671,0 days 00:00:07.387621,2,34,14,7,44,0.9,13,81,13,3,2.52,3.411200926071718,1.1712678487969603,41,-1.775610493360002,-1.775610493360002,1.1514471295437225,4,1.0,2.9906706963969185,-0.09286716523701029,5.0,0.9176447999999837,4,-1.775610493360002,2.8082925386023843,2.2408335078386354,10,-0.1710659840066251,4.0601567987956315,0.9457568016245421,8,-0.6116817078605692,5.0,2.0861785197088922,6,-0.4187908964033303,2.44730908948857,0.6969501435863945,5,-0.7549942023879055,1.1514471295437225,0.1402433200233144,8,7.218928399999913,41,0.5853658536585366,COMPLETE
32,-9999.0,2026-04-28 12:03:52.755592,2026-04-28 12:04:00.093903,0 days 00:00:07.338311,3,47,12,6,43,0.8,16,82,12,5,2.2800000000000002,1.2585267124879678,0.2195800927533409,89,-2.997337587763513,-1.775045799983991,0.4977329481956441,11,0.5,1.1193366536034666,-1.119280899264179,1.1589094336066728,0.16861880000003104,11,-0.8913127711305489,0.7057451166400808,-0.5450062170568537,17,-0.8213376709586174,2.083832320777629,1.4325956751685354,14,-1.2335602696336316,2.331232905996334,2.0952879075051944,17,-1.775045799983991,0.4977329481956441,-1.3635291149306616,13,-0.8951889911696421,0.7737075497114458,-0.47048649416620014,17,1.2816864000000816,89,0.47191011235955055,COMPLETE
33,-9999.0,2026-04-28 12:04:00.098644,2026-04-28 12:04:07.454838,0 days 00:00:07.356194,2,37,13,6,52,0.8,17,81,14,5,2.3000000000000003,1.733122723043784,0.8481228031877489,80,-1.4776444199704468,-1.4776444199704468,1.027980461184277,11,1.0,1.685301848032998,-0.6524025964617092,1.8836971251573598,0.7303580000000753,12,-0.7210836210941045,2.265225674014092,2.3802059752433324,18,-0.5023862715300741,2.361508580151874,0.9686006745717846,11,-1.4429115819270102,1.279541126714356,0.3764187767677285,12,-1.4776444199704468,1.027980461184277,0.043953815427988374,13,-0.7459911035783388,1.580783371040745,0.5891995771155845,14,5.180834000000134,80,0.525,COMPLETE
34,-9999.0,2026-04-28 12:04:07.459579,2026-04-28 12:04:14.831374,0 days 00:00:07.371795,3,45,10,6,46,0.8,14,84,12,3,2.4400000000000004,1.4136503443968642,0.371311768715706,78,-2.573279918477379,-2.215215672467637,0.1390361987376895,9,0.6666666666666666,1.2038446704415535,-1.6901983474272106,0.1390361987376895,-1.4173099999999828,9,-1.7070397553667984,1.6033307785803905,0.7905326989962047,15,-0.6719283503162342,1.1148638571692664,0.1187491980335853,10,-1.2028679886598548,3.16901622528304,3.3796574809351165,15,-2.215215672467637,0.478423934891461,-1.9049970021225215,17,-1.9655105653152865,1.977231071719337,1.2612382364518337,12,2.1553292000000335,78,0.4230769230769231,COMPLETE
35,-9999.0,2026-04-28 12:04:14.836202,2026-04-28 12:04:22.177950,0 days 00:00:07.341748,2,36,11,6,60,0.8,17,84,12,3,2.2600000000000002,1.1836011819815557,0.2532540534814165,62,-1.985611833573189,-1.985611833573189,0.528704109091219,8,0.6666666666666666,1.2136303802463586,-1.5723320963144303,0.528704109091219,-0.5446907999999917,9,-1.985611833573189,1.8230734306740162,1.2067044078930333,14,-0.42243115882353716,1.2092399605069477,0.2063349962498906,11,-0.6505408283713077,1.8617306332693686,1.015077975739409,12,-0.8949769631505005,1.07825378001774,0.08808094117813692,8,-0.8961009692060142,0.6006051783300428,-0.45198320017197924,8,1.5157929999999764,62,0.45161290322580644,COMPLETE
36,-9999.0,2026-04-28 12:04:22.182649,2026-04-28 12:04:29.510015,0 days 00:00:07.327366,3,42,14,7,47,0.9,17,80,13,3,2.64,1.6734977420037627,0.08792472355115821,33,-2.045688178981358,-1.6613961767835244,0.2799556262962619,4,0.3333333333333333,1.1095319541847168,-0.7946160577638914,0.3140693704249738,-0.5444299999999624,6,-1.6613961767835244,0.2799556262962619,-1.2008320901483516,9,-0.4247829575160855,5.0,1.812595235635217,5,-0.6438369990906521,3.034181975175353,0.9419358449567206,4,-0.7905189627998127,0.9993537643227964,-0.000514929542372311,5,-0.8794020866792963,0.4134257158031913,-0.48120571959430203,4,0.49822800000003387,33,0.3939393939393939,COMPLETE
37,-9999.0,2026-04-28 12:04:29.515053,2026-04-28 12:04:36.867212,0 days 00:00:07.352159,3,45,14,6,54,0.9,16,86,13,4,2.3200000000000003,2.174155339893686,0.5371002597343799,42,-1.4417217543834724,-1.4417217543834724,0.3329830031559981,3,0.6666666666666666,1.9692167202342172,-0.32881807990556094,1.12656089144229,0.06564840000002903,6,-0.38259449478988133,3.546929970129541,1.5337731024986034,12,-0.6777827965399043,2.443762801390753,0.7478972401655293,8,-0.6260967576448645,4.770467954984108,1.4696163166204146,7,-0.8255774504663419,0.3329830031559981,-0.5066754275086183,6,-1.4417217543834724,0.8242274182594237,-0.08765807336967857,3,3.247758000000034,42,0.5714285714285714,COMPLETE
38,-9999.0,2026-04-28 12:04:36.871973,2026-04-28 12:04:44.166631,0 days 00:00:07.294658,2,35,14,7,43,0.8,18,83,13,4,2.58,1.7730111210574029,0.5467502344940164,53,-1.9129061520018125,-1.2726087943813855,0.3083751585337962,7,0.6666666666666666,1.5977979612032043,-0.7643312122139884,1.06859626672311,0.0648612000000437,10,-0.7247831099336428,3.9309351063497293,2.810614401771594,11,-0.4617001677994966,1.8368196489018018,0.5166407042495491,8,-1.2726087943813855,0.7351962938198449,-0.3753183314528008,10,-0.8998892770710201,0.3083751585337962,-0.6457941453322902,7,-0.5222578337879838,2.758144252016135,0.9094975777280023,7,3.2863105999999975,53,0.4528301886792453,COMPLETE
39,-9999.0,2026-04-28 12:04:44.171447,2026-04-28 12:04:51.597857,0 days 00:00:07.426410,2,38,10,6,36,0.8,9,80,13,3,2.4400000000000004,1.344721153527038,0.8173497669989223,165,-2.816226470278647,-2.549361298377296,0.4918823015581395,24,0.6666666666666666,1.2390712742770293,-2.0666887317618383,0.4918823015581395,-1.7567204000000447,24,-2.147817668522088,1.6812215963675814,2.0570555138511804,32,-0.9226808519153297,1.8199605853263054,1.776081620775205,29,-1.466364884962434,1.5507572264349558,1.6199590838440914,24,-2.549361298377296,0.7345710845284732,-1.4199509724285964,25,-1.2374343020855574,1.7899341269467721,2.6276737559516983,31,4.91175279999998,165,0.4303030303030303,COMPLETE
40,-9999.0,2026-04-28 12:04:51.602928,2026-04-28 12:04:58.956224,0 days 00:00:07.353296,2,46,11,6,50,0.95,14,85,13,5,2.22,2.2431844535937704,0.49749892321145167,42,-1.4850034970984658,-1.2412594171670623,0.7510829126302038,5,0.5,1.854858739185608,-0.4479616623934014,0.9208635007506478,-0.04164399999998514,6,-0.7614867682675547,0.7510829126302038,-0.1642566030197523,7,-0.7989014270635972,1.9834358374648116,0.5983049041469402,8,-0.44065794058881563,5.0,2.322546839873141,9,-1.2412594171670623,0.7560006681948557,-0.2559474708159093,7,-0.36699199316894704,4.047723802522105,0.5259898690842757,5,2.9988872000000777,42,0.5476190476190477,COMPLETE
41,-9999.0,2026-04-28 12:04:58.961278,2026-04-28 12:05:06.295202,0 days 00:00:07.333924,2,57,12,7,50,0.95,14,79,10,5,2.68,2.4958374875369524,0.9269320184790338,46,-2.136525905721026,-2.0460245528967587,0.39163604127510404,3,0.5,2.0530065280918253,-2.0460245528967587,4.5577830614404,3.6660463999999893,12,-0.45679766512387576,0.7325134580380406,-0.26650075853571487,9,-0.33327612373371635,3.5891654334275325,0.5584285260795019,3,-0.897393590822235,5.0,2.67325404073655,8,-0.9891245645956818,0.39163604127510404,-0.8036086322212754,7,-1.0090506348276091,0.7039269310406373,-0.2660274651848482,7,5.606922799999947,46,0.43478260869565216,COMPLETE
42,-9999.0,2026-04-28 12:05:06.300245,2026-04-28 12:05:13.635461,0 days 00:00:07.335216,2,46,14,6,48,0.9,16,81,14,3,2.52,1.3875584601985536,0.22291052263544442,47,-2.1785310176475394,-1.835071740952986,0.0,4,0.3333333333333333,1.219080982818672,-1.0710458730300865,0.4283335041795162,-0.6134495999999601,8,-1.7070164164139372,0.9577620700712844,-0.06096599565642569,12,-0.6672976084260737,0.0,-0.6163041463287944,4,-0.8288073213152671,5.0,2.7220317436359664,9,-0.8606949312150645,1.4461260287787918,0.4885963970456375,8,-1.835071740952986,0.49312915816172936,-0.5824452628837573,6,1.3027804000000698,47,0.40425531914893614,COMPLETE
43,-9999.0,2026-04-28 12:05:13.640319,2026-04-28 12:05:20.948649,0 days 00:00:07.308330,2,34,13,7,54,0.85,18,79,12,3,2.7,1.3869377395117592,0.365643138065395,40,-2.111204778080644,-1.7780689227292337,0.6265625197647239,4,0.8333333333333334,1.43580656303973,-1.2310361906115381,0.6265625197647239,-0.29522099999997886,6,-1.7780689227292337,1.430054830756617,0.6718023014724572,10,-0.39746840291945884,1.1314031949920544,0.06441171500382037,6,-1.212026918005996,2.0261885954825973,1.0218335857562488,8,-0.4651094106604556,1.9336463088982356,0.6409287217054027,6,-0.5697727141032578,1.1737709871763278,0.09010350445441961,4,2.207905000000032,40,0.4,COMPLETE
44,-9999.0,2026-04-28 12:05:20.953455,2026-04-28 12:05:28.361095,0 days 00:00:07.407640,3,40,11,6,60,0.85,10,80,13,3,2.4400000000000004,1.6715509313472918,0.647641459453722,101,-3.2982168000232406,-2.2911057694950605,0.23720496281965078,12,0.8333333333333334,1.3155818819744571,-2.2911057694950605,0.23720496281965078,-2.243433599999989,17,-2.1773977238827644,1.3365897775286713,0.7309687996570391,20,-0.48080922621137384,2.2243702716691307,1.1291008113114787,16,-0.6774235904792982,3.4633009130607535,2.4924160028205966,12,-1.1397338737217366,1.2538468143762487,0.8805063716025519,19,-0.8804821235905815,1.5139928486292957,0.8962903713306547,17,3.886539199999972,101,0.4158415841584158,COMPLETE
45,-9999.0,2026-04-28 12:05:28.366459,2026-04-28 12:05:35.683673,0 days 00:00:07.317214,2,54,14,7,48,0.95,18,83,12,5,2.5,2.487498958875063,1.1902815253927594,35,-2.0444117009183604,-2.0444117009183604,0.0,3,0.5,3.1164766720699153,-2.0444117009183604,5.0,5.731255000000002,7,-0.6166106876673225,0.7581603835544501,-0.20895902540831734,8,-0.8331187452947268,0.0,-0.6488085715217085,3,-0.5246934147471918,5.0,1.677478894500739,6,-0.7450261604127693,0.22719898331660732,-0.5362990514822363,4,-0.5729867224849284,3.9396343863793186,1.1270219062680775,7,7.207364999999966,35,0.4857142857142857,COMPLETE
46,-9999.0,2026-04-28 12:05:35.688982,2026-04-28 12:05:43.117687,0 days 00:00:07.428705,3,54,14,6,52,0.9,10,78,11,4,2.24,1.5079487984610964,0.3687188356440903,74,-2.19013924986395,-1.6849182941721381,0.45651149785635076,9,0.8333333333333334,1.2451139953463273,-1.6849182941721381,0.45651149785635076,-1.282871999999935,17,-1.4263334444109277,1.0700589240158604,0.09430622819575074,12,-0.852695021445269,1.336582812701581,0.3696645789623254,13,-0.7983128598942487,2.9382620438682814,1.3748449228748516,9,-1.4218223518488549,1.1562212095928799,0.36315499457921785,13,-0.859994430285304,2.090056302731626,1.2932142892523313,10,2.2090188000000843,74,0.44594594594594594,COMPLETE
47,-9999.0,2026-04-28 12:05:43.122519,2026-04-28 12:05:50.507386,0 days 00:00:07.384867,3,47,11,6,48,0.8,11,86,15,4,2.4400000000000004,1.2771750416734569,0.4060627724284301,133,-4.4002158626429075,-3.835465385734188,0.5724965624730892,18,0.6666666666666666,1.1369114843041532,-2.433774658694721,1.2437203895716098,0.7589916000000363,26,-1.2105048300726746,1.3528110411395617,0.6878028342634179,21,-1.637537266707036,0.8056158796645546,-0.45193937341109214,20,-1.1936269045058707,2.425770681955175,2.974588668928524,26,-3.835465385734188,0.5724965624730892,-2.194350636452902,22,-1.9392644857683703,1.2626356952367506,0.6612835412425966,18,2.388210000000157,133,0.42105263157894735,COMPLETE
48,-9999.0,2026-04-28 12:05:50.512271,2026-04-28 12:05:57.878246,0 days 00:00:07.365975,2,35,13,7,55,0.8,15,77,11,5,2.2600000000000002,1.5672834994340026,0.6911133408526912,82,-1.600008680835225,-1.600008680835225,0.7227189287984731,11,0.8333333333333334,1.5099201039219654,-0.6522566299036677,1.6130791572163392,0.5973782000000538,13,-0.82670428946756,2.002481405955986,2.0231718126427323,19,-1.1448853536042962,1.2491058278287865,0.29432470193988536,13,-0.6291460158946796,2.17545974841518,1.1492782261631973,11,-1.600008680835225,0.7227189287984731,-0.5362092299616372,13,-0.5027339879986285,1.6408559283892492,0.6187363343319152,13,4.200186400000083,82,0.4878048780487805,COMPLETE
49,-9999.0,2026-04-28 12:05:57.883157,2026-04-28 12:06:05.244527,0 days 00:00:07.361370,2,49,13,5,45,0.95,15,83,11,5,2.56,1.5422452256699433,-0.04338147347992168,37,-2.0197513569912293,-1.1203773208163212,0.0,5,0.5,0.9332111726395065,-0.44760351056331305,1.0735381867244729,0.03869800000002588,6,-1.103058519186381,0.2922056969524675,-0.7463987586083798,9,-0.8913239619914824,0.0,-0.8390806034077269,5,-0.558938640513607,3.908877746919871,1.5850699826838621,6,-1.1203773208163212,0.15753585480966859,-0.9226467694717799,5,-0.2857076354836005,3.821313868613179,0.6240693079244686,6,-0.284882399999975,37,0.35135135135135137,COMPLETE
50,-9999.0,2026-04-28 12:06:05.249349,2026-04-28 12:06:12.646159,0 days 00:00:07.396810,3,36,10,6,51,0.8,11,86,12,5,2.54,1.998656118426881,1.291133123204926,102,-2.460271484698817,-2.460271484698817,0.4183555430520347,14,0.8333333333333334,1.7230746758238926,-0.9650558845766486,2.0134277541338457,1.3072914000000546,15,-0.6383334205392023,3.58328943226598,4.050398094050678,22,-0.777619528254897,2.1723013872788717,1.487082138956719,18,-1.169407809837217,2.4644683526617426,2.2534276961003297,16,-2.460271484698817,0.4183555430520347,-1.852231774082591,17,-1.4359059668890106,1.3400942411688095,0.5008311842043645,14,7.900429600000014,102,0.5294117647058824,COMPLETE
51,-9999.0,2026-04-28 12:06:12.650989,2026-04-28 12:06:20.061599,0 days 00:00:07.410610,2,49,10,7,60,0.85,9,87,13,5,2.7,1.350858299927401,0.5541611679830157,125,-3.9071777770607357,-3.1502461721387722,0.30335955486429794,18,0.6666666666666666,1.209794728383163,-2.050821158326895,2.2067579247354785,3.0996060000000103,22,-1.1074135874528346,0.7822588600835085,-0.5437741440059485,24,-1.1082788365522547,1.559600219210655,1.1750848655336155,20,-1.0932151320492147,2.0059660688217886,1.8798175665215355,19,-3.1502461721387722,0.30335955486429794,-2.788444383547517,22,-1.1217945127194964,1.2472071718486772,0.5026771033963984,18,3.2633570000000223,125,0.376,COMPLETE
52,-9999.0,2026-04-28 12:06:20.066942,2026-04-28 12:06:27.469367,0 days 00:00:07.402425,2,34,11,7,32,0.8,11,88,13,5,2.64,1.9920641902414464,0.8079684822802599,97,-3.5238808925058693,-3.474769961887239,0.27402704458703375,9,0.8333333333333334,1.4317638478260264,-0.964818029674602,1.6790756016931156,0.8791856000000653,15,-2.3271052731164708,1.741097407396727,1.779213808403357,22,-0.6270515498273478,3.4637915734663274,2.6176065027224915,17,-0.5209099628343139,3.589888806907146,1.898951759336831,9,-3.474769961887239,0.27402704458703375,-2.664293366764414,18,-0.9158160317764014,1.204504707398329,0.3371465899832282,16,4.854286400000207,97,0.4536082474226804,COMPLETE
53,-9999.0,2026-04-28 12:06:27.474217,2026-04-28 12:06:34.869361,0 days 00:00:07.395144,2,43,10,5,60,0.8,9,80,13,5,2.68,1.6121744819785369,1.3385194728490586,155,-3.839923827987003,-3.7252417593853537,0.41592413357897606,23,0.8333333333333334,1.4511537144398088,-2.0564724951016085,2.240021305039507,3.5154728000000413,24,-1.1397140616639148,1.9622523537683734,1.9963705367918916,27,-0.9558704993975888,1.5763772154279427,1.1029949442568965,23,-1.0549857400481033,1.7186424943622935,2.3554521127296058,31,-3.7252417593853537,0.41592413357897606,-2.7361785519969817,23,-1.5253765111092856,1.759829389694129,1.7970049953129008,27,8.18108160000004,155,0.44516129032258067,COMPLETE
54,-9999.0,2026-04-28 12:06:34.874090,2026-04-28 12:06:42.208926,0 days 00:00:07.334836,2,31,14,7,56,0.9,16,87,12,3,2.72,3.0795967595371265,0.5627823862042488,23,-1.9079109699542574,-1.9079109699542574,1.2531504119999617,1,1.0,2.2926552511070235,-0.05785699255980949,5.0,0.2574400000000088,1,-1.9079109699542574,1.2531504119999617,0.3548488770509506,6,-0.20057947132103518,1.7261364776718182,0.2301391810186404,4,-0.6394599804584916,2.8038700485698898,0.8286428166047299,4,-0.23797831445888581,5.0,1.1386139807661566,4,-0.3171470517966452,2.6944236189810886,0.5670094617850063,4,3.421244799999923,23,0.5217391304347826,COMPLETE
55,-9999.0,2026-04-28 12:06:42.213650,2026-04-28 12:06:49.585794,0 days 00:00:07.372144,3,51,13,7,56,0.9,13,78,11,5,2.24,1.6216772607364398,0.12864466604100566,65,-2.6042385665819037,-1.832352358305753,0.24762653848956243,9,0.3333333333333333,1.0918560884520068,-1.2713730445326457,0.24762653848956243,-1.0330839999999841,9,-0.9486075962080325,0.7647482087652345,-0.32678839866040477,13,-0.3440654794606373,3.2493973386620474,1.5063175432466824,10,-0.735467762259753,4.2810440847909685,2.4053054234187687,12,-1.832352358305753,0.4154672550164735,-1.5812821334651228,12,-0.46365078735272375,0.7717801386943537,-0.1986004382939055,9,0.7159732000000307,65,0.46153846153846156,COMPLETE
56,-9999.0,2026-04-28 12:06:49.590543,2026-04-28 12:06:56.977774,0 days 00:00:07.387231,3,33,10,6,56,0.8,12,82,15,3,2.4800000000000004,1.8744629926761487,1.3428717321493144,97,-2.0136168233228715,-2.0136168233228715,0.26857133243607817,9,0.6666666666666666,1.8114236890938191,-1.397997188023289,0.26857133243607817,-0.869522399999989,9,-2.0136168233228715,3.333599018157813,3.7402612090310594,21,-1.2687567783004956,2.3128156869305525,1.831348370215391,20,-0.965424638810304,3.375042790160275,3.3762214716959837,14,-0.940234160731173,1.0903764166640268,0.2127349092364783,18,-0.982003955061787,0.8663727117081468,-0.2338131672830368,15,8.233816399999938,97,0.5051546391752577,COMPLETE
57,-9999.0,2026-04-28 12:06:56.982650,2026-04-28 12:07:04.365458,0 days 00:00:07.382808,2,48,10,7,40,0.8,9,88,12,3,2.68,1.2969858325725925,0.7350253065618503,171,-3.5521504200765004,-3.0137595059713926,0.44544531287440353,25,0.6666666666666666,1.1926545160653512,-3.0137595059713926,0.44544531287440353,-2.661424400000034,31,-2.8488795339140225,0.9511846156361367,-0.18406186745136832,29,-1.0563050442641702,1.5762998398734966,1.4854046194293424,26,-1.2575498815643598,2.0634530959062114,3.290016338186086,29,-2.373902152144177,1.0749419067954542,0.40906081625937674,31,-2.0172226837636837,1.6705902243498527,2.071156332947699,25,4.381312400000148,171,0.3742690058479532,COMPLETE
58,-9999.0,2026-04-28 12:07:04.370079,2026-04-28 12:07:11.720487,0 days 00:00:07.350408,2,43,11,7,57,0.8,17,85,14,5,2.3400000000000003,2.2956016974789857,1.8713082378765493,107,-2.0512569498178284,-2.0512569498178284,0.8594990226905816,15,0.8333333333333334,2.146319217857126,-2.0512569498178284,4.880928830287659,5.033176600000067,15,-0.9194713132427255,2.3967102575891746,2.487247253264524,21,-0.6497049995647013,1.8327139009587958,1.077079859476715,17,-1.0332075173256592,2.3905032901528496,2.414060033906229,20,-1.3091431856527074,0.8594990226905816,-0.2967334428894963,17,-0.8539982900487797,1.4132548831948546,0.5130191235012571,17,11.67097400000008,107,0.5046728971962616,COMPLETE
59,-9999.0,2026-04-28 12:07:11.725163,2026-04-28 12:07:19.098356,0 days 00:00:07.373193,3,41,10,7,50,0.8,11,89,13,3,2.3400000000000003,1.7893030251594901,0.798459177178786,99,-3.944212490591729,-2.890138634318921,0.04252241970235807,14,0.6666666666666666,1.3776266671964048,-2.890138634318921,0.04252241970235807,-2.7684794000000013,14,-2.2980489475445314,1.138268053803063,0.3313347338517847,19,-0.7752674552823899,2.36970540455349,1.7372207366310288,16,-1.2063647125802057,3.0710268524382163,3.2949158159369274,16,-1.1461542500740534,0.8132699284124936,-0.6024989235948963,18,-0.6518883242928052,3.30102549204732,2.7982621002478725,16,4.7523371999999675,99,0.4444444444444444,COMPLETE
60,-9999.0,2026-04-28 12:07:19.103061,2026-04-28 12:07:26.467955,0 days 00:00:07.364894,3,47,14,7,56,0.8,14,80,13,4,2.22,2.2343061290460895,1.3237924845390676,93,-2.4931701850133887,-1.9602843634468732,0.7797254378850058,13,0.8333333333333334,1.8746458905927683,-0.7899597329497023,2.4631822200393234,1.787423400000021,14,-1.4774692099134543,1.1815980400439516,0.3167743020008773,18,-0.7785123218323906,2.809222272123505,1.8542471840707009,16,-0.9385787036561479,3.0137801541280798,2.3140519992894015,18,-1.9602843634468732,0.7797254378850058,-0.6176345340622169,14,-0.6368413387395963,3.15832865005667,2.2878925559356222,13,8.172201400000123,93,0.5268817204301075,COMPLETE
61,-9999.0,2026-04-28 12:07:26.472640,2026-04-28 12:07:33.851746,0 days 00:00:07.379106,3,56,13,7,38,0.95,12,78,13,3,2.3200000000000003,1.8109258981696126,0.3888963437371458,42,-2.1079666568442947,-1.8066023220811331,0.06930762764651756,2,0.6666666666666666,1.4399517262056176,-1.8066023220811331,1.4716478861415934,0.7303892000000145,9,-1.5278245346042778,0.06930762764651756,-1.527824534604283,10,-0.45075332703877075,0.6211360712101317,-0.18107980113146738,5,-0.8349738775237807,5.0,1.6086359008356421,5,-0.5999183077900033,2.606344045080751,1.677420304452859,11,-0.31883914100247934,1.0971197589386825,0.025836992870109654,2,2.318519200000013,42,0.42857142857142855,COMPLETE
62,-9999.0,2026-04-28 12:07:33.856540,2026-04-28 12:07:41.225875,0 days 00:00:07.369335,2,37,12,5,39,0.9,16,77,12,5,2.3400000000000003,2.1530105194025775,0.742842897526678,45,-1.115964713083086,-1.115964713083086,0.37193312265350226,5,0.8333333333333334,2.0402123584603467,-0.6574467780504801,0.37193312265350226,-0.46505839999999576,6,-0.8488321571093431,2.647506152996121,1.9772071680202785,12,-0.7929539202137434,1.2870479261321919,0.19295280881361787,8,-0.5391844178662974,4.738496579746844,1.972236323119736,6,-1.115964713083086,1.0376544736841957,0.02759512554912913,5,-0.502832836347654,2.835424861202611,0.7521243596573024,8,4.513367000000024,45,0.4888888888888889,COMPLETE
63,-9999.0,2026-04-28 12:07:41.230643,2026-04-28 12:07:48.566985,0 days 00:00:07.336342,3,52,12,7,37,0.95,11,76,10,3,2.22,1.5124558904892218,-0.018583382458629377,43,-1.6967649450869677,-1.3586179286078552,0.13726793978403343,3,0.5,0.973918866960859,-1.3586179286078552,0.13726793978403343,-1.2974799999999953,9,-0.6280787449033554,1.2592600297940342,0.20453439284024988,10,-0.4618416411970312,0.27456280150082835,-0.4105249084336182,6,-0.6495174964106852,4.448266378845046,1.621762212775768,7,-1.1767143636358348,0.6428518269364605,-0.5887412871104836,8,-0.3266298175275522,2.3125263660749265,0.3589492951763029,3,-0.1363446000000157,43,0.4186046511627907,COMPLETE
64,-9999.0,2026-04-28 12:07:48.571710,2026-04-28 12:07:55.904355,0 days 00:00:07.332645,2,53,14,7,43,0.85,17,77,11,3,2.66,1.6467398215387874,0.602119139163885,60,-2.0449396084527662,-1.4397449700963618,0.0,7,0.6666666666666666,1.460894592440454,-1.4397449700963618,2.344531660817508,2.3216566000000327,12,-0.9559172496479642,1.2922628770992672,0.35495711471897895,12,-1.3806442655227968,0.0,-1.1923082569179733,7,-0.808349022965776,4.356522141074217,2.5049394920101165,12,-1.1938346960687927,0.6057257860787524,-0.6752987418722767,9,-1.0912950491545141,1.2813964641629791,0.2987686270444323,8,3.608362200000026,60,0.35,COMPLETE
65,-9999.0,2026-04-28 12:07:55.909134,2026-04-28 12:08:03.243542,0 days 00:00:07.334408,2,48,10,7,40,0.8,14,90,12,5,2.7800000000000002,1.48533930790426,0.32253235072239134,97,-3.649393831134206,-2.515598104630261,0.3747562535370675,13,0.6666666666666666,1.1428065404379097,-2.0451018244627353,4.255144886435814,3.845205000000007,13,-1.3722099601719009,0.4452907515301623,-1.2340486977708731,18,-1.2772064511826018,1.0401647251596453,0.07217602005380463,15,-1.2992116447856643,1.2689764726209822,0.7280240830733087,20,-2.515598104630261,0.3747562535370675,-2.1372658404048783,18,-0.764239782830788,1.5277027581418887,0.6611035393829789,13,1.8442208000000404,97,0.35051546391752575,COMPLETE
66,-9999.0,2026-04-28 12:08:03.248284,2026-04-28 12:08:10.634342,0 days 00:00:07.386058,3,43,13,7,46,0.95,12,84,11,4,2.22,2.3973976626326476,0.45215720443769386,33,-1.7191796993376525,-1.5599767968816873,0.0,3,0.6666666666666666,1.8215840399063237,-1.076926147748204,0.3491113253175118,-0.3848899999999822,4,-0.3871833196863718,3.7549986318611883,1.0107320064195013,6,-0.4527579741166494,3.9323503310806127,1.280714572662478,9,-0.513686532636138,5.0,2.0611427511531,6,-1.5599767968816873,0.0,-1.3706798992062619,5,-0.6145002404698158,1.3479256875365742,0.11592379559732802,3,2.704416400000076,33,0.5454545454545454,COMPLETE
67,-9999.0,2026-04-28 12:08:10.639178,2026-04-28 12:08:17.979572,0 days 00:00:07.340394,2,46,10,7,30,0.8,8,80,13,5,2.66,1.0575270750979107,0.033115705323851406,130,-3.9863766794573476,-3.1344929604210883,0.740739635871563,16,0.5,1.0109376892494406,-1.8818287520959591,0.7832618743169057,-0.6068104000000019,22,-1.1783060016211127,1.040608767169025,0.10283179402068576,27,-0.9218717954909911,0.9340027406437533,-0.10891378177457778,16,-1.4332550260449473,1.2635400372643044,0.7272347073139063,22,-3.1344929604210883,0.740739635871563,-1.178920824684604,21,-1.2884190633190415,1.5830093953219126,1.2632727370677,22,0.1793453999999972,130,0.4,COMPLETE
68,-9999.0,2026-04-28 12:08:17.984377,2026-04-28 12:08:26.614604,0 days 00:00:08.630227,2,41,14,7,42,0.9,18,87,12,3,2.3800000000000003,1.2074378996317292,-0.02486214591553848,29,-1.6859446301397658,-1.3461785789514844,0.4487841198326495,3,0.5,0.9576704965865812,-0.5015548468890266,1.0078234896040426,0.003352600000039452,5,-1.3461785789514844,1.1029877795181025,0.11637949826097671,9,-0.17760514455215945,0.5343702960361232,-0.14830242860410792,3,-0.9538376717300909,0.6809552642914436,-0.25931433731309905,5,-0.4738417770560328,3.4697064485080147,0.5146872158021454,3,-0.5820536768368988,0.4487841198326495,-0.37597542363918546,4,-0.1516009999999679,29,0.3793103448275862,COMPLETE
69,-9999.0,2026-04-28 12:08:26.619440,2026-04-28 12:08:33.955085,0 days 00:00:07.335645,2,48,13,7,53,0.9,14,76,11,5,2.7,2.1127727869904627,0.675002584057042,67,-1.7994930978665022,-1.2713161879768877,0.3795674407278547,9,0.6666666666666666,1.5953703242953705,-0.8525232804631996,1.2378532817171217,0.2697280000000024,13,-1.0597678650198146,0.7411946819798958,-0.4135166298646076,14,-0.5526440754059257,2.0364821271465385,0.9556427645916132,9,-0.7264239963961726,4.962068354154162,2.881822851478666,11,-1.2713161879768877,0.3795674407278547,-1.080921172247662,10,-0.589585437633808,3.319470836217205,1.4372596903842405,10,4.067962999999963,67,0.44776119402985076,COMPLETE
70,-9999.0,2026-04-28 12:08:33.959795,2026-04-28 12:08:41.324325,0 days 00:00:07.364530,3,50,11,6,58,0.95,14,79,12,3,2.2,1.6638060430469732,0.10942242264337561,34,-1.4940663200727422,-1.042201313121877,0.27496771416272503,1,0.3333333333333333,1.1524176887780255,-0.7447261083048627,0.27496771416272503,-0.5389599999999883,5,-0.8975711742384245,0.5744016699257682,-0.3566884078428867,8,-0.6130525820406705,0.8171448990530443,-0.10326692334332588,5,-1.042201313121877,2.480151217767136,1.546278011388047,9,-0.654268331616394,0.836170757373166,-0.1718927074868648,6,0.0,5.0,0.2810645631452724,1,0.6440759999999601,34,0.38235294117647056,COMPLETE
71,-9999.0,2026-04-28 12:08:41.329164,2026-04-28 12:08:48.691218,0 days 00:00:07.362054,2,39,10,5,60,0.8,14,83,11,3,2.2800000000000002,1.3445793253375742,0.4992823520168517,85,-1.9671977765818816,-1.9671977765818816,0.8092939046469457,9,0.6666666666666666,1.3125424486981152,-0.58788523640407,1.0087430866384344,0.0064656000000162805,9,-1.9671977765818816,1.7778812508278468,1.2919616669264888,15,-0.7913048958122538,0.9239355791546444,-0.13880046102320298,18,-1.604866335701521,1.591857641806367,1.288218020483356,19,-1.498033380156838,0.8092939046469457,-0.40710107005510476,12,-0.7020078629738619,1.9557644889512067,0.9549503557695571,12,3.018391199999959,85,0.49411764705882355,COMPLETE
72,-9999.0,2026-04-28 12:08:48.696124,2026-04-28 12:08:56.071057,0 days 00:00:07.374933,2,57,14,7,56,0.9,12,83,11,4,2.2800000000000002,1.227245770469431,0.4288046636144219,78,-3.1231589466249874,-2.053698981709802,0.13831665960770512,5,0.3333333333333333,1.2290025741569457,-2.053698981709802,3.454475910345003,4.30583800000004,17,-1.3828627341470527,0.3645187572070475,-1.1306546427439668,13,-0.6808080367542928,0.13831665960770512,-0.5721159979025225,5,-0.9807702408852003,2.1512972855763186,1.7087816224966579,16,-1.9894778724512123,0.7772073400688284,-0.5823277701261675,14,-1.5969248400360763,0.4776586700116841,-1.1566932300375088,13,2.4820444000000608,78,0.3717948717948718,COMPLETE
73,-9999.0,2026-04-28 12:08:56.075753,2026-04-28 12:09:03.440037,0 days 00:00:07.364284,2,33,12,6,58,0.8,15,82,14,4,2.22,2.60352246818206,1.5684587368193632,90,-1.878320264300915,-1.8757336146102026,0.7067863303260606,10,0.8333333333333334,2.2057781125931077,-0.426996532981091,1.3628344580043597,0.2527142000000371,10,-0.7234301669219007,3.7379841641981706,3.890754510863914,19,-0.4375498209920901,3.966516721504659,1.7399500343442176,13,-1.1040150813286371,2.705390227493908,2.4640125238628796,17,-1.8757336146102026,0.7067863303260606,-0.7749725248608508,17,-0.6017004125586306,3.141622907565204,1.838293676705982,14,9.715569200000097,90,0.5777777777777777,COMPLETE
74,-9999.0,2026-04-28 12:09:03.444939,2026-04-28 12:09:10.904625,0 days 00:00:07.459686,2,34,12,5,52,0.8,9,85,12,3,2.2600000000000002,1.7806110459611821,1.063107176202118,123,-1.9892428222150098,-1.9892428222150098,0.2911770688754048,13,0.6666666666666666,1.4736887754166232,-1.6217303186476077,0.2911770688754048,-1.2614142000000328,13,-1.9892428222150098,1.7756314277635001,2.111186810212584,28,-0.43249062129653404,5.0,4.187549727794715,25,-1.9324139027512364,0.9548982413189379,-0.10031513969505079,17,-1.3805479172755235,1.0951053061399783,0.3373626129257623,22,-1.0760531720183204,1.5668542316692726,1.1042732459747295,18,6.456543799999914,123,0.4796747967479675,COMPLETE
75,-9999.0,2026-04-28 12:09:10.909286,2026-04-28 12:09:18.216646,0 days 00:00:07.307360,2,50,12,7,58,0.95,17,84,11,3,2.2800000000000002,1.5278257885349877,0.1912723398893923,35,-1.3022922806107302,-1.0393877632750304,0.30035750116576965,4,0.6666666666666666,1.2700468346978657,-0.776893854521307,0.30035750116576965,-0.495129999999977,5,-1.0164614844769528,0.48573982978060143,-0.5295121736252573,8,-0.4590583801902237,4.129884700665122,1.1409228644226221,5,-1.0393877632750304,1.6792914809479325,0.701818156172962,8,-0.49168122837259026,1.3550528697554747,0.23815459361704594,5,-0.3220381193340087,1.2166283488950276,0.09138059874895799,4,1.142235999999941,35,0.4,COMPLETE
76,-9999.0,2026-04-28 12:09:18.221333,2026-04-28 12:09:25.618240,0 days 00:00:07.396907,2,39,10,5,47,0.8,9,75,10,4,2.3800000000000003,1.7006544605708473,0.7440841780343191,128,-4.331056421250228,-2.842565155690844,0.5841906632556267,19,0.5,1.304924618215113,-1.991440529561309,0.5841906632556267,-1.0288411999999636,20,-0.9930196640840862,2.2699521416878747,2.2575293924920414,20,-0.49772013493311684,2.4480194879089705,2.0116655403671135,23,-2.842565155690844,0.5869114629558145,-1.5463445406267207,24,-1.732838464783229,0.8319647571349482,-0.608673470434784,22,-1.1272815753451904,3.482888250481849,3.3791693464082284,19,4.440071400000045,128,0.4609375,COMPLETE
77,-9999.0,2026-04-28 12:09:25.622907,2026-04-28 12:09:33.016573,0 days 00:00:07.393666,2,41,11,5,53,0.8,10,82,11,3,2.58,1.3007791471846843,0.5733793173345899,138,-2.735504933484009,-2.4544683974552757,0.34027890792132304,20,0.8333333333333334,1.1926911981750425,-2.4544683974552757,0.34027890792132304,-2.2296000000000205,22,-2.35529268369508,1.7542598237384015,2.1411263531703195,27,-0.8629439749183194,1.3590021847515512,0.6417289130704829,20,-1.5663823242645571,1.0635120862919651,0.19374209485516491,22,-1.4443047978090349,1.0694243329154962,0.3294491564724833,25,-1.2051119654980056,2.2181975474893694,2.363829386439109,22,3.4193187999999264,138,0.4057971014492754,COMPLETE
78,-9999.0,2026-04-28 12:09:33.021364,2026-04-28 12:09:40.366887,0 days 00:00:07.345523,2,42,12,6,44,0.8,14,80,13,5,2.5,2.162858001332751,1.8974630203268135,107,-2.0380525997835615,-2.0380525997835615,0.7406634762617906,16,0.8333333333333334,2.1041603412536762,-2.0380525997835615,5.0,6.509790000000026,16,-0.6459034462998016,2.215204402978448,1.9382725287506064,19,-0.5526679045894511,1.7007708532495671,0.8506898137164098,17,-1.206530551522699,1.7871728366911308,1.7655731568111621,20,-1.5063661558413413,0.7406634762617906,-0.5578063976464209,16,-0.8914583455612718,1.5333364388155708,0.8782590203290974,19,11.78275999999987,107,0.48598130841121495,COMPLETE
79,-9999.0,2026-04-28 12:09:40.371678,2026-04-28 12:09:47.721251,0 days 00:00:07.349573,2,36,12,6,57,0.85,16,85,11,5,2.4000000000000004,1.582444087354367,0.5899844678066016,69,-1.4449605343939167,-1.4449605343939167,0.5779058549359092,8,0.8333333333333334,1.5090441778505597,-0.6533316342796468,1.7331623269771108,0.6059440000000471,11,-0.765257359584578,2.0005621041150943,1.8966990658126681,17,-0.7720829853031992,1.892462216709581,0.6457314335654107,10,-0.5374810707119329,2.1089763454188337,0.8324408301449315,8,-1.4449605343939167,0.5779058549359092,-0.6476398486808921,10,-0.5051372929387065,1.1815956759696726,0.2067313259974446,13,3.5748900000000416,69,0.463768115942029,COMPLETE
80,-9999.0,2026-04-28 12:09:47.725999,2026-04-28 12:09:55.112536,0 days 00:00:07.386537,3,41,12,7,35,0.95,11,88,12,3,2.3600000000000003,2.0007382197789516,0.3432295798885876,27,-2.4359210290454647,-1.9199107523097572,0.0,1,0.5,1.6234635853873949,-0.9286133057263807,0.0,-0.35072000000000436,1,-1.9199107523097572,0.6321746738296145,-0.48096323425518284,6,-0.5431814180098904,0.8180916468563058,-0.08950690408162654,5,-0.5279106509064396,5.0,2.094918481419561,4,-0.6621945444893661,1.1109143198220093,0.10103313672957803,5,-0.2863795091484583,4.443248678165781,0.7846159995192004,6,2.0536079999999846,27,0.48148148148148145,COMPLETE
81,-9999.0,2026-04-28 12:09:55.117225,2026-04-28 12:10:02.555471,0 days 00:00:07.438246,3,39,13,5,49,0.85,8,85,13,3,2.56,2.456274918422733,1.395253569593785,80,-2.0744924518562753,-2.0744924518562753,0.7515564742192143,11,0.8333333333333334,2.060841214981667,-1.369394004262497,0.7515564742192143,-0.4387140000000067,14,-2.0744924518562753,1.1782255351611717,0.3895240967458191,19,-0.5025519838518089,2.8609277670825253,1.412009095685618,14,-0.6202756129126654,5.0,3.438319391812561,11,-1.0941361331070976,2.0972355920616708,1.944267975234526,11,-0.6333896361883209,2.8497041420118165,1.6261148580841933,11,8.622018799999909,80,0.4875,COMPLETE
82,-9999.0,2026-04-28 12:10:02.560219,2026-04-28 12:10:09.936363,0 days 00:00:07.376144,3,37,13,5,47,0.85,13,86,11,3,2.7,2.0593183612044728,0.5956315531363906,42,-1.8979202185259403,-1.8979202185259403,0.2573714654251572,5,0.6666666666666666,1.754438410351825,-1.203349109190436,0.2573714654251572,-0.736939999999997,7,-1.8979202185259403,2.1177193281610234,1.3207058093917645,10,-0.41505882471253247,5.0,1.7029713822851233,7,-0.6269614221120305,3.2762133841391132,1.4016210110436633,6,-0.6290838458891044,1.2043249944653245,0.22245757063938942,7,-0.6082364995936571,0.5002809950362196,-0.3370264545416002,5,3.600844000000003,42,0.4523809523809524,COMPLETE
83,-9999.0,2026-04-28 12:10:09.941099,2026-04-28 12:10:17.320682,0 days 00:00:07.379583,3,49,14,7,45,0.9,11,84,12,4,2.3200000000000003,2.2747121406880995,0.9276653365016578,66,-2.231682341853939,-1.409425860756234,0.37988744722780426,9,0.8333333333333334,1.795155977458277,-0.9808010779711005,2.144680621508676,1.6126604000000322,13,-1.215803733317269,1.618777345355222,0.7557581869984897,13,-0.7115640905556586,1.5454009415759553,0.414146404196325,11,-0.6170778916208322,5.0,2.5169863001866633,9,-1.4062358890160775,0.37988744722780426,-1.406235889016083,11,-1.409425860756234,2.9595264884609374,1.6726766166445195,9,5.648207599999999,66,0.5151515151515151,COMPLETE
84,-9999.0,2026-04-28 12:10:17.325430,2026-04-28 12:10:24.759562,0 days 00:00:07.434132,2,31,13,5,49,0.85,10,86,11,3,2.66,1.19719090443222,0.4760835158736913,72,-1.8648394687743097,-1.7185254634852538,0.5588575140692297,7,0.5,1.2882572267074146,-1.201902645138912,0.9207969662416629,-0.09168859999999501,7,-1.7185254634852538,1.5836213625591677,1.3261180991194665,18,-1.057059099451825,1.5616382595441023,0.6405901550872173,13,-1.5929353435390685,0.5588575140692297,-0.6132115757043755,7,-1.2158324375082086,1.5936932582214551,1.6350977860549731,16,-0.8538129987018225,0.9645380659577031,-0.04040476931513881,11,2.8710217999999843,72,0.4166666666666667,COMPLETE
85,-9999.0,2026-04-28 12:10:24.764254,2026-04-28 12:10:32.118417,0 days 00:00:07.354163,2,52,13,7,43,0.95,18,83,11,5,2.7600000000000002,1.8705401057786777,0.5522084809317263,31,-2.0478154663360377,-2.0478154663360377,0.0,2,0.5,1.9201941400334217,-2.0478154663360377,5.0,3.6829764000000154,8,-0.5983465251012832,0.5177862428302518,-0.42488286437731837,7,-0.4470700036849516,0.0,-0.3966004478165974,2,-0.5391180815684039,4.245235579039951,0.860027157900678,4,-0.7654307226568283,0.253639780439624,-0.5322664504565644,4,-1.1311689779456717,1.2065790323622396,0.12399709034014439,6,3.293245999999983,31,0.3870967741935484,COMPLETE
86,-9999.0,2026-04-28 12:10:32.123368,2026-04-28 12:10:39.457967,0 days 00:00:07.334599,3,41,14,7,60,0.9,16,79,12,4,2.2600000000000002,2.151711181094873,0.5667011588977718,44,-1.6107074531204781,-0.8549236742128671,0.31289181326031484,5,0.5,1.8869008826583626,-0.6346654335651024,0.3325172560850466,-0.42258999999996716,6,-0.4443916472375352,3.650704201913769,1.9195345611017656,11,-0.6099018987090062,4.226130607436646,1.6730360899371854,11,-0.6233733626563593,3.8434318369802054,1.0994083024838952,6,-0.7276835223985697,0.31289181326031484,-0.5365401127549796,5,-0.8549236742128671,0.544591370893257,-0.33264188738126865,5,3.416342200000022,44,0.5454545454545454,COMPLETE
87,-9999.0,2026-04-28 12:10:39.462627,2026-04-28 12:10:46.864141,0 days 00:00:07.401514,3,43,11,6,51,0.9,12,89,13,3,2.6,2.255576154095907,0.627008330079413,48,-2.015904342464179,-1.7830295321873326,0.0,5,0.6666666666666666,1.7350696373419323,-1.2063254184119334,0.0,-0.9848299999999921,5,-1.7830295321873326,0.8613940408016189,-0.17819895678605757,11,-0.4223125996273737,4.283923322683643,1.0399446063276585,7,-0.6346679966448973,5.0,2.58992311282793,7,-0.6267303914685093,1.5296305108942798,0.760406750947018,11,-0.6347182596051293,1.8585090501959016,0.5348044671599217,7,3.784211999999987,48,0.5,COMPLETE
88,-9999.0,2026-04-28 12:10:46.868850,2026-04-28 12:10:54.312713,0 days 00:00:07.443863,3,32,13,7,53,0.85,8,82,11,3,2.62,1.938950675383422,1.0231954761756257,80,-1.7818195042727258,-1.6252785362507305,0.6124916910205803,10,0.8333333333333334,1.6698827008357515,-1.5581407898671935,1.202744818765839,0.2790012000000619,12,-1.6252785362507305,1.7613784108661472,1.5601503617689305,17,-0.41323394198864666,4.276503156250411,2.512596375267706,18,-1.343526058053232,2.7721184809371073,2.275014684860688,12,-1.2817547278979837,1.008467494460447,0.01896783754931075,11,-1.0386038944830438,0.6124916910205803,-0.506557602392943,10,6.256851800000107,80,0.45,COMPLETE
89,-9999.0,2026-04-28 12:10:54.317575,2026-04-28 12:11:01.778575,0 days 00:00:07.461000,3,35,13,5,47,0.85,8,86,11,3,2.7800000000000002,2.1621801770119258,0.9463715199177806,67,-1.988364546423603,-1.988364546423603,0.7834006925422553,9,0.8333333333333334,1.7132158716516341,-1.3713123096632678,0.7834006925422553,-0.2514587999999929,9,-1.988364546423603,1.6196317337932942,1.2246214183231574,16,-0.45438762776928737,5.0,2.842373214960392,13,-0.6152924404606036,3.5110172946847213,1.7911063812117822,9,-1.294632960538808,1.008568123241563,0.020600394956549195,11,-0.9779327966132338,1.0504632178097193,0.05098651005479571,9,5.775593600000062,67,0.43283582089552236,COMPLETE
90,-9999.0,2026-04-28 12:11:01.783543,2026-04-28 12:11:09.193836,0 days 00:00:07.410293,3,33,12,5,53,0.85,8,84,11,5,2.58,1.9833551279472064,0.8667300540164032,74,-2.3972352431210595,-1.9955673289371372,0.3032188400263686,10,0.6666666666666666,1.5808774738828397,-0.9802931187983293,0.8133259219668832,-0.26195039999997727,10,-1.1861427188478475,1.8659911593590175,1.6028356343554595,15,-0.5991652978142322,5.0,3.762455363327444,12,-0.5966802995118154,2.4563564543230116,1.4095362578755655,10,-1.9955673289371372,0.3032188400263686,-1.8826474267932158,11,-1.2078082504953267,1.461238392007959,0.5701508953331436,16,5.2205723999999565,74,0.47297297297297297,COMPLETE
91,-9999.0,2026-04-28 12:11:09.198720,2026-04-28 12:11:16.569098,0 days 00:00:07.370378,2,41,11,5,47,0.9,11,80,13,3,2.3600000000000003,1.3569561583304839,0.2113051708185154,74,-2.9972334851514413,-2.17116573393573,0.4493276631490525,7,0.6666666666666666,1.135058028882208,-1.34820214537514,0.4493276631490525,-0.5244327999999854,7,-2.075208430143213,1.1306102359543155,0.2913061047618015,18,-0.7017699417809057,1.640828867190354,0.69994084198306,15,-1.0277440593506955,1.3523052962041586,0.43005567267693223,9,-2.17116573393573,0.5246296065994921,-1.363867129409424,13,-0.483379422490214,3.04403528088553,1.7348283348987081,12,1.2461047999999142,74,0.44594594594594594,COMPLETE
92,-9999.0,2026-04-28 12:11:16.573848,2026-04-28 12:11:23.975292,0 days 00:00:07.401444,3,31,12,6,48,0.8,12,78,10,5,2.3600000000000003,2.0128354132656083,0.7159437029439163,80,-3.109589105605787,-2.262802703320229,0.4153015616234794,11,0.5,1.4190333806762483,-1.2787959146409011,0.6678905541372545,-0.5528791999999783,12,-0.7292680635297842,2.4752134067114087,2.568785078391067,18,-0.6609053716141541,2.9517897324776783,1.8367948121211342,12,-0.5227812150339696,5.0,2.9851556884972874,11,-2.262802703320229,0.4153015616234794,-1.6758030372838517,14,-1.5274135069390515,0.5668172246438299,-0.8663911240621602,13,4.2720956000000365,80,0.475,COMPLETE
93,-9999.0,2026-04-28 12:11:23.980099,2026-04-28 12:11:31.355574,0 days 00:00:07.375475,3,30,14,6,44,0.9,15,81,11,5,2.3600000000000003,2.1678902487065748,0.6276340898070184,17,-1.165000775731746,-0.7663970729387951,0.0,0,0.5,3.054995599185666,-0.7663970729387951,0.0,-0.284350000000011,1,-0.6671742750943009,2.574345921658665,1.2579686338102025,6,-0.6165893942244055,0.805254801536469,-0.045190433991071366,2,-0.5435310045673877,4.627740769044313,1.928491973351365,5,0.0,0.0,0.0,0,-0.12296344577866353,5.0,0.908884365671625,3,3.80570799999993,17,0.5882352941176471,COMPLETE
94,-9999.0,2026-04-28 12:11:31.360482,2026-04-28 12:11:38.751627,0 days 00:00:07.391145,3,37,12,6,49,0.9,13,79,10,5,2.2600000000000002,2.7714111967010653,0.6432277392210065,48,-2.125498761009044,-2.125498761009044,0.31418961584236,5,0.8333333333333334,1.7066142062321903,-0.6559691121878714,1.1068065628344077,0.05390100000002285,5,-0.7035630374775701,1.8544650652509074,1.1131354088832701,11,-0.6042848191547409,5.0,2.2136608896795362,11,-0.533030380099653,3.7980865221524454,1.4517385649739367,7,-2.125498761009044,0.31418961584236,-1.581905978039344,8,-0.3638995208304928,4.5549194141262745,0.6088365498286175,6,3.8774111999999805,48,0.5625,COMPLETE
95,-9999.0,2026-04-28 12:11:38.756533,2026-04-28 12:11:46.186534,0 days 00:00:07.430001,3,42,10,6,39,0.8,10,80,13,3,2.56,1.3572022647267106,0.7137917515313804,133,-3.4338358314977473,-3.022636455673247,0.23497664038013086,18,0.8333333333333334,1.2364019982833376,-3.022636455673247,0.23497664038013086,-2.9753211999999585,24,-2.2878887087173903,1.0409233751358529,0.11489035715319673,24,-0.9832507310837082,1.4105345045880036,0.6475916482373334,18,-1.2768356438820192,2.3815188787185098,3.1617239199858815,19,-1.4158619248761126,1.2396331019598466,1.1713565192412068,26,-1.8873775923180445,1.8356270875779201,2.1625092645706223,22,4.24422200000012,133,0.39097744360902253,COMPLETE
96,-9999.0,2026-04-28 12:11:46.191285,2026-04-28 12:11:53.554184,0 days 00:00:07.362899,2,40,14,7,46,0.9,15,81,14,3,2.64,1.2940961241459934,0.22922411390980577,47,-2.869410298692916,-1.9197334418810608,0.5745303289598771,5,0.6666666666666666,1.213298023049136,-1.3852990242165404,0.5745303289598771,-0.35800719999998787,6,-1.9197334418810608,0.8758137228427787,-0.2538451840356615,13,-0.32801674155292115,1.3172423367143136,0.1425545277638829,5,-0.8183214417200907,2.7042898978382723,1.5319488230470135,8,-0.6453378126336049,1.2444181319144285,0.25819356690133244,6,-0.8366985901411109,1.04828232660629,0.054500149782255036,9,1.3716364000000425,47,0.3829787234042553,COMPLETE
97,-9999.0,2026-04-28 12:11:53.558972,2026-04-28 12:12:01.063531,0 days 00:00:07.504559,3,31,13,5,53,0.95,8,90,12,3,2.4200000000000004,2.136974806967269,0.3899771243663401,12,-0.8062950264206695,-0.8062950264206695,0.0,1,0.5,2.7559398113490223,-0.30811450749200503,1.8223626562679622,0.14340359999998054,2,-0.7216541902429016,5.0,1.1416326576700886,1,-0.8062950264206695,0.9994861855356506,-0.00026696503193646137,3,-0.3422608149276399,5.0,1.6728221654786157,2,-0.30015320029089965,0.0,-0.300153200290898,1,-0.46929754094661896,0.0,-0.31757551162781006,3,2.345584399999967,12,0.5,COMPLETE
98,-9999.0,2026-04-28 12:12:01.068680,2026-04-28 12:12:08.451371,0 days 00:00:07.382691,3,32,13,7,58,0.9,15,87,10,3,2.3600000000000003,2.1352948668574783,0.4599115151361688,20,-1.7936869704207774,-1.7936869704207774,0.0,0,0.5,2.2357736252477514,0.0,0.0,0.0,0,-1.7936869704207774,4.346894063129107,1.7622735999999861,4,-0.17373721358454278,5.0,0.8893602392940236,5,-0.6287691099679129,2.6256284943334918,0.7335075044551553,4,-0.5167100999692243,0.2786175180415415,-0.394352450798241,3,-0.6137699893175325,0.5606291256407301,-0.23131980213391135,4,2.7742499999999337,20,0.55,COMPLETE
99,-9999.0,2026-04-28 12:12:08.456223,2026-04-28 12:12:15.863650,0 days 00:00:07.407427,3,58,14,7,41,0.9,17,79,13,4,2.2600000000000002,2.564598546825049,0.9173822451511716,48,-0.9380867125181168,-0.7515265819887362,0.49129301379677115,5,0.6666666666666666,2.280963476027361,-0.7102887248956304,3.6163741550303716,2.1210422000000007,10,-0.7301581575958002,0.9931138048775322,-0.0061023662368930864,10,-0.6875483342819176,0.49129301379677115,-0.43112766725561524,5,-0.6281041238092305,5.0,1.8254319517857054,10,-0.7515265819887362,2.2656215224000023,1.2786705041575086,7,-0.31569433751578735,3.021188784845616,0.7163788484563227,6,5.605534599999973,48,0.5416666666666666,COMPLETE
100,-9999.0,2026-04-28 12:12:15.868465,2026-04-28 12:12:23.321671,0 days 00:00:07.453206,3,45,10,6,51,0.8,9,81,14,5,2.3000000000000003,1.2196245604661662,0.32097460740566075,147,-4.68725494266865,-3.1664094882902227,0.389601832712968,22,0.6666666666666666,1.1028408626114081,-1.9026995837401897,1.1176376391938914,0.30266399999998583,22,-0.9497292443342554,0.9480442949394905,-0.12657689729950183,25,-0.8306625032952039,1.8547015449252746,1.61646879966022,23,-1.3750123332400332,1.5079393082124886,1.8978699870101146,31,-3.1664094882902227,0.389601832712968,-2.943755697048833,22,-0.6421661580535123,1.499822742812885,1.179177452111979,24,1.8606010000000728,147,0.4557823129251701,COMPLETE
101,-9999.0,2026-04-28 12:12:23.326476,2026-04-28 12:12:30.714395,0 days 00:00:07.387919,2,36,12,6,50,0.8,13,89,13,5,2.2,1.665546491128432,0.7973879292962617,98,-3.347589802695433,-3.347589802695433,0.4345423172472728,13,0.8333333333333334,1.4578845662131794,-0.9190084756229054,1.9361977573904672,1.1020920000000434,16,-0.920489359454616,2.4969416336112404,2.743521865007481,21,-0.8678797583952227,1.7983703583590118,0.9479681754710478,17,-1.2885365308382295,2.1461665862469257,1.6763061345467012,14,-3.347589802695433,0.4345423172472728,-1.8872005740400266,17,-0.6964322036844921,1.181060293915672,0.20163997479232254,13,4.817170000000104,98,0.5204081632653061,COMPLETE
102,-9999.0,2026-04-28 12:12:30.719164,2026-04-28 12:12:38.184358,0 days 00:00:07.465194,3,35,11,5,50,0.85,9,88,15,3,2.2800000000000002,2.561807388883068,1.2584391362415237,81,-1.9026872982642373,-1.9026872982642373,0.08062448810964151,9,0.8333333333333334,1.954626330255387,-1.4309214579503604,0.08062448810964151,-1.2684532000000082,9,-1.9026872982642373,2.9931737093990325,2.771402746827034,17,-0.4114191680552452,4.684736330878909,2.317944512436032,14,-0.6115162553353968,5.0,2.443564434728196,9,-1.1654677479206148,1.4156849859557645,0.9587201650668398,16,-1.1375950733441786,1.1966248189550595,0.32745615839104847,16,7.727938799999912,81,0.5432098765432098,COMPLETE
103,-9999.0,2026-04-28 12:12:38.189252,2026-04-28 12:12:45.581683,0 days 00:00:07.392431,3,30,12,5,47,0.9,15,87,10,5,2.4000000000000004,2.5753680333678592,0.4360642799649909,18,-1.0131343685553216,-0.7282000838807478,0.0,1,0.6666666666666666,2.2423575660731734,-0.6570625596931752,0.0,-0.4064700000000032,2,-0.7282000838807478,2.4745911618157734,1.179705147513066,5,-0.6186944962166893,0.5034786253143275,-0.18810651430150038,3,-0.5515345293833654,2.4741384130770556,0.7863379837724782,4,-0.18215744996810662,5.0,0.6405617263954166,1,0.0,5.0,0.6043573364104882,3,2.6356739999999323,18,0.5,COMPLETE
104,-9999.0,2026-04-28 12:12:45.586638,2026-04-28 12:12:52.996971,0 days 00:00:07.410333,3,31,13,6,56,0.95,16,87,10,5,2.3400000000000003,2.5,0.38404269046223294,5,-0.7226814796417425,-0.7226814796417425,0.0,0,0.5,5.0,0.0,0.0,0.0,0,-0.7226814796417425,5.0,1.1048145999999592,1,-0.2570987843641154,0.0,-0.1532073429073022,1,-0.3469553964640442,5.0,0.7255813963809254,1,0.0,0.0,0.0,0,-0.12438190331689258,5.0,0.6270674892998152,2,2.3200055999999414,5,0.8,COMPLETE
105,-9999.0,2026-04-28 12:12:53.001711,2026-04-28 12:13:00.413228,0 days 00:00:07.411517,3,41,10,7,54,0.8,11,81,15,5,2.7800000000000002,1.9324178014132432,1.7138506430948848,137,-4.358710536576162,-3.255266465459227,0.311419165530584,19,0.8333333333333334,1.622619664204191,-1.5944778893997966,2.083929837518473,2.6417538000000462,21,-1.1964518703123739,2.210716927906179,3.412007170906284,28,-0.5752104328112301,3.414593122278684,3.4325590783043536,23,-1.3410774756464645,1.7733212471737674,2.3894787557756203,26,-3.255266465459227,0.311419165530584,-2.978998745663841,19,-1.1682760560680794,1.800526508071771,1.3863037992468463,20,10.573912400000008,137,0.45255474452554745,COMPLETE
106,-9999.0,2026-04-28 12:13:00.418126,2026-04-28 12:13:07.850307,0 days 00:00:07.432181,2,45,11,6,60,0.8,10,84,10,3,2.3200000000000003,1.0619963913654882,-0.09070281809172576,134,-3.5886075406937357,-3.5428415880787845,0.22775819314439927,17,0.8333333333333334,0.966699315764456,-3.5428415880787845,0.22775819314439927,-3.344625599999995,25,-2.5955252364798795,1.189911680392398,0.47430285469984845,22,-0.9189282308915467,1.051464119084639,0.08348348910889314,17,-1.4210567674392165,1.4111980938295818,1.0298261819276622,21,-1.5442480825244118,1.0451039808125406,0.2512628184419885,30,-2.11283073528264,1.4465422809293706,0.9615333472712484,19,-0.6108863999999881,134,0.3805970149253731,COMPLETE
107,-9999.0,2026-04-28 12:13:07.855173,2026-04-28 12:13:15.287916,0 days 00:00:07.432743,2,37,10,7,44,0.9,9,88,11,5,2.58,2.294211495102229,1.0061438552272723,61,-1.5417579181593235,-1.2053753473500461,0.704627404127712,6,0.8333333333333334,2.012765633628728,-0.8526593034610853,0.704627404127712,-0.2521713999999897,8,-0.5990588394177654,2.6857293745626016,2.608061785918392,17,-0.4586606276453165,2.750976412899527,0.9559522830058009,9,-0.5399820180676458,1.3131493141443389,0.21563622128046855,6,-1.2053753473500461,1.3107864648791954,0.6877544299958682,13,-0.18692036880707655,5.0,1.8216298111630946,8,6.161990199999923,61,0.4918032786885246,COMPLETE
108,-9999.0,2026-04-28 12:13:15.292841,2026-04-28 12:13:22.746790,0 days 00:00:07.453949,2,31,10,5,49,0.85,10,85,14,3,2.24,1.6403836545971655,1.2692220089556172,106,-1.9474489615501114,-1.9474489615501114,0.9545882537278318,11,0.8333333333333334,1.6390592776561221,-1.9474489615501114,0.9545882537278318,-0.08694760000003132,13,-1.612902326966668,2.7393568084151374,2.714191124041787,19,-0.8800851970413115,1.6029788239423646,0.8703998179248273,18,-1.5537616175738926,1.1307957707289917,0.1816416112553787,11,-1.19278449505519,1.6851838101842778,2.238805820472578,21,-1.0165523488199364,1.7293984605843902,1.6972412800391634,24,7.827491999999903,106,0.5188679245283019,COMPLETE
109,-9999.0,2026-04-28 12:13:22.751494,2026-04-28 12:13:30.218148,0 days 00:00:07.466654,3,30,12,5,34,0.8,9,78,11,4,2.66,1.8228207500297102,1.106230347528945,87,-1.6325256600771751,-1.6325256600771751,0.8460676038085702,9,0.8333333333333334,1.7038251917663179,-0.9748992121702666,0.8460676038085702,-0.17104659999996885,9,-1.6325256600771751,2.694789457321478,2.4573261728695783,16,-1.1859892207888527,2.9808133537303263,2.8610435992282968,20,-0.6099106473398804,2.355210773721516,1.3591728871199082,11,-1.1857089681195907,1.0437731082595685,0.0981429055041394,17,-1.5569652636411209,1.016270203336803,0.03274312045171701,14,6.77798439999997,87,0.5172413793103449,COMPLETE
110,-9999.0,2026-04-28 12:13:30.223054,2026-04-28 12:13:37.602721,0 days 00:00:07.379667,3,57,14,6,57,0.9,15,90,11,3,2.24,1.6821776179863217,0.2350655717269723,42,-2.0248046238855113,-1.1923197351337649,0.0,3,0.5,1.2926981608579533,-1.1923197351337649,0.0,-1.133459999999975,6,-0.8427108229249792,0.5617515025732922,-0.3694989224867995,9,-0.5262793716978046,0.19221758932579883,-0.3835237418539861,3,-0.8394311618763146,5.0,1.9643214025642397,8,-0.8230083326685418,1.213450140930907,0.3080587561971049,10,-0.6793577784691721,3.1256464750879327,1.0244959359412498,6,1.3873044000000556,42,0.40476190476190477,COMPLETE
111,-9999.0,2026-04-28 12:13:37.607531,2026-04-28 12:13:45.014495,0 days 00:00:07.406964,2,42,12,6,59,0.9,16,86,12,5,2.24,1.8064093599514515,0.6292468499139909,56,-1.0964539007470266,-0.954802377668975,0.6540226113414571,7,0.6666666666666666,1.7852674149545245,-0.5336403953212328,0.8180800630595441,-0.12924319999999545,8,-0.7007193180391008,2.538353773403518,1.6026360981776122,13,-0.7030105709286246,2.4204346293903276,0.9533460141707417,11,-0.727705910740918,2.4889640499700003,1.0657769570323827,7,-0.954802377668975,1.918601032543862,0.6169851705405183,7,-0.6105968279951308,0.6540226113414571,-0.3340199404373134,10,3.8212839999999693,56,0.5,COMPLETE
112,-9999.0,2026-04-28 12:13:45.019259,2026-04-28 12:13:52.448402,0 days 00:00:07.429143,3,33,13,5,60,0.85,10,85,14,4,2.5,2.569800618000617,1.480621562553673,68,-1.4613389331986528,-1.1251445228997317,0.711208074122074,9,0.8333333333333334,2.348124316657308,-1.1251445228997317,0.711208074122074,-0.3699799999999809,9,-0.7279343949151619,4.977650246829719,4.8767028251123445,18,-0.3442823265583714,4.003907642721635,2.0158260205794587,12,-0.7464657021584603,3.065518743577148,1.7347297466794753,10,-1.0049236845833938,1.1147454080188117,0.19061890166938156,10,-0.8834300260937981,1.5457735927343181,0.43583188128135664,9,9.124375000000008,68,0.5588235294117647,COMPLETE
113,-9999.0,2026-04-28 12:13:52.453959,2026-04-28 12:13:59.808971,0 days 00:00:07.355012,2,36,11,6,60,0.8,17,87,13,5,2.3400000000000003,1.5988122456782603,0.8618100681639521,85,-1.300632381937132,-1.300632381937132,1.0529690768771325,12,1.0,1.6293466947977597,-0.6522637227788404,1.4592194518196548,0.46007360000006603,13,-0.7663678876490958,2.386084105210072,2.5457100600809968,18,-0.8266975282404893,1.126368839427653,0.1697470887270125,15,-1.300632381937132,2.4250090183754662,1.7532636256568424,13,-1.263879043325673,1.0529690768771325,0.0860855460190546,14,-0.8186357165073491,1.1432229823595816,0.15598048849974067,12,5.255913400000112,85,0.4823529411764706,COMPLETE
114,-9999.0,2026-04-28 12:13:59.813820,2026-04-28 12:14:07.264813,0 days 00:00:07.450993,3,31,11,5,57,0.8,12,83,14,3,2.2600000000000002,1.4200117281893938,0.7317331634487556,82,-2.0293595690239616,-2.0293595690239616,0.23222361947624473,6,0.6666666666666666,1.5174509710336943,-1.2071642528720832,0.23222361947624473,-0.6960200000000194,6,-2.0293595690239616,1.9792964173897103,1.7071815248492328,17,-1.5706527434280217,1.5043467656935345,0.8148903700294641,19,-1.0054561330579264,1.6611763723509074,0.7776405581265466,8,-0.6319488470653636,2.229007503538781,1.9122209688946068,19,-1.06839802223475,0.9140196906871859,-0.12551444120729727,13,4.445074599999854,82,0.5,COMPLETE
115,-9999.0,2026-04-28 12:14:07.269695,2026-04-28 12:14:14.679470,0 days 00:00:07.409775,2,49,11,5,54,0.8,12,88,12,5,2.3800000000000003,1.2491962623727164,0.651889741272656,127,-2.5204679356518755,-2.044197431956673,0.6402986583174094,16,0.5,1.2589623693798644,-2.044197431956673,2.0194274147792677,2.6591967999999966,23,-1.5463175955458681,0.6402986583174094,-0.9221299498809343,23,-0.9999303561263075,1.2626183885178455,0.45423246195901434,20,-1.3164410772116255,1.8025531673647002,2.216776530775677,23,-1.233104748449785,0.9574341348192151,-0.1345860024701273,22,-0.9784851910828514,0.8128458104378604,-0.36215139274768937,16,3.921257400000111,127,0.41732283464566927,COMPLETE
116,-9999.0,2026-04-28 12:14:14.684180,2026-04-28 12:14:22.153663,0 days 00:00:07.469483,2,41,10,7,54,0.95,9,85,11,3,2.3800000000000003,2.2866291037896134,1.1594794287791792,57,-2.025239729883228,-1.675040657109787,0.8873876596715131,2,0.8333333333333334,2.182565430901365,-0.9257488561724467,0.8873876596715131,-0.039495400000011394,2,-1.675040657109787,1.6604267741249223,0.9935686138983657,13,-0.4968582106402857,2.4017093093475053,0.8737072219758169,11,-0.8182079934983859,4.279889689857478,1.9211865859201982,8,-1.0435082072180075,1.6077115883176167,1.0208216602872744,9,-0.7892897280256909,2.8826496014186453,2.187087890593431,14,7.144906600000023,57,0.5614035087719298,COMPLETE
117,-9999.0,2026-04-28 12:14:22.158573,2026-04-28 12:14:29.549354,0 days 00:00:07.390781,3,30,14,7,45,0.85,11,79,13,4,2.3200000000000003,2.6562307619216683,0.9795822437761169,49,-2.226535936591035,-1.2513448448555766,0.10866015921683521,5,0.6666666666666666,2.2246924217462944,-1.1591492009266864,0.4913903053861197,-0.5286184000000027,7,-0.6346763672036178,5.0,2.6838352469410243,8,-0.6059555684248092,3.816540996572601,1.6734728509139707,11,-0.608412806394221,5.0,2.939023440002142,11,-1.2513448448555766,0.10866015921683521,-1.1856124892609787,7,-0.8397897565194653,1.520793110354453,0.2953928140605466,5,5.94710639999998,49,0.5510204081632653,COMPLETE
118,-9999.0,2026-04-28 12:14:29.554035,2026-04-28 12:14:37.025481,0 days 00:00:07.471446,3,31,11,5,60,0.85,8,81,15,4,2.2,2.614810409354253,1.9037273256253335,94,-1.213129592547398,-1.213129592547398,1.8321006038044383,11,1.0,2.5050779465742936,-1.213129592547398,1.8321006038044383,0.9164340000000326,11,-0.7200901939624429,3.730611259190345,3.0251544560125687,15,-0.30110374408548113,3.4243366595629614,2.5494061170665105,21,-0.9121537673584637,2.628455574045666,2.1017968951240418,16,-0.9892476949711774,1.846401634791912,1.8339155659326867,19,-0.8369178063689231,2.2269567247301976,0.9956569196161613,12,11.961019999999989,94,0.5851063829787234,COMPLETE
119,-9999.0,2026-04-28 12:14:37.030409,2026-04-28 12:14:44.384256,0 days 00:00:07.353847,3,56,14,7,49,0.95,15,86,11,5,2.5,1.7685925230061204,0.24535067623078222,32,-1.2862960192560036,-0.9359556698375984,0.1820338395545403,4,0.5,1.443105512861311,-0.7863189169249866,1.2128260143156362,0.12101499999999099,5,-0.7977659497630349,0.8709087251191471,-0.10254091011761002,8,-0.7578540752033075,0.8985187779402645,-0.04925096244839944,5,-0.5489499582982994,5.0,1.881186474739338,5,-0.9359556698375984,0.1820338395545403,-0.7414160641325718,4,-0.4534857660856738,2.447267781107135,0.36311051934394545,5,1.4616499999999588,32,0.46875,COMPLETE
120,-9999.0,2026-04-28 12:14:44.389051,2026-04-28 12:14:51.809015,0 days 00:00:07.419964,2,43,12,5,40,0.95,12,77,11,3,2.3000000000000003,1.8121135003761537,0.20177036739473242,39,-2.3142712083769474,-1.658313173088994,0.24771161104890735,5,0.5,1.2383617725544047,-1.3499063080857905,0.24771161104890735,-0.6517299999999837,5,-1.658313173088994,0.5049630929391656,-0.5083148403087101,6,-0.42266585645883437,2.4383177570093246,0.6523873735133634,9,-0.8651454062150926,4.597780526986276,1.958475258585901,6,-1.0627035174732495,0.563903946043204,-0.7598148119357995,7,-0.35045752396863034,2.520004068230045,0.5196192245136233,6,1.1889080000000218,39,0.46153846153846156,COMPLETE
121,-9999.0,2026-04-28 12:14:51.813807,2026-04-28 12:14:59.222446,0 days 00:00:07.408639,3,35,13,5,56,0.85,14,81,15,5,2.4000000000000004,2.4294861822344047,1.037907038704063,64,-1.9390821791736759,-1.9171620956332014,0.3946405195205154,8,0.8333333333333334,1.9167328384581992,-0.9340935107308308,1.274025182049752,0.22917000000002297,8,-0.7235994585477896,2.7566802014713883,3.051720372422495,18,-0.591305044181917,4.204167315891577,2.1900400244427187,12,-0.520342351002614,4.597714860859993,1.8287174610158718,8,-1.9171620956332014,0.3946405195205154,-1.3165706706373959,9,-0.4424384164976307,1.3496890136132051,0.24436504498066558,9,6.324273999999952,64,0.53125,COMPLETE
122,-9999.0,2026-04-28 12:14:59.227432,2026-04-28 12:15:06.643333,0 days 00:00:07.415901,2,41,10,7,60,0.8,10,83,15,4,2.7800000000000002,1.6991799914577836,1.961258696943661,168,-3.57480243607659,-3.456803312602962,0.9375067551400298,26,0.8333333333333334,1.5475698814867185,-2.044984688363136,2.684525100612851,4.964194400000044,26,-1.409236909520206,1.819983424113762,2.4224245368000386,31,-1.397922396452197,1.689785377099556,1.636464120087333,26,-2.219647032200463,1.0979164493488376,0.33847727245881476,28,-3.456803312602962,0.9375067551400298,-0.3906847210461084,30,-1.526240310980345,1.9653628424316643,2.796676573361845,27,12.261880200000054,168,0.40476190476190477,COMPLETE
123,-9999.0,2026-04-28 12:15:06.648239,2026-04-28 12:15:14.102635,0 days 00:00:07.454396,3,59,12,7,55,0.85,9,76,11,3,2.46,1.270578869594008,0.2992901461243129,115,-3.349949264820775,-2.261273724996475,0.592492984261887,16,0.5,1.114980323702108,-1.2130095494472217,1.1151381263410232,0.2919165999999862,22,-1.167024533181174,0.7932345477350246,-0.42407445626581053,17,-0.661318565815643,1.0058396259784883,0.007604343875278197,16,-0.7589114229036594,3.130585676380504,3.74657565211558,18,-2.261273724996475,0.592492984261887,-1.7882380257404407,22,-1.9231739887633499,0.9861822568671199,-0.038043237238716276,20,1.7244449999999967,115,0.40869565217391307,COMPLETE
124,-9999.0,2026-04-28 12:15:14.107353,2026-04-28 12:15:21.480955,0 days 00:00:07.373602,3,30,13,6,57,0.85,12,88,15,3,2.24,1.9151846816022235,0.44971790511327453,40,-1.8699140032881898,-1.8699140032881898,0.3604362564480449,3,0.6666666666666666,1.599995018956869,-1.117405913005163,0.3604362564480449,-0.34715519999999334,3,-1.8699140032881898,4.811431385746926,2.3297450310219014,7,-0.4572206791733908,2.2650190366356213,0.7852398239708736,11,-0.6283456894638803,2.5440155423637854,0.6959508491142019,4,-1.2352011046820413,0.4889447038771086,-0.7793591775036024,9,-0.6141245353630852,1.0212611645418566,0.013886104076266115,6,2.6982075999999466,40,0.5,COMPLETE
125,-9999.0,2026-04-28 12:15:21.485836,2026-04-28 12:15:28.931444,0 days 00:00:07.445608,3,56,14,7,52,0.9,8,78,10,3,2.64,1.3965372119046107,0.1378451105819134,92,-2.2957972896357264,-2.2957972896357264,0.7848494184543829,11,0.3333333333333333,1.0692836488258342,-2.030937483824633,0.7848494184543829,-0.6243131999999707,21,-0.8153805282682015,0.8029408980299465,-0.29743573052718464,15,-0.45114739531194575,1.5733248676173963,0.4556793579595375,13,-0.8276843978145272,3.511040694948289,2.0445744768106344,11,-2.2957972896357264,0.8978658578459507,-0.3514328764548602,17,-1.6964356404908791,0.8092015345316972,-0.400001364296676,15,0.8048148000001198,92,0.41304347826086957,COMPLETE
126,0.47179182428682914,2026-04-28 12:15:28.936330,2026-04-28 12:15:36.372091,0 days 00:00:07.435761,3,45,14,5,60,0.85,9,81,15,4,2.3000000000000003,2.2272106149439184,1.5608729867130318,106,-1.7915972868359802,-1.7915972868359802,1.0640772593105534,16,1.0,1.8740734142569253,-1.7915972868359802,1.452893827075564,1.0532680000000072,19,-0.9471969933146178,2.1308511704219737,1.7869892144408706,19,-0.6098983381035481,2.0214277568707804,1.2191106630460746,18,-0.7912636072235831,4.1861658080218005,2.904739747070173,16,-1.4997209716319622,1.0640772593105534,0.20647532345847708,18,-1.5996224194339985,2.5078478679628375,2.1946549722625885,16,9.714618000000153,106,0.5283018867924528,COMPLETE
127,-9999.0,2026-04-28 12:15:36.379684,2026-04-28 12:15:43.845261,0 days 00:00:07.465577,3,44,13,5,59,0.85,8,81,15,4,2.2,2.073393430381768,1.3611400716634545,119,-2.43518025561816,-2.2208604062568615,0.48019318189877175,15,0.8333333333333334,1.6687579485540884,-1.6622731168423615,1.9485486177820646,2.221738000000051,23,-0.9365901027783958,2.018695838092094,1.841105460366954,23,-0.5100482256353565,1.8951968057605717,1.3804882414031772,22,-1.2379646180407524,2.8538756364843976,2.538983753860413,19,-2.2208604062568615,0.48019318189877175,-2.0318617108539216,17,-0.43044563684437687,3.2438505022727075,2.2163866852040526,15,8.371512000000125,119,0.5294117647058824,COMPLETE
128,-9999.0,2026-04-28 12:15:43.850204,2026-04-28 12:15:51.239865,0 days 00:00:07.389661,3,48,14,5,60,0.85,13,81,15,4,2.24,2.2380351594832963,1.0624481602986975,77,-1.9750313166805145,-1.2583560046915456,0.5240475469477143,9,0.8333333333333334,1.8549907771061602,-1.1392851696922617,2.1475804164385193,1.6346824000000204,14,-0.9373800297031092,1.4857734052067961,0.593182155700811,14,-0.6591469089372037,1.611613723722249,0.6303229384935216,13,-0.759967955262961,5.0,3.2600765840566703,15,-1.2583560046915456,0.5240475469477143,-1.050427533149012,12,-0.6471696436055796,2.6591958645844986,1.306852416690174,9,6.493851600000022,77,0.5324675324675324,COMPLETE
129,-9999.0,2026-04-28 12:15:51.244704,2026-04-28 12:15:58.696657,0 days 00:00:07.451953,3,31,13,5,46,0.85,10,84,14,3,2.24,1.7136783692184754,0.7402479148847453,64,-1.8783172547472697,-1.8783172547472697,0.5909380437802514,5,0.6666666666666666,1.6212729232898688,-1.1439005385351775,0.5909380437802514,-0.27974520000000336,5,-1.8783172547472697,2.2951483629154077,1.9127676757600964,14,-1.049924810144534,1.537431771845985,0.6718024621160001,15,-0.6308238175583056,2.0301985622277625,0.7535694647718083,7,-1.3279514115156497,0.9793780044784918,-0.04565285794834173,11,-0.6158006480556876,2.8489754700629546,1.4287459446089112,12,4.50642799999994,64,0.5,COMPLETE
130,-9999.0,2026-04-28 12:15:58.701750,2026-04-28 12:16:06.116691,0 days 00:00:07.414941,2,36,13,5,60,0.85,11,83,12,4,2.4000000000000004,1.7399209556843835,0.4211252225292635,79,-3.1595617349970095,-2.7438531361366985,0.20674475548401486,9,0.8333333333333334,1.274936994670698,-0.972645496349003,1.0183137776702702,0.027251999999999832,14,-0.6402000201454898,2.808489674510843,2.33408791436156,15,-0.42383713889748537,2.897491170381181,1.2176630900520902,12,-1.0142615324958852,1.590699159985933,0.8925048548187098,14,-2.7438531361366985,0.20674475548401486,-2.5506119544324135,15,-0.8198011767061308,1.9177871960740596,0.6058554303756347,9,2.4840419999999863,79,0.4936708860759494,COMPLETE
131,-9999.0,2026-04-28 12:16:06.121627,2026-04-28 12:16:13.551625,0 days 00:00:07.429998,3,49,14,7,56,0.85,10,80,14,4,2.3200000000000003,1.88932177490171,1.1962203198080779,112,-2.313979150584951,-2.061297344556623,0.7052820856303915,15,0.8333333333333334,1.5848058648793175,-2.061297344556623,1.1760914149495079,0.5436752000000045,23,-0.9496161483018727,1.8596855619492723,1.3759425416349114,19,-0.9500126602025939,1.418019124402355,0.699952820397387,20,-0.9488446781691054,4.036293269655973,3.34481560599742,19,-1.8156742053024786,0.7052820856303915,-0.8628236784189114,16,-1.495422941619137,2.1405591928227605,2.0757594292376558,15,7.341284400000125,112,0.49107142857142855,COMPLETE
132,-9999.0,2026-04-28 12:16:13.556422,2026-04-28 12:16:20.990718,0 days 00:00:07.434296,3,33,13,5,60,0.85,8,76,11,3,2.5,2.0622551349501994,1.2714819223101914,80,-2.018982469678617,-2.018982469678617,0.8568111497196955,9,0.6666666666666666,1.8859137011111133,-2.018982469678617,0.8568111497196955,-0.263319999999978,12,-1.595454592704032,2.789228764277056,2.9182944529535293,18,-0.41874863802662005,5.0,4.05268858047787,20,-1.3165101607591096,1.67408068976177,0.734912554871614,9,-1.2684925026930087,1.1553903448657588,0.31295947508460653,10,-0.9598126076209194,0.8980198610769166,-0.12664352952649338,11,7.792240000000006,80,0.5125,COMPLETE
133,-9999.0,2026-04-28 12:16:20.995654,2026-04-28 12:16:28.389087,0 days 00:00:07.393433,3,43,12,7,37,0.8,12,75,10,3,2.3000000000000003,1.2872807779448343,0.0494532579375373,92,-3.1126873198566036,-2.8784496044380155,0.11619839664343862,10,0.6666666666666666,1.0202830032506047,-2.8784496044380155,0.11619839664343862,-2.8310640000000165,18,-1.8943623594009373,0.9546428639279861,-0.0737097707851131,16,-0.6189556068797435,1.7284975309337267,0.7991786549232716,14,-0.9906647011947408,2.578895437320599,1.5793746555623267,10,-1.0066166373697787,1.1346325507459014,0.39868504114097814,19,-1.948789573604492,1.2108178880973544,0.42425496678377694,15,0.23892100000011407,92,0.43478260869565216,COMPLETE
134,-9999.0,2026-04-28 12:16:28.394271,2026-04-28 12:16:35.810950,0 days 00:00:07.416679,3,33,13,6,56,0.85,11,81,15,4,2.46,2.685434755899239,1.4953856165833779,73,-1.879054881476278,-1.6551045457210238,0.20325760056839684,8,0.6666666666666666,2.288407003561444,-1.3082838840804052,0.607470240719523,-0.5787184000000001,10,-0.7294568724760975,4.939090127631029,4.8395666627575995,18,-0.5863188433201436,4.328487729001026,2.9562475476539563,17,-0.5884181578195024,5.0,3.0220749418360615,11,-1.6551045457210238,0.20325760056839684,-1.2982760154704232,9,-0.8836487254732444,1.0343028374754613,0.03141896272307321,8,9.156283399999964,73,0.5616438356164384,COMPLETE
135,-9999.0,2026-04-28 12:16:35.815946,2026-04-28 12:16:43.208870,0 days 00:00:07.392924,3,51,12,7,52,0.85,8,78,12,5,2.3400000000000003,1.3259926392996007,0.20905735274258466,107,-3.7490743571735283,-3.030737672165887,0.217452604955597,13,0.5,1.09205420072162,-1.4496315540337192,0.8302545778510256,-0.3543893999999437,17,-0.9097026895646151,0.8555230477607795,-0.3273775914821475,21,-0.6232637205573147,2.116796432081006,1.190027407456995,13,-0.7276379843149159,2.7590938605363373,3.1323186226929423,22,-3.030737672165887,0.217452604955597,-2.7164343969192983,15,-0.8040316461147142,1.1768353126128577,0.3301994747069603,19,1.1667290000001218,107,0.4672897196261682,COMPLETE
136,-9999.0,2026-04-28 12:16:43.213779,2026-04-28 12:16:50.647343,0 days 00:00:07.433564,2,43,12,5,49,0.8,12,86,11,3,2.4000000000000004,1.0924548344255014,-0.07683163889267523,104,-2.863104260378622,-2.754800709890734,0.1906321597548884,14,0.6666666666666666,0.9657199488753307,-2.754800709890734,0.1906321597548884,-2.388055999999983,17,-2.145973055888578,1.5178942549783003,0.9272143990904258,17,-0.8394351728927367,1.293831954641351,0.4423987019663178,16,-1.5547370564543175,1.1079318297241645,0.26201972911257254,17,-1.395321742033702,0.844769102809829,-0.6922701891391325,23,-1.8906191048066117,1.5996697046444748,0.9877035256137479,14,-0.5015479999999184,104,0.40384615384615385,COMPLETE
137,-9999.0,2026-04-28 12:16:50.652197,2026-04-28 12:16:58.079648,0 days 00:00:07.427451,2,36,13,7,56,0.85,9,81,15,4,2.4200000000000004,1.9403623510778016,1.0706912198670555,107,-2.469598164951263,-2.063536552233945,0.5812413526294571,13,0.8333333333333334,1.5631706464522888,-1.1533311004470364,1.0130162482854113,0.023343600000025333,17,-0.9221528691676006,3.06072345390902,3.248755223575639,21,-0.6273410426999495,3.2561956248681216,2.1741416485182574,18,-1.2358524661330657,1.6987544316926912,1.4811906008735942,19,-2.063536552233945,0.5812413526294571,-1.536478333851421,19,-0.9047906955199464,2.032242995082109,1.0331945800862385,13,6.525159800000013,107,0.514018691588785,COMPLETE
138,-9999.0,2026-04-28 12:16:58.084486,2026-04-28 12:17:05.472424,0 days 00:00:07.387938,3,51,14,7,43,0.9,14,77,11,4,2.2600000000000002,1.595795143583116,0.26502073264923487,54,-1.7871014761680022,-1.7283797074527312,0.5473326840835164,7,0.5,1.2472114448237788,-0.9116277129721828,0.5473326840835164,-0.5345321999999597,10,-1.7283797074527312,0.5683291819983126,-0.6133155692049752,11,-0.7646003166668842,1.3302253971360487,0.2048186920749373,7,-0.8323990307557998,5.0,2.4584818344381754,11,-0.7474077439036292,0.6430498623432047,-0.4828749870769977,7,-1.4652404162831203,1.485833735937612,0.5575466256642292,8,1.5662798000000588,54,0.46296296296296297,COMPLETE
139,-9999.0,2026-04-28 12:17:05.477502,2026-04-28 12:17:12.934260,0 days 00:00:07.456758,3,38,10,6,60,0.8,10,89,13,3,2.3000000000000003,1.503554588397903,0.51556853578927,100,-3.7744963110214997,-2.8357743419044668,0.13969779000621182,14,0.8333333333333334,1.2410884231314772,-2.8357743419044668,0.13969779000621182,-2.7140470000000083,15,-2.1863042934559154,1.213646239627253,0.41945932317695167,18,-0.9165776010907974,1.3341523097781183,0.517181050207105,18,-1.0481188626837752,2.155035924061259,1.7942473164493489,14,-1.161800997126946,1.2278353508600308,0.7693383417155086,19,-0.5484137860926226,2.9509599160545448,2.3072321831867137,16,3.05434200000001,100,0.42,COMPLETE
140,-9999.0,2026-04-28 12:17:12.939190,2026-04-28 12:17:20.366111,0 days 00:00:07.426921,3,36,13,6,47,0.9,14,78,11,4,2.3400000000000003,2.3928787591532106,0.619388744624714,42,-2.1535077362929997,-1.202976946038429,0.1274589065716612,5,0.5,1.8114322120840651,-0.9435166790282756,0.32111129058311083,-0.4623299999999886,5,-0.634254223252565,3.3113859689214364,2.0323210298171634,9,-0.6057416362776143,5.0,1.7458164753761274,10,-0.6181509920500174,5.0,1.8139667768226841,6,-1.202976946038429,0.1274589065716612,-1.0151549669541349,5,-1.1100717875381687,0.5973163888430555,-0.398286847313567,7,3.7252934000000737,42,0.5238095238095238,COMPLETE
141,-9999.0,2026-04-28 12:17:20.371104,2026-04-28 12:17:27.717989,0 days 00:00:07.346885,2,37,14,5,57,0.9,17,90,13,3,2.6,2.1858729428522037,0.381791544065931,29,-1.8817920894963869,-1.8817920894963869,0.42094892635632136,3,0.6666666666666666,1.6700562740645442,-0.09285960603148634,5.0,0.8218879999999817,3,-1.8817920894963869,1.5573063316202826,0.7593529690695933,10,-0.32092178638812374,0.42094892635632136,-0.25456876665178596,4,-0.8121073451819965,1.5466009433750991,0.4826087474850915,6,-0.46381845696326995,3.8082290664097744,0.5731310844044435,3,-0.31849883433447174,0.7821523893517446,-0.09166276991173783,3,2.307579999999909,29,0.41379310344827586,COMPLETE
142,-9999.0,2026-04-28 12:17:27.722767,2026-04-28 12:17:35.084863,0 days 00:00:07.362096,2,60,13,7,57,0.8,17,89,11,5,2.68,2.017112891587709,1.402772924805804,93,-2.0518008049813306,-2.0418353108011202,0.5733301829324752,10,0.8333333333333334,1.70507862324292,-2.0339822079627456,4.47554747250131,4.3762356,15,-2.0057288816902377,0.5733301829324752,-1.1072436109201278,19,-0.8000768228578573,2.4637126568383385,1.2013810848594098,11,-2.0418353108011202,1.3215303504333549,1.0281000814082786,18,-1.5532626093550363,1.9951458532074626,2.5799027291228516,20,-1.4687022275960782,1.273410833613314,0.3382616643644143,10,8.623450000000066,93,0.45161290322580644,COMPLETE
143,-9999.0,2026-04-28 12:17:35.089794,2026-04-28 12:17:42.532494,0 days 00:00:07.442700,2,52,14,5,56,0.85,11,90,13,4,2.52,1.4847965717029918,1.1677630480185626,100,-2.280227799207462,-2.0640317178291276,0.5160547479384381,13,0.6666666666666666,1.5429370822409734,-2.033505121448082,3.145243561172262,5.496521599999982,23,-1.5029753540054451,0.7592857068156023,-0.436352965025133,16,-1.4208522145368103,0.5160547479384381,-0.812955273344862,13,-1.5334803434658404,1.4434773582219098,0.9267656008995706,19,-2.0640317178291276,1.137659281426963,0.3849761485481551,16,-1.6425941598377105,1.907058774642776,1.4476231770336634,13,7.08061080000002,100,0.37,COMPLETE
144,-9999.0,2026-04-28 12:17:42.537406,2026-04-28 12:17:49.944416,0 days 00:00:07.407010,2,56,14,5,57,0.8,15,88,13,4,2.72,1.5930693025448812,1.1356098619293022,96,-3.1388595196813904,-3.1388595196813904,0.4242714525115509,11,0.5,1.4734142150176497,-2.0226181658065086,5.0,7.06521400000002,18,-1.6358927630086357,0.6182728995398048,-0.7507278694646513,14,-1.0104250419679481,0.4242714525115509,-0.7565423145344585,11,-3.1388595196813904,0.9785498162055816,-0.07320671928331413,20,-2.1921494190393958,1.2159584151553717,0.7096398296749573,18,-1.53355734060267,1.3213632318569775,0.6192822451832614,15,6.785384400000027,96,0.375,COMPLETE
145,-9999.0,2026-04-28 12:17:49.949370,2026-04-28 12:17:57.328365,0 days 00:00:07.378995,2,59,13,6,49,0.8,15,90,13,4,2.52,1.8152545708053245,1.6653957551660312,91,-2.475629016380398,-2.2678225783323653,0.3499251227735443,9,0.8333333333333334,1.8622679921403862,-2.011410267843466,5.0,7.119716400000042,18,-1.2691114389969138,1.0927156772870479,0.13123821153060433,14,-0.8754445226716833,0.3499251227735443,-0.72443207001186,9,-1.8833407264959596,1.7103839655481397,1.8992380609677673,20,-2.2678225783323653,1.3386423818214974,0.9952197766469828,18,-1.5627183231751336,1.3998602774017181,0.5713941518626475,12,10.211676000000057,91,0.4725274725274725,COMPLETE
146,-9999.0,2026-04-28 12:17:57.333568,2026-04-28 12:18:04.706557,0 days 00:00:07.372989,2,58,13,6,58,0.95,15,75,10,5,2.62,2.2355103261614837,1.0517819846821874,45,-2.0428582101711856,-2.0428582101711856,0.5244814230940891,3,0.5,2.4524688759383726,-2.0428582101711856,5.0,3.895243599999998,11,-0.6021454164795792,0.8429260149903657,-0.18295043489362506,11,-0.3314030022664245,1.2093241849410228,0.0450095221292246,3,-0.5226679332004315,5.0,3.130130005207432,8,-0.9211817926314512,0.5244814230940891,-0.4566869973330334,6,-0.8443862397188471,0.836330333943424,-0.12005378701687164,6,6.382888999999947,45,0.4888888888888889,COMPLETE
147,-9999.0,2026-04-28 12:18:04.711752,2026-04-28 12:18:12.123869,0 days 00:00:07.412117,2,53,12,7,60,0.95,12,79,13,5,2.54,2.479127487775199,1.2683416894028965,51,-2.062188044285045,-2.0414458378126397,0.3267984001404018,6,0.6666666666666666,2.3148216891099933,-2.0414458378126397,5.0,5.618384799999965,12,-0.8554697749588644,0.36968441224025744,-0.6976008972256142,8,-0.7596199126953012,1.0014595645103708,0.0010526156211110305,6,-1.0726923407701114,3.176822549760165,2.3628544476555824,11,-1.1843155382776365,0.3267984001404018,-1.0002250409193447,8,-0.5714881287182583,5.0,1.3255842112856797,6,7.695993199999918,51,0.43137254901960786,COMPLETE
148,-9999.0,2026-04-28 12:18:12.128673,2026-04-28 12:18:19.521019,0 days 00:00:07.392346,2,57,14,5,51,0.8,12,85,14,4,2.58,1.252817615934959,0.8751771358196564,131,-5.240372421634009,-4.550546967687322,0.46805235456489364,14,0.5,1.2488498247282047,-2.0176156914931695,2.913038518903007,6.118222400000017,28,-2.0914506399535884,0.46805235456489364,-1.6943357694239158,19,-0.9757948421920839,0.5503897660604229,-0.6472054775144009,14,-2.3964927662163777,1.5814674618865268,2.0346272721242675,25,-4.550546967687322,0.760691160321328,-1.308502176315074,24,-1.8959975381383158,1.2432664338735768,0.7482565660470453,21,5.151012200000005,131,0.3816793893129771,COMPLETE
149,-9999.0,2026-04-28 12:18:19.525939,2026-04-28 12:18:27.008936,0 days 00:00:07.482997,2,49,10,5,42,0.8,10,87,10,3,2.3200000000000003,1.1372407841924101,0.018367448999541864,139,-3.4145009756660407,-2.6097628696390265,0.6212881759838637,18,0.5,1.0028528736888385,-2.6097628696390265,0.6212881759838637,-1.4239148000000146,26,-2.172971954565597,1.1852417724723139,0.5122463516130882,24,-1.085663501738126,0.8698803125083828,-0.24457596112216207,19,-1.2325586137957458,1.5726402319961148,1.4983914824334477,25,-2.5499992523900645,0.6259177082185329,-1.9962264639945881,27,-1.878694631208256,1.9484765039752519,1.7642840850674801,18,0.05168439999996277,139,0.4028776978417266,COMPLETE
150,-9999.0,2026-04-28 12:18:27.013891,2026-04-28 12:18:34.361759,0 days 00:00:07.347868,2,38,13,6,46,0.95,17,83,13,5,2.2600000000000002,3.484823086794453,0.529527306588882,18,-0.5696139745934395,-0.4746982923069329,0.0,2,0.8333333333333334,4.734630124880855,-0.4746982923069329,0.0,-0.3758000000000039,3,-0.28525373944941673,5.0,1.2917909503915581,2,-0.2597165317063436,2.3755867139465017,0.4190237223411275,5,-0.17779242453689312,5.0,0.6102649991693632,2,-0.1811190706201745,5.0,0.7959600057924288,2,-0.36623750794789584,3.5333518068202134,0.43592416183881877,4,3.211856600000007,18,0.6666666666666666,COMPLETE
151,-9999.0,2026-04-28 12:18:34.366709,2026-04-28 12:18:41.802964,0 days 00:00:07.436255,3,54,14,5,34,0.95,10,84,12,4,2.4800000000000004,2.089028787680705,0.05324681952679026,40,-1.584142326416135,-1.2487795298031377,0.36245972136899024,2,0.5,1.0610649527521636,-1.0506541253375352,0.36245972136899024,-0.965127599999982,11,-1.2487795298031377,1.304100976917104,0.3551815552195636,10,-0.7230165601210894,0.3672328039132724,-0.5271328961303112,7,-0.6475510860601055,5.0,1.556707220245146,5,-1.0355593562255598,0.5003792238848613,-0.5576895958174788,5,0.0,5.0,0.457542233643804,2,0.29861800000006156,40,0.425,COMPLETE
152,-9999.0,2026-04-28 12:18:41.807822,2026-04-28 12:18:49.169485,0 days 00:00:07.361663,3,46,14,7,34,0.95,11,84,13,4,2.62,2.564301735935239,0.4235081077674785,35,-2.0085860315978246,-1.572269741798946,0.0,2,0.6666666666666666,1.6446599607671897,-1.267158339799619,0.31559464392847136,-0.5361699999999803,5,-0.8783365732129458,1.2306348015088195,0.2379045729488105,9,-0.45750810615348925,3.8395809701741412,0.8536931610314769,6,-0.8184027071957096,5.0,2.6302667799551704,8,-1.572269741798946,0.0,-1.3815020792271926,5,-0.4153446397168837,5.0,0.736856211896586,2,2.5206140000000765,35,0.4857142857142857,COMPLETE
153,-9999.0,2026-04-28 12:18:49.174275,2026-04-28 12:18:56.604987,0 days 00:00:07.430712,3,49,13,5,35,0.95,12,85,14,4,2.58,2.179099436253879,0.23181039012645047,34,-1.8036779731256476,-1.3671948778162166,0.1269047271878683,2,0.5,1.34715430719221,-1.075284449403988,0.6091079431113076,-0.23114619999998753,5,-0.8710134567919626,0.8392482074697889,-0.1806718160372256,9,-0.4509233390649801,1.4993357397543106,0.22780539229509955,6,-0.6373287215948227,5.0,2.2112208144157375,7,-1.3671948778162166,0.1269047271878683,-1.1738304098757757,5,-0.10915127736840723,5.0,0.5374845599608546,2,1.366954800000042,34,0.47058823529411764,COMPLETE
154,-9999.0,2026-04-28 12:18:56.609958,2026-04-28 12:19:03.989519,0 days 00:00:07.379561,3,53,14,5,57,0.8,15,83,12,4,2.56,1.3900222677581944,0.4097637898892577,82,-3.5900317563818196,-2.263628056994288,0.40857611345001765,10,0.3333333333333333,1.2081025411298347,-1.2699401569601034,4.47050178513471,4.27704640000004,18,-1.2194779046322197,0.592826740225918,-0.5067631067847245,11,-1.0277538941488669,0.40857611345001765,-0.7717971443295557,10,-1.4626465996017906,1.3128821146272962,0.6436538566894079,15,-2.263628056994288,0.7647018299246359,-0.6751191684148838,14,-1.6300520748138103,0.7906450231865889,-0.5084380978247371,14,2.3877747999999643,82,0.4024390243902439,COMPLETE
155,-9999.0,2026-04-28 12:19:03.994314,2026-04-28 12:19:11.444769,0 days 00:00:07.450455,3,38,12,5,37,0.8,10,81,15,4,2.52,1.6147344886339168,0.8498637829052154,114,-2.969811852443028,-2.1221792429249393,0.5794453874938024,15,0.6666666666666666,1.3864296555820246,-1.5695694580227701,0.5794453874938024,-1.127267200000004,22,-1.0810159997202669,1.992094306186937,1.953479736326269,19,-0.5211399993599726,2.607116406279234,2.1276666832572344,21,-2.1221792429249393,1.4800601261869195,1.1943474658680175,20,-1.9073395625759462,0.7342503198686706,-0.8592906217154916,17,-1.1184999118081347,2.295440385787938,1.8102466336952672,15,5.153024000000084,114,0.45614035087719296,COMPLETE
156,-9999.0,2026-04-28 12:19:11.449652,2026-04-28 12:19:18.883490,0 days 00:00:07.433838,3,36,14,5,32,0.9,9,85,15,4,2.3800000000000003,2.9703867713184096,1.1700300479076091,45,-1.1355734625207425,-1.0215345436833954,0.7323904357855048,4,0.8333333333333334,2.8424628341210654,-0.7663970729387951,1.401661816142954,0.15043440000002128,4,-0.4820044790119103,5.0,3.3752628435927967,12,-0.34974797075223996,5.0,1.4427737094458548,8,-0.6091965300179049,4.030867626049678,1.6564302351058657,7,-1.0215345436833954,1.65740074993232,0.637153968925519,6,-0.899274821854576,0.7323904357855048,-0.2418748696244033,8,7.1845180000000175,45,0.5777777777777777,COMPLETE
157,-9999.0,2026-04-28 12:19:18.888407,2026-04-28 12:19:26.302783,0 days 00:00:07.414376,2,51,12,7,39,0.85,15,87,11,5,2.54,1.64228761772341,0.40558645750184236,83,-3.5406634214844552,-2.169270650178426,0.2012129662163606,11,0.5,1.233452231931744,-2.037673342976004,4.783983967858144,3.8991306000000003,14,-1.1130680432445184,0.4795400951881723,-0.9746156624721447,16,-0.682093845487434,1.9165475972772368,0.8768474799924819,11,-1.0971404046692443,1.721422167761753,1.111813444240295,14,-2.169270650178426,0.2012129662163606,-2.036315895775398,14,-0.7921926898213255,0.7510189120387956,-0.4433412209741805,14,2.34986479999999,83,0.37349397590361444,COMPLETE
158,-9999.0,2026-04-28 12:19:26.307732,2026-04-28 12:19:33.691606,0 days 00:00:07.383874,3,49,12,7,52,0.95,11,88,11,5,2.2800000000000002,1.846506264369845,0.03848925851940299,38,-2.135293917966884,-1.215075507726478,0.12903526926776532,5,0.3333333333333333,1.0454897578115636,-1.0784121868106944,0.3383878303937126,-0.5236527999999852,5,-1.125375978385581,0.25226540178154233,-0.8050243324575934,9,-0.7490323073648686,0.6693660462492834,-0.23763295726794142,5,-0.5567177120729886,4.689983038526767,2.0110642294959735,9,-1.215075507726478,0.12903526926776532,-1.0183236444076815,5,-0.07072992012972194,5.0,0.804505055753646,5,0.1978204000000261,38,0.42105263157894735,COMPLETE
159,-9999.0,2026-04-28 12:19:33.696499,2026-04-28 12:19:41.102172,0 days 00:00:07.405673,2,32,13,7,58,0.9,16,79,13,5,2.72,2.965464764596019,0.990821170579435,38,-2.4812730817896136,-1.8278192263128816,0.0,4,0.6666666666666666,2.63853831186076,-1.4069369936002183,0.0,-1.0248100000000093,6,-1.8278192263128816,2.1639100067893073,1.506912186781384,8,-0.46839094804160636,0.6288785807868033,-0.3129647213351183,7,-1.2078762565710521,5.0,2.5221480331631962,6,-0.1949556075615952,5.0,1.6083145717435965,4,-0.13830750767890945,5.0,1.6453269531235604,7,6.046173599999971,38,0.5526315789473685,COMPLETE
160,-9999.0,2026-04-28 12:19:41.107109,2026-04-28 12:19:48.576960,0 days 00:00:07.469851,3,34,11,5,54,0.95,9,81,15,3,2.24,2.225182229024205,0.6513275901343651,29,-1.786054008106253,-1.786054008106253,0.0,0,0.6666666666666666,2.7412877655658265,0.0,0.0,0.0,0,-1.786054008106253,4.28084688006254,2.3492175999999754,8,-0.21912749399017303,3.0379674439066027,0.7241559998012015,7,-1.042097422065666,3.20352239953861,0.8893570381601323,4,-0.41185549084769846,2.277233305459379,0.20559571267948495,3,-0.459142126519539,0.5515233451780996,-0.2603608098346033,7,3.9497107999999947,29,0.5862068965517241,COMPLETE
161,-9999.0,2026-04-28 12:19:48.581913,2026-04-28 12:19:56.031828,0 days 00:00:07.449915,3,35,11,6,47,0.95,12,78,12,3,2.72,1.7876518234342311,0.17019404593236476,21,-2.575865598376894,-2.575865598376894,0.0,0,0.5,1.3776600048907413,0.0,0.0,0.0,0,-2.575865598376894,0.7827761294617587,-0.2643027999999936,4,-0.12300468042716875,3.120475583863985,0.30041721110061204,4,-1.07396673603212,3.4599730820996504,1.023184207245298,3,-0.423629254039906,2.816409031179076,0.30091689332829574,3,-0.584721007214697,0.5462771140009174,-0.3390512360800235,7,1.0192968000000135,21,0.42857142857142855,COMPLETE
162,-9999.0,2026-04-28 12:19:56.036720,2026-04-28 12:20:03.553221,0 days 00:00:07.516501,3,30,11,5,48,0.95,13,78,12,3,2.56,3.368632456653028,0.46932714935939795,15,-0.7905031434956968,-0.7905031434956968,0.0,0,0.6666666666666666,3.846465489566548,0.0,0.0,0.0,0,-0.7226814796417425,5.0,1.2105663999999683,1,-0.12123069407609416,5.0,0.5950295719321153,5,-0.3431642428681281,5.0,0.9235333940214252,2,-0.18009348115008905,5.0,0.7382669612852055,2,-0.7905031434956968,0.2117947399181674,-0.6514334310823267,5,2.837356799999946,15,0.6,COMPLETE
163,-9999.0,2026-04-28 12:20:03.558129,2026-04-28 12:20:10.972527,0 days 00:00:07.414398,3,45,14,5,46,0.95,13,80,13,5,2.6,2.4075642835239983,0.4224748351271142,31,-1.7444674793030592,-1.2766859236022343,0.0,3,0.5,1.717794486215561,-1.0748771051493835,0.6150334231268485,-0.19292599999998217,3,-1.0544976077672497,0.4826397857930312,-0.4936603992618638,7,-0.4592916161687183,5.0,2.0265184998512487,6,-0.5175125315714424,5.0,1.873729793019674,7,-1.2766859236022343,0.0,-1.0853995265359684,4,-0.36869880391305193,3.3477124922241095,0.4065866436895771,4,2.520320000000087,31,0.4838709677419355,COMPLETE
164,-9999.0,2026-04-28 12:20:10.977315,2026-04-28 12:20:18.382739,0 days 00:00:07.405424,2,55,14,5,49,0.8,15,78,12,5,2.52,1.8691176341197193,1.6500654376831883,112,-2.042038810290121,-2.042038810290121,0.829746919746914,13,0.8333333333333334,1.7570305790326088,-2.042038810290121,5.0,6.778536000000046,20,-0.8311796832958676,1.1840004190383169,0.39477746726181984,20,-0.6386398860993041,0.829746919746914,-0.20984948278991444,13,-2.02319517328175,1.7503907577784212,1.9769820335822308,19,-1.1586235418794273,1.0503580447768461,0.15208324294924136,22,-0.9828125208058326,1.4002096633778167,0.8078633650957068,18,10.13853960000004,112,0.45535714285714285,COMPLETE
165,-9999.0,2026-04-28 12:20:18.387733,2026-04-28 12:20:25.909040,0 days 00:00:07.521307,3,56,11,7,53,0.8,9,79,13,3,2.4000000000000004,1.2948906001572982,0.5818069963625568,175,-3.972107119051787,-2.2784251767519708,0.43458183770473563,25,0.5,1.1549526740137093,-1.77141415023659,0.9044655808611697,-0.39845400000003695,33,-2.2635344173164733,0.43458183770473563,-2.0195730696790926,27,-1.01555131886074,1.294303034600104,0.6805368007916535,27,-1.2028525434545574,2.9080807822912083,5.3243203269691675,30,-2.2784251767519708,0.7639925242416391,-1.399633467568473,33,-1.8924819206125474,1.463919841244932,1.3036453876621223,25,3.3673059999999255,175,0.41714285714285715,COMPLETE
166,-9999.0,2026-04-28 12:20:25.913964,2026-04-28 12:20:33.313659,0 days 00:00:07.399695,3,58,13,7,44,0.85,12,76,10,4,2.3400000000000003,1.0936410677981903,0.26030490103540194,89,-3.3801990286040313,-2.4333880002473047,0.6928887013288808,10,0.5,1.1221485566382816,-1.5019814921999415,0.9322266780766463,-0.12117259999997465,14,-1.5927190245096061,1.4807974082668027,0.7696940583025169,16,-0.9103787039240946,0.6928887013288808,-0.35429562123799885,10,-2.1515501546013605,1.3075417780593819,0.9921795693593527,20,-2.4333880002473047,0.8118195687285332,-0.4980890480950628,13,-1.810570616966435,1.336572272328896,0.7735130478835783,16,1.561129400000083,89,0.47191011235955055,COMPLETE
167,-9999.0,2026-04-28 12:20:33.318653,2026-04-28 12:20:40.734077,0 days 00:00:07.415424,2,60,14,5,50,0.95,10,80,14,4,2.7800000000000002,1.645836777042028,1.0495542339942283,59,-2.050862286099991,-2.050862286099991,0.1791388432222304,6,0.6666666666666666,1.8851826143421442,-2.050862286099991,4.463919107135152,5.645529999999965,15,-1.2604327734834593,1.0133230063549306,0.023039498216359533,15,-0.6713808616885845,0.1791388432222304,-0.5197680274996452,6,-1.0623843106324071,2.393717468374854,1.3163868725599048,9,-0.6374097878438524,1.141345100486364,0.133985605191711,8,-1.062566092551493,0.6835771366786365,-0.3018485445029251,6,6.325214000000057,59,0.4067796610169492,COMPLETE
168,-9999.0,2026-04-28 12:20:40.739358,2026-04-28 12:20:48.168402,0 days 00:00:07.429044,3,54,12,6,30,0.85,9,85,10,3,2.3600000000000003,1.468588178555885,0.36181282523751745,104,-3.8490759054830854,-2.9167384988761995,0.21813686746723945,13,0.6666666666666666,1.1800229753704432,-2.9167384988761995,0.21813686746723945,-2.858905999999972,22,-0.4732586498624568,0.971265357955459,-0.027951919092028543,13,-0.9986348731464167,1.0469884707969133,0.0763803827580789,19,-0.6910013439657726,3.398888397331142,2.7338576737033327,15,-2.0746915426964,1.3391372593184525,0.9651229561566721,20,-1.9154130831655167,1.8371127184661045,1.2823738578990218,15,2.1014748000000916,104,0.4230769230769231,COMPLETE
169,-9999.0,2026-04-28 12:20:48.173417,2026-04-28 12:20:55.598150,0 days 00:00:07.424733,3,35,11,6,58,0.95,14,83,13,4,2.58,3.7432503884759076,1.2223840309707024,18,-0.7266771732515525,-0.7266771732515525,0.0,0,0.8333333333333334,5.0,0.0,0.0,0.0,0,-0.7266771732515525,5.0,2.9249319999999246,6,0.0,5.0,0.6554373045395856,2,-0.6503384155654388,5.0,1.6953440075300197,4,-0.13575995856322187,5.0,1.8426660815009432,3,-0.2051971243669477,2.459502330855447,0.21592479225374106,3,7.528947999999969,18,0.7777777777777778,COMPLETE
170,-9999.0,2026-04-28 12:20:55.603114,2026-04-28 12:21:03.023176,0 days 00:00:07.420062,3,36,10,6,60,0.95,14,86,13,3,2.58,2.9435163419361134,0.539373745754157,15,-1.8196993471349863,-1.8196993471349863,0.0,0,0.8333333333333334,3.9818012337467272,0.0,0.0,0.0,0,-1.8196993471349863,3.0831925399779956,1.0968842000000034,4,-0.09727066120377419,2.6839130942646072,0.14259569040209197,2,-0.5195627228856337,5.0,1.3467545830523342,2,-0.18035386190697478,5.0,0.2281114100397108,1,-0.2830092010897109,1.8939924173740763,0.42189659103080146,6,3.272437400000028,15,0.6,COMPLETE
171,-9999.0,2026-04-28 12:21:03.028089,2026-04-28 12:21:10.367501,0 days 00:00:07.339412,2,42,11,5,40,0.8,18,90,10,5,2.68,1.9079567926325358,0.8507124163564065,63,-2.0497032709408742,-2.0497032709408742,1.0114794853422084,9,1.0,1.756583938828533,-2.0497032709408742,5.0,3.4824352000000447,10,-0.5952787224663337,1.7235663064929145,0.7157040695540129,11,-0.6847163817868657,1.2611279128930557,0.24621268279898523,10,-1.0955387872073126,1.3145393986192992,0.5224296565949693,13,-0.9224483332338372,1.0114794853422084,0.014033924239176265,9,-0.7039658442403842,1.137027652447736,0.12345896495125075,10,5.169927200000024,63,0.42857142857142855,COMPLETE
172,-9999.0,2026-04-28 12:21:10.372543,2026-04-28 12:21:17.732780,0 days 00:00:07.360237,2,48,12,5,50,0.8,15,90,10,5,2.62,1.8167906236919278,0.9753713120730554,92,-3.2448631333925775,-2.074724856586586,0.27710982950291274,13,0.6666666666666666,1.5537245921706182,-2.037845800065491,4.501718449486384,4.478908000000037,17,-0.5929068866602291,0.824122185572932,-0.2347643220007245,14,-0.8928148839361282,1.5499622059896323,0.643580586920911,13,-1.2633008066198985,1.5437277832887037,1.3898625976576984,19,-2.074724856586586,0.27710982950291274,-1.8878981803395756,15,-0.7557601816485378,2.204103288311001,1.4625391901999851,14,5.880693600000053,92,0.42391304347826086,COMPLETE
173,-9999.0,2026-04-28 12:21:17.737752,2026-04-28 12:21:25.155491,0 days 00:00:07.417739,2,59,13,5,55,0.8,12,89,13,3,2.58,1.1835469929176783,-0.0029172441010768177,99,-4.868168230839172,-3.873984677296627,0.2116812333278613,10,0.5,0.989717259870271,-1.302642758875849,2.3652588834348354,2.978817399999989,19,-2.6995052378488973,0.2116812333278613,-2.4708465917962386,18,-0.7727010872451496,0.9607078408946111,-0.043099389698220136,10,-1.177784576223041,1.4427694344307733,1.6641205208564047,19,-3.873984677296627,0.45735158720470304,-3.1770780389465902,20,-1.5049969581985905,1.6635129782132854,1.0305826349781944,13,-0.16245659999999384,99,0.36363636363636365,COMPLETE
174,-9999.0,2026-04-28 12:21:25.160496,2026-04-28 12:21:32.560400,0 days 00:00:07.399904,2,55,10,5,51,0.8,15,89,11,5,2.7800000000000002,1.4270857640041117,0.6293785786876633,110,-3.1485303611315483,-2.597596224496628,0.8253686734787185,14,0.3333333333333333,1.2442597779255296,-2.036830819575094,3.9624147244800523,4.727154800000011,20,-1.1426370573196092,0.8838548185231614,-0.21178079402953687,17,-0.7148385363002571,0.8615596127492178,-0.20976550305800146,14,-2.597596224496628,1.060818355379124,0.2388746809827813,22,-1.919632224671405,0.8253686734787185,-0.7126514072144596,23,-0.7504315821508877,0.9684983994143972,-0.055560304554813644,14,3.732621600000008,110,0.38181818181818183,COMPLETE
175,-9999.0,2026-04-28 12:21:32.565231,2026-04-28 12:21:39.972095,0 days 00:00:07.406864,3,47,11,5,54,0.8,11,90,11,5,2.6,0.9562577786335699,-0.2372195964708316,97,-4.183367235059814,-3.164728003805232,0.25569547540838217,14,0.3333333333333333,0.8897811702230242,-1.8808782159747552,0.8517282200429931,-0.3043559999999612,16,-1.2693190016085365,0.845688668447171,-0.29209300257893034,17,-1.3225921172420958,1.0227545195052175,0.03849325040210516,15,-1.2565795160093465,1.7675444636431148,1.782338903415237,20,-3.164728003805232,0.25569547540838217,-2.637165537833197,15,-1.332788900000602,0.9941353247545406,-0.01053519223024324,14,-1.4644819999998782,97,0.41237113402061853,COMPLETE
176,-9999.0,2026-04-28 12:21:39.977221,2026-04-28 12:21:47.440730,0 days 00:00:07.463509,3,30,14,5,53,0.8,9,88,12,3,2.68,1.7898831262473214,0.8394597728875408,53,-1.894656644739309,-1.894656644739309,0.14978111961444562,6,0.6666666666666666,1.7962537803871421,-1.1493968836938977,0.14978111961444562,-0.7621191999999999,6,-1.894656644739309,3.201270761041751,1.9752634620952225,10,-1.4177817106808654,1.8641933287950745,1.05375506176546,12,-0.6292356795098011,2.636188078264829,1.0548519889465036,6,-1.0440413680252931,2.0433972255736053,1.849392925568183,12,-0.8357541577818731,0.8444682441942216,-0.13438560105012431,7,5.11298439999992,53,0.5094339622641509,COMPLETE
177,-9999.0,2026-04-28 12:21:47.445651,2026-04-28 12:21:54.826500,0 days 00:00:07.380849,2,54,14,7,47,0.95,14,83,11,5,2.66,2.506699582839793,1.4094574555952868,42,-2.0381779810389262,-2.0381779810389262,0.0,5,0.5,3.0104200909805074,-2.0381779810389262,5.0,6.40080660000002,8,-0.7594359428456795,0.6791094854376933,-0.3289796489193142,9,-1.0730292612780834,0.0,-0.890101979985991,5,-0.5168326051827319,5.0,2.9560714589514037,8,-1.0782891470363336,0.1567198391770536,-0.8954536518535394,5,-0.5663358275834003,4.204368172424013,1.2144019553791408,7,8.547220599999994,42,0.47619047619047616,COMPLETE
178,-9999.0,2026-04-28 12:21:54.831537,2026-04-28 12:22:02.316685,0 days 00:00:07.485148,3,37,14,5,56,0.85,11,80,14,4,2.3000000000000003,2.556211668983883,1.0371797440220227,67,-2.27498333577548,-1.8620639709457814,0.1261104188585726,6,0.6666666666666666,2.0069861969684277,-0.9847484526954773,0.7224648959989376,-0.33343899999997983,10,-0.7860843233266936,3.0439522192493005,2.904883012869286,17,-0.4070501991432906,5.0,2.4459467631200216,12,-0.6376723258193344,3.9114644201010034,2.1576683602238633,12,-1.8620639709457814,0.1261104188585726,-1.6791960948125406,10,-0.5956783659656083,2.5332780596954834,0.7272154227314864,6,6.302495000000086,67,0.582089552238806,COMPLETE
179,-9999.0,2026-04-28 12:22:02.321923,2026-04-28 12:22:09.759951,0 days 00:00:07.438028,3,31,13,6,45,0.9,12,76,10,5,2.5,2.5887936412808275,0.9124516193213138,28,-1.260964612203311,-1.154149687957035,0.0,2,0.6666666666666666,2.401932873461241,-0.905720282583305,0.0,-0.42435000000000667,2,-0.7283303415585421,3.283852303676028,1.8274598257706165,6,-0.6070373089211645,5.0,2.034230266268078,7,-0.5297815413270197,4.908901977595864,2.027069543313087,5,-1.154149687957035,0.6883234800735719,-0.36260197099843294,4,-0.7114025975125284,1.6516840863395004,0.3729020515745418,4,5.564579999999819,28,0.5714285714285714,COMPLETE
180,-9999.0,2026-04-28 12:22:09.765144,2026-04-28 12:22:17.126682,0 days 00:00:07.361538,3,32,13,7,60,0.9,14,87,11,5,2.22,3.3688115975533592,0.8524825702444913,28,-0.9066061757839066,-0.9066061757839066,0.29221456730585343,1,0.8333333333333334,3.4176270870167174,-0.9066061757839066,0.29221456730585343,-0.36984620000000135,4,-0.7253444668365411,5.0,3.2824468047744526,9,-0.41554940841103916,1.6863305879011512,0.37575264264657626,6,-0.5351741967593074,3.234324430113151,1.160587588431361,5,0.0,5.0,0.14067780577504685,1,-0.007059114753996711,5.0,0.5252767798395119,3,5.182449599999939,28,0.6071428571428571,COMPLETE
181,-9999.0,2026-04-28 12:22:17.131472,2026-04-28 12:22:24.521776,0 days 00:00:07.390304,3,32,13,6,44,0.9,17,77,10,3,2.22,3.1347066912763193,0.7516878590632325,21,-1.4281928510190463,-0.8608124780556472,0.25999080232059707,1,0.6666666666666666,3.430131317278049,-0.012093903463269986,5.0,0.20644000000000773,1,-0.7212035446972975,5.0,2.9192962049145343,3,-0.23786678504737957,3.9891225811987567,0.6755191427795681,6,-0.6186099166734453,3.8086812736103273,1.2531456988812417,4,-0.5183245277040841,0.25999080232059707,-0.39795810349029237,3,-0.8608124780556472,0.7504454905282351,-0.1463157887056643,4,4.557978599999912,21,0.6190476190476191,COMPLETE
182,-9999.0,2026-04-28 12:22:24.526735,2026-04-28 12:22:32.044590,0 days 00:00:07.517855,3,40,11,5,41,0.8,8,81,15,3,2.4200000000000004,1.269492869943783,0.5334759615872579,149,-3.138838794231434,-3.138838794231434,0.9030100999336652,19,0.5,1.162863429372875,-3.138838794231434,0.9074286932878423,-0.36463559999998507,25,-2.575461105975567,0.9197288692018041,-0.27681938201452594,29,-1.1650843455633177,1.2776112557332384,0.6310990460722143,26,-1.2007429787336572,2.2903295936853763,3.0344614658388114,22,-1.9534179068528617,0.9030100999336652,-0.5124002944232875,28,-1.0404989664612863,1.3188487078207713,0.6891505340503201,19,3.199118199999895,149,0.38926174496644295,COMPLETE
183,-9999.0,2026-04-28 12:22:32.049394,2026-04-28 12:22:39.468548,0 days 00:00:07.419154,3,47,14,5,44,0.85,11,81,15,4,2.52,1.9608300064529447,0.9863891059992137,94,-3.3311784321645064,-2.8364647660940863,0.4796994981197451,13,0.8333333333333334,1.5141908776297328,-2.337599032123588,1.3234955198999754,0.8693748000000001,20,-0.946028948704041,2.009546505058838,1.558996874044305,18,-0.535929063859972,1.7415973504280857,0.7803203604767273,13,-0.794536894911152,4.583860306106332,3.300032822910892,15,-2.8364647660940863,0.4796994981197451,-1.7137698847384253,15,-1.6593275302644428,1.6267808591046913,1.1233796633017823,13,5.998124000000038,94,0.46808510638297873,COMPLETE
184,-9999.0,2026-04-28 12:22:39.473488,2026-04-28 12:22:46.895866,0 days 00:00:07.422378,3,33,10,6,48,0.95,15,78,10,3,2.4200000000000004,3.405255131866842,0.749360866421304,16,-0.7226814796417425,-0.7226814796417425,0.0,0,0.6666666666666666,5.0,0.0,0.0,0.0,0,-0.7226814796417425,5.0,1.988443999999956,2,-0.11367614429410747,5.0,0.6020089883908675,4,-0.3366328247073164,5.0,2.042202051843134,3,-0.13885515673992857,5.0,0.1879770653076429,1,-0.5368783909974979,0.43153079120105137,-0.32446690701377623,6,4.554231999999914,16,0.6875,COMPLETE
185,-9999.0,2026-04-28 12:22:46.900864,2026-04-28 12:22:54.772414,0 days 00:00:07.871550,3,43,13,5,52,0.8,10,90,14,3,2.56,1.8437199694232798,1.1800272144438035,101,-2.7663137561987505,-2.7663137561987505,0.6169602094526518,14,0.6666666666666666,1.590513161184677,-2.7663137561987505,0.9503411462124469,-0.16373120000000574,21,-2.1017883747604995,0.6169602094526518,-0.844077217757544,17,-0.5750320587598526,1.9075001705928167,1.2090978802688612,16,-0.8306561734187151,3.921221289854058,3.17233301677764,15,-1.5540224136782403,2.0708535014777327,2.7831719007358924,18,-1.6146890988123532,1.5954434989499724,0.923368906637978,14,7.2268535999999495,101,0.43564356435643564,COMPLETE
186,-9999.0,2026-04-28 12:22:54.777383,2026-04-28 12:23:02.464218,0 days 00:00:07.686835,3,51,11,7,37,0.85,13,79,12,3,2.2,1.6044818294146754,0.36495693630482035,86,-4.112865627510577,-2.3146375762579376,0.38946568409438975,9,0.6666666666666666,1.1998801057148398,-2.3146375762579376,0.502278097181335,-1.4050540000000278,17,-1.636691157004035,0.38946568409438975,-1.0999407616694268,14,-0.8010090050937076,1.5568259176496029,0.6056416921835783,12,-1.2069527816744232,2.1859089656554507,1.9302673130099146,15,-1.2394483607223643,1.0099112974530011,0.027801491271972623,19,-0.678162963075265,3.982501014454273,2.131025883032911,9,2.153940000000021,86,0.4069767441860465,COMPLETE
187,-9999.0,2026-04-28 12:23:02.469367,2026-04-28 12:23:10.427224,0 days 00:00:07.957857,3,33,10,6,54,0.85,8,80,14,3,2.2800000000000002,2.1953021340916385,1.5404573696594372,118,-2.5165729758795603,-2.5165729758795603,0.5849112175819178,15,0.6666666666666666,1.7508352948257768,-2.5165729758795603,0.5849112175819178,-1.069953599999951,17,-1.9042233443763004,2.6610157441991804,3.0701997123494973,24,-0.4214756415026882,4.043337305919697,3.5812133377173927,25,-0.8818630238427908,3.91726582352211,3.793501056737214,16,-1.276856567957088,0.905511909629916,-0.2698001724902199,15,-1.019528947586391,1.0597708036970117,0.13758388364268903,21,9.480376799999979,118,0.5169491525423728,COMPLETE
188,-9999.0,2026-04-28 12:23:10.432414,2026-04-28 12:23:18.243940,0 days 00:00:07.811526,2,32,13,6,47,0.9,14,85,12,3,2.66,2.1008280365747884,0.5930999592871725,36,-2.061996073256901,-1.91587273760743,0.6066721382706582,2,0.8333333333333334,1.8242987931751966,-1.0413759142840784,0.6066721382706582,-0.1629399999999892,2,-1.91587273760743,1.7461936613204228,1.0503672684271992,8,-0.19837319673718018,4.356667711991895,1.0609769594359442,7,-0.631628045393283,3.1440172692930703,0.9741605430337863,5,-1.1203286133545094,1.3597295105946903,0.41803331826244516,8,-0.5647716757439394,1.3916879279779963,0.21800166656364972,6,3.6050378000000105,36,0.5833333333333334,COMPLETE
189,-9999.0,2026-04-28 12:23:18.249015,2026-04-28 12:23:26.124084,0 days 00:00:07.875069,3,48,11,7,60,0.85,8,79,12,3,2.4800000000000004,1.3095550273782706,0.3267373189936011,143,-4.861922952497166,-3.141470625948098,0.3944645020796379,19,0.6666666666666666,1.10128631252039,-3.141470625948098,0.3944645020796379,-2.5637827999999696,29,-2.4406637257122386,0.5415419517605756,-1.6841035573371799,26,-1.0763219471886873,1.8893856153335344,1.5655441867108655,22,-1.240613998208881,2.2723342147012136,2.4728750728917115,19,-2.071358582712664,1.1899107191365332,0.94663170452709,27,-1.918149578622881,1.5696931612581277,1.223259307169089,20,1.8759400000001314,143,0.3916083916083916,COMPLETE
190,-9999.0,2026-04-28 12:23:26.129085,2026-04-28 12:23:34.047339,0 days 00:00:07.918254,2,51,13,7,55,0.85,9,83,11,3,2.5,1.126858663276337,0.1658990802262635,147,-3.3978356068629365,-2.6131046769051274,0.6016253551794035,21,0.6666666666666666,1.050358608601738,-2.6131046769051274,0.6016253551794035,-1.7637399999999914,29,-1.6465289272881152,1.1689913444930906,0.5268777536929781,28,-0.8521338792260641,1.3040052950961845,0.525559283286614,21,-1.4812286050575612,1.5575198218633501,1.349336633866316,22,-2.321824003221391,0.9878344292927076,-0.05733389867125238,26,-1.8583708703680597,1.1411757337332866,0.41469470918291673,21,0.9716900000000361,147,0.3673469387755102,COMPLETE
191,-9999.0,2026-04-28 12:23:34.052398,2026-04-28 12:23:41.874341,0 days 00:00:07.821943,3,42,11,5,50,0.95,18,89,13,3,2.5,1.4645622988780012,0.07784328482890086,9,-0.902232077137497,-0.7551597010918111,0.0,0,0.5,1.4729358498245027,0.0,0.0,0.0,0,-0.7551597010918111,0.0,-0.4935899999999993,3,-0.17767476626499334,2.2546792350467957,0.18593274543823313,2,0.0,0.0,0.0,0,-0.4470966618753968,5.0,0.5931553290566383,1,-0.6283911624343371,1.5326945582212115,0.18156163447853313,3,0.46482500000002425,9,0.4444444444444444,COMPLETE
192,-9999.0,2026-04-28 12:23:41.879460,2026-04-28 12:23:49.713568,0 days 00:00:07.834108,3,35,10,5,50,0.95,17,88,12,3,2.3800000000000003,2.4849591851654522,0.3907036543921327,7,-1.7996755740086925,-1.7996755740086925,0.0,0,0.6666666666666666,4.442263308428613,0.0,0.0,0.0,0,-1.7996755740086925,3.712758764766167,1.4283759999999646,3,0.0,0.0,0.0,0,-0.3450633335668326,5.0,0.696099876429046,1,-0.14233811408563501,5.0,0.18918617471976873,1,-0.21553906160407407,1.1969963462265456,0.03055987520401704,2,2.358914199999962,7,0.7142857142857143,COMPLETE
193,-9999.0,2026-04-28 12:23:49.718347,2026-04-28 12:23:57.542552,0 days 00:00:07.824205,3,44,11,6,49,0.8,14,89,14,3,2.46,1.3548936410586878,0.2535975907439277,75,-3.6502606877225054,-2.3953548940123124,0.32997937901686886,8,0.6666666666666666,1.136449938551098,-1.3218825545622455,1.553468043110921,0.779537600000002,8,-1.820456753609542,1.1976598017571651,0.3029378852796638,16,-0.7571884057687953,1.0605821602587235,0.07097206873860618,11,-1.1830255781235095,3.4771079547507897,3.387772732013805,15,-2.3953548940123124,0.32997937901686886,-2.3953548940123137,16,-1.9790748841978452,0.5105645074576591,-0.6242798475561973,9,1.4411324000000114,75,0.38666666666666666,COMPLETE
194,-9999.0,2026-04-28 12:23:57.547782,2026-04-28 12:24:05.407372,0 days 00:00:07.859590,2,57,10,5,44,0.9,12,87,10,5,2.58,1.6372600990335962,0.6005908996170612,73,-2.41907607701001,-2.0414482708173276,0.41214692128574015,9,0.5,1.4155788358802963,-2.0414482708173276,3.4701590703399487,3.4116602000000107,14,-0.646898550137367,0.7737337849883941,-0.30681433736425845,14,-0.4972752287195792,1.4180626296453758,0.3245170155660171,9,-0.9107090827593379,3.290039707904711,2.2861663901927454,12,-1.5274346397703487,0.4594184800374068,-1.2349163835355115,13,-1.0234761944604247,0.41214692128574015,-0.8770674871566353,11,3.5706117999999565,73,0.410958904109589,COMPLETE
195,-9999.0,2026-04-28 12:24:05.412365,2026-04-28 12:24:13.220864,0 days 00:00:07.808499,2,43,12,6,57,0.8,16,90,12,5,2.2,2.3015003239829244,1.7585348444393631,96,-2.0504453620968723,-2.0504453620968723,1.245305998173128,13,1.0,2.182518833969231,-2.0504453620968723,5.0,5.163294000000018,15,-0.5485346157943338,2.534541265999685,2.254957894339027,19,-0.6727963316791475,2.156718994297278,1.1902187984338175,16,-1.2219080434352765,1.5310972985683005,1.1001172820774396,17,-0.7652599419265491,1.341338386859154,0.4928186344743013,13,-0.7939840279994672,1.245305998173128,0.34980245731157655,16,10.940545999999962,96,0.5208333333333334,COMPLETE
196,-9999.0,2026-04-28 12:24:13.225978,2026-04-28 12:24:21.083418,0 days 00:00:07.857440,2,59,14,5,47,0.95,15,79,13,4,2.5,1.5220283982984562,0.7464260387312885,42,-2.057976037292254,-2.057976037292254,0.0,2,0.3333333333333333,1.8664808987012496,-2.057976037292254,5.0,5.019734999999992,11,-1.214202325698739,0.5217768154888163,-0.6540818256682956,11,-0.24515815517818013,0.0,-0.20632050394114865,2,-0.8183421268280356,2.1175683771997327,0.77036957070451,6,-0.6501699219195471,0.6246099901940273,-0.36121927589350955,7,-0.8113165551568491,0.8682152069081605,-0.08992673281381647,5,4.446649999999974,42,0.40476190476190477,COMPLETE
197,-9999.0,2026-04-28 12:24:21.088548,2026-04-28 12:24:28.955928,0 days 00:00:07.867380,2,55,10,5,51,0.8,13,86,11,4,2.54,1.1809704379026795,0.2073438309085888,125,-4.8806380255358235,-4.2966614484995285,0.5361088351630645,15,0.5,1.0581554879005086,-2.0232657710501245,2.929674700610431,4.2265472000000415,22,-1.4932493475851456,0.6605232208046474,-0.6923562368570724,15,-1.214891368455754,0.5422869353180403,-1.0409624147732166,19,-2.0901894042967535,1.324138991322016,1.146511259310401,24,-4.2966614484995285,0.5361088351630645,-2.6625093164141744,25,-1.8441028880514168,1.0930899441978772,0.26683249418555377,20,1.112498200000167,125,0.384,COMPLETE
198,-9999.0,2026-04-28 12:24:28.961130,2026-04-28 12:24:36.938271,0 days 00:00:07.977141,3,30,10,6,54,0.95,11,84,13,3,2.4200000000000004,2.747376303460235,0.49337684078262223,15,-0.7893257823668192,-0.7893257823668192,0.0,0,0.8333333333333334,3.67465100479146,0.0,0.0,0.0,0,-0.7226814796417425,5.0,1.1432697999999686,1,-0.2952209526206434,2.3802851212955796,0.4010940132765928,5,-0.34408717730310073,5.0,0.8731418741787511,2,-0.5074775075843175,2.9620442492541357,0.4622991684108957,3,-0.7893257823668192,1.141928450211696,0.08045618882952521,4,2.9919715999999097,15,0.6,COMPLETE
199,-9999.0,2026-04-28 12:24:36.943359,2026-04-28 12:24:44.874491,0 days 00:00:07.931132,3,51,14,5,60,0.85,10,81,15,3,2.2600000000000002,1.62911054396854,0.7823515785282509,114,-2.5949624202288244,-2.5949624202288244,0.7129774277652888,13,0.6666666666666666,1.3426644834062291,-2.5949624202288244,0.9644175134742302,-0.14689340000001438,27,-2.1139915525333395,0.7129774277652888,-0.6438533781181088,19,-0.5889805863251238,1.61487376619581,0.6787644887195521,15,-1.1844125331427429,2.728304054759793,2.8160407982720903,19,-2.1933588397103096,1.0282072606385928,0.09947654856443666,21,-1.5771085668177407,2.7258832409775247,1.8905744137315494,13,4.742006999999937,114,0.41228070175438597,COMPLETE
200,-9999.0,2026-04-28 12:24:44.879425,2026-04-28 12:24:52.358209,0 days 00:00:07.478784,2,37,11,7,42,0.95,8,80,14,5,2.74,2.9594335449011786,1.1339361876920029,40,-1.1822725265450398,-1.1822725265450398,0.0,4,0.8333333333333334,3.179941991722095,-0.5878658377170577,0.0,-0.4890799999999973,4,-1.1822725265450398,4.831295677904723,3.2398424213141874,9,-0.6027920817120286,1.589113473872697,0.4675925323422536,10,-0.33746681782701393,5.0,1.3993429566988125,4,-0.7590733655135508,1.3361921176296514,0.23856360942093868,5,-0.18554175855677799,5.0,1.9473556063758224,8,6.952271000000043,40,0.575,COMPLETE
201,-9999.0,2026-04-28 12:24:52.363036,2026-04-28 12:24:59.783041,0 days 00:00:07.420005,3,30,14,6,55,0.9,12,76,10,5,2.2800000000000002,2.661610057740264,0.7057804049794187,22,-1.1464815366394783,-0.7663970729387951,0.0,1,0.6666666666666666,2.8254472406293294,-0.7663970729387951,0.0,-0.284350000000011,1,-0.6719615691739358,1.6378277294576515,0.5096511931677483,5,-0.7030043018662576,4.864755395683368,1.500803221971525,6,-0.5397870745415183,4.467077221300565,1.82852442727508,5,-0.3309259263785762,0.0,-0.330925926378578,1,-0.1223567632969862,5.0,1.0109795138407485,4,4.289125599999921,22,0.5909090909090909,COMPLETE
202,-9999.0,2026-04-28 12:24:59.787989,2026-04-28 12:25:07.251592,0 days 00:00:07.463603,2,47,14,5,52,0.9,9,75,10,5,2.3000000000000003,1.651779811099092,0.4313597394200508,82,-2.092606820840308,-1.735303016181155,0.3515665247439478,8,0.6666666666666666,1.3050569257048235,-1.383801110652906,0.8498181962685687,-0.2267550000000007,15,-0.8632937283070586,1.2724709327362145,0.4756275091584161,18,-0.4254908654768615,2.857670962131411,1.1719799041164158,8,-0.543759936647264,2.3598411080917803,1.4209977772426718,13,-1.735303016181155,0.3515665247439478,-1.544235755730472,13,-0.7266101579196077,2.2193111426226304,1.2905440017332737,15,2.582435000000083,82,0.4634146341463415,COMPLETE
203,-9999.0,2026-04-28 12:25:07.256580,2026-04-28 12:25:14.741897,0 days 00:00:07.485317,3,36,11,5,55,0.8,10,79,13,3,2.64,1.3769472521971426,0.5303811185514928,107,-4.013403460451664,-2.458089498133884,0.10898160298373963,15,0.8333333333333334,1.2458409901144165,-2.458089498133884,0.10898160298373963,-2.410498800000016,15,-2.430256369628983,1.308428928142932,0.6822164185833923,20,-0.4248087895449963,2.6983006913366236,2.1551445939296476,22,-1.944936014687835,1.5321831618205675,1.0747603215595536,15,-1.1346899078038806,1.554668461517081,1.5758571227500795,18,-1.2267008700288407,1.0591206673819118,0.10480705448630001,17,3.158319199999915,107,0.4205607476635514,COMPLETE
204,-9999.0,2026-04-28 12:25:14.746845,2026-04-28 12:25:22.184191,0 days 00:00:07.437346,3,39,10,5,58,0.95,18,79,13,4,2.54,3.458352993054797,0.749950377049946,14,-0.48150860508951504,-0.48150860508951504,0.0,0,0.6666666666666666,5.0,0.0,0.0,0.0,0,-0.48150860508951504,5.0,1.9085503999999753,5,-0.19067217783500048,5.0,0.760273202747852,4,-0.17544769734428622,5.0,0.6816862815959501,2,0.0,5.0,1.2141783579152632,1,-0.31108644104368693,0.7501179583287814,-0.06498597995936439,2,4.57056939999998,14,0.7857142857142857,COMPLETE
205,-9999.0,2026-04-28 12:25:22.189162,2026-04-28 12:25:29.631339,0 days 00:00:07.442177,2,53,13,7,52,0.9,9,76,10,5,2.3600000000000003,1.7346211897446293,0.8687782668975631,98,-2.6797503336393085,-2.0612655260610717,0.45736145923997856,10,0.6666666666666666,1.465323161311356,-2.0612655260610717,1.9793550815788843,2.133290000000043,18,-1.4468459182724613,0.5810472154723747,-1.0348124494961364,20,-0.8104174220954679,2.2908476667952358,1.1590329461865778,10,-0.720509692494194,3.0880776516585975,2.6951353611422535,17,-1.898133655027306,0.45736145923997856,-1.3834272152936644,15,-0.7722118288376596,2.0110380637227045,1.6434509588463042,18,5.252791200000018,98,0.4387755102040816,COMPLETE
206,-9999.0,2026-04-28 12:25:29.636375,2026-04-28 12:25:37.095699,0 days 00:00:07.459324,3,42,14,5,57,0.95,13,78,12,4,2.54,1.9559217745262962,0.47638836552973224,27,-2.138808462967516,-1.5525079273050495,0.0,3,0.5,1.83870718791069,-0.9305058950237896,0.0,-0.5552999999999919,3,-0.764438919071164,1.200017803674005,0.12427107729220399,5,-0.17940303939787025,5.0,0.877703010660591,4,-0.5195227360553974,5.0,4.052384566172429,7,-1.5525079273050495,0.0,-1.3641047878189205,5,-0.8758027656767737,0.5355128434837733,-0.27662367312791813,3,2.8016762000000472,27,0.48148148148148145,COMPLETE
207,-9999.0,2026-04-28 12:25:37.100795,2026-04-28 12:25:44.529981,0 days 00:00:07.429186,2,55,14,7,52,0.85,8,76,10,5,2.4200000000000004,1.325567345251481,0.6115548709538324,117,-3.2485387857671633,-2.089063589377576,0.5567320063912652,10,0.5,1.2221164492878653,-2.0494645736227666,2.3594201419763117,2.7978090000000178,19,-1.9246385659211065,0.5567320063912652,-1.5409626094267992,26,-0.7677133995929442,1.4180203850906639,0.47125403334100646,10,-2.089063589377576,1.7305412945194496,2.2738577282189976,22,-1.3966820380955873,0.9262259816207191,-0.1969879544542752,17,-1.9804616783110303,0.9624642619104757,-0.1356409719559526,23,3.6573428000000963,117,0.4188034188034188,COMPLETE
208,-9999.0,2026-04-28 12:25:44.534958,2026-04-28 12:25:51.895339,0 days 00:00:07.360381,2,48,12,7,47,0.95,15,88,12,4,2.66,2.357995256679643,0.45859457146856797,31,-1.0538612991296146,-1.0510894562513364,0.1703722765157932,5,0.6666666666666666,1.8759240992743391,-0.6454265536190864,0.4583454916837063,-0.2969999999999695,5,-0.6207455773174103,1.49511684001316,0.25734872571538947,6,-0.7693912029314686,2.0241369318651983,0.4950220661381399,5,-0.6702699948707006,5.0,1.7963309571654484,5,-1.0510894562513364,0.1703722765157932,-0.8575535234586318,5,-0.3176196698925904,5.0,1.3574192032510313,5,2.7581535999999796,31,0.4838709677419355,COMPLETE
209,-9999.0,2026-04-28 12:25:51.900168,2026-04-28 12:25:59.312680,0 days 00:00:07.412512,2,46,14,7,55,0.9,9,77,11,5,2.3600000000000003,1.552684243045271,0.5694972018361407,84,-2.5401334665248223,-1.4622268221723744,0.8194549199600047,7,0.6666666666666666,1.3904486897334192,-1.4622268221723744,0.8194549199600047,-0.27259959999998973,14,-1.2379638184505546,1.2645955133887279,0.5447578076045012,20,-0.6279637442879077,1.4832090961794169,0.25768890519428655,7,-0.5435348469869229,3.3263303894927434,2.4525624827390624,15,-1.272137401877171,0.9700955903794517,-0.0726857541506476,14,-0.7847319945106577,1.4524199488712812,0.5072593696296313,14,3.4418052000000587,84,0.4642857142857143,COMPLETE
210,-9999.0,2026-04-28 12:25:59.317750,2026-04-28 12:26:06.814117,0 days 00:00:07.496367,3,53,14,5,50,0.85,8,89,15,4,2.2800000000000002,1.4085474615127414,0.7287407910061772,113,-3.3736878245442075,-2.7480933554137494,0.5393613104821664,16,0.5,1.315651725035428,-1.5921235307466104,2.371612450960922,3.2479919999999884,24,-0.9317316905491785,0.8180118743494957,-0.2980679759854499,16,-1.000493703129067,0.8667552180095589,-0.23758133199197617,18,-0.769233302915596,2.2923728428184615,2.2139140502857924,21,-2.7480933554137494,0.5393613104821664,-1.749859935198117,17,-1.6830349772658852,1.5631710724558432,1.1960479389268253,17,4.365968400000009,113,0.46017699115044247,COMPLETE
211,-9999.0,2026-04-28 12:26:06.819239,2026-04-28 12:26:14.261405,0 days 00:00:07.442166,3,49,14,6,47,0.95,12,89,13,4,2.4400000000000004,2.1864601716703187,0.22584079020185333,30,-1.3785959717962444,-1.120584063806153,0.0,1,0.6666666666666666,1.4127553535546413,-1.120584063806153,0.0,-0.632979999999983,3,-0.6159665080215955,1.4417745963426623,0.38631650622109603,9,-0.4619251174432954,1.4994914262988843,0.21405081942764692,6,-0.6388124809934755,5.0,1.8203610883557042,7,-0.9391982666480139,0.1774950073803671,-0.7445397033537415,4,0.0,5.0,0.3118360305603973,1,1.3413352000000156,30,0.4666666666666667,COMPLETE
212,-9999.0,2026-04-28 12:26:14.266439,2026-04-28 12:26:21.664636,0 days 00:00:07.398197,2,36,13,5,45,0.95,17,88,14,5,2.6,3.294873623801563,0.6720950080736365,17,-0.8877584448083472,-0.8877584448083472,0.0,1,0.6666666666666666,4.306107012717163,-0.2992427267753773,0.0,-0.2601699999999929,2,-0.8877584448083472,5.0,2.634869139039009,5,-0.35174851780594174,0.6622749850283519,-0.09365245594114002,3,-0.17630324719198276,5.0,0.6113776585557895,1,-0.3035956179612612,4.568279883381761,0.5352563288333778,2,-0.3632154981034457,4.538686874399265,0.6048893779547759,4,4.073751999999997,17,0.5882352941176471,COMPLETE
213,-9999.0,2026-04-28 12:26:21.669701,2026-04-28 12:26:29.041190,0 days 00:00:07.371489,2,41,13,5,39,0.9,16,86,14,5,2.72,1.488602811982701,0.3904315719050459,47,-1.0038037068251404,-0.947646922766984,0.26431246655965357,5,0.6666666666666666,1.4575689353358134,-0.804751626764904,0.7311936616474647,-0.26259959999999083,9,-0.8961651819280981,2.2551116439874654,1.532386039610456,12,-0.8327172664427224,0.26431246655965357,-0.543125323865612,6,-0.5492897629334229,2.9954483607015256,1.06296966283006,5,-0.947646922766984,1.239804170785645,0.20019031944680243,6,-0.5431119297725127,1.445746568214454,0.3527683334085596,9,2.349895599999985,47,0.40425531914893614,COMPLETE
214,-9999.0,2026-04-28 12:26:29.046317,2026-04-28 12:26:36.414916,0 days 00:00:07.368599,3,33,10,5,48,0.95,18,88,14,3,2.5,2.2739933393886247,0.36692780639858885,6,-0.7226814796417425,-0.7226814796417425,0.0,0,0.5,5.0,0.0,0.0,0.0,0,-0.7226814796417425,5.0,2.0554999999999657,2,-0.1679674294868952,0.0,-0.1679674294868927,1,-0.053904398017824054,5.0,0.17142030433019428,1,0.0,0.0,0.0,0,-0.10783348255566857,3.643960036331749,0.14261396354826594,2,2.204279999999992,6,0.6666666666666666,COMPLETE
215,-9999.0,2026-04-28 12:26:36.419822,2026-04-28 12:26:43.843502,0 days 00:00:07.423680,2,54,13,7,58,0.95,17,86,10,3,2.62,1.3947604578373012,0.08800862903134236,30,-1.7450690663823474,-0.9917567864679675,0.0,3,0.5,1.1322432175873147,-0.8492277924088467,0.2816330250148116,-0.6306399999999823,6,-0.9917567864679675,1.1270143281018379,0.1309596841521543,8,-0.7486689948377484,0.0,-0.5530580900302007,3,-0.6487325834870665,4.5925072927583175,1.2819490721359683,5,-0.49403947338284065,1.5703541903901928,0.3848300933863902,5,-0.3241883320414869,0.7970539107586465,-0.08598898545627565,3,0.5168421999999895,30,0.3333333333333333,COMPLETE
216,-9999.0,2026-04-28 12:26:43.848522,2026-04-28 12:26:51.210581,0 days 00:00:07.362059,2,30,14,5,46,0.9,18,84,15,5,2.6,2.317261653584289,0.5474965834656028,21,-1.260964612203311,-1.206135185303077,0.0,1,0.6666666666666666,2.1639207258834583,-0.905720282583305,0.0,-0.42435000000000667,2,-1.206135185303077,2.344585551269517,1.6767814219640576,6,-0.17462405667216246,0.6116008978821704,-0.11792150463533213,3,-0.5499626797413141,2.9638338470569914,0.5292253145844805,3,-0.1986668940247572,5.0,0.45231652497204067,1,-0.7267824677049856,2.9835496252970546,1.1689277439083767,6,3.314659999999936,21,0.5714285714285714,COMPLETE
217,-9999.0,2026-04-28 12:26:51.215657,2026-04-28 12:26:58.642874,0 days 00:00:07.427217,2,46,10,6,50,0.8,10,90,14,5,2.8,1.3804747604597223,0.969414876970761,144,-4.268954272894408,-3.7348224319924745,0.30900698775414037,17,0.6666666666666666,1.3010299678221482,-2.0493390639935543,3.3345659450640053,6.939614000000005,26,-1.203837128240946,1.1551806463902707,0.4570691642856284,31,-1.6936718113518738,0.6786450039040582,-0.6780981439154066,17,-1.0586002829760326,1.6837953224381035,2.0594877230099895,28,-3.7348224319924745,0.30900698775414037,-3.2100214253040993,23,-1.1891143734934626,1.121654657207756,0.2484379437484474,19,5.663632000000107,144,0.375,COMPLETE
218,-9999.0,2026-04-28 12:26:58.647773,2026-04-28 12:27:06.089168,0 days 00:00:07.441395,2,47,14,6,42,0.9,8,87,10,5,2.4000000000000004,1.2021914132122777,0.05602312726076808,75,-2.635380796527532,-2.335973034979646,0.11095395738976375,5,0.6666666666666666,1.0342300187678428,-1.1524390566392322,1.1522773448550947,0.1776300000000397,13,-1.1616168160672962,1.0482383767935355,0.09886838009645071,18,-0.4823808993079297,0.788827717830166,-0.11475450412323784,5,-0.5480932071403153,2.7888586956521437,1.8928451244220046,14,-2.335973034979646,0.11095395738976375,-2.1445732761684266,11,-1.4146755802499313,1.3239923867529637,0.42612303933777795,14,0.2943720000000649,75,0.4266666666666667,COMPLETE
219,-9999.0,2026-04-28 12:27:06.094295,2026-04-28 12:27:13.486562,0 days 00:00:07.392267,2,34,14,5,58,0.85,16,80,14,5,2.7800000000000002,1.4614754904716698,0.40287318907139175,63,-2.0533521729414845,-1.940924911287133,0.1073905858702647,8,0.8333333333333334,1.3159917723581116,-0.9225144386437961,1.7173407531173435,0.5194910000000386,8,-1.799944444049986,1.5185475648838542,1.2426839686245694,16,-0.5931211641829698,1.443542758438992,0.2977359508658184,8,-0.5409315262512108,2.454929001986815,1.2698460576398007,9,-1.940924911287133,0.1073905858702647,-1.5206463019402428,9,-0.5114358936390067,1.527102278532749,0.6081284592383662,13,2.4149766000000517,63,0.38095238095238093,COMPLETE
220,-9999.0,2026-04-28 12:27:13.491590,2026-04-28 12:27:20.854557,0 days 00:00:07.362967,3,34,11,5,48,0.85,18,83,14,3,2.3000000000000003,2.19005137674786,0.5570105626798327,29,-0.9487943998863929,-0.9487943998863929,0.34339557474367755,3,0.6666666666666666,2.436479329021431,-0.15766607831715576,1.164974757070732,0.030390000000024564,3,-0.9487943998863929,5.0,2.6313283393176734,9,-0.23893383777102736,2.339902098939385,0.5279210081327035,7,-0.6319268153444636,0.34339557474367755,-0.2947274728683058,3,-0.4594131400303212,3.3466073147254547,0.4738809226089158,3,-0.7681897465068197,0.9454285150079101,-0.02672942111201504,4,3.3603129999999926,29,0.5517241379310345,COMPLETE
221,-9999.0,2026-04-28 12:27:20.859554,2026-04-28 12:27:28.284249,0 days 00:00:07.424695,2,51,11,7,36,0.85,12,88,10,3,2.24,1.5032937979648182,0.3075970651147601,91,-4.147059990534677,-3.071315253117074,0.10053667506219302,12,0.6666666666666666,1.164442689022344,-3.071315253117074,0.10053667506219302,-2.910528400000001,17,-1.8380895219656828,0.6066666666667002,-0.7263073826430544,16,-0.44284917912756133,2.0982596077329894,0.9736904920688572,12,-1.2661796285734797,1.7101191004295622,1.2994033779656577,16,-0.8994539587211017,1.501366674992276,1.0384040541324913,18,-0.7079421617531358,3.0028140629051885,2.1709202491646096,12,1.7736180000000212,91,0.43956043956043955,COMPLETE
222,-9999.0,2026-04-28 12:27:28.289356,2026-04-28 12:27:35.697963,0 days 00:00:07.408607,2,42,10,7,40,0.8,10,90,13,5,2.72,1.646912862336712,1.3797160539327578,127,-3.2335758428608625,-3.2335758428608625,0.8904656468406889,18,0.8333333333333334,1.548219097772202,-2.047147423681048,2.3803823471799355,3.312075600000064,21,-1.1918860955879198,1.6171262852623394,1.4500593384652039,24,-0.8282923043627544,1.3782988510943706,0.6386819629188301,18,-1.0766796695801972,1.5727394209354006,1.5700770007721632,24,-3.2335758428608625,0.8904656468406889,-0.43783099851820717,20,-0.9481368126196462,2.0424646227075383,1.7452334199584918,20,8.528184000000039,127,0.4330708661417323,COMPLETE
223,-9999.0,2026-04-28 12:27:35.703022,2026-04-28 12:27:43.120343,0 days 00:00:07.417321,3,38,12,5,43,0.8,10,89,13,5,2.4400000000000004,1.3908274606500475,0.45541597369698944,86,-2.389342926302661,-2.0513220875871228,0.1251792893181862,10,0.8333333333333334,1.2779388794948225,-1.1495338971654767,1.2917789721729824,0.44080800000005915,14,-0.6653552567362363,1.6072666817989136,0.98554284828134,16,-0.7397116804750403,2.109812585563879,1.158877988248297,13,-1.2247598059437848,2.041705368318844,1.7357263131466905,16,-2.0513220875871228,0.1251792893181862,-1.8636483978627938,10,-1.4608925436538573,1.169221866727478,0.27518909036834405,17,2.7236148000000515,86,0.47674418604651164,COMPLETE
224,-9999.0,2026-04-28 12:27:43.125520,2026-04-28 12:27:50.516263,0 days 00:00:07.390743,2,54,11,7,37,0.95,12,88,11,3,2.4200000000000004,1.293163115968277,0.07240821685460253,46,-3.4937267875409823,-1.6162262529600981,0.16227662283776625,3,0.5,1.0673641042458748,-1.6162262529600981,0.16227662283776625,-1.1710199999999782,8,-1.2928575676768985,0.2141359294429408,-1.128799669894387,9,-0.987151820656623,1.2355757430734864,0.28210726817947673,10,-1.0608819852660165,1.8741964100076611,0.7723585015801726,7,-0.6159325935109431,3.5401655477133698,1.7931872808768068,9,-0.3244680312224397,0.7326284427344384,-0.11338407961447583,3,0.4026110000000305,46,0.3695652173913043,COMPLETE
225,-9999.0,2026-04-28 12:27:50.521114,2026-04-28 12:27:57.913010,0 days 00:00:07.391896,3,32,11,7,43,0.85,12,89,15,3,2.2800000000000002,2.0454010235656406,0.7093431860252797,56,-1.8686267323573824,-1.8686267323573824,0.15300587337174648,5,0.6666666666666666,1.7472542870766379,-1.1203922261655386,0.15300587337174648,-0.6157731999999916,5,-1.8686267323573824,3.4675909770929976,2.5558268970705234,12,-0.45744579917242345,1.3850670626708157,0.23914175784760516,8,-0.624969071007557,5.0,1.8451289128530224,6,-0.8466347382884404,0.9435434456969659,-0.09924654728228344,14,-0.7870718412944743,1.3231987825613167,0.3309812956628022,11,4.293977199999932,56,0.48214285714285715,COMPLETE
226,-9999.0,2026-04-28 12:27:57.917965,2026-04-28 12:28:05.409672,0 days 00:00:07.491707,2,58,11,7,53,0.85,9,86,10,3,2.4400000000000004,1.492275654433519,0.28049181503868964,139,-4.181664775485237,-4.139317587476317,0.3903867133539096,16,0.6666666666666666,1.0799055243218145,-1.9166146313418417,0.46138846282092955,-1.696060800000021,23,-1.1385192468677907,1.0467469982742301,0.1554106592709159,28,-0.501915026899796,2.048896967179063,1.2308491221837636,16,-1.1942759164777483,3.63689989458951,4.593065707909294,23,-4.139317587476317,0.3903867133539096,-3.712558720391157,27,-2.0745833526759014,1.3693348903834703,1.1122449212593422,22,1.49263040000005,139,0.41007194244604317,COMPLETE
227,-9999.0,2026-04-28 12:28:05.414874,2026-04-28 12:28:12.777112,0 days 00:00:07.362238,2,56,11,6,40,0.8,16,77,10,5,2.52,1.427829131230446,0.8194975903215885,104,-2.060205719587847,-2.060205719587847,0.7207277066114255,13,0.6666666666666666,1.347990733421755,-2.060205719587847,2.9151140647656097,3.1698968000000383,15,-1.0744377927447335,0.9516086766112312,-0.10496007397379215,19,-0.5976455420641072,1.1879063464870236,0.18837198521688414,13,-1.949161325588577,1.6668387328991325,2.0813186916717186,19,-1.9438902631178936,1.1247792600082542,0.36996065550316537,19,-1.4575890592854812,0.7207277066114255,-0.7876025164884837,19,4.96154400000004,104,0.41346153846153844,COMPLETE
228,-9999.0,2026-04-28 12:28:12.782057,2026-04-28 12:28:20.278838,0 days 00:00:07.496781,3,37,13,6,54,0.8,8,80,14,3,2.4000000000000004,1.4461640062464625,0.8888838589010479,127,-2.106070605954728,-2.106070605954728,0.45330416477484103,15,0.8333333333333334,1.365060832516144,-2.106070605954728,0.45330416477484103,-1.5893759999999646,22,-1.6518227267751504,1.3183767159636617,1.011959846936894,28,-0.5540347589074486,2.0893644567990424,2.0145020697841076,26,-1.2421657642402857,2.2717666399051675,2.624270817023522,19,-1.114371162525277,1.2916247674727523,0.7908481549979696,15,-1.0890032019249156,1.252547292563309,0.4810982646637596,17,5.39797199999994,127,0.4330708661417323,COMPLETE
229,-9999.0,2026-04-28 12:28:20.283949,2026-04-28 12:28:27.677907,0 days 00:00:07.393958,3,47,11,7,60,0.95,14,78,12,3,2.3800000000000003,1.6309115492596253,0.22105727355066587,39,-1.8175576167947114,-1.7838918848418686,0.2996663796814518,3,0.5,1.2632795726195756,-0.7487686557373017,0.2996663796814518,-0.5205999999999822,5,-1.7838918848418686,0.3368019901140582,-1.0317697935451675,9,-0.5533615634280631,1.3933649550493397,0.28976668599607347,8,-0.5254597328445195,5.0,2.4553124305006335,7,-0.6651907673420285,0.9300048385334284,-0.0886596263388939,7,-0.3220778170918857,1.8256311321794727,0.2222939446913319,3,1.297607600000017,39,0.41025641025641024,COMPLETE
230,-9999.0,2026-04-28 12:28:27.683214,2026-04-28 12:28:35.165278,0 days 00:00:07.482064,3,31,10,5,45,0.85,10,82,15,3,2.2800000000000002,1.8051508216230985,1.1756311108182926,91,-1.8630407395369701,-1.8630407395369701,0.8132356086166818,7,0.8333333333333334,1.7534641051145885,-1.4224645242738785,0.8132356086166818,-0.17990079999997688,7,-1.8630407395369701,3.5704302959820335,3.1442032467945857,17,-0.8735920628521517,1.747810389695937,1.1024465104173764,19,-0.8997223762635479,1.7815227568933236,1.031154331995654,12,-1.1771088123199869,1.442411514424177,1.0796705913574955,17,-0.9394194309026167,1.4754943641264375,0.876212784344621,19,7.233971199999911,91,0.5274725274725275,COMPLETE
231,-9999.0,2026-04-28 12:28:35.170403,2026-04-28 12:28:42.618255,0 days 00:00:07.447852,2,39,14,7,50,0.95,18,89,12,3,2.7,2.0299127552949643,0.1851110869095285,12,-1.2637638849437116,-1.2637638849437116,0.0,0,0.5,1.7443405883887946,0.0,0.0,0.0,0,-1.2637638849437116,1.5648252522916202,0.46398699999998794,5,-0.17598174653837265,0.6146512794781647,-0.12231248596574762,3,-0.3375715413644899,5.0,0.4019050736604246,2,-0.442450043104496,5.0,0.6355004427393229,1,-0.3216914899745786,0.0,-0.26841350897681693,1,1.1124840000000136,12,0.4166666666666667,COMPLETE
232,-9999.0,2026-04-28 12:28:42.623381,2026-04-28 12:28:50.149906,0 days 00:00:07.526525,3,50,13,5,51,0.8,8,88,11,3,2.22,1.5788737839452154,0.4917385922346103,127,-3.3240738490927693,-2.61485782147649,0.6124861229285671,17,0.5,1.1912131744718746,-2.4920702653077056,0.6124861229285671,-1.5302767999999745,27,-1.2902823326141917,0.7997852024374751,-0.34134207863804056,19,-1.1156069183180217,1.0826149698136023,0.1657988623400053,22,-1.1864662307386307,2.765954417829203,3.2760672631156007,19,-2.61485782147649,0.728182048840997,-1.2347063108092526,23,-0.6741079249201398,3.484219941821448,2.6148906173993236,17,2.8849020000000225,127,0.4251968503937008,COMPLETE
233,-9999.0,2026-04-28 12:28:50.155054,2026-04-28 12:28:57.615350,0 days 00:00:07.460296,3,56,12,5,50,0.85,10,90,12,3,2.22,1.4491939025356568,0.28672390729993874,87,-4.0740477140131865,-2.2501147639999504,0.34874066160594036,11,0.5,1.1549838323806179,-2.2501147639999504,0.5573424951436561,-1.3740929999999985,19,-1.2169411291457042,0.34874066160594036,-0.8777079231322094,11,-1.0581312587545193,0.7212590977789302,-0.4093825053631428,15,-0.8511516787931616,2.055530795769462,1.3418222884943543,13,-1.2651850767341584,1.2129621380846458,0.6212083550796166,17,-0.6830207505195335,3.7993282268313058,2.418496228721012,12,1.6804370000000457,87,0.40229885057471265,COMPLETE
234,-9999.0,2026-04-28 12:28:57.620303,2026-04-28 12:29:05.082114,0 days 00:00:07.461811,3,31,13,6,55,0.85,11,90,12,3,2.7600000000000002,1.4368936831124985,0.250180322463502,39,-1.9220698007050965,-1.8890799889069683,0.0,2,0.5,1.2779221149125533,-1.1195793815097161,0.0,-0.5427999999999877,2,-1.8890799889069683,2.400400068622453,1.6414964426909595,9,-0.7771838286919548,1.8749925095071622,0.6759935146128715,11,-0.6327152532601963,3.1546352941177096,0.9807447557473203,4,-1.3376138574545255,0.3793926720985369,-1.1724905841789535,9,-0.743685245996349,0.8119415543291288,-0.08186219409119788,4,1.4831536000000423,39,0.41025641025641024,COMPLETE
235,-9999.0,2026-04-28 12:29:05.087263,2026-04-28 12:29:12.513468,0 days 00:00:07.426205,3,43,12,5,32,0.85,9,88,13,5,2.3400000000000003,1.2377686209343557,0.13764264683142255,75,-2.5081489072144256,-1.7933484580912165,0.24856396330406896,9,0.5,1.0958413669008706,-1.1438278697147917,0.809330085783907,-0.2669435999999581,12,-0.8024637286125175,0.9369422634180062,-0.08431066191607606,13,-0.9515170002111394,1.5425593677475709,0.43402475362042114,9,-0.7412523785355175,2.237750042111535,1.5418344366477932,13,-1.7933484580912165,0.24856396330406896,-1.6555251574583152,11,-0.5897938078559528,1.6514660032410462,0.8567761100946703,17,0.798422800000087,75,0.4533333333333333,COMPLETE
236,-9999.0,2026-04-28 12:29:12.518237,2026-04-28 12:29:19.889189,0 days 00:00:07.370952,2,34,14,5,48,0.9,17,87,11,5,2.7,1.4917772322239815,0.293135696748964,22,-1.6319264487966518,-1.6319264487966518,0.39798717530696026,2,0.6666666666666666,1.636713935195192,-0.2433248678633035,1.347025483857465,0.08265800000000212,3,-1.6319264487966518,2.1263766120852137,1.242672831490954,6,-0.3552829524963135,0.7221812822402319,-0.07441301699602221,3,-0.5501380487467799,2.3854616174958587,0.3729011630684731,2,-0.7790219220440036,0.39798717530696026,-0.27251797930277766,3,-0.5160854682758805,1.971631222358159,0.4075131822331546,5,1.7645889999999609,22,0.45454545454545453,COMPLETE
237,-9999.0,2026-04-28 12:29:19.894228,2026-04-28 12:29:27.324094,0 days 00:00:07.429866,3,53,14,7,54,0.9,8,85,10,5,2.3600000000000003,0.9652265705653774,-0.1935269888807397,70,-2.558515988973018,-1.9187473018590622,0.3787082907460525,9,0.3333333333333333,0.8683887720206267,-1.4540657985183418,0.5718353805355048,-0.7717495999999491,12,-1.0520004043180604,0.819757648133197,-0.2585795869277874,13,-0.9019854257804445,0.7028500454763236,-0.30699574034855903,9,-0.7530178997267194,2.164194488226546,1.4822302624609485,13,-1.9187473018590622,0.3787082907460525,-1.4751800633558076,12,-0.7865123286206106,1.15401357027464,0.1691127948867166,11,-1.1799551999999047,70,0.42857142857142855,COMPLETE
238,-9999.0,2026-04-28 12:29:27.329266,2026-04-28 12:29:34.752408,0 days 00:00:07.423142,2,58,14,5,58,0.8,14,77,11,4,2.52,1.5466158644634715,1.2445501517967268,110,-2.2542389298282166,-2.029527926052037,0.36600024303725165,13,0.3333333333333333,1.5004535352011759,-2.0226892397176544,4.25751219267939,6.505577600000012,22,-1.3827219264058612,0.9999538376052597,-9.126282600746549e-05,16,-1.2599847555161243,0.36600024303725165,-1.028711382630454,13,-2.029527926052037,1.7811605262013355,2.385162758381587,24,-1.8824900839472258,0.8781929799514638,-0.38736725307326747,19,-1.738966614053078,0.9968754073061292,-0.007269549071509118,16,7.498165200000062,110,0.42727272727272725,COMPLETE
239,-9999.0,2026-04-28 12:29:34.757556,2026-04-28 12:29:42.259590,0 days 00:00:07.502034,3,52,11,5,52,0.85,8,90,11,3,2.3400000000000003,1.0946919913801374,0.09960483207648678,105,-3.3672181323103962,-2.3355607282168114,0.7028294386894669,15,0.3333333333333333,1.047002347708892,-2.3355607282168114,0.7028294386894669,-1.0361861999999666,24,-1.1171072711181653,0.7958604012380129,-0.31391029515882574,17,-1.0018579385926585,0.8609547377059501,-0.22326868037904068,19,-1.2428306348237015,1.7349572249593663,1.4200019268761688,15,-1.6527636860644526,0.9792658867738842,-0.04642662646321405,15,-1.7222729276487936,1.4942842589141443,0.797418867583799,15,0.5799943999999835,105,0.3904761904761905,COMPLETE
240,-9999.0,2026-04-28 12:29:42.264643,2026-04-28 12:29:49.679149,0 days 00:00:07.414506,3,30,12,6,58,0.9,16,87,10,5,2.4400000000000004,2.5663390176389176,0.44962706979093475,20,-1.0131343685553216,-0.7282000838807478,0.0,1,0.6666666666666666,2.1935494924024574,-0.6570625596931752,0.0,-0.4064700000000032,2,-0.7282000838807478,2.5166710594022677,1.2133699849778967,5,-0.6349661782812561,0.3647463943651458,-0.3382029208001014,4,-0.5520492808920603,2.5166166520660918,0.8099457225676066,4,-0.182327979879423,5.0,0.6521780721992609,1,-0.007245827282004787,5.0,0.7669415598009488,4,2.717007999999921,20,0.5,COMPLETE
241,-9999.0,2026-04-28 12:29:49.684080,2026-04-28 12:29:57.198826,0 days 00:00:07.514746,2,38,11,5,38,0.8,10,90,11,3,2.4200000000000004,1.2103347762893935,0.33261239680635696,105,-2.6883310288915085,-2.002819993276887,0.37988230929058264,16,0.6666666666666666,1.1533533529808069,-2.002819993276887,0.37988230929058264,-1.6713412000000427,16,-1.8436497257931204,1.7805817807238027,1.4180061205106842,19,-0.9310737286755564,0.9078166577898075,-0.17876584359729497,20,-1.1097387948095487,1.0715886163750545,0.16018653795732973,16,-1.4227910264450585,1.4369919749885762,1.132721937462966,17,-0.6895661506404196,1.6851473185685366,1.1348668285044994,17,1.9778487999999372,105,0.4095238095238095,COMPLETE
242,-9999.0,2026-04-28 12:29:57.203957,2026-04-28 12:30:04.578399,0 days 00:00:07.374442,3,59,11,5,38,0.95,15,90,13,3,2.6,0.9728113629527284,-0.015748504622298265,25,-1.2419200762002864,-1.2419200762002864,0.0,1,0.3333333333333333,0.9644504068156728,-0.7704210601744587,0.0,-0.7113099999999983,4,-0.6866075023588206,0.6721647730724805,-0.27172480571553415,9,-0.18039790253926719,0.0,-0.12899557819759933,1,-1.2419200762002864,2.3767367485934137,0.9402740596612169,5,-0.42023337965188073,0.7405425977273778,-0.09561513579465775,4,-0.38771970666651395,2.0474240583230987,0.17288043231278305,2,-0.10202200000002382,25,0.36,COMPLETE
243,-9999.0,2026-04-28 12:30:04.583261,2026-04-28 12:30:12.044074,0 days 00:00:07.460813,3,57,12,7,41,0.9,11,90,11,3,2.4200000000000004,1.2717406268822908,-0.4079487140146702,61,-3.411134787007386,-2.2584546385718203,0.0,6,0.3333333333333333,0.7202959377364303,-2.2584546385718203,0.0,-2.200230000000014,11,-0.8255841120142984,0.46919859986954965,-0.5907594670212291,10,-0.6538131072494434,1.2936963510543609,0.16632077687808167,6,-0.6553844331511838,4.737777364802176,1.8587998121944782,9,-1.9737359629942577,0.8695247026198787,-0.3604865643864086,16,-1.9859312419236563,0.2602467429477796,-1.3213368417529292,9,-2.4696637999999327,61,0.3442622950819672,COMPLETE
244,-9999.0,2026-04-28 12:30:12.049169,2026-04-28 12:30:19.451459,0 days 00:00:07.402290,2,56,10,7,46,0.85,13,88,10,3,2.4400000000000004,1.2733098724315826,0.3649206304540557,91,-3.143974974001114,-2.0610912612578995,0.6409803692840933,10,0.5,1.1721881209066962,-1.9521792677531076,0.6409803692840933,-0.8617619999999881,14,-1.2357563400085252,0.8330284232046052,-0.38308649383091975,17,-0.8014849366198322,1.27745567313757,0.32070287759713434,10,-1.2236573502886685,2.1632349915865476,2.225810877707901,19,-1.4361653389994105,0.7257760209790046,-0.8445756533346782,17,-2.0610912612578995,1.9993837563976748,1.7324341745848848,14,2.164807600000107,91,0.4175824175824176,COMPLETE
245,-9999.0,2026-04-28 12:30:19.456678,2026-04-28 12:30:26.864287,0 days 00:00:07.407609,3,33,10,6,40,0.8,14,78,12,3,2.56,2.038731993681883,1.132450538825458,72,-2.014331693569784,-2.014331693569784,0.5974812647850288,6,0.5,1.8801146972390117,-0.45492961729308595,0.5974812647850288,-0.22290279999997997,6,-2.014331693569784,3.255878574033984,3.0372497146569533,16,-1.324256346260632,2.627241001433034,1.502142982130894,13,-0.9647537239946948,4.157589363963531,3.2455253883385327,12,-0.9043686614221663,0.9853732652187638,-0.025698110403882257,11,-0.9839503832599863,0.6088284926569558,-0.7416139417697698,14,6.912174399999982,72,0.5138888888888888,COMPLETE
246,-9999.0,2026-04-28 12:30:26.869442,2026-04-28 12:30:34.298381,0 days 00:00:07.428939,3,35,11,5,34,0.85,9,81,15,5,2.2,2.501291295115242,1.233823797040834,91,-3.5415015543844954,-3.1547936198588435,0.20520172103500475,11,0.6666666666666666,1.7778878786456116,-0.9967996703141666,0.8397161573753272,-0.2057739999999808,11,-0.7241606870011275,3.8200529445731557,3.7682099964380544,18,-0.4793961142617516,5.0,3.8002627442764947,17,-0.5109721264018852,2.609339004220506,1.8340230841125793,14,-3.1547936198588435,0.20520172103500475,-3.0460941198791613,16,-0.5534537194582996,2.5334379434874577,1.252315077297017,15,7.4561720000000165,91,0.5384615384615384,COMPLETE
247,-9999.0,2026-04-28 12:30:34.303646,2026-04-28 12:30:41.673983,0 days 00:00:07.370337,3,52,10,5,40,0.95,17,89,15,3,2.4000000000000004,2.3482137532930105,0.49533031253210696,26,-1.1657059128557756,-1.0283073599151296,0.0,3,0.8333333333333334,2.008495513264956,-0.7137432722174419,4.605701707059112,1.670773999999997,4,-0.7149871997328681,1.2508999524553461,0.14533183351197465,7,-0.4884679739938765,0.0,-0.4386333042273205,3,-1.0283073599151296,1.6172415780192837,0.5283139343394527,6,-0.43872022228387236,1.6154392822243204,0.2719329176660956,3,-0.40943933848981795,5.0,0.7942624939024423,3,2.9962199999999495,26,0.4230769230769231,COMPLETE
248,-9999.0,2026-04-28 12:30:41.679116,2026-04-28 12:30:49.140706,0 days 00:00:07.461590,2,60,14,5,49,0.8,10,84,12,4,2.62,1.3106700931325028,1.014699933793606,136,-3.2396772582402025,-2.6658859515912665,0.5688096546257196,16,0.5,1.2942705998020112,-2.0315022381240766,2.5892572443405375,5.655594400000008,29,-2.4528205812850965,0.5688096546257196,-1.4930067915078449,22,-1.2829086390073572,0.5967626840895568,-0.7281956931647682,16,-2.6658859515912665,0.9961498638220198,0.4528984106298095,27,-2.4642629971154952,0.9666005374721451,-0.6010500670401209,22,-1.7393265967436164,2.1464405744450366,2.801959343844551,20,6.054997200000112,136,0.38235294117647056,COMPLETE
249,-9999.0,2026-04-28 12:30:49.145812,2026-04-28 12:30:56.519402,0 days 00:00:07.373590,3,59,10,5,58,0.95,17,89,15,4,2.54,1.9108089559684658,0.40123750039070166,26,-1.1430647051626703,-1.1430647051626703,0.0,1,0.6666666666666666,1.959767340838895,-1.1430647051626703,3.6334464302780836,2.2042999999999813,8,-0.41130814589063897,1.1560690919387817,0.10246222517058534,8,-0.17459943448931442,0.0,-0.12484725100605498,1,-1.0309474834138714,0.2041927746520623,-0.5260142985001215,3,-0.3168512427545853,1.4711454389418672,0.09181986270945242,3,-0.004074605486952197,5.0,0.6597044639703675,3,2.408296200000004,26,0.46153846153846156,COMPLETE
250,-9999.0,2026-04-28 12:30:56.524395,2026-04-28 12:31:04.046272,0 days 00:00:07.521877,3,44,14,5,44,0.85,9,80,14,4,2.4400000000000004,1.9871825644882533,1.3619371201737323,98,-2.1750415968025525,-2.1750415968025525,0.8377264477320105,12,0.8333333333333334,1.7888369181873747,-2.1750415968025525,1.327275121430085,0.7903596000000235,18,-0.9494210503613774,2.6080533046103027,2.5477000084043633,20,-0.6067136005249324,1.7504712064653793,1.0017469770920995,17,-1.2515909577764175,2.944084015939794,2.6917907345094694,17,-1.1639021811312833,0.8377264477320105,-0.4086581388467625,14,-0.7308808187220764,2.4554852907519464,1.5486835398832,12,8.419004000000019,98,0.5,COMPLETE
251,-9999.0,2026-04-28 12:31:04.051298,2026-04-28 12:31:11.484142,0 days 00:00:07.432844,2,33,13,7,49,0.9,15,78,12,3,2.52,2.3722629911783724,0.8723137972167375,36,-1.791274501142179,-1.791274501142179,0.5722010331675853,2,0.6666666666666666,2.328676607362501,-1.041523335190442,0.5722010331675853,-0.17721999999998905,2,-1.791274501142179,3.309834789410674,2.4552475897785975,9,-0.2403153895222374,3.2408029864767203,0.886232344337623,8,-0.6173065137024155,5.0,2.1058879257006335,6,-1.101653169501982,0.79778630684284,-0.20753825329367093,5,-0.5554542002305155,1.3129528311724157,0.1712731767772313,6,5.314334399999954,36,0.5833333333333334,COMPLETE
252,0.4458017906517069,2026-04-28 12:31:11.489260,2026-04-28 12:31:18.867012,0 days 00:00:07.377752,2,58,12,5,37,0.8,13,84,11,5,2.62,1.8322830657410616,1.6607143815292638,107,-2.0315293210873318,-2.0315293210873318,1.2380963131053133,13,1.0,1.8369216648547508,-2.0315293210873318,3.187314524239104,4.328323600000039,21,-1.1998503345249971,1.45611588026179,0.8657815718990491,19,-0.595659266168196,1.697011953041623,0.6206313791034423,13,-1.4389443061610883,1.6697042037220273,1.9892080855452354,21,-1.3581784534712216,1.745455520076512,1.7899887677435222,18,-0.6661486435484328,1.2380963131053133,0.3703528848842952,15,10.3310782000001,107,0.48598130841121495,COMPLETE
253,-9999.0,2026-04-28 12:31:18.872112,2026-04-28 12:31:26.267057,0 days 00:00:07.394945,2,57,11,5,60,0.8,13,84,10,5,2.58,1.5114974445991762,1.2732240909319958,117,-2.20486478958887,-2.0413610088170713,0.7922334713203004,14,0.5,1.5045744538335404,-2.0413610088170713,2.4390483058195462,3.3526084000000456,21,-1.3842547861706938,0.7922334713203004,-0.6079937504509525,21,-0.6359650616008503,1.4604870805980212,0.48004428478030103,14,-1.9211271700376287,2.5147384719451145,4.729518697751378,25,-1.7797182934059748,0.970769781798813,-0.09587948520920486,20,-0.8570511439563919,0.8917075561132601,-0.2189536012795923,16,7.758932200000079,117,0.46153846153846156,COMPLETE
254,-9999.0,2026-04-28 12:31:26.272012,2026-04-28 12:31:33.690590,0 days 00:00:07.418578,2,32,14,5,51,0.9,14,84,15,4,2.74,2.4782552579274797,0.7913411982693574,31,-1.8934982428434481,-1.8934982428434481,0.6246864024084112,3,0.6666666666666666,2.4090103734197066,-0.7663970729387951,2.030899947248126,0.29313639999999364,3,-1.8934982428434481,2.188603025675747,1.5056589655122021,8,-0.17366737345081987,0.6246864024084112,-0.11756014488699673,3,-0.6572331356117713,5.0,2.3122816675648528,7,-0.7306780733384356,0.9158665539618748,-0.059316917435925376,5,-0.3782874318510842,4.10947561827072,0.8138472188620183,5,4.8192099999999405,31,0.5806451612903226,COMPLETE
255,-9999.0,2026-04-28 12:31:33.695709,2026-04-28 12:31:41.136338,0 days 00:00:07.440629,3,38,12,7,36,0.8,10,83,15,3,2.52,1.5223739867079462,0.7523529405037199,117,-3.5884190816324297,-2.22064454651042,0.2846390723468613,16,0.8333333333333334,1.3129670384423457,-2.22064454651042,0.2846390723468613,-2.1283775999999976,19,-2.0537217101394742,1.1645285100681888,0.4266037384091259,21,-0.5594864347978366,1.8602797281779933,1.3948836165698975,21,-0.8276925160418116,3.2269931735415467,3.227592870867091,16,-1.4865245236967664,1.2327939219194797,0.8687887715003395,22,-1.2434456100157043,1.3650095141936083,0.7246262456758634,18,4.522520799999974,117,0.42735042735042733,COMPLETE
256,-9999.0,2026-04-28 12:31:41.141401,2026-04-28 12:31:48.582855,0 days 00:00:07.441454,3,54,11,7,56,0.95,12,85,12,3,2.2,1.7951687202836446,-0.0801585301670867,41,-3.438402868649456,-1.700679390750844,0.07922747981482946,1,0.6666666666666666,0.9105425283133542,-1.700679390750844,0.13011152416357039,-1.3665599999999833,9,-1.280619558746037,0.07922747981482946,-1.268358885181331,8,-0.7057947203418139,1.7470948624514457,0.5747608597995724,7,-1.0569101195073733,2.74536274800122,1.2035862401603925,6,-0.6635820004877968,1.0692157072708017,0.09129654409680832,10,0.0,5.0,0.28432406012202094,1,-0.5064760000000001,41,0.36585365853658536,COMPLETE
257,-9999.0,2026-04-28 12:31:48.588048,2026-04-28 12:31:56.021617,0 days 00:00:07.433569,3,50,14,7,36,0.95,12,83,11,3,2.2800000000000002,2.113902764794172,0.0883251735469696,33,-2.1599869583313382,-1.5441598424489926,0.16526715183180996,1,0.6666666666666666,1.123938812765408,-1.5441598424489926,0.16526715183180996,-1.0735999999999746,7,-1.0233217068086309,0.44576475224822704,-0.6254856135470388,9,-0.4245835867084732,1.4533704803599885,0.1506336798094976,3,-0.6498340550295665,4.434408202914226,1.615944403186198,6,-0.6079401290218477,1.184606001410779,0.1700257918342496,7,0.0,5.0,0.29243277999888573,1,0.509875599999976,33,0.3939393939393939,COMPLETE
258,-9999.0,2026-04-28 12:31:56.026536,2026-04-28 12:32:03.481147,0 days 00:00:07.454611,3,33,10,7,46,0.95,13,85,11,3,2.6,2.6338153975678518,0.702423289304747,18,-0.8847287629208346,-0.8847287629208346,0.0,0,0.6666666666666666,5.0,0.0,0.0,0.0,0,-0.8847287629208346,5.0,2.1393199999999446,2,-0.2923421263427861,2.572515395869415,0.4524976277500148,5,-0.5117948281047338,5.0,1.5173111799985817,3,-0.4111209346019724,2.6816150997491084,0.2702963169073813,3,-0.39367704794601593,0.5487618897885885,-0.16488538882744042,5,4.267611999999987,18,0.6111111111111112,COMPLETE
259,-9999.0,2026-04-28 12:32:03.486261,2026-04-28 12:32:10.886043,0 days 00:00:07.399782,2,57,12,6,52,0.8,12,78,12,5,2.62,1.57537628683047,1.4570674361459812,140,-2.7850497900413704,-2.015028519887525,0.6840584015015367,15,0.6666666666666666,1.4753886744620786,-2.015028519887525,3.613700324690211,6.858454200000086,28,-1.6497519644463627,0.8244080721968836,-0.690819463491732,28,-0.5810273841946305,1.4112146331073148,0.4366180604511216,15,-1.8611408456536886,1.856687975277984,2.918307445275059,24,-1.8197736338119799,1.06218831420889,0.2030119552793863,23,-1.4238925013003412,0.6840584015015367,-0.9831675806380336,22,8.836058800000135,140,0.45,COMPLETE
260,-9999.0,2026-04-28 12:32:10.891278,2026-04-28 12:32:18.321960,0 days 00:00:07.430682,3,38,10,5,56,0.8,11,87,11,3,2.24,1.355490607087055,0.2594930566452787,82,-3.68178146418163,-2.9149381654663147,0.0,11,0.8333333333333334,1.1493443192377646,-2.9149381654663147,0.0,-2.7933100000000155,12,-2.1842457489566898,1.5511944320583533,0.8774445462550462,16,-0.7959985278253509,1.5579427669751096,0.6923273481666214,17,-1.0503878723956872,1.7201161381901071,1.0173160548457183,11,-1.1647086133125442,1.3487603692247545,0.7178324207071984,15,-0.7887902561528399,1.9549299360740051,1.0453479698971035,11,1.5091347999999227,82,0.45121951219512196,COMPLETE
261,-9999.0,2026-04-28 12:32:18.326886,2026-04-28 12:32:25.829749,0 days 00:00:07.502863,3,50,14,7,53,0.85,9,75,10,3,2.46,1.7814719355156032,0.6951293273732135,109,-3.3875198544226675,-2.7697628522688653,0.33069508580285306,14,0.8333333333333334,1.3519635268133003,-2.7697628522688653,0.33069508580285306,-2.711842799999953,26,-1.083226815956409,1.1162541594655302,0.18529799020596815,18,-0.4462201151783439,3.268845376092941,1.6346098903314177,14,-0.8439370646938008,2.556840470730306,2.1861251126152226,15,-1.3416388068340888,1.8383829271640664,1.7498847785786698,18,-1.6555441117406513,1.5778135938379239,1.1267009925079563,18,4.1591178000000895,109,0.43119266055045874,COMPLETE
262,-9999.0,2026-04-28 12:32:25.834846,2026-04-28 12:32:33.212755,0 days 00:00:07.377909,2,53,13,5,47,0.8,12,82,11,5,2.7,1.320330975235161,0.9268706934841774,124,-2.2379088787829313,-2.0382246606225003,0.616222866805062,15,0.5,1.3626058305957658,-2.0382246606225003,2.6833016429857968,4.683164000000017,27,-1.0972947434041451,0.616222866805062,-0.8000455546031904,19,-1.0192623619030305,0.8230087730671165,-0.27606163304807474,15,-1.446533786056696,1.4756229172777011,1.2996768517586244,22,-1.6080723168493634,0.8876748529645552,-0.3772149643527012,21,-0.9787579328297549,1.4361547983107352,1.0317054611503895,20,5.587414999999951,124,0.4112903225806452,COMPLETE
263,-9999.0,2026-04-28 12:32:33.217859,2026-04-28 12:32:40.699163,0 days 00:00:07.481304,3,53,11,5,33,0.95,8,85,13,3,2.3400000000000003,1.1000986116959413,-0.3999040448171287,55,-3.382327061335888,-2.4818590830067837,0.35251144307318316,2,0.3333333333333333,0.7109638361851023,-1.645851928921547,0.6111083566897023,-0.7686909999999769,14,-1.2125079699550798,0.35251144307318316,-0.9950299053295697,11,-0.7787948930966647,0.5049892893924094,-0.48924692931501257,9,-1.2588344181646363,1.7343546751783312,0.8001313589416803,8,-2.4818590830067837,0.5692659420759387,-1.1465304044760094,11,-0.1093561424042511,2.828361963766082,0.199942611276116,2,-2.38957179999999,55,0.32727272727272727,COMPLETE
264,-9999.0,2026-04-28 12:32:40.704125,2026-04-28 12:32:48.176282,0 days 00:00:07.472157,3,30,10,6,60,0.95,13,77,11,3,2.62,2.030113272311202,0.13453720707947148,15,-1.8751120165188953,-1.584403185878373,0.0,0,0.5,1.4673113337515071,0.0,0.0,0.0,0,-1.584403185878373,0.0,-0.5006899999999925,1,-0.30009845834353865,2.180679633867212,0.4148426757934143,6,-0.34963612936032173,5.0,0.964098077449993,2,-0.18344089385327794,5.0,0.7705640525017987,2,-0.8713050216159325,0.0,-0.8415915632683846,4,0.7971349999999822,15,0.4666666666666667,COMPLETE
265,-9999.0,2026-04-28 12:32:48.181538,2026-04-28 12:32:55.638719,0 days 00:00:07.457181,3,48,12,6,48,0.95,12,87,10,3,2.3800000000000003,2.1313238486836092,0.24548150469073846,33,-1.801193773146469,-1.7790109277322077,0.0,2,0.5,1.3865022990790536,-1.3527889916455047,0.0,-0.8663299999999818,4,-1.7790109277322077,0.6770656512265372,-0.30198276730798446,8,-0.6070113157586906,0.9126748276347081,-0.056514588638290064,6,-0.5277099067217821,5.0,1.9797604108125366,5,-0.6038002987103454,1.1982026132404113,0.22587859643949937,8,-0.10900386269566228,5.0,0.49207737683865105,2,1.4583698000000256,33,0.45454545454545453,COMPLETE
266,-9999.0,2026-04-28 12:32:55.643878,2026-04-28 12:33:03.017794,0 days 00:00:07.373916,2,41,14,7,58,0.9,17,83,12,3,2.58,0.9229878374792477,-0.08177663893625582,40,-2.5016908129951716,-1.9232225451488962,0.4173663823022283,4,0.3333333333333333,0.9131239758358323,-0.7928583107020231,0.5940917967519694,-0.32217339999996986,7,-1.9232225451488962,0.7293648762019487,-0.5048671476550748,11,-0.3287257309546814,0.4173663823022283,-0.2623756856419024,4,-0.8279878777513294,2.05179062437126,0.9513227885095343,7,-0.655948728953622,1.1927957087283552,0.12705876381948755,4,-0.7892476320597867,0.552517636519725,-0.4796251526496098,7,-0.497294000000037,40,0.325,COMPLETE
267,-9999.0,2026-04-28 12:33:03.023246,2026-04-28 12:33:10.406848,0 days 00:00:07.383602,2,34,10,5,50,0.95,17,80,14,5,2.4800000000000004,4.2782159727412035,1.2519967558568583,23,-0.716715806358369,-0.716715806358369,1.8156553483256554,2,1.0,5.0,-0.6825017979633569,5.0,1.1954811999999926,3,-0.716715806358369,5.0,3.615442465033647,6,-0.2492596750351745,4.502184705808855,0.5341747784934681,4,-0.6204590906081036,5.0,1.3580797662554822,4,-0.2925569594153867,4.35145578231271,0.48415278040403464,2,-0.4389138700912539,1.8156553483256554,0.324649544954525,4,7.711710799999905,23,0.7391304347826086,COMPLETE
268,-9999.0,2026-04-28 12:33:10.411895,2026-04-28 12:33:17.812576,0 days 00:00:07.400681,3,50,13,6,37,0.9,14,88,11,4,2.2,2.2626559124311743,0.5208692161891293,45,-1.5518807166854485,-1.5518807166854485,0.4402185211148531,5,0.6666666666666666,1.7070486063296149,-0.31135982376567356,1.1071774209096337,0.05559400000005876,7,-1.5518807166854485,0.4402185211148531,-0.6943419875154344,9,-0.5432802142005962,2.446946608398227,0.7664264922972563,8,-0.6340825919149891,5.0,2.4228945224781695,9,-0.7399186989291506,0.6248175501463835,-0.5023176698844778,7,-0.6691992591491003,3.956775374017949,1.0769599397592033,5,3.1319920000000945,45,0.5111111111111111,COMPLETE
269,-9999.0,2026-04-28 12:33:17.817568,2026-04-28 12:33:25.257011,0 days 00:00:07.439443,2,56,14,7,57,0.8,14,79,13,4,2.54,1.4203110046381997,1.1846519170062502,120,-3.3384549150986618,-2.7751143371577203,0.23291707064030795,13,0.3333333333333333,1.4175412189529066,-2.0285634393028027,3.588122518136526,5.9114530000000665,22,-1.7085867544247058,0.7684775985890033,-0.5180688060241745,17,-1.2459146707311948,0.23291707064030795,-1.1789368598044137,13,-2.046554591229101,1.9840714734009912,3.041927772862274,26,-2.7751143371577203,0.9948736716767663,-0.022351454640345825,23,-1.5287190198466112,0.9534036953856034,-0.12611215035590595,19,7.128618600000158,120,0.4,COMPLETE
270,-9999.0,2026-04-28 12:33:25.262166,2026-04-28 12:33:32.672070,0 days 00:00:07.409904,2,38,12,6,38,0.8,16,81,15,5,2.22,1.637995642016552,0.9948510523436704,94,-1.3443483397012015,-1.3443483397012015,1.0747109711897387,13,1.0,1.667352904749648,-0.6679987761962866,1.3871057419544508,0.3957382000000287,13,-0.8144993637450134,2.6656971689051288,2.988211704787269,21,-0.6974558603337458,1.888819562266711,0.8106640689692801,13,-1.2997717734900371,1.6599711336407272,1.4432765361926947,17,-1.3443483397012015,1.0747109711897387,0.10682973363003168,13,-0.8259905536876191,1.1516692741425565,0.2243860704827183,17,6.088827800000063,94,0.5106382978723404,COMPLETE
271,-9999.0,2026-04-28 12:33:32.677012,2026-04-28 12:33:40.172226,0 days 00:00:07.495214,3,38,12,5,46,0.8,12,80,14,3,2.4400000000000004,1.6634707814746872,0.5654416785789947,82,-3.0138587383215656,-2.043741258639926,0.16342601829109557,10,0.6666666666666666,1.367976331540889,-2.043741258639926,0.16342601829109557,-1.9959484000000138,15,-2.024782599100794,0.9829751022095682,-0.030253034967364645,14,-0.5951123962795413,1.9186789584343935,1.1595257252623226,17,-0.9751957940393127,3.252963611433398,2.1552066389356472,10,-0.7669366121161276,1.551349404613206,1.0463423973248842,16,-0.8001377745101389,2.1114315938664614,1.0577767449184927,10,3.3880279999999985,82,0.4634146341463415,COMPLETE
272,-9999.0,2026-04-28 12:33:40.177332,2026-04-28 12:33:47.656907,0 days 00:00:07.479575,3,31,10,6,50,0.95,16,85,12,5,2.68,1.9625443349339473,0.13179571658152126,9,-1.7437730155952416,-1.590017250622583,0.0,0,0.5,1.5829983225854691,0.0,0.0,0.0,0,-1.590017250622583,0.0,-0.8576599999999934,2,-0.26218253026646615,1.2550032278889582,0.03984170637891804,2,-0.3524498964662961,5.0,1.0389728603542814,2,-0.18425613422623555,5.0,0.7258840581349624,1,-0.8064946749147074,0.520262781714725,-0.15626432537904078,2,0.7820047999999913,9,0.5555555555555556,COMPLETE
273,-9999.0,2026-04-28 12:33:47.661886,2026-04-28 12:33:55.069183,0 days 00:00:07.407297,2,58,14,6,44,0.8,13,88,12,4,2.7600000000000002,1.4315564015548203,1.21850496424315,110,-3.3945478816204515,-3.3945478816204515,0.6544292486067215,12,0.8333333333333334,1.4779958485825138,-2.0136216976361725,3.564260733748075,6.71479880000001,23,-1.2739206528427314,1.0623298812387436,0.09300115927315389,14,-0.8023120499078622,0.6544292486067215,-0.40404461867176167,12,-3.3945478816204515,1.0809901854788067,0.3260262759610777,26,-2.296589733009796,1.0898381427210877,0.2713099320599932,18,-1.7413159833077068,1.1374902175354875,0.30993823683642674,17,7.350562800000016,110,0.4090909090909091,COMPLETE
274,-9999.0,2026-04-28 12:33:55.074414,2026-04-28 12:34:02.562964,0 days 00:00:07.488550,3,47,13,5,54,0.85,9,78,12,3,2.2,1.9294403937548867,1.300326180646257,114,-2.9557032875516125,-2.9557032875516125,0.752697170977139,15,0.8333333333333334,1.6542556311375234,-2.9557032875516125,0.752697170977139,-0.8965420000000002,23,-1.2085686338258441,1.316182587771178,0.698726375420744,22,-0.7298144389690248,1.811768765095191,1.037316956444756,18,-0.7911217206549488,1.947013951485949,1.3962078374216036,16,-1.1152293408981915,2.13363307115989,2.8533611833895023,20,-0.6417332390413418,3.6153468160399727,2.7128867312009364,15,8.008946000000083,114,0.4649122807017544,COMPLETE
275,-9999.0,2026-04-28 12:34:02.567984,2026-04-28 12:34:10.026948,0 days 00:00:07.458964,3,34,13,5,55,0.85,9,89,13,3,2.7,2.30266621688155,0.885413172221511,61,-2.000996636466367,-2.000996636466367,0.13725673045734363,6,0.8333333333333334,1.745573726123236,-1.1504170892539505,0.13725673045734363,-0.8511480000000016,7,-2.000996636466367,1.4436610701196122,0.8387237806848802,14,-0.3687192144879532,5.0,2.4947910559742548,13,-0.6250157354700429,4.3904673502428295,1.5327035716313997,6,-1.304685513265689,1.373788880983109,0.8179604409898733,11,-0.9813894779467847,1.4708232694864047,0.47944818404865863,10,5.399347999999993,61,0.45901639344262296,COMPLETE
276,-9999.0,2026-04-28 12:34:10.032072,2026-04-28 12:34:17.417933,0 days 00:00:07.385861,3,48,10,6,51,0.95,12,80,14,3,2.4000000000000004,2.156814247454378,0.4830244655933569,47,-2.4994775011758286,-2.0210550759689165,0.2123940627923081,3,0.5,1.5532715589709742,-1.5404804288570997,0.2123940627923081,-0.8336099999999846,6,-2.0210550759689165,0.6349930150721318,-0.6244434228169116,12,-0.7226881866108774,0.7817585772114763,-0.16685819596293783,8,-0.6069723830745805,5.0,2.971865444904642,8,-0.6486301915749264,1.3117398296503515,0.41330409928204137,10,-0.4112829031223281,5.0,1.1378888681532917,3,2.8827439999999704,47,0.46808510638297873,COMPLETE
277,-9999.0,2026-04-28 12:34:17.423023,2026-04-28 12:34:24.788101,0 days 00:00:07.365078,2,32,14,7,58,0.9,17,84,14,3,2.66,2.0202246294762745,0.47452308693144984,25,-1.8186911174562175,-1.8186911174562175,0.8843690618622208,2,0.8333333333333334,1.9186401734427025,-0.9243329445977977,0.8843690618622208,-0.03285999999999012,2,-1.8186911174562175,1.6743477163354143,0.8284184182922649,6,-0.1994352486838759,2.9404779227295075,0.6138973590215535,5,-0.634949917433805,3.1440172692930703,0.9793671047157781,5,-0.4372169559594576,1.2303130748548767,0.12714896608061466,4,-0.31725248922211413,2.2478227317825548,0.33116667347847795,3,2.877061600000008,25,0.56,COMPLETE
278,-9999.0,2026-04-28 12:34:24.793328,2026-04-28 12:34:32.178526,0 days 00:00:07.385198,2,58,13,7,39,0.95,16,78,12,5,2.7,2.0505260344689757,1.2999358343295517,41,-2.0524200616915387,-2.0524200616915387,0.0,1,0.3333333333333333,2.874291318668514,-2.0524200616915387,5.0,5.927700000000002,10,-0.5880346350988223,0.8706828304864755,-0.14773095233825417,11,-0.12111121939558586,0.0,-0.08275408624418557,1,-0.5158472478844197,5.0,2.5906941811508766,7,-0.7314251178913446,0.5682612601575718,-0.39006425867655903,6,-0.8327330747214324,0.8642121161698062,-0.0982298779145685,6,7.892621999999916,41,0.4634146341463415,COMPLETE
279,-9999.0,2026-04-28 12:34:32.183933,2026-04-28 12:34:39.626037,0 days 00:00:07.442104,2,36,11,7,43,0.8,10,86,11,3,2.2800000000000002,1.3110224957878198,0.47342657070002514,125,-2.3617827060457475,-2.3617827060457475,0.29114251788119305,15,0.6666666666666666,1.188512976641776,-2.3617827060457475,0.29114251788119305,-1.7730156000000274,15,-1.9913473858356445,1.9743516962579857,2.066030238428085,24,-0.5883585186288182,2.3997785781498213,2.1514727766421826,24,-1.7556112687170806,1.2013326352619715,0.46185062449908276,19,-1.410741252669198,0.960842882464386,-0.15566921181630056,22,-1.113556492717757,1.0386866647115607,0.0898905964471286,21,2.818547999999921,125,0.448,COMPLETE
280,-9999.0,2026-04-28 12:34:39.631372,2026-04-28 12:34:47.021859,0 days 00:00:07.390487,2,55,12,5,60,0.9,13,88,12,4,2.6,1.3529648346974776,0.7563234332579493,69,-2.0962987422575488,-2.0625998772039775,0.16795404316681983,8,0.5,1.4874546904295043,-2.0625998772039775,3.395128371135325,4.513331999999992,17,-1.4126448544393861,0.16795404316681983,-1.0158263828006109,8,-0.492653244853009,0.8076566179933854,-0.1578882380019686,8,-1.1387434199633992,1.7608426657334464,1.1787102355813373,14,-1.3607750318154108,1.2678071279702179,0.49059291356012835,11,-1.5662182049567892,0.7184001821856718,-0.470979928791182,11,4.52387200000004,69,0.36231884057971014,COMPLETE
281,-9999.0,2026-04-28 12:34:47.027016,2026-04-28 12:34:54.461289,0 days 00:00:07.434273,2,39,10,5,54,0.8,9,77,11,5,2.2600000000000002,1.432421306693829,0.7129450860523597,134,-2.1639186878527554,-1.817751020843487,0.6151215006226993,19,0.6666666666666666,1.296384083307058,-1.6270843309934186,0.7844576791593995,-0.5819577999999881,22,-0.7704272196413064,2.2614888927615846,2.475546234403736,23,-0.757251807430509,1.883266159107261,1.2321263066916721,19,-1.3144153690316467,1.2865497777488493,0.810703797533785,24,-1.817751020843487,0.6151215006226993,-1.2543408314450222,21,-0.9377356857980066,1.7636438307631788,1.5955928091299754,25,4.3045698000000465,134,0.4626865671641791,COMPLETE
282,-9999.0,2026-04-28 12:34:54.466395,2026-04-28 12:35:01.853677,0 days 00:00:07.387282,3,37,14,5,48,0.9,17,80,14,5,2.6,2.3681886365512534,0.4758146807887831,30,-1.116605864374986,-1.0679894443563922,0.2279090295445907,2,0.8333333333333334,1.9037498742074923,-0.20166986526127198,3.139056930441076,0.2100340000000145,2,-0.9785855714204258,2.390489707924478,1.8086073097231203,11,-0.6749799936435441,1.647189844407399,0.3542965645596974,5,-0.5425726771753298,3.456773814765867,0.6539309275397587,4,-1.0679894443563922,0.2279090295445907,-0.5771647253014378,4,-0.36743666078242393,3.3477124922241095,0.40518400821154543,4,2.873779999999959,30,0.5,COMPLETE
283,-9999.0,2026-04-28 12:35:01.858696,2026-04-28 12:35:09.231561,0 days 00:00:07.372865,2,37,12,6,48,0.85,16,83,13,5,2.24,1.968463482814384,0.9000147560638364,71,-1.4265145759983098,-1.4265145759983098,0.9243853194482249,8,0.6666666666666666,1.8475677341799628,-0.6691396972011632,2.006477591714331,0.8318336000000537,12,-0.7635439730261258,2.4742736921731066,2.4740678721525855,17,-0.866205254302712,2.318670269000358,0.8691549214620453,11,-0.5293746777979347,3.1107983438214366,1.3549065131572835,8,-1.4265145759983098,0.9243853194482249,-0.10330917777486848,11,-0.49569359309644034,0.9761756807288465,-0.026565192614080857,12,5.499528000000042,71,0.5211267605633803,COMPLETE
284,-9999.0,2026-04-28 12:35:09.236691,2026-04-28 12:35:16.660956,0 days 00:00:07.424265,3,53,14,5,57,0.9,13,90,12,4,2.2,1.7813358454301331,0.38024384455640675,47,-1.516023960336839,-1.4523746684842644,0.151449814126396,5,0.6666666666666666,1.4337674827002378,-0.9916344686473705,2.5237371015707604,1.5268760000000325,10,-1.4523746684842644,0.151449814126396,-0.9667568221048972,7,-0.3420227481909475,1.471930102417845,0.17781626477475498,7,-0.8330935845574656,1.741094479910676,0.6788402192824616,9,-0.7304874800736169,0.8430282005371708,-0.22131609075818348,9,-0.6747836343489414,3.956775374017949,1.0860034961442722,5,2.282324000000102,47,0.46808510638297873,COMPLETE
285,-9999.0,2026-04-28 12:35:16.666121,2026-04-28 12:35:24.032634,0 days 00:00:07.366513,2,42,13,7,51,0.95,15,86,12,5,2.66,2.5789041560617503,0.5551777217915962,28,-0.8381635999938235,-0.7698694078964616,0.8403363491219209,4,0.8333333333333334,2.3665770786955007,-0.2986451677049048,0.8403363491219209,-0.06000159999999255,4,-0.4767304704817718,1.999374952933144,0.5311466965162603,6,-0.35738567467779603,1.4226119212667911,0.18143097507159478,5,-0.44101825316019216,5.0,1.972583826211305,5,-0.7698694078964616,1.211101713048647,0.16340658871909497,4,-0.12832907652069908,5.0,0.5424998442313145,4,3.3640208000000005,28,0.5357142857142857,COMPLETE
286,-9999.0,2026-04-28 12:35:24.037696,2026-04-28 12:35:31.394992,0 days 00:00:07.357296,2,56,12,7,39,0.95,17,87,10,5,2.5,2.252427675409044,0.5677381803201265,34,-2.0555702288239313,-2.0555702288239313,0.22719898331660732,2,0.6666666666666666,1.8643467798112745,-2.0555702288239313,4.125300452134175,2.9515650000000004,9,-0.6609579127342341,0.41119631307850474,-0.5907049591718172,8,-0.17275093978807343,5.0,0.5841020075300296,2,-0.9228999802933399,2.2236461133925607,0.8046679845385096,5,-0.7651906572408389,0.22719898331660732,-0.5508455996966588,4,-0.44429372533407463,1.5272241905324166,0.2076446487206951,6,3.4122249999999132,34,0.38235294117647056,COMPLETE
287,-9999.0,2026-04-28 12:35:31.400015,2026-04-28 12:35:38.908548,0 days 00:00:07.508533,3,53,12,7,54,0.85,8,76,10,3,2.3600000000000003,1.2574293046785787,0.19064297535297814,127,-3.102905199372672,-2.9682263951765684,0.48302872089550586,17,0.5,1.0707894118334538,-2.2669451807557777,0.48302872089550586,-2.0080611999999554,27,-0.7913610134632688,1.04623549151545,0.08183081280150883,20,-1.204471147546457,0.9767550567823177,-0.04243040456800573,22,-0.8401586459997388,2.68123388028498,2.568039988038784,17,-2.9682263951765684,0.8848658063826067,-0.4923937962319713,22,-1.9343718786078428,1.4724568722106126,1.0368724520775086,19,1.0903056000001188,127,0.41732283464566927,COMPLETE
288,-9999.0,2026-04-28 12:35:38.913466,2026-04-28 12:35:46.377500,0 days 00:00:07.464034,3,32,13,5,44,0.85,10,82,12,4,2.3800000000000003,2.324884494561006,1.0724359159801875,63,-1.608879903270878,-1.2553046900821632,0.37617564652857094,7,0.8333333333333334,1.9892628245955615,-1.2553046900821632,0.37617564652857094,-0.8705655999999729,9,-0.7315962296592129,5.0,4.350221935695764,16,-0.3490448936754801,4.45001528965402,1.7669016476598909,12,-1.083510102121543,1.7497864229012985,0.8407234812023878,9,-1.0278787052463607,1.1019934536763751,0.166436805527459,10,-0.7582535605197962,1.2713361546057715,0.18089722579559542,7,6.523555199999986,63,0.5238095238095238,COMPLETE
289,-9999.0,2026-04-28 12:35:46.382719,2026-04-28 12:35:53.819905,0 days 00:00:07.437186,3,34,14,5,28,0.85,8,89,15,4,2.4000000000000004,2.6772453735485136,1.2830084086305444,57,-1.6234979813525205,-1.2090069908095615,1.1096723096723138,7,1.0,2.416841246527051,-0.9755032914622288,2.67899089760205,1.0495540000000414,8,-0.4758053145296756,4.0599170675781435,2.826128257824867,14,-0.3488554658806905,4.45722424874072,1.9155164916253575,10,-0.7517019339452696,2.633448259752407,1.6508682866989588,9,-1.2090069908095615,1.1096723096723138,0.14407880891234015,7,-0.8932043078926937,1.1242194579454483,0.11190460672170222,9,7.919590000000087,57,0.5087719298245614,COMPLETE
290,-9999.0,2026-04-28 12:35:53.825046,2026-04-28 12:36:01.347480,0 days 00:00:07.522434,3,52,12,5,54,0.85,8,80,14,3,2.46,1.343782010858291,0.5569607989807194,142,-2.9529876817372243,-2.9529876817372243,0.6958371350639079,18,0.6666666666666666,1.1883827643272495,-2.864125683500752,1.1384632890815471,0.6132816000000041,32,-1.1929996656189477,1.2741554297568671,0.6199672548997004,25,-1.437408236426582,0.8435017303056311,-0.31805134268483304,24,-0.8198863769799555,2.7954644862682656,3.2443772329841636,19,-2.9529876817372243,0.6958371350639079,-1.457722692620289,24,-1.6776117552664824,1.3152699946735262,0.6399127413055705,18,3.3273425999999606,142,0.39436619718309857,COMPLETE
291,-9999.0,2026-04-28 12:36:01.353154,2026-04-28 12:36:08.896527,0 days 00:00:07.543373,3,36,13,5,45,0.8,8,79,13,3,2.4800000000000004,1.5426531737369704,0.9699543937927103,109,-1.6321683740425208,-1.6321683740425208,0.53455270761488,13,0.8333333333333334,1.4815508516832325,-1.534707223959002,0.53455270761488,-0.9987568000000002,18,-1.6321683740425208,1.4986124177783848,1.2794485796921995,24,-0.45395928259297397,2.7790064688027867,2.5837027193660766,23,-1.2278527916622628,1.9703131093015158,1.9740105580734468,17,-1.1064478229518897,1.2911427791917351,0.7426919651014385,14,-1.1950975233197925,1.1822915597325188,0.23862934052309992,13,5.9201331999999995,109,0.45871559633027525,COMPLETE
292,-9999.0,2026-04-28 12:36:08.901737,2026-04-28 12:36:16.327471,0 days 00:00:07.425734,3,39,10,6,60,0.8,12,84,13,3,2.4400000000000004,1.5876775408665804,0.6924769158156003,94,-2.8480580324858766,-2.225484186265513,0.09510275651733043,13,0.8333333333333334,1.3783142657355385,-2.225484186265513,0.09510275651733043,-2.1777799999999847,14,-2.1675273177689878,1.6247713685308272,1.1762002538892036,19,-0.5891509634136768,2.196322537309046,1.2416525908472753,16,-1.2076195622773134,2.797012687427934,2.425603071283522,13,-1.132515018947417,1.2016631573679208,0.5496505038352639,19,-0.7607665542242639,1.6111927380464246,0.9395350750383225,13,4.165883200000087,94,0.4574468085106383,COMPLETE
293,-9999.0,2026-04-28 12:36:16.332698,2026-04-28 12:36:23.771778,0 days 00:00:07.439080,2,46,11,7,48,0.85,14,88,12,3,2.58,1.3454867683735443,0.4527026975568708,75,-2.031788651861511,-2.031788651861511,0.28686288227671464,9,0.6666666666666666,1.285675597507434,-1.5426855438240923,0.28686288227671464,-1.1722333999999779,11,-1.7146319505681324,1.1303333463192096,0.20311255318814503,14,-1.0386011903754435,1.7389785419017827,1.0777101737366124,13,-1.2133731289013565,2.702458403240997,2.078159203628993,14,-1.3223653006933853,1.2831207627306824,0.6236943152278185,14,-2.031788651861511,0.9311666737718789,-0.09422666044036632,9,2.71627500000009,75,0.4266666666666667,COMPLETE
294,-9999.0,2026-04-28 12:36:23.776908,2026-04-28 12:36:31.182312,0 days 00:00:07.405404,2,34,12,5,58,0.8,16,90,12,5,2.2800000000000002,2.2382992626862186,1.0771230084286931,71,-1.6459642611747336,-1.404518672818755,0.8013613530386072,7,0.6666666666666666,2.0346800373339615,-0.6529301005458839,1.9072980234930736,0.6449528000000537,10,-0.7206214316460369,3.6543264640903543,3.6409480039022224,17,-0.6791921300361299,2.3233364438411828,1.1964016675347189,14,-0.5220184831554847,3.937294738215478,1.4929212541447967,7,-1.404518672818755,0.8013613530386072,-0.26760063047623905,10,-0.6689746666062961,0.8061785534386137,-0.24488504453339388,13,6.584890000000021,71,0.5352112676056338,COMPLETE
295,-9999.0,2026-04-28 12:36:31.187567,2026-04-28 12:36:38.613137,0 days 00:00:07.425570,2,54,11,6,50,0.85,14,76,10,3,2.2800000000000002,0.8656956631506797,-0.3506987699330777,74,-2.4209824961362156,-2.130076174426154,0.062487285872742465,9,0.3333333333333333,0.7983502132804204,-1.506539046194305,0.1588430963810143,-1.3194975999999636,10,-1.0203435289495486,1.1834639754349159,0.27669863180592724,15,-1.3486619468651366,0.062487285872742465,-1.1531608517329373,9,-1.2435887793590472,2.4983721298232267,1.8393469157370168,14,-1.6745445283320817,0.7012965155895317,-0.9065557635622223,15,-2.130076174426154,0.5897109758026465,-0.841023951846287,11,-2.1216299999998856,74,0.40540540540540543,COMPLETE
296,0.46085516650988906,2026-04-28 12:36:38.618062,2026-04-28 12:36:46.053978,0 days 00:00:07.435916,3,45,14,5,54,0.8,10,81,15,4,2.3200000000000003,1.7131318288279254,1.4128614635288397,123,-2.033797450720607,-2.033797450720607,1.3245429604057655,18,1.0,1.624031395481955,-2.033797450720607,1.344224098267688,0.9651252000000055,24,-1.0972428937680416,2.134660624712229,1.8550579680754575,21,-0.610462283346045,1.6482174690782057,0.8245575412630046,18,-1.3644766977618112,2.1594377881689533,2.0542031277767325,19,-1.7624421419313556,1.3245429604057655,1.211816348927619,21,-1.6107831377666824,1.6677080323347122,1.5664085951302198,20,8.775859599999979,123,0.4796747967479675,COMPLETE
297,-9999.0,2026-04-28 12:36:46.059099,2026-04-28 12:36:53.441324,0 days 00:00:07.382225,2,47,12,7,56,0.9,14,82,12,3,2.2,1.4231393734646882,0.2129434370452913,57,-1.699444710177854,-1.6326646527998763,0.3692085472793545,7,0.5,1.1692229467975297,-1.0717227117883155,0.3692085472793545,-0.6768959999999824,8,-1.081340046413962,1.6604104183110098,0.6739539674475381,10,-0.6012188435197491,0.91268429056668,-0.0958911956753572,11,-1.1933764662133497,2.3940228373635573,1.4432881867905367,10,-1.6326646527998763,0.543789092869614,-1.1522995308945405,11,-0.6790577525641457,2.658721054397914,1.0855051946035532,7,1.258044000000047,57,0.42105263157894735,COMPLETE
298,0.47004933806352633,2026-04-28 12:36:53.446467,2026-04-28 12:37:00.924712,0 days 00:00:07.478245,3,43,14,5,55,0.8,9,82,13,4,2.2600000000000002,1.8685056232226194,1.5519993571406987,120,-1.9415459417263006,-1.9415459417263006,1.3692951474201462,17,1.0,1.737450936139973,-1.9415459417263006,1.3692951474201462,0.9619400000000056,21,-0.9618154167426853,2.2357407856091966,2.0711846464123163,21,-0.6088264035385913,2.305007574036177,1.337564704854577,17,-1.689502800528071,1.4459608652575846,1.0344542819301417,22,-1.3406627157134257,1.4532574718086697,1.5058973766380213,21,-1.460818777604054,2.4017718952039426,2.4009551330091305,18,9.672082000000003,120,0.5166666666666667,COMPLETE
299,-9999.0,2026-04-28 12:37:00.929855,2026-04-28 12:37:08.418706,0 days 00:00:07.488851,3,48,13,7,55,0.8,8,82,12,4,2.3800000000000003,1.6765356089853707,1.666245357468606,158,-2.515662352503736,-2.345636002062719,0.9746997208521009,24,0.8333333333333334,1.57422506415679,-1.7173047393349943,2.0032972334887256,3.314693400000057,32,-1.7181136438738704,1.2052804831773363,0.5026808703668673,26,-0.9291699353614242,1.3794704084365312,0.791517528270691,24,-1.1291511571396802,2.213533915417093,2.480780319342357,26,-2.345636002062719,0.9746997208521009,-0.12692720527358592,25,-1.6623576878330852,2.282931892540436,3.03472723210525,25,10.36673200000009,158,0.4810126582278481,COMPLETE
300,-9999.0,2026-04-28 12:37:08.423785,2026-04-28 12:37:15.853743,0 days 00:00:07.429958,3,43,12,5,56,0.85,13,82,14,4,2.5,2.2470825984255924,0.8463846292391978,71,-2.5602059267573916,-1.7455591486974324,0.26885980088391626,7,0.8333333333333334,1.6913627408970564,-1.585777941622812,1.9982192959746954,1.4266650000000158,13,-1.0882959478953769,1.564970336697778,0.7229607717063713,14,-0.43847277167957893,2.909646895915011,1.7009064414093888,14,-0.7606704495856684,4.928247903493463,2.5292984432699006,11,-1.7455591486974324,0.26885980088391626,-1.7455591486974287,12,-0.6160590205992416,1.8125513575886911,0.44403626774693894,7,5.130755000000065,71,0.5070422535211268,COMPLETE
301,-9999.0,2026-04-28 12:37:15.858695,2026-04-28 12:37:23.293170,0 days 00:00:07.434475,3,57,14,5,56,0.95,12,82,13,3,2.64,2.032041426444955,0.5874609780930573,40,-1.808667256802614,-1.808667256802614,0.26248928411097777,2,0.6666666666666666,1.7458818674145902,-1.808667256802614,1.7282728167478014,1.0951184000000058,10,-1.252511285338629,0.26248928411097777,-1.186267763449167,11,-0.17881504090950465,0.7141877397636626,-0.03654485796125151,2,-0.8256176320139006,5.0,1.964396468630003,5,-0.5952792984165421,2.4744966494060696,1.5213437374439032,10,-0.3755902767986204,2.0128020686412182,0.16671988389485026,2,3.542372000000049,40,0.425,COMPLETE
302,0.43350360708735247,2026-04-28 12:37:23.298458,2026-04-28 12:37:30.750851,0 days 00:00:07.452393,3,46,14,5,53,0.8,11,82,13,4,2.2800000000000002,1.7038076848270645,1.1940273673055686,106,-2.1086609710688142,-1.800634604499083,1.1623893712331899,15,1.0,1.615232235331805,-1.800634604499083,1.407636238503411,1.04244,21,-0.9562191610082041,1.9000997032958253,1.3330489643757382,18,-0.5372503221081038,1.8131458476502178,0.9013989079015738,15,-1.3653912556331724,1.9437331527809143,1.5785137420490924,18,-1.610711383227578,1.1623893712331899,0.4860255671526925,18,-1.493794824164199,1.9958417954988272,1.822737022354315,16,7.375305599999993,106,0.5,COMPLETE
303,-9999.0,2026-04-28 12:37:30.755758,2026-04-28 12:37:38.217546,0 days 00:00:07.461788,3,55,14,5,53,0.8,10,82,14,4,2.3000000000000003,1.2894083556002423,1.0002387828116706,139,-2.6662912391818323,-2.6662912391818323,0.7845383214597115,20,0.8333333333333334,1.3249390596562773,-1.4349716140338242,1.8762677145862972,2.8319219999999756,30,-1.8494017905725215,1.252167226622746,0.5612829059054469,21,-1.3703607711438754,0.7845383214597115,-0.40389675570137173,20,-2.6662912391818323,1.187025722458251,0.690723463467835,23,-1.832439409784154,1.3478398491258612,1.316120429511991,22,-1.5114983832439324,1.2886112993485859,1.005280653686147,23,6.123899000000099,139,0.460431654676259,COMPLETE
304,-9999.0,2026-04-28 12:37:38.222566,2026-04-28 12:37:45.617097,0 days 00:00:07.394531,2,47,11,7,54,0.9,9,83,12,5,2.74,1.5956996577748566,0.8137014860527888,99,-2.9621621188006726,-2.4161296395471767,0.9005329939548274,12,0.8333333333333334,1.4583154229252717,-1.2554958705477066,1.1064309094410143,0.1492470000000523,15,-1.123897682467169,1.074188587691016,0.16060190647262385,20,-0.9127667277218008,1.4508391446224225,0.5426694439187418,12,-0.9213427343481583,3.2343638424869994,3.243971781557886,18,-2.4161296395471767,0.9005329939548274,-0.3002366445377658,18,-1.0102602348445555,1.8078424684528598,1.0859554289051943,16,4.940874000000117,99,0.43434343434343436,COMPLETE
305,-9999.0,2026-04-28 12:37:45.622350,2026-04-28 12:37:53.072359,0 days 00:00:07.450009,2,44,14,5,53,0.8,12,82,13,4,2.2,1.7018176749577505,1.0417257097550128,99,-4.315957923805235,-3.9826651800747523,0.47568378717196924,12,0.8333333333333334,1.4988136887798948,-2.054060724879506,2.918306972357254,4.230404000000054,20,-1.1904587325197482,1.2178543621933193,0.3463020252708837,16,-0.8236895016269372,1.0152245248353053,0.018142990707570306,12,-1.1606193560542795,1.6768463769419186,1.1511463322762205,18,-3.9826651800747523,0.47568378717196924,-2.1264788254545253,17,-0.6993911566607123,2.906990026246736,2.630837735729874,16,6.289038000000113,99,0.46464646464646464,COMPLETE
306,-9999.0,2026-04-28 12:37:53.077520,2026-04-28 12:38:00.516294,0 days 00:00:07.438774,3,58,12,5,57,0.8,14,81,11,5,2.74,1.1420023024208916,0.08581773890922184,100,-4.9322411797511165,-2.866449539197171,0.4069928918596544,14,0.8333333333333334,1.0309957555880909,-1.1200313697767097,1.470647484970108,0.6873430000000846,14,-1.765752867891104,1.2110317661668482,0.47089473798114234,18,-1.0189309839556209,1.43697934703504,0.688530494569406,16,-2.802338917591289,1.2121148274797655,0.7015545032976744,18,-2.866449539197171,0.4069928918596544,-2.345674967513789,17,-2.0906817499751416,1.1142474970139338,0.3122586651208126,17,0.47935060000010576,100,0.42,COMPLETE
307,0.45407827858219263,2026-04-28 12:38:00.521584,2026-04-28 12:38:07.998508,0 days 00:00:07.476924,3,43,14,5,54,0.8,9,83,12,4,2.4400000000000004,1.7911699946921396,1.391062702092383,117,-2.4019814619775257,-2.4019814619775257,1.244945127367544,17,1.0,1.6274671742942937,-2.4019814619775257,1.244945127367544,0.6838671999999768,21,-0.9480286966644426,2.8572338915104103,2.6503856816496807,20,-0.6067476155618502,1.9400422105062445,1.0989463638659158,17,-1.6801958929254184,1.3884276750330207,0.9005107881825625,20,-2.0930845022975477,1.2674142236585433,0.9669505606026085,21,-1.47618367931325,2.048956840077076,2.045715618253552,18,8.626173999999986,117,0.47863247863247865,COMPLETE
308,0.4325510748588653,2026-04-28 12:38:08.003705,2026-04-28 12:38:15.465728,0 days 00:00:07.462023,3,43,14,5,53,0.8,10,83,13,4,2.3800000000000003,1.6448123604226383,1.2131753802524108,111,-2.31323156769913,-2.100755008778319,1.2354742618513164,15,1.0,1.5585003642713182,-1.9113225954286377,1.4452625921375983,1.1598200000000558,21,-0.9460724266360138,2.373430942770854,2.031693018038161,19,-0.6076589601721644,1.5410779404583204,0.6333828535534325,15,-1.8222764690270283,1.5771984638533805,1.2371814327547526,19,-2.100755008778319,1.2354742618513164,0.8536865120819304,21,-1.4911508088593184,1.6964299614643614,1.363288465086132,16,7.4973424000001065,111,0.46846846846846846,COMPLETE
309,-9999.0,2026-04-28 12:38:15.470694,2026-04-28 12:38:22.896349,0 days 00:00:07.425655,3,37,14,5,54,0.8,10,83,11,4,2.4000000000000004,2.0869459297883632,1.024329576355204,90,-2.0480425966447484,-2.0480425966447484,0.723713744793643,10,0.6666666666666666,1.6007500765335276,-1.1410791011065216,0.723713744793643,-0.5472539999999859,16,-1.2409732025007199,2.245144314780967,2.4933248198093727,19,-0.40955216326032967,5.0,2.4638420751410095,15,-2.0480425966447484,1.298503857005195,0.6554122654194972,16,-1.369643544849086,0.8725460261145073,-0.30891171595484046,14,-0.7432228809899786,2.3817676360358675,1.3895640137161713,10,6.259977999999977,90,0.4888888888888889,COMPLETE
310,0.4748330073547695,2026-04-28 12:38:22.901325,2026-04-28 12:38:30.455830,0 days 00:00:07.554505,3,43,14,5,55,0.8,9,83,13,4,2.3000000000000003,1.9035892019397258,1.617539534570193,120,-1.931468787805534,-1.931468787805534,1.3946176289926273,17,1.0,1.769875628642627,-1.931468787805534,1.3946176289926273,1.0278999999999927,21,-0.9560887231181722,2.278030835780868,2.140667083053316,21,-0.6079461086287794,2.3494906460652802,1.381314190033911,17,-1.6831966854396314,1.4733066380449098,1.0959494448824936,22,-1.3364351806209953,1.479685694806189,1.5899237248516496,21,-1.455501801328096,2.4464037679484805,2.469482764599795,18,10.097350000000116,120,0.5166666666666667,COMPLETE
311,0.4054687256932533,2026-04-28 12:38:30.463783,2026-04-28 12:38:37.868259,0 days 00:00:07.404476,3,45,14,5,55,0.8,11,83,13,4,2.62,1.6396193132073265,1.0147955739847243,103,-3.083733260550148,-2.4710998469097354,1.009984801197349,13,1.0,1.4820108223300699,-2.340833036517915,1.2165214481183921,0.6211026000000341,21,-1.3898540894200693,1.4492783152033113,0.8082054151531626,18,-0.5410562907515346,2.278980904367312,1.1429891883208532,13,-1.3728379044059507,2.090350283270568,1.8365238745745582,17,-2.4710998469097354,1.009984801197349,0.032948604583560304,18,-1.5125030552251846,1.792600127087028,1.6470037612761779,16,6.2336146000000925,103,0.4368932038834951,COMPLETE
312,0.4700888381250669,2026-04-28 12:38:37.873443,2026-04-28 12:38:45.348059,0 days 00:00:07.474616,3,46,13,5,55,0.8,9,83,13,4,2.4400000000000004,1.7708054998019345,1.5310617657914936,131,-2.4991798125074816,-2.4991798125074816,1.202815230594071,20,1.0,1.6632559323625444,-2.4991798125074816,1.202815230594071,0.5860771999999903,22,-0.9489428011462386,2.3335342401193855,2.025423057257858,20,-0.6092436843870064,1.8881472622205264,1.4616994046349863,22,-1.0319882016886468,2.037620949495333,2.0260249625309923,24,-2.075658961726912,1.3046730950458745,1.0621157144506954,20,-1.6754042931903759,1.8580422213364163,2.025030255874438,23,9.535398399999973,131,0.48854961832061067,COMPLETE
313,0.45660544076631787,2026-04-28 12:38:45.353094,2026-04-28 12:38:52.790609,0 days 00:00:07.437515,3,43,14,5,56,0.8,11,83,14,4,2.3000000000000003,1.9161088611518726,1.4768799630238212,109,-1.8862475322726213,-1.7702978314354145,1.133627199379666,16,1.0,1.7719637813799887,-1.7702978314354145,1.5185477477037888,1.2753629999999738,21,-0.945131085147392,2.314527812675444,1.9423401128663809,19,-0.5327994378979014,2.027037441275522,1.048151935528474,16,-1.3508455533468835,2.5715282404323,2.4419673620069027,18,-1.6753432735514748,1.133627199379666,0.40633490925323645,19,-1.4693349682635028,1.9313847254445153,1.7471224584879597,16,9.181220000000101,109,0.5229357798165137,COMPLETE
314,0.4537051195364202,2026-04-28 12:38:52.795605,2026-04-28 12:39:00.264548,0 days 00:00:07.468943,3,43,14,5,55,0.8,10,83,13,4,2.3000000000000003,1.7949970240389985,1.4275969037930938,111,-1.931468787805534,-1.931468787805534,1.3946176289926273,15,1.0,1.6972886945368422,-1.931468787805534,1.3946176289926273,1.0278999999999927,21,-0.9560887231181722,2.2882608056454203,1.908190707715396,19,-0.6093279928096116,1.9669658410967001,0.9920266196030703,15,-1.822119180482085,1.521163788263305,1.1159125658235514,19,-1.3441514293808232,1.479685694806189,1.5993774467162547,21,-1.471800031728155,2.1192883854297495,1.9221740829002965,16,8.87213400000011,111,0.4954954954954955,COMPLETE
315,0.48311902431770937,2026-04-28 12:39:00.269574,2026-04-28 12:39:07.750080,0 days 00:00:07.480506,3,46,13,5,55,0.8,8,83,12,4,2.68,1.8157936994716277,1.807379779361562,140,-2.2219897796144124,-2.2219897796144124,1.2304473715338302,22,1.0,1.7047438783251123,-2.2219897796144124,1.6182235405758851,1.863239200000022,26,-1.275598391673064,1.5256203117068834,1.097874766974849,23,-0.6617355433601468,2.2887257778238608,2.0517057566707964,22,-1.024310621396237,2.0113679737147474,1.956518182908984,22,-2.0829090083304753,1.2304473715338302,1.0182035234268527,23,-1.6505044787006065,2.22037722147456,2.856737246187868,24,11.333832000000088,140,0.4714285714285714,COMPLETE
316,-9999.0,2026-04-28 12:39:07.757776,2026-04-28 12:39:15.176245,0 days 00:00:07.418469,3,40,13,5,55,0.8,11,83,14,4,2.22,2.1764663168678466,1.2599777379819321,107,-3.0730513473822105,-2.1967685010149562,0.20256180866890705,13,0.8333333333333334,1.726917872831591,-1.4644011218165713,1.7307168964711492,1.5633688000000312,20,-0.9425967593922847,2.0655599740397568,1.7782175023717484,18,-0.4336707931921851,3.4878168186110603,2.4973622170983756,22,-1.407308626854379,1.89043303132671,1.5648545577544581,19,-2.1967685010149562,0.20256180866890705,-2.1967685010149562,15,-0.6667167686838454,3.681709372089498,2.3528318516819358,13,7.721190800000066,107,0.5420560747663551,COMPLETE
317,-9999.0,2026-04-28 12:39:15.181223,2026-04-28 12:39:22.662474,0 days 00:00:07.481251,3,39,14,5,55,0.9,8,82,12,4,2.74,2.2227804359878625,1.0989104744137907,54,-1.3482158048912949,-1.3020158222436602,1.0819664837951088,6,1.0,2.1263415383998416,-1.3020158222436602,1.2625001409324035,0.18625960000002717,6,-0.8947570567919403,4.015307330325542,2.4815590580247404,12,-0.8190457635232273,2.4382967976276326,0.9873118746388521,11,-1.2521039868364419,3.3977649592101473,2.6419178617686168,10,-1.0269132224557636,1.140846904036341,0.22974393962711392,8,-0.9029771089272924,1.0819664837951088,0.06667051242339461,7,6.741063999999963,54,0.5,COMPLETE
318,-9999.0,2026-04-28 12:39:22.667670,2026-04-28 12:39:30.137561,0 days 00:00:07.469891,3,50,12,5,54,0.8,8,83,12,4,2.74,1.239750790935308,0.6162479566797052,151,-3.5578368239319613,-3.367770225148021,0.6927557523096265,20,0.5,1.1815396503820108,-2.7217677632057233,0.6927557523096265,-1.3422517999999273,33,-1.697613890478923,0.9069310480398495,-0.20155274535240686,20,-1.5216942847034163,1.1204390450751538,0.3375132134321168,24,-1.5444549698262726,1.7792950619745016,2.69076340905241,27,-3.367770225148021,0.8709730890270484,-0.6231810990667719,23,-1.7723176086274481,2.0681107491856685,2.8361967620128103,24,3.6766118000001624,151,0.3841059602649007,COMPLETE
319,-9999.0,2026-04-28 12:39:30.142709,2026-04-28 12:39:37.637954,0 days 00:00:07.495245,3,39,14,5,55,0.8,8,83,12,4,2.2600000000000002,2.04673800483484,1.066439119920476,111,-3.082974883889544,-2.028705462906127,0.6553246285879738,13,0.6666666666666666,1.5238385102358591,-1.577491610407472,0.9612851685726647,-0.09658459999997149,23,-1.2365682112515908,2.31903793902759,2.249879637248098,20,-0.6120208111805544,2.3478501593859593,1.481840405042223,18,-1.9226059319847884,1.558653732287553,1.3288181591786241,19,-2.028705462906127,0.6553246285879738,-1.2582764256701684,18,-0.6050444630002657,4.4382764011472995,2.6929575437240505,13,6.513785200000033,111,0.4954954954954955,COMPLETE
320,0.4552359360224329,2026-04-28 12:39:37.643164,2026-04-28 12:39:45.129005,0 days 00:00:07.485841,3,46,14,5,55,0.8,9,83,13,4,2.62,1.7203867327336944,1.511009952295069,125,-2.5587789625743405,-2.485685295268534,1.1578681823309698,18,1.0,1.6498739904722186,-2.485685295268534,1.1578681823309698,0.47579260000003565,22,-1.0791893249491766,1.7202777916264007,1.437906148948409,21,-0.6146231207070797,1.7907372486330577,1.0968550576814229,18,-1.0415310479378306,2.1331777401774668,2.235903935397343,23,-2.0856536374015184,1.4033098502175094,1.4178592782562616,20,-1.4671176436652025,2.1169495834167598,2.4017426934869412,21,9.40183100000005,125,0.464,COMPLETE
321,-9999.0,2026-04-28 12:39:45.134237,2026-04-28 12:39:52.648072,0 days 00:00:07.513835,3,45,13,5,54,0.95,8,83,13,4,2.3200000000000003,2.8726813902461044,0.7477918345327036,43,-1.8701472921967963,-1.8701472921967963,0.6880820475585354,5,0.8333333333333334,2.000531356737928,-1.2980629538506938,1.0213575152041874,0.015732800000001212,6,-0.3865366863047679,2.7586222333713017,0.9112274384095675,7,-0.4121317318985652,2.7680265453426043,1.0241990140694046,9,-0.8093815875313739,5.0,2.243131521979702,9,-1.8701472921967963,0.6880820475585354,-0.6593344476053753,7,-0.18980369255469912,5.0,0.9517946803429211,5,4.546254400000049,43,0.5348837209302325,COMPLETE
322,-9999.0,2026-04-28 12:39:52.653291,2026-04-28 12:40:00.113404,0 days 00:00:07.460113,3,39,14,5,54,0.8,9,83,14,4,2.7800000000000002,1.8334590469798648,1.1944358764930478,110,-2.6492042153973827,-2.304824286809521,0.3546232822396194,14,0.6666666666666666,1.5736825147353966,-2.304824286809521,0.3546232822396194,-1.8311079999999813,21,-0.9961167153655655,1.9884104043629092,2.2265210042301753,20,-0.6208295202591014,2.173818705082446,1.446870774080633,18,-1.7682630314129064,2.2081540121178707,2.9261763807264085,22,-1.3726635198893582,0.9230307375149002,-0.2059458750315546,15,-0.7375311792720828,3.3527171405614435,2.6041009749526056,14,7.29299060000006,110,0.44545454545454544,COMPLETE
323,-9999.0,2026-04-28 12:40:00.118522,2026-04-28 12:40:07.582811,0 days 00:00:07.464289,3,44,14,5,54,0.8,11,83,13,4,2.5,1.783020030364164,1.19035965884568,103,-2.667255806930976,-2.454445991107116,0.9623974660927559,13,0.8333333333333334,1.5992393358063057,-2.2514223943889,1.2988995773210859,0.820299999999996,21,-0.9490408613856636,2.145514483077438,1.7698271082312145,18,-0.5351162471458966,2.1665159019955347,1.0305917436778333,13,-1.3574625809452794,2.140312957529665,1.900883138752385,18,-2.454445991107116,0.9623974660927559,-0.12272729316687991,18,-1.4959767755736728,1.9844797961685041,1.7432832555795308,15,7.342149999999981,103,0.46601941747572817,COMPLETE
324,0.44916010993258737,2026-04-28 12:40:07.588046,2026-04-28 12:40:15.077466,0 days 00:00:07.489420,3,45,14,5,54,0.8,10,83,13,4,2.2800000000000002,1.720140831220985,1.3347926190646027,112,-2.033757579247999,-2.033757579247999,1.331951942396,16,1.0,1.6556056427275867,-2.033757579247999,1.331951942396,0.8971300000000015,22,-0.9575855644943222,2.092575178423463,1.620435784446972,19,-0.6123515557121877,1.8104342318248723,0.8984862021244044,16,-1.368061279247667,1.6984327964159616,1.2402132207621541,18,-1.3483658090266895,1.5134753167836532,1.6652196368593497,20,-1.4796945660492185,1.8739755214819604,1.6872708701947348,17,8.27708680000001,112,0.48214285714285715,COMPLETE
325,-9999.0,2026-04-28 12:40:15.082592,2026-04-28 12:40:22.565045,0 days 00:00:07.482453,3,52,14,5,55,0.8,8,83,12,4,2.52,1.2359865035017599,0.7514496469822718,146,-4.433098286499555,-3.3981759932636244,0.5761690658959108,20,0.6666666666666666,1.2238016197824881,-1.8730296952399337,1.9697948475020979,3.459830399999997,33,-1.311813259265989,1.183990169634985,0.34878696263547226,20,-1.3657063320152036,0.5761690658959108,-1.0875547605711633,21,-1.4729670482576402,1.3117230645133664,1.0687544406026595,24,-3.3981759932636244,0.778541037697417,-1.1258658312966796,24,-1.5365098263257384,1.5957008357667815,1.844746670523345,24,4.513662399999974,146,0.4041095890410959,COMPLETE
326,-9999.0,2026-04-28 12:40:22.570181,2026-04-28 12:40:30.027450,0 days 00:00:07.457269,3,45,14,5,55,0.8,12,83,13,3,2.3000000000000003,1.8415946903569276,0.6318368164466293,87,-2.888503699045265,-2.888503699045265,0.6881988311773753,7,0.6666666666666666,1.3532920768470746,-2.888503699045265,0.7603410757594591,-0.7500150000000261,19,-2.1126284881772404,0.6881988311773753,-0.7176454485106065,17,-0.5539147819281494,2.5937772650250115,1.3458784849927685,12,-0.8371340037747359,3.041699662977188,2.22026633843333,13,-0.9784557219737446,1.1949165638246473,0.5337899503791821,19,-1.4450962595217351,2.7706347433778835,1.1587465733851277,7,3.8152399999999975,87,0.4367816091954023,COMPLETE
327,0.4956683993373388,2026-04-28 12:40:30.032565,2026-04-28 12:40:37.525049,0 days 00:00:07.492484,3,46,14,5,54,0.8,8,83,14,4,2.22,1.9605360472043962,1.9753086060808647,147,-2.1130059728206976,-2.1130059728206976,1.2236842164699142,23,1.0,1.8387325555565328,-1.7718594811681354,1.8498442106879627,2.2136742000000043,27,-1.0842528753815257,1.9899625147049975,1.942972518641728,26,-0.7254425622054339,1.4666140017865061,0.8021129988778242,23,-1.0405113824862988,2.1588993054872256,2.2431806094644235,24,-2.1130059728206976,1.2236842164699142,0.9222155882040228,23,-0.8317736894044891,3.0742120340897716,3.727695721297186,24,12.422124000000046,147,0.5374149659863946,COMPLETE
328,-9999.0,2026-04-28 12:40:37.532853,2026-04-28 12:40:45.019754,0 days 00:00:07.486901,3,46,14,5,55,0.9,9,83,13,4,2.2600000000000002,2.064585847557316,0.5909344987788168,68,-1.6819996591949375,-1.5549297586830415,0.6424842756793372,6,0.6666666666666666,1.4858308537656628,-1.1996909001888774,0.7049177622077739,-0.3575599999999679,10,-1.2429411824358325,1.5777145147351965,0.9258396321888851,16,-0.3385076245422771,3.1935309758523784,1.2058807452008713,13,-0.80961672224194,4.32687713759542,2.112180748564052,10,-1.3937748708924957,0.6424842756793372,-0.9270495398080558,13,-1.5549297586830415,1.9419904192737896,0.5863154065271159,6,3.567626000000068,68,0.5147058823529411,COMPLETE
329,-9999.0,2026-04-28 12:40:45.024897,2026-04-28 12:40:52.475154,0 days 00:00:07.450257,3,47,13,5,55,0.8,13,84,12,4,2.3200000000000003,1.680069620046836,0.8022416120968194,89,-2.3871973031514084,-1.8875441450165287,0.8718063968193224,14,0.8333333333333334,1.4779814000686284,-1.1595690756890618,2.1311951719518554,1.6719403999999827,15,-0.9451695630711304,1.2101280039639826,0.27528578573285944,14,-0.5375684681102979,2.5114999660091457,1.5265801686138891,15,-0.9747253805267762,2.3070009062562535,1.6441146831903897,15,-1.8875441450165287,0.8718063968193224,-0.39166125339790137,16,-1.809694240233657,1.0487872752804577,0.08718988844169662,14,4.889305200000038,89,0.47191011235955055,COMPLETE
330,0.46331748940594564,2026-04-28 12:40:52.480164,2026-04-28 12:40:59.924227,0 days 00:00:07.444063,3,42,14,5,54,0.8,10,82,13,4,2.3200000000000003,1.9122017472345767,1.4921885916974447,107,-1.8252943164298356,-1.810385598442376,1.4248418071376328,15,1.0,1.7702750431710932,-1.6082491348487544,1.6043697287739498,1.3808700000000007,20,-0.9502361972313247,2.1096243095300364,1.755573018854517,18,-0.6071272855237153,2.660631951522737,1.4371711443420976,15,-1.810385598442376,1.5351724571608263,1.138612236630121,19,-1.3394022297462906,1.4248418071376328,1.2926202829274702,19,-1.4663322253990327,2.138570229282278,1.948284867430461,16,9.291419599999994,107,0.5046728971962616,COMPLETE
331,0.4706652987060981,2026-04-28 12:40:59.929424,2026-04-28 12:41:07.396199,0 days 00:00:07.466775,3,44,14,5,55,0.8,8,82,15,4,2.2800000000000002,1.7880567652942772,1.6649130825844995,142,-2.6790891243956723,-2.6790891243956723,1.1177628396456902,21,1.0,1.6568662936815644,-1.8332330128861387,1.7756705974639135,2.096319599999985,27,-0.9376046963983204,2.2388452815517135,2.247086681467403,24,-0.4906179547113715,1.8553881187711134,1.1946449646893287,21,-1.6706215088413154,1.704332259276088,1.6864285617431474,24,-2.6790891243956723,1.1177628396456902,0.5461765541028063,24,-1.5868780106897362,2.036341495057146,2.218822133504328,22,10.402266000000026,142,0.5140845070422535,COMPLETE
332,0.49045806433991934,2026-04-28 12:41:07.401276,2026-04-28 12:41:14.884016,0 days 00:00:07.482740,3,47,14,5,54,0.8,8,82,14,4,2.2600000000000002,1.819047882987859,1.8830801066623641,148,-2.3258550624286176,-2.3258550624286176,1.3660635575699627,23,1.0,1.7463987452575045,-1.7659086002272844,1.8851115632678146,2.305538600000001,27,-0.9335488626677919,2.0459282458906625,1.8932832244528797,24,-0.7248270800876813,1.4956548682447404,0.8516845209662893,23,-1.141605284618075,2.0908952810080916,2.2200119658759343,25,-2.3258550624286176,1.3660635575699627,1.7052902258676506,25,-1.4327040007823375,2.0306337819458826,2.3226721028114294,24,11.835376199999947,148,0.527027027027027,COMPLETE
333,0.480118654961654,2026-04-28 12:41:14.889212,2026-04-28 12:41:22.344024,0 days 00:00:07.454812,3,46,14,5,54,0.8,8,82,15,4,2.22,1.8890408860205694,1.8534148747224553,150,-2.6871901991698177,-2.6871901991698177,1.0875028853700248,23,1.0,1.7435621079697123,-1.7736332737606577,1.7806762060325665,2.1124942000000146,28,-1.0853191415998629,1.9899625147049975,1.9448977478800922,26,-0.726139215068245,1.4666140017865061,0.802892624045648,23,-1.0414933582764083,2.1588993054872256,2.2453435348781747,24,-2.6871901991698177,1.0875028853700248,0.4063196260376545,24,-0.8367500912530126,2.8505904027420956,3.6085415154931466,25,11.613704000000036,150,0.5266666666666666,COMPLETE
334,-9999.0,2026-04-28 12:41:22.349302,2026-04-28 12:41:29.849965,0 days 00:00:07.500663,3,42,13,7,53,0.8,8,82,15,4,2.2,2.1119565676438454,2.349705813805817,159,-2.421986754184866,-2.38094392116805,0.9453213991884053,24,0.8333333333333334,1.9068707402232603,-1.338150953430047,2.3493696189928817,3.49660800000009,29,-0.9933802080343384,1.8880924954501865,2.003851179354643,27,-0.9279859303726634,2.549314539726807,2.3572298957760696,26,-1.620998584617465,2.185906569108289,2.7298255567006047,27,-2.38094392116805,0.9453213991884053,-0.24785942819534057,24,-0.8633115134587285,2.7537347833965033,3.758579679198837,26,14.89576000000028,159,0.5283018867924528,COMPLETE
335,-9999.0,2026-04-28 12:41:29.855175,2026-04-28 12:41:37.289305,0 days 00:00:07.434130,3,48,14,5,53,0.8,9,82,13,5,2.24,1.6105815758747843,0.8594916595516384,127,-2.8928614962646613,-1.770259028447392,0.47616719568249405,16,0.8333333333333334,1.379019458573699,-1.4882365642394761,1.9382830068718142,2.15461680000002,20,-0.9114135299706219,1.4428165426692363,1.0551648410667136,25,-0.44257686415203207,2.8973994276503805,1.676298573692403,16,-1.490613375772162,1.1847493064760835,0.5152063029417064,26,-1.770259028447392,0.47616719568249405,-1.6127365661265158,17,-0.4794220389131494,1.7240739758986974,1.368400005735504,23,5.22271000000003,127,0.5118110236220472,COMPLETE
336,0.48295431326538263,2026-04-28 12:41:37.294337,2026-04-28 12:41:44.797709,0 days 00:00:07.503372,3,48,14,5,53,0.8,8,82,15,4,2.24,1.8459089013135983,1.8882495323446065,154,-2.9079153289623303,-2.9079153289623303,1.2137739718544045,23,1.0,1.707190185690332,-1.7723820293749026,1.5710156527352055,1.7692920000000667,31,-0.9384838717332604,1.5086431483639955,1.016248791433072,23,-0.7348190544071681,1.4962286735149521,0.864605404196972,23,-1.152665983581234,2.408233930374266,2.905548514535705,26,-2.9079153289623303,1.2137739718544045,1.1185243290585012,26,-0.8334059041900038,2.877558031038764,3.655278154843322,25,11.842720000000039,154,0.512987012987013,COMPLETE
337,0.4450493025967246,2026-04-28 12:41:44.802812,2026-04-28 12:41:52.256460,0 days 00:00:07.453648,3,48,14,5,54,0.8,10,82,13,4,2.24,1.7209103211751835,1.2785369541077674,115,-2.093999910954244,-1.7897988586910698,1.2399168052046936,16,1.0,1.5952762808975856,-1.7897988586910698,1.2749259855355857,0.7960152000000331,24,-1.2259568602745463,1.6892721392103887,1.0233087071481517,17,-0.6172925695705852,1.2399168052046936,0.32738395769777995,16,-1.4941059928523024,1.6962079664915475,1.3243857897780487,20,-1.5917200119541235,1.2627413625766766,1.0147110763160105,21,-0.6452442762073125,3.16239766803221,3.18541699370658,17,7.8950124000000566,115,0.4782608695652174,COMPLETE
338,0.47790520260791297,2026-04-28 12:41:52.261588,2026-04-28 12:41:59.772934,0 days 00:00:07.511346,3,42,14,5,54,0.8,9,82,15,4,2.2,1.9744423612770825,1.7197306959292078,124,-1.7452564801910004,-1.6900161752455671,1.1510311135602609,18,1.0,1.8125171549445984,-1.6367796888666952,1.5601481085954727,1.2798320000000363,21,-0.9452546489957512,2.179901429658901,2.0966701445555236,21,-0.6099371964742154,2.276135349226159,1.3133773556396555,18,-1.6900161752455671,1.6970071003962826,1.6116907626254173,22,-1.5314406377010057,1.1510311135602609,0.5355348484218592,20,-0.8450434576149005,2.9824310662254176,3.481279064332754,22,10.745580000000077,124,0.5241935483870968,COMPLETE
339,0.4828822722159401,2026-04-28 12:41:59.778124,2026-04-28 12:42:07.262350,0 days 00:00:07.484226,3,44,14,5,53,0.8,8,82,15,4,2.22,1.9534297377795282,1.8385019463035686,142,-2.688877695388866,-2.688877695388866,1.0875028853700248,21,1.0,1.7566724298531333,-1.7718594811681354,1.8498442106879627,2.2136742000000043,27,-0.9366311915060395,2.1759494135689117,2.1305536828065685,24,-0.4930060233456566,1.8018690883649986,1.119890236466392,21,-1.6768618298429225,1.6567763259335317,1.5737115902158205,24,-2.688877695388866,1.0875028853700248,0.40658009626219904,24,-0.8374748522778532,3.14863650275174,3.5866018720704274,22,11.518869800000097,142,0.528169014084507,COMPLETE
340,0.4857478779932746,2026-04-28 12:42:07.267495,2026-04-28 12:42:14.732993,0 days 00:00:07.465498,3,43,14,5,54,0.8,9,82,14,4,2.2800000000000002,1.8582645359308818,1.6892276423450368,127,-1.9345621503506705,-1.9345621503506705,1.420765816953319,19,1.0,1.7715874679158352,-1.9345621503506705,1.420765816953319,1.0960108000000135,22,-0.9468318252149956,2.4501225039741477,2.427279553942596,22,-0.605879656348746,2.0491452030692163,1.2438386513223598,19,-1.6814082530364118,1.779579260237767,1.8013075715627158,23,-1.325269236171364,1.4664715833074313,1.5321623509248372,21,-1.4492094943768623,1.983502848043409,2.0347669263176993,20,10.566466000000041,127,0.5196850393700787,COMPLETE
341,0.48713776868711456,2026-04-28 12:42:14.738221,2026-04-28 12:42:22.212326,0 days 00:00:07.474105,3,44,14,5,53,0.8,9,82,15,4,2.2,1.9615561146591816,1.763830235791545,131,-1.804583689119595,-1.804583689119595,1.2541993581501796,19,1.0,1.799461098452056,-1.804583689119595,1.426512592137597,1.1109800000000503,23,-0.946824883684587,2.3583474668920283,2.2733258049719263,22,-0.6108614629358884,1.9703859374745158,1.15202499358813,19,-1.6936200994623267,1.640924348152672,1.5498169967349762,24,-1.7645172603985535,1.2541993581501796,0.9455311644139153,21,-0.8428060032947234,3.1189669851480963,3.5513024550402728,22,11.034282000000118,131,0.5267175572519084,COMPLETE
342,0.4892315626410392,2026-04-28 12:42:22.217481,2026-04-28 12:42:29.700034,0 days 00:00:07.482553,3,47,14,5,52,0.8,8,82,15,4,2.22,1.923757409193404,1.9743881966716836,152,-2.897711917512495,-2.897711917512495,1.207515146719522,24,1.0,1.7693043156812125,-1.7736332737606577,1.7806762060325665,2.1124942000000146,28,-0.9354067926988021,2.007041060975869,1.8263379174220162,24,-0.724772175638933,1.6451497320232185,1.1113877160556562,24,-1.1483165597443894,2.0515719066671507,2.1399321622742384,25,-2.897711917512495,1.207515146719522,1.0745771282440142,26,-0.8306079451548222,2.8505904027420956,3.581600056034162,25,12.424041600000034,152,0.5263157894736842,COMPLETE
343,-9999.0,2026-04-28 12:42:29.705008,2026-04-28 12:42:37.116051,0 days 00:00:07.411043,3,49,14,6,53,0.8,10,82,14,4,2.2600000000000002,1.4869256152663564,1.2275768977997112,134,-2.7772015567138375,-2.2864373961429574,0.9007613750554918,19,0.8333333333333334,1.4681778930735871,-1.7546603274367287,1.6316828072266563,1.9502954000000239,27,-1.0643370640273926,1.8010923176243023,1.3997269889225228,21,-1.3597753197129847,0.9007613750554918,-0.2053893422032549,21,-1.4728647333716383,1.8444394211310193,2.1436557969229053,25,-2.2864373961429574,1.2185897565610213,0.8406069855941389,21,-1.4891288104151528,1.5249880139996477,1.2365655575619305,19,7.576302800000101,134,0.4701492537313433,COMPLETE
344,-9999.0,2026-04-28 12:42:37.121308,2026-04-28 12:42:44.592538,0 days 00:00:07.471230,3,49,14,5,53,0.8,8,82,15,4,2.3000000000000003,1.5238484629271294,1.4366128819226163,160,-3.824246558576229,-3.4661160128673014,0.9779420430548666,23,0.8333333333333334,1.4660806410878489,-1.7509594120116785,1.7608070424370554,2.6273329999999984,34,-1.007321590828316,1.3570135516160573,0.7513690334328249,23,-0.7711209985811913,1.1919310797732667,0.42963509614939444,25,-1.438166395241112,2.008761079237628,2.734532686700031,27,-3.4661160128673014,0.9779420430548666,-0.1154380908448438,25,-1.608863626826282,1.846635981443903,2.1922455660982942,26,8.895177000000064,160,0.475,COMPLETE
345,-9999.0,2026-04-28 12:42:44.597711,2026-04-28 12:42:52.051718,0 days 00:00:07.454007,3,40,14,5,53,0.8,8,82,15,4,2.2800000000000002,1.9777736671315316,1.4995212932456738,128,-3.093978471034699,-2.623072503197614,0.5277463578267485,18,0.8333333333333334,1.6434189303742583,-1.4554465800109533,1.9907689479650503,2.2637188000000252,23,-0.9360780969233621,2.2025231956395084,2.304089884124161,22,-0.5976314551705577,2.101040417773912,1.3623353587223441,20,-1.726114200835343,2.005340272067458,2.524896694657519,24,-2.623072503197614,0.5277463578267485,-2.087345188277301,21,-0.6964635444070801,3.039222811516513,2.6294322102472956,18,9.25247360000001,128,0.5078125,COMPLETE
346,0.49301566300958005,2026-04-28 12:42:52.056682,2026-04-28 12:42:59.551267,0 days 00:00:07.494585,3,47,14,5,53,0.8,9,82,15,4,2.2,1.873539022064877,1.8119056379189427,139,-1.989079364856366,-1.989079364856366,1.373173489826241,21,1.0,1.771185296833416,-1.8165970413252832,1.373173489826241,1.0098000000000384,24,-0.9455951063171356,2.0484200946702216,1.7563899740421052,21,-0.5350013682681464,1.7526064589699482,1.1429471958484871,22,-1.1644213698689259,2.0319102194966687,2.1236415710193413,25,-1.989079364856366,1.377615538473094,1.611121755826317,23,-0.8403063511978165,2.65750833095309,3.2275333307773657,24,11.358634000000034,139,0.5179856115107914,COMPLETE
347,-9999.0,2026-04-28 12:42:59.556339,2026-04-28 12:43:07.029203,0 days 00:00:07.472864,3,52,14,5,54,0.8,8,82,14,3,2.2800000000000002,1.4127248321795494,0.8454133979708418,159,-2.7427488516727947,-2.5856098399221046,0.7494910898465824,19,0.5,1.2509102870724609,-2.5856098399221046,1.2676817190569976,1.1403267999999578,33,-2.0197459916026146,0.835704186542625,-0.5482628122178257,30,-1.4235791620058171,0.9131025670586405,-0.17984604031431317,22,-1.4386394305685566,2.5567542396239378,4.2751589512864285,25,-2.34220596813088,0.7494910898465824,-1.4580150628790034,30,-1.4287861092171859,2.1536151909485133,1.8431185519498072,19,5.072439999999867,159,0.4339622641509434,COMPLETE
348,-9999.0,2026-04-28 12:43:07.034512,2026-04-28 12:43:14.539832,0 days 00:00:07.505320,2,40,14,5,53,0.95,8,82,15,4,2.2,2.171683530972934,0.8299655371223272,45,-1.6229817287002235,-1.44490606671682,1.0530566207985677,4,1.0,2.032660169832381,-1.1433602897199167,2.675085538321154,0.5874860000000037,4,-0.4158167807893741,4.765001073498838,2.615054918461701,11,-0.49762831047908196,1.0530566207985677,0.03190144221489888,7,-1.2377665949710914,2.088907152344098,1.4372087577947612,10,-1.44490606671682,1.0979474560987854,0.12238152601138363,7,-0.3288479018399502,1.3501033447761628,0.18576057825121506,6,5.057731999999926,45,0.5333333333333333,COMPLETE
349,-9999.0,2026-04-28 12:43:14.545145,2026-04-28 12:43:22.012281,0 days 00:00:07.467136,2,52,14,5,53,0.8,8,82,15,4,2.22,1.452929475426296,1.238245792471641,179,-6.329584489631819,-5.908731373302152,0.572434571187609,24,0.5,1.3092026041816929,-2.0377644798121164,2.6125799689856186,6.0313715999999795,38,-1.0178867044183992,0.8598986389857329,-0.4111485057881281,28,-1.6157217057818345,0.572434571187609,-1.2290447219108769,24,-2.757588949335311,1.4432588641895208,1.6797558416155711,31,-5.908731373302152,0.6684559494716559,-2.3768916243848026,32,-1.1170571788461356,2.560948859737639,3.7354321652981026,26,7.3961232000000265,179,0.43575418994413406,COMPLETE
350,0.4643863815884906,2026-04-28 12:43:22.017292,2026-04-28 12:43:29.471989,0 days 00:00:07.454697,3,47,13,5,54,0.8,11,82,15,4,2.24,1.7855536449094644,1.544766132436796,127,-2.8943016096609555,-2.406038849914136,1.1448977404871032,19,1.0,1.6735228871648837,-1.7743670413453316,1.5346870175359977,1.43032520000006,25,-0.9415962226495047,1.7844612438262324,1.2276628291831626,19,-0.9080095378753157,1.5825292211581552,1.0207809205781793,21,-1.4690886483239236,2.271830962881392,2.2492789493311127,21,-2.406038849914136,1.1448977404871032,0.583916859395428,21,-0.9323388877901582,2.394915683567905,2.7566320361328334,20,9.616620400000064,127,0.5039370078740157,COMPLETE
351,-9999.0,2026-04-28 12:43:29.477246,2026-04-28 12:43:36.948981,0 days 00:00:07.471735,3,45,14,5,54,0.8,8,82,11,4,2.7,1.6745583617180866,1.2828385222822296,127,-2.3630354538407916,-2.3630354538407916,0.6532276844493201,18,0.8333333333333334,1.518768893328421,-2.3630354538407916,0.6532276844493201,-1.0930089999999337,24,-1.3042700600975616,1.582687851054643,1.199886871495237,22,-0.5107099894347245,2.2941448929199613,1.602279654527483,18,-1.0588608545184084,1.9600571546618808,1.9192921520376771,21,-1.909609564117437,1.310646654415795,1.3422738176880333,22,-1.488028893485035,2.2465859328069198,2.7263076379448803,20,7.904409000000023,127,0.4566929133858268,COMPLETE
352,-9999.0,2026-04-28 12:43:36.954186,2026-04-28 12:43:44.411213,0 days 00:00:07.457027,3,43,14,7,53,0.8,11,82,13,5,2.3800000000000003,1.4740378296831922,0.8438575378703609,111,-2.903506284464024,-2.0424449599570913,0.2817553037318707,14,0.8333333333333334,1.4087816811273468,-1.4010522309530757,2.0130688088962105,2.1791414000000175,18,-1.4722442683944732,1.5432411419776102,1.2158485410800113,24,-0.6021057359330163,1.597197688916387,0.7085947373507429,14,-1.1976707654762169,1.8648603622946365,2.0884327335494612,23,-2.0424449599570913,0.2817553037318707,-1.9110542900123373,14,-0.9179113624842126,1.5441036722824377,0.7821821052542699,18,5.113298799999977,111,0.5045045045045045,COMPLETE
353,-9999.0,2026-04-28 12:43:44.416446,2026-04-28 12:43:51.871143,0 days 00:00:07.454697,3,45,14,5,55,0.95,8,82,15,4,2.2800000000000002,2.3674644714177844,0.5374903250357332,42,-1.8876631886483943,-1.8876631886483943,0.6760620802323404,5,0.8333333333333334,1.6587386560847701,-1.2981156196903783,1.0028116854908853,0.0020711999999978303,6,-0.38631304115244885,2.2370299896587795,0.9569465797224508,9,-0.4134831106491509,1.31735992901972,0.19131679995330053,7,-0.8168824491852436,5.0,2.102313767817132,8,-1.8876631886483943,0.6760620802323404,-0.691168094738781,7,-0.20792811828822633,3.97152314410498,0.6634616974602991,5,3.2453748000000004,42,0.47619047619047616,COMPLETE
354,-9999.0,2026-04-28 12:43:51.876293,2026-04-28 12:43:59.283136,0 days 00:00:07.406843,2,60,12,5,55,0.8,15,82,12,5,2.56,1.989227792905613,1.978829078586867,116,-2.21031510828012,-2.0416696507281684,0.8071208378927559,14,0.6666666666666666,1.8365483237262339,-2.0416696507281684,4.32819954172341,6.085912400000026,20,-1.7387656814520516,0.8098152087551749,-0.5595796713908641,22,-0.8562315279607156,1.9117271758950094,0.9574441151603663,14,-1.8763669353124675,2.0068082351562304,3.3877748833887056,25,-1.7741466169373201,2.0716957580110997,2.438973292952107,20,-1.4825639998551021,0.8071208378927559,-0.43755054858913844,15,12.302388400000153,116,0.47413793103448276,COMPLETE
355,-9999.0,2026-04-28 12:43:59.288193,2026-04-28 12:44:06.698648,0 days 00:00:07.410455,3,43,14,5,53,0.8,12,82,15,4,2.2600000000000002,1.8594444194452422,1.0686755386053737,97,-2.0736148483724426,-2.0615385080457376,0.8737565717178216,14,0.8333333333333334,1.5996643884319997,-2.0615385080457376,1.37081484176064,0.8562707999999697,18,-0.9491035792087259,1.7843078239020864,1.1637051327501702,17,-0.5391666176615798,1.9884834622502083,1.0207940883987243,16,-0.9505655922079396,3.544602525832351,2.6878789798021385,15,-1.7498093297049286,0.8737565717178216,-0.37229814448139775,17,-1.6454544887147475,1.594701291208347,1.055702375162637,14,6.561059999999919,97,0.5051546391752577,COMPLETE
356,0.5008107415895147,2026-04-28 12:44:06.703812,2026-04-28 12:44:14.195642,0 days 00:00:07.491830,3,42,13,6,53,0.8,8,82,12,4,2.24,2.1073216329712703,2.060174207776115,143,-1.930192863256575,-1.930192863256575,1.082259950598766,22,1.0,1.8761234230495543,-1.5486377489639689,1.7794960811024796,2.019900400000063,26,-1.0051115607209389,2.006615766294224,2.0521878494208057,25,-0.9406627398061193,2.7179637580150535,2.367544500484575,24,-1.6441154240766993,1.8091519154557503,1.8391045693590735,23,-1.930192863256575,1.082259950598766,0.33935293140845424,23,-0.6145144195174373,3.2484423263613493,3.742954995983716,22,12.983229200000167,143,0.5244755244755245,COMPLETE
357,0.5076055646249121,2026-04-28 12:44:14.203597,2026-04-28 12:44:21.649570,0 days 00:00:07.445973,3,44,13,6,53,0.8,8,81,13,4,2.24,2.170086662513612,2.087016614567657,150,-2.101182157214252,-2.101182157214252,1.1749160962068248,21,1.0,1.8692470748790129,-1.772621308275205,1.6368882415982096,1.8541600000000713,28,-1.006734403682846,2.151074155571572,2.2289807308803367,26,-0.9420275109246294,2.5107521351478135,2.3189165901883246,25,-1.65328244221393,1.5496205744558902,1.304857769438006,26,-2.101182157214252,1.1749160962068248,0.7542758674083716,24,-0.6135484134652094,3.9972687721013602,4.060908729490831,21,13.159262000000215,150,0.5333333333333333,COMPLETE
358,0.47947381362024827,2026-04-28 12:44:21.657442,2026-04-28 12:44:29.159499,0 days 00:00:07.502057,3,47,14,5,52,0.8,10,82,15,4,2.22,1.8073687324683012,1.6215952249222676,126,-1.9991263317662538,-1.9991263317662538,1.3863287976999101,19,1.0,1.7110612413514048,-1.8099992485896912,1.3863287976999101,1.0453980000000085,24,-0.9452100932217015,2.0617259629520794,1.572371658133287,19,-0.5357303950636575,1.521103700998747,0.7925295300570845,20,-1.4762995127240033,2.0681848728253165,2.0067159867281914,21,-1.9991263317662538,1.3904604319088054,1.6760747846745083,23,-0.9287213393458522,2.4164086284249486,2.636481389940526,19,10.120904400000018,126,0.49206349206349204,COMPLETE
359,-9999.0,2026-04-28 12:44:29.164618,2026-04-28 12:44:36.626138,0 days 00:00:07.461520,3,41,12,6,52,0.8,8,81,12,3,2.2,1.3108591909625646,0.45242751336809217,142,-3.180350465189529,-2.955736875052511,0.36525054744246316,18,0.6666666666666666,1.1520520742520952,-2.955736875052511,0.36525054744246316,-2.4870879999999596,28,-1.2307380478958732,1.423611422275281,1.1828054114515707,26,-1.1896455250712836,1.4452575702319554,0.779575194367288,22,-1.2720893894277698,1.9902653037553857,1.9748544880530128,18,-1.5711402400427843,0.9914829335925437,-0.04398260246357699,27,-0.8168538376178897,1.6492873684777591,1.3084005888002181,21,2.6807100000000306,142,0.4154929577464789,COMPLETE
360,-9999.0,2026-04-28 12:44:36.631146,2026-04-28 12:44:44.085514,0 days 00:00:07.454368,3,39,12,6,52,0.9,9,81,12,4,2.24,2.521918281797997,1.1427148330442227,67,-1.6769167919873138,-1.4505906772762038,0.5713419933539642,7,0.6666666666666666,2.1288522978064233,-0.9777859789101635,0.5713419933539642,-0.36892879999994577,7,-0.4692755121998423,5.0,2.7638482321165503,11,-0.6086922446864855,5.0,2.9552174555479205,18,-1.4505906772762038,1.5926277930390171,0.7940877644214916,10,-1.0295799855671437,0.9032062918437617,-0.17444783237996475,10,-0.606276825496153,2.064333612551236,0.8865121785592844,11,7.002372399999968,67,0.582089552238806,COMPLETE
361,-9999.0,2026-04-28 12:44:44.090671,2026-04-28 12:44:51.546917,0 days 00:00:07.456246,3,45,12,6,52,0.8,8,81,12,4,2.3000000000000003,1.453811648758465,1.0649632475435822,152,-2.3617777775488467,-2.3617777775488467,0.813902847571194,23,0.8333333333333334,1.378999492599746,-2.203002253054098,0.813902847571194,-0.6166049999999812,29,-1.0314536831703545,1.3866798162864868,0.8166454768424813,24,-1.5620932407803996,1.3551541646574992,0.8894644997522905,27,-1.376304250550156,1.6610864581343339,1.5061748683331988,25,-2.3617777775488467,1.193453082620217,0.887653438563385,24,-1.7211208345025781,2.312593523281058,2.9064462017701187,23,6.528289000000176,152,0.47368421052631576,COMPLETE
362,0.46881810091310117,2026-04-28 12:44:51.551954,2026-04-28 12:44:58.992986,0 days 00:00:07.441032,3,42,14,6,52,0.8,8,81,13,4,2.3800000000000003,1.7391554358254135,1.6810681506944796,136,-1.9291859650836924,-1.9291859650836924,1.1518553606603632,19,1.0,1.6720129278875548,-1.4382657326399646,1.9840969118531935,2.4374998000000314,25,-1.0032856427668233,1.9830483930616336,2.1537864593606626,25,-0.9721518005578242,1.4839651535882994,0.7740341211358581,20,-1.6439576297000884,2.0559361789960233,2.425612626357898,24,-1.9291859650836924,1.1518553606603632,0.6295159058341993,23,-1.450782644715328,1.7760306167929678,1.6659599914782275,19,10.502372600000086,136,0.49264705882352944,COMPLETE
363,-9999.0,2026-04-28 12:44:58.998101,2026-04-28 12:45:06.460829,0 days 00:00:07.462728,3,38,14,6,52,0.8,9,81,11,4,2.3600000000000003,1.8971977675036527,1.1664105501668112,105,-1.9137825552906402,-1.9137825552906402,0.6030479617848151,12,0.6666666666666666,1.615445420326234,-1.3029214687716908,0.6030479617848151,-0.9265455999999506,18,-1.0345438685542119,2.5469596068377043,2.856271457513637,21,-0.9459462451950913,2.885147711345287,2.3889551436651946,21,-1.9137825552906402,1.3440800382338371,0.8349221137210261,19,-1.3691021712116371,0.8574803081620651,-0.345162687249434,14,-0.6145893349505609,3.146470978658206,2.1900228733503946,12,7.14182560000014,105,0.49523809523809526,COMPLETE
364,-9999.0,2026-04-28 12:45:06.466160,2026-04-28 12:45:13.895116,0 days 00:00:07.428956,3,53,12,5,53,0.8,14,82,15,4,2.3400000000000003,1.18258192502251,0.26003044254575186,107,-3.6942298212603273,-2.050008363762321,0.432196085924603,14,0.5,1.1008802291966453,-0.8877978339202295,2.938713808432205,3.475900600000026,23,-1.8279104692401076,0.432196085924603,-1.091271487807688,14,-1.6430360000930166,0.4482383391846353,-1.203898150984417,16,-1.4727643491308242,1.543588293925005,1.283683733753871,20,-2.050008363762321,1.1853947793326125,0.5381583227348941,16,-2.0141650466295933,0.5473602433359989,-1.4423903624221746,18,1.4785419999999938,107,0.40186915887850466,COMPLETE
365,0.4759399697548791,2026-04-28 12:45:13.900145,2026-04-28 12:45:21.333597,0 days 00:00:07.433452,3,46,13,6,52,0.85,9,81,14,4,2.3200000000000003,2.0637036814826253,1.6593500316814502,123,-2.1059140040358986,-1.8955860858367466,1.1863053789872002,17,1.0,1.8399129249407302,-1.8955860858367466,1.4209127243438868,1.10789280000001,22,-1.0140466682953815,2.329870262584992,2.3682732709468857,23,-0.931653469133724,1.9730664712183466,1.6675245533427363,24,-0.7802951662521528,3.486239829139057,2.5001483440791006,19,-1.5273075251899737,1.1863053789872002,0.5396747050120165,18,-1.6646905881237164,1.9858274226222703,1.7725865167079524,17,10.363500800000146,123,0.5203252032520326,COMPLETE
366,-9999.0,2026-04-28 12:45:21.338749,2026-04-28 12:45:28.829455,0 days 00:00:07.490706,2,38,12,5,52,0.8,9,81,14,4,2.2600000000000002,1.8092978828132569,0.9404876701339197,143,-3.4272838294066426,-3.4272838294066426,0.7105222940403166,20,0.5,1.3454371914466905,-1.4337152240031836,0.8581818413550854,-0.3338129999999606,23,-1.07625149075184,1.6354241891130195,1.4930712659851242,24,-0.96540112812193,3.3117649586272706,3.297765345440995,26,-2.076243522949002,0.8315760150029778,-0.6196929376608207,26,-3.4272838294066426,0.7105222940403166,-1.4249619956020365,24,-0.5844270635385952,3.5083179987408712,3.2305573426402168,20,5.6697608000000566,143,0.4965034965034965,COMPLETE
367,0.4616463135268145,2026-04-28 12:45:28.834468,2026-04-28 12:45:36.306006,0 days 00:00:07.471538,3,47,12,6,51,0.85,9,81,14,4,2.22,1.9270688737336885,1.4367576972621847,121,-2.0224486618059223,-2.0224486618059223,1.1825595557823525,17,1.0,1.7283085897074215,-2.0224486618059223,1.1825595557823525,0.5437938000000475,23,-0.951104883920469,1.2751586605351992,0.4897798077717175,19,-0.9546034022318095,2.037100038976214,1.5801378271837363,22,-1.1034904609553797,2.4583897227502334,2.167987534209015,22,-1.190739476743343,1.1983429429917303,0.5590187108039713,17,-0.638772804110542,3.4108623213664035,3.2798285036046204,18,8.902370800000249,121,0.5041322314049587,COMPLETE
368,-9999.0,2026-04-28 12:45:36.311258,2026-04-28 12:45:43.783112,0 days 00:00:07.471854,3,55,12,6,51,0.85,10,81,15,4,2.22,1.3961360546650565,1.0055536275248689,128,-3.1782960289338886,-2.3458325912222215,0.9039463838968201,18,0.8333333333333334,1.397299376540911,-1.4321656890384549,1.9331482122759984,2.5869107999999974,27,-1.0713551590131696,1.0727392227713528,0.14089243829735754,20,-1.741874461372225,0.9039463838968201,-0.2036844647609115,20,-1.8690053205156998,1.4652286891606046,1.280753631896303,23,-2.3458325912222215,1.0992755013887348,0.3397578152857683,20,-1.0667200701619128,1.9024783184968277,1.8886915444306984,18,6.155836000000181,128,0.4609375,COMPLETE
369,-9999.0,2026-04-28 12:45:43.788263,2026-04-28 12:45:51.259767,0 days 00:00:07.471504,3,49,14,6,51,0.85,8,81,13,4,2.3200000000000003,1.7222211449034448,1.074407548041073,124,-2.9372401675309567,-2.5513528384040063,0.5639961064845675,16,0.8333333333333334,1.4730374699809523,-1.957329697354708,1.596086963346677,1.8986859999999828,28,-1.3357639655979294,1.2717633557123897,0.5577328053082198,22,-1.0034341644287577,1.3542749367059919,0.6104376518520693,21,-0.8133117281649846,2.9517132843414395,2.5117593028993523,20,-2.5513528384040063,0.5639961064845675,-1.6021363543991751,17,-1.5063901868699552,2.5954922228296033,2.4699658825859894,16,6.557259600000065,124,0.49193548387096775,COMPLETE
370,-9999.0,2026-04-28 12:45:51.265078,2026-04-28 12:45:58.761705,0 days 00:00:07.496627,3,46,12,6,51,0.85,8,81,14,4,2.4400000000000004,1.7105390051865443,1.198600052141996,126,-2.554795947853319,-2.2070001295607407,0.8414444137124998,17,0.8333333333333334,1.5217927801007094,-2.2070001295607407,1.4527977605957318,1.3328736000000507,25,-1.0129995654363968,1.7046375732863244,1.2892353227413444,22,-0.9348119872192205,1.708065290398555,1.3824545759146378,24,-1.0880604608230977,2.9313226469503597,2.4650858385120378,20,-1.9655854461310875,0.8414444137124998,-0.5699047606070318,18,-1.7116824581212196,1.6249663461757966,1.2918557362909366,17,7.385277600000251,126,0.46825396825396826,COMPLETE
371,0.4746760515259015,2026-04-28 12:45:58.766846,2026-04-28 12:46:06.237939,0 days 00:00:07.471093,3,46,12,6,52,0.85,9,81,13,4,2.2,2.1233914113249286,1.5906597860137521,115,-1.712662110420254,-1.712662110420254,1.2337499482835927,16,1.0,1.8899210010073952,-1.712662110420254,1.2337499482835927,0.6214780000000752,21,-1.0205430114791132,1.4832489346884707,0.8137308418388001,19,-0.9471635517422395,2.5673752540241774,2.1136951671637094,22,-1.0963040866826606,2.6237409367777005,2.0819775146845965,20,-1.1006245914317798,1.276880356655461,0.7194919117851084,17,-0.6327613676243677,3.5553530375201685,3.1935852806102227,16,9.90303200000029,115,0.5217391304347826,COMPLETE
372,-9999.0,2026-04-28 12:46:06.243117,2026-04-28 12:46:13.746373,0 days 00:00:07.503256,3,50,13,5,51,0.8,9,82,15,4,2.2,1.412188138355894,1.1971677028840075,159,-3.3350438702875427,-2.9215536322290703,0.8944534768163712,20,0.8333333333333334,1.3824936890272796,-1.769449740804672,1.475130666213658,1.6781140000000638,32,-1.402445920165227,0.8944534768163712,-0.24964271072137612,20,-1.237472031240543,1.2199661629919374,0.5589056080278265,27,-1.4686815427040751,1.6006117892990774,2.0733622882644465,30,-2.9215536322290703,1.0323591666191003,0.14699662153294657,24,-0.8702365926261781,2.25060756819522,2.975270410200137,26,7.360808000000141,159,0.46540880503144655,COMPLETE
373,-9999.0,2026-04-28 12:46:13.751686,2026-04-28 12:46:21.193316,0 days 00:00:07.441630,3,39,14,6,51,0.8,8,81,14,4,2.3600000000000003,1.8217012593582183,1.3516293954046834,129,-1.9876766210952574,-1.9876766210952574,0.6854751753075305,15,0.6666666666666666,1.5829657871523497,-1.5811943371734596,0.9742278132385643,-0.06924599999992287,25,-1.0283472702152807,2.227054488421932,2.7558234975390894,25,-0.991355037550718,1.446730440909441,0.8026904175876703,22,-1.7543674150798425,2.38073648095128,3.289178126127945,24,-1.9876766210952574,0.6854751753075305,-1.128113083895066,18,-0.594174382057511,3.2159831573205615,2.4594434150683853,15,8.307210000000186,129,0.4883720930232558,COMPLETE
374,-9999.0,2026-04-28 12:46:21.198414,2026-04-28 12:46:28.705562,0 days 00:00:07.507148,3,41,12,6,52,0.85,8,81,12,4,2.3000000000000003,2.005410403079218,1.387751777699566,108,-1.7421182958646104,-1.6693931381582678,0.7745239120326556,14,0.6666666666666666,1.7790542021165983,-1.6693931381582678,0.9240154560307114,-0.1465019999999484,17,-1.0266366630695285,2.246637137989773,2.3817613279807137,22,-0.9535911648175324,2.080336109280455,1.7638244940883174,23,-1.2453884833159838,3.0006102914106556,2.7161465983757127,16,-1.313804994622052,0.7745239120326556,-0.612606874064936,16,-0.9647766888129566,3.006339511731055,2.223887119817536,14,8.567968000000214,108,0.5185185185185185,COMPLETE
375,-9999.0,2026-04-28 12:46:28.710650,2026-04-28 12:46:36.140132,0 days 00:00:07.429482,3,45,12,6,52,0.85,12,81,14,4,2.2600000000000002,1.9064249376690292,0.7847440671100454,92,-2.2879737411548673,-1.8346233630349584,0.44782543080883574,10,0.8333333333333334,1.4765211868015304,-1.8346233630349584,1.3065636941462344,0.7244376000000274,18,-1.0179015494895776,1.405555637894282,0.5433368634664371,15,-0.7980858079717742,1.5764080540604426,0.9104953343208821,20,-0.8731873912882309,4.426400917620444,2.6015407935063184,15,-1.4586291130101272,0.44782543080883574,-1.4586291130101237,14,-1.7548272395371642,2.2757958914839356,1.3872829243767315,10,4.756372400000131,92,0.5,COMPLETE
376,-9999.0,2026-04-28 12:46:36.145414,2026-04-28 12:46:43.574038,0 days 00:00:07.428624,2,41,12,6,52,0.8,11,81,11,4,2.24,1.8705812369761003,1.4496708519193746,129,-2.90334853412153,-2.6894351115789323,0.8685111719164783,20,0.6666666666666666,1.6179040223444483,-2.0492086144827057,2.064681291797265,2.384864800000064,21,-1.0015564009890807,2.6884268985244275,2.761563250118204,20,-1.2686736271753611,2.0730365806903692,1.5428912696694885,21,-1.9209417398907822,0.9029871997612999,-0.30433526245187137,24,-2.6894351115789323,0.8685111719164783,-0.48140060429217035,22,-0.6219065178788028,2.625844279166762,2.794441658472535,21,8.959762800000014,129,0.4883720930232558,COMPLETE
377,-9999.0,2026-04-28 12:46:43.579257,2026-04-28 12:46:51.015977,0 days 00:00:07.436720,3,49,12,6,52,0.85,10,81,12,5,2.22,1.472096154546162,0.26594239072858333,105,-2.923329449681072,-2.2658154473977823,0.41161010202903137,15,0.5,1.1320245932886215,-1.8461752547706238,0.5884884704105365,-1.0025819999999852,18,-0.7341857746355058,0.9730765965053472,-0.04868531015623789,19,-0.46089701066727673,3.419401801072526,2.416486740035051,16,-0.7303176832126855,2.316027305526731,1.9004549064183696,19,-2.2658154473977823,0.41161010202903137,-1.8752697408591534,15,-0.6451265629604662,1.1239726517328,0.20524974893345593,18,1.5377010000001023,105,0.4857142857142857,COMPLETE
378,0.5043940781452819,2026-04-28 12:46:51.021106,2026-04-28 12:46:58.500503,0 days 00:00:07.479397,3,45,13,6,51,0.8,9,82,13,4,2.2,2.1019812562921136,1.9724214116527328,141,-2.012656877674999,-1.9201215951472148,1.243074523920757,21,1.0,1.9117393528509152,-1.9201215951472148,1.243074523920757,0.7076580000000554,24,-1.0158410974178342,2.157104791327647,2.0826876939190164,24,-0.9549146078966165,2.7169807933943617,2.41911966143622,25,-1.0393302315553936,1.8745863419048823,1.688735091919824,25,-1.527846767811781,1.3677013902113917,1.244279382176372,21,-0.6174755447114598,3.252439696993642,3.6920486404649067,22,12.404688000000231,141,0.5319148936170213,COMPLETE
379,0.4615325975751423,2026-04-28 12:46:58.505601,2026-04-28 12:47:05.972067,0 days 00:00:07.466466,3,47,14,6,52,0.8,8,82,12,4,2.3000000000000003,1.700511461992198,1.5300592530955355,147,-2.3807218321062735,-2.3807218321062735,1.0627214010799426,22,1.0,1.5800134727344846,-1.8279697952323086,1.787575094915834,2.2797700000000143,28,-1.2289525953459774,1.8147739043824798,1.5995988258479477,25,-0.9923014529170847,1.3242607859846636,0.6298125725515025,23,-1.1414881271455444,1.7351232098119214,1.504013887842448,24,-2.3807218321062735,1.0627214010799426,0.312436809930805,25,-1.4632131238877923,2.4786143757783456,2.854723422400496,22,9.514251000000096,147,0.4965986394557823,COMPLETE
380,-9999.0,2026-04-28 12:47:05.977429,2026-04-28 12:47:13.446817,0 days 00:00:07.469388,3,37,13,6,52,0.8,8,82,12,4,2.22,2.150213435260321,1.5604762511359802,127,-2.314051859014919,-1.8734787788008689,0.8069745972029239,15,0.6666666666666666,1.7483949339232767,-1.2999515539385442,0.9340831503591387,-0.1660161999999854,23,-1.0239345937416735,2.1156636582005697,2.5308674499674666,24,-0.6113333380953535,4.723687046745703,3.982893832670653,26,-1.8734787788008689,1.5737544336389955,1.436192373794798,22,-1.2571652412033518,0.8069745972029239,-0.5464954074363981,17,-0.5846848492987625,2.7471177254145958,2.1254154578193463,15,9.658373400000176,127,0.5118110236220472,COMPLETE
381,0.4726881987596093,2026-04-28 12:47:13.452067,2026-04-28 12:47:20.915462,0 days 00:00:07.463395,3,45,14,6,56,0.8,8,82,12,4,2.66,1.739033459237567,1.6759812766413216,141,-2.421458868915599,-2.2308412170187926,1.1652823395896341,20,1.0,1.6329430960932205,-2.2308412170187926,1.5094513309669007,1.6332704000000309,27,-1.0426626185907268,1.852788855020593,1.8966578487668029,26,-0.9443953012900553,1.563089008453299,0.9731795914824204,21,-1.0268997228866255,2.1317048025655683,2.2003195345013715,23,-2.0897571290262857,1.1652823395896341,0.7672381191169864,24,-1.453227614742263,2.211884418829406,2.5852221659803165,20,10.473543600000056,141,0.46099290780141844,COMPLETE
382,-9999.0,2026-04-28 12:47:20.920455,2026-04-28 12:47:28.349417,0 days 00:00:07.428962,3,44,14,6,56,0.8,9,81,11,4,2.6,1.6236544627025722,1.1431685728115684,122,-2.6699064260547574,-2.339844234060281,0.36470285616295567,18,0.8333333333333334,1.477226631784633,-2.306687349318392,0.36470285616295567,-2.0005379999999406,21,-1.0453362544983928,2.0563278828034943,2.1278871918705144,22,-0.9847729681832788,2.0568280975668327,1.4013179626312322,18,-1.7104122304219114,1.5806740862277064,1.4472039384323176,23,-2.339844234060281,1.4034080981114267,1.4396419814776573,20,-1.499918186280755,2.2799857553430156,2.44349836245763,18,6.990158000000135,122,0.45901639344262296,COMPLETE
383,-9999.0,2026-04-28 12:47:28.354591,2026-04-28 12:47:35.818111,0 days 00:00:07.463520,3,49,13,6,56,0.8,9,82,13,4,2.64,1.448464148658611,1.1898596705911777,148,-3.5279878394865065,-3.143102509191103,0.8277089661121303,21,0.8333333333333334,1.4020680597487434,-1.7222732696063348,1.462486338944627,1.7214944000000232,29,-1.3778089436942773,1.2540914695662033,0.5348132203610412,21,-1.1149547517875984,1.3451712126032498,0.8381308254584052,25,-1.4371932435570653,1.8905998330343303,2.431080280056297,28,-3.143102509191103,0.8277089661121303,-0.7110035507158607,21,-1.7116050800095568,1.9107270716911255,2.3246428483871595,24,7.3166496000001136,148,0.4391891891891892,COMPLETE
384,-9999.0,2026-04-28 12:47:35.823240,2026-04-28 12:47:43.274649,0 days 00:00:07.451409,3,52,14,7,56,0.8,9,82,14,4,2.2800000000000002,1.3453134859384148,1.1891504224708729,156,-3.261091188525924,-2.070635495589869,0.6801396087828488,23,0.6666666666666666,1.3659961594481544,-1.594155174393028,1.9475012240091856,3.0576812000000286,30,-1.8400733189168343,0.9347303501043426,-0.1912090372163444,25,-1.5217043265661903,0.6801396087828488,-0.8357211469264159,23,-1.657188337414612,1.5820027152765521,2.0089281950316895,30,-2.070635495589869,1.2392594624245923,0.9725258915693091,23,-1.494947417489669,1.688247555032967,2.122697432366971,25,7.292188000000044,156,0.46153846153846156,COMPLETE
385,0.4892315626410392,2026-04-28 12:47:43.279798,2026-04-28 12:47:50.711529,0 days 00:00:07.431731,3,47,14,5,51,0.8,8,82,15,4,2.22,1.923757409193404,1.9743881966716836,152,-2.897711917512495,-2.897711917512495,1.207515146719522,24,1.0,1.7693043156812125,-1.7736332737606577,1.7806762060325665,2.1124942000000146,28,-0.9354067926988021,2.007041060975869,1.8263379174220162,24,-0.724772175638933,1.6451497320232185,1.1113877160556562,24,-1.1483165597443894,2.0515719066671507,2.1399321622742384,25,-2.897711917512495,1.207515146719522,1.0745771282440142,26,-0.8306079451548222,2.8505904027420956,3.581600056034162,25,12.424041600000034,152,0.5263157894736842,COMPLETE
386,-9999.0,2026-04-28 12:47:50.716532,2026-04-28 12:47:58.209389,0 days 00:00:07.492857,3,42,14,5,51,0.8,8,82,15,3,2.2600000000000002,1.519911152721648,0.7658938432703525,138,-2.7998909376790087,-2.7998909376790087,0.6000739767640074,19,0.5,1.257842553382175,-2.7998909376790087,0.9437405169820233,-0.2075688000000131,29,-2.284556503885048,0.6000739767640074,-1.4063435303898975,26,-0.8123247382562688,1.8686794545334977,1.210080311533357,19,-1.264967014883763,2.9846235156159158,3.6201091997234647,20,-1.983554692045763,0.9494451854584658,-0.25896335645537727,25,-1.576233044036096,1.7729042669759774,1.6380492352105813,19,4.603108399999978,138,0.42028985507246375,COMPLETE
387,-9999.0,2026-04-28 12:47:58.214643,2026-04-28 12:48:05.664660,0 days 00:00:07.450017,3,47,13,6,51,0.85,10,82,13,3,2.3000000000000003,1.6407235595681413,0.9589537062718367,112,-2.9539903079735397,-2.9539903079735397,0.5577537904736345,14,0.6666666666666666,1.433208802002646,-2.9539903079735397,0.738784919420751,-0.99715199999999,23,-2.5099017408994184,0.5577537904736345,-1.1281018905637819,19,-0.7744296660762335,1.7581482701295368,0.9877010495730421,16,-0.8282902560590857,2.8305355164157198,2.389776129392196,17,-1.120371828948609,2.1098109954556308,3.2307872168222618,23,-1.8463246443842236,1.8493078655135757,1.2707117324072925,14,5.812930000000116,112,0.42857142857142855,COMPLETE
388,-9999.0,2026-04-28 12:48:05.669938,2026-04-28 12:48:13.105652,0 days 00:00:07.435714,3,45,14,6,51,0.8,8,81,12,5,2.6,1.3044738541203558,0.6165918620092081,125,-3.540185063089403,-2.426501317811585,0.24393110876034071,15,0.8333333333333334,1.247784520964637,-1.726242907033368,1.8923185666407352,2.247108000000031,20,-0.7803573747094396,1.27279300866271,0.6279805977495334,24,-0.6053573199528776,1.6065422651809664,0.7904269835900868,15,-1.207312583751263,1.6253133848219599,1.8144390474657213,27,-2.426501317811585,0.24393110876034071,-2.2406142622900083,15,-1.3893014836999107,1.1859447906554224,0.4602108055398846,24,3.6933720000000836,125,0.44,COMPLETE
389,0.5045675775138958,2026-04-28 12:48:13.110875,2026-04-28 12:48:20.579254,0 days 00:00:07.468379,3,45,13,6,51,0.8,8,82,13,4,2.22,2.1065336812234987,2.1057363482288003,153,-2.0991900191366195,-2.0991900191366195,1.1641188275384977,23,1.0,1.8841805006245784,-1.7755854953943007,1.6214757769778303,1.8092900000000078,28,-1.0049013198144752,2.1115909021771264,2.153472634962883,27,-0.9439369184543649,2.367339476866447,2.207072811134525,26,-1.0264024384902735,1.8929694847226939,1.7079281330287133,25,-2.0991900191366195,1.1641188275384977,0.7065152612826031,24,-0.6127385787409758,3.4817076190583975,4.050139248964069,23,13.28607640000017,153,0.5359477124183006,COMPLETE
390,0.4803757332740116,2026-04-28 12:48:20.584537,2026-04-28 12:48:28.030534,0 days 00:00:07.445997,3,48,14,5,51,0.8,8,82,15,4,2.22,1.8284226770248768,1.8472731332127232,154,-2.9139096847416956,-2.9139096847416956,1.202648846252365,23,1.0,1.691105005565457,-1.7753681258619887,1.5561242536711366,1.7231510000000227,31,-0.938959996157722,1.4941192439913211,0.9876784096080504,23,-0.735520428536477,1.4815734702992365,0.8396889565543075,23,-1.157238583351306,2.385479845193106,2.8614135765400173,26,-2.9139096847416956,1.202648846252365,1.0618132522752122,26,-0.8370583011313227,2.8505904027420956,3.6098936042987306,25,11.573355000000074,154,0.512987012987013,COMPLETE
391,0.482404863856033,2026-04-28 12:48:28.035602,2026-04-28 12:48:35.490473,0 days 00:00:07.454871,3,45,13,5,50,0.8,8,82,15,4,2.2,1.8929505420110795,1.934046574933327,157,-2.672141970062561,-2.672141970062561,1.0774162339447981,24,1.0,1.7525680948311138,-1.7731396825348997,1.8029194647529827,2.2645380000000825,30,-0.9340796264714198,2.0349166151945663,1.966112632318362,26,-0.8388357999558739,1.7422276706151059,1.445788045388463,27,-1.037813504599126,2.0781740020067896,2.0721843061552336,24,-2.672141970062561,1.0774162339447981,0.35720376421954914,24,-0.8324711242387625,2.622049265552233,3.498452701518273,26,12.151416000000182,157,0.5286624203821656,COMPLETE
392,-9999.0,2026-04-28 12:48:35.495691,2026-04-28 12:48:42.925738,0 days 00:00:07.430047,3,40,14,5,50,0.8,8,82,15,5,2.2800000000000002,1.724431121380871,1.148275067540731,117,-2.8384361785759125,-2.378411349173775,0.18214179604733882,14,0.8333333333333334,1.5566681723962479,-1.3234912941806707,2.155628911883039,2.2839272000000577,18,-0.6464429951329305,2.198834688207697,2.282351552101858,21,-0.5942307164213009,2.223981262014505,1.253739996764991,16,-1.411750620179833,1.6711476145054205,1.8930307525734325,26,-2.378411349173775,0.18214179604733882,-2.249419386628815,14,-0.9625052433511028,1.9148524556272288,1.4260202904328612,22,7.011976000000031,117,0.5128205128205128,COMPLETE
393,-9999.0,2026-04-28 12:48:42.930740,2026-04-28 12:48:50.373736,0 days 00:00:07.442996,2,43,12,6,50,0.8,8,82,13,4,2.24,2.001004428309081,2.098796423921808,169,-4.564645363649628,-4.564645363649628,0.9048627683254178,26,0.8333333333333334,1.6509155661549224,-2.0437978845752074,3.012966643009242,5.445638400000075,30,-0.9764201437303832,1.381798286997414,0.9900661761273799,28,-1.4122036016422546,1.6441753664569174,1.3622582182188259,27,-2.331954709642943,0.9048627683254178,-0.3690440553928642,30,-4.564645363649628,1.0175242659830517,0.1052620064223353,28,-0.614051769578044,4.044699239082443,5.058597798155096,26,13.100977600000174,169,0.4911242603550296,COMPLETE
394,-9999.0,2026-04-28 12:48:50.378906,2026-04-28 12:48:57.816424,0 days 00:00:07.437518,3,55,13,5,50,0.9,10,82,15,4,2.22,1.8783288748307516,0.8189615459227418,89,-2.2347032809197396,-1.9866795182787402,0.963338967756702,11,0.8333333333333334,1.4944148890326492,-1.7086758958295625,1.4752715392271438,1.0983050000000327,21,-0.9493226156370875,1.0639542123074577,0.10262387682962171,15,-0.8343026226126325,1.0062937664276184,0.007666049788546125,14,-0.7812442156578713,4.299466359617305,2.293330561217455,11,-1.9866795182787402,0.963338967756702,-0.11144886344826022,17,-0.6564014596497424,2.461648403648283,1.5232926511490552,11,4.990826600000098,89,0.47191011235955055,COMPLETE
395,0.49045778065170365,2026-04-28 12:48:57.821456,2026-04-28 12:49:05.284329,0 days 00:00:07.462873,3,48,13,5,50,0.8,8,82,14,4,2.2,1.8407186539348874,1.8892277442716228,159,-2.3596351428082363,-2.3596351428082363,1.3385797835212947,24,1.0,1.7151483217721526,-1.820854043350524,1.6350719216382035,1.9761660000000791,32,-0.9367012962238291,1.4162666001327537,0.8671104579476063,24,-0.8345036308894894,1.3436043380604852,0.7629582506436083,26,-1.1589454640102799,2.063807351456426,2.195906932259639,26,-2.3596351428082363,1.3385797835212947,1.607427850148091,26,-0.6205756347080758,3.246981928800161,3.925796974630713,25,11.848842000000115,159,0.5220125786163522,COMPLETE
396,-9999.0,2026-04-28 12:49:05.289509,2026-04-28 12:49:12.740323,0 days 00:00:07.450814,3,42,13,6,50,0.8,8,83,12,3,2.7800000000000002,1.5008257223208703,1.0269796496265156,134,-2.3981167829750003,-2.3981167829750003,0.8559826879157852,18,0.8333333333333334,1.3518031489452285,-2.153345342719909,1.2410975009994358,0.8382936000000285,27,-2.3981167829750003,0.8559826879157852,-0.4590151057454306,25,-0.8295850335067951,1.80162147110753,1.2619604144443075,20,-1.2352109506113347,2.60431525811769,3.1299749794299503,18,-1.698526326702595,1.0823681069746576,0.4035894545862728,25,-1.8402071406507174,1.4195693088101233,0.9870745550439652,19,6.285420600000147,134,0.3880597014925373,COMPLETE
397,0.49881352612533264,2026-04-28 12:49:12.745548,2026-04-28 12:49:20.211322,0 days 00:00:07.465774,3,45,13,5,50,0.8,8,82,14,4,2.22,1.9905845165152725,2.0297637281147822,152,-2.111196040534209,-2.111196040534209,1.2236842164699142,23,1.0,1.8501992857613292,-1.7683462840314266,1.8880081641659334,2.4146718000000122,29,-0.932667556201047,2.0548196417541713,2.0009863469581113,26,-0.8355846410642177,1.759498321172913,1.4767557850378754,27,-1.0323532723236644,1.727396560882993,1.3950590414451458,23,-2.111196040534209,1.2236842164699142,0.9214097908636809,23,-0.662512690022907,3.2901001946457105,3.9696996043838695,24,12.782057600000108,152,0.5394736842105263,COMPLETE
398,-9999.0,2026-04-28 12:49:20.216292,2026-04-28 12:49:27.673462,0 days 00:00:07.457170,3,50,14,5,50,0.8,8,82,15,4,2.22,1.5002305566193688,1.3422549100583954,163,-3.9396219094369926,-3.5557946980483384,0.8997289774888594,23,0.6666666666666666,1.4121531813857588,-1.764643196867302,1.6639748937330976,2.336819800000023,34,-1.3915550505626828,0.8997289774888594,-0.2601532864909162,23,-0.8949926909650867,1.0671280070510165,0.15221995313459136,24,-1.4666714415919648,1.7879926835225755,2.7139685723075235,30,-3.5557946980483384,0.9139533898599435,-0.47203542658257325,26,-0.8632577349352568,2.668605388060719,3.5827098479817243,26,8.248800800000122,163,0.4662576687116564,COMPLETE
399,0.4690175196976569,2026-04-28 12:49:27.678802,2026-04-28 12:49:35.131847,0 days 00:00:07.453045,3,42,12,6,50,0.8,9,82,14,4,2.3000000000000003,1.7094243481229678,1.6023022156362199,141,-1.9411259454732852,-1.9411259454732852,1.2545716387447092,19,1.0,1.6570030723359743,-1.9411259454732852,1.2545716387447092,0.7371300000000192,24,-1.0192000310859877,2.113625600433016,2.2876073598682822,24,-1.186028587255146,1.917002643399019,1.656381500287285,25,-1.8753712589868954,1.4820245877284246,1.2389721187239244,25,-1.171684961347639,1.393747165046416,1.2114855827177085,19,-1.6672573452826782,2.0955744533862193,2.4822367322201,24,9.995106000000241,141,0.49645390070921985,COMPLETE
400,-9999.0,2026-04-28 12:49:35.136901,2026-04-28 12:49:42.601494,0 days 00:00:07.464593,3,49,11,5,50,0.8,8,82,14,4,2.22,1.4534784684144233,1.0144954213725261,174,-3.5176255619197754,-3.198399169566742,0.7352808825479604,25,0.5,1.2989433766776086,-1.8617372958097271,1.7918819496649112,2.728278800000017,35,-1.5022911283911518,0.8583162086225152,-0.37061421105013537,26,-1.3575819227784212,0.874529318758603,-0.3946591661166843,30,-1.4656024093533173,1.4148684501314812,1.473157873410269,32,-3.198399169566742,0.7352808825479604,-1.4087339998401283,25,-0.654519199575659,3.0459940007610693,4.059543231831819,26,6.1284020000001105,174,0.46551724137931033,COMPLETE
401,-9999.0,2026-04-28 12:49:42.606721,2026-04-28 12:49:50.029893,0 days 00:00:07.423172,3,50,13,6,50,0.8,11,83,12,4,2.2600000000000002,1.2905873811642397,0.7203795643767847,121,-2.3350623618781445,-1.9036022650014668,0.9897627691822074,17,0.8333333333333334,1.2850953273385304,-1.7567058329069987,1.5897228294639827,1.8316968000000156,26,-1.511312054809185,1.0003003335730274,0.0005004335742908594,17,-0.893349400279961,1.320760481371016,0.5344800228152202,18,-1.8046841581631303,1.190587335112829,0.5279644350184576,22,-1.9036022650014668,0.9897627691822074,-0.037179283786759054,20,-1.7579063760230293,1.6523905382823758,1.4648149786394837,18,4.385709800000104,121,0.4462809917355372,COMPLETE
402,-9999.0,2026-04-28 12:49:50.035167,2026-04-28 12:49:57.473509,0 days 00:00:07.438342,3,40,14,6,50,0.8,8,81,13,4,2.64,1.8886566371208815,1.5509279905889943,127,-3.306358359790879,-2.0195664747437334,0.6593492078380959,15,0.8333333333333334,1.6341251293796992,-1.909067652948065,1.7867977973055846,2.0960372000000227,23,-1.0317481462044107,1.8611672914864352,2.1059520613793348,24,-0.9367222112915099,1.9499708907432445,1.4087429324523448,20,-1.8379924065591375,2.0291486909146768,2.592773037746965,24,-2.0195664747437334,0.6593492078380959,-1.406385966889112,21,-0.7213464071170441,3.04550594443725,2.5084486788444105,15,9.612620400000038,127,0.4645669291338583,COMPLETE
403,-9999.0,2026-04-28 12:49:57.478745,2026-04-28 12:50:04.970348,0 days 00:00:07.491603,3,51,14,5,50,0.8,10,82,15,4,2.24,1.38910952515394,0.9906316126723528,136,-3.438181562618058,-2.936181366964967,0.7753276237149763,19,0.6666666666666666,1.3486205745958677,-1.6054867572762448,1.6173380902261647,2.0470252000000633,30,-1.5020960456140313,0.9803094469819524,-0.043174604956564,19,-1.1404384393760993,0.7753276237149763,-0.4647256985470305,21,-1.815866649370637,1.509377357785827,1.4775409911528037,24,-2.936181366964967,1.0346874398678954,0.1592199259067062,23,-0.9662943930754921,2.417617192346824,2.7679038624781382,19,6.049393200000086,136,0.4411764705882353,COMPLETE
404,-9999.0,2026-04-28 12:50:04.975541,2026-04-28 12:50:12.430279,0 days 00:00:07.454738,3,42,14,5,50,0.9,8,82,15,4,2.2,1.934777960110597,0.7817080237844571,73,-2.2077351380921515,-1.7383689883653075,0.5577534208460363,9,0.8333333333333334,1.577868291530599,-1.0789539285638023,1.3815329252387443,0.40076600000003015,11,-0.9570061118683462,1.8702353337443212,1.363858120365391,16,-0.2868733661524081,2.696657805325328,1.1727217692349523,13,-1.2628359276241719,3.0826126536185683,2.3107784627125927,12,-1.7383689883653075,0.5577534208460363,-1.2674218074452903,12,-0.6050899641100551,2.0198756218905847,0.7095455978390675,9,4.745674000000077,73,0.5342465753424658,COMPLETE
405,-9999.0,2026-04-28 12:50:12.435457,2026-04-28 12:50:19.883199,0 days 00:00:07.447742,3,43,13,5,50,0.85,8,83,12,4,2.7600000000000002,2.1668210834831583,1.4878713157325751,100,-2.4460473774640095,-2.4460473774640095,0.6988316461584928,13,0.8333333333333334,1.7749160022958574,-2.4460473774640095,1.5361002734171028,1.3960480000000386,19,-1.4623832462934367,1.9046353890635133,1.7002544320070312,21,-0.5081432762813115,3.1684088940225235,2.4030596078480126,18,-1.2357755382280078,2.6787953589492823,2.127927809532437,13,-1.6169841993491487,0.6988316461584928,-1.0264957213791726,16,-0.7266921678519981,3.014154939288035,2.3264337663871038,13,9.221291200000103,100,0.48,COMPLETE
406,-9999.0,2026-04-28 12:50:19.888295,2026-04-28 12:50:27.305923,0 days 00:00:07.417628,3,42,13,6,50,0.8,8,83,12,5,2.2600000000000002,1.7739640574120565,0.8720502071294859,117,-3.887227060531658,-3.0372951583533507,0.1951585970569333,16,0.8333333333333334,1.4023148911625292,-1.461725976914347,2.0491307203439924,2.220327799999988,19,-0.9022006504423385,1.4707265073121474,0.900267314540959,20,-0.5940761111622677,3.5345646981069336,2.602742873746,18,-1.1919697212249554,1.3829831268389365,0.9040495000597781,22,-3.0372951583533507,0.1951585970569333,-2.907789721488374,16,-0.6215766065333594,2.011220694813396,1.5127034759185642,22,5.245112000000018,117,0.5042735042735043,COMPLETE
407,-9999.0,2026-04-28 12:50:27.311150,2026-04-28 12:50:34.787616,0 days 00:00:07.476466,3,38,13,5,51,0.8,8,81,14,4,2.2,2.0073997481138766,1.5116286361901856,130,-2.092032183865319,-1.6871245684011316,0.799409830702549,15,0.8333333333333334,1.7364053640394956,-1.3309122751433484,1.1009506352977236,0.2511460000000909,25,-0.954902499256682,2.0268931006564586,2.1002054181006313,23,-0.5128712204060372,3.2533628306309317,3.1744051430534492,27,-1.6871245684011316,1.7792960711591383,1.8682811480880135,23,-1.2627636774231294,0.799409830702549,-0.5699577353742602,17,-0.5875070212126665,3.0844860202364575,2.24569184327319,15,9.36782000000016,130,0.5307692307692308,COMPLETE
408,-9999.0,2026-04-28 12:50:34.792870,2026-04-28 12:50:42.249046,0 days 00:00:07.456176,3,44,14,6,51,0.85,9,82,15,4,2.2800000000000002,2.0502809170142875,1.3256102415619364,112,-1.8867405443330658,-1.6978964579967326,0.5730351580126256,14,0.8333333333333334,1.6833880564855068,-1.6978964579967326,1.3836387002930015,0.9283788000000293,19,-1.0183817516932476,2.5612898621932443,2.644690850815512,22,-0.9973489502739312,1.4622215663124536,0.7255795862743497,20,-1.2477827057009745,3.126455335399628,2.9455525193260446,20,-1.5765062218992623,0.5730351580126256,-1.4621889635871188,17,-0.4316925151359879,3.195044879874772,2.1716486565428017,14,8.150981200000128,112,0.5178571428571429,COMPLETE
409,-9999.0,2026-04-28 12:50:42.254291,2026-04-28 12:50:49.714973,0 days 00:00:07.460682,3,45,13,6,52,0.95,9,83,12,4,2.22,2.7717187719711016,0.7849985788505135,46,-1.3186880396713059,-1.269503649074632,0.22228443449048899,5,0.8333333333333334,2.1580435974441547,-1.269503649074632,0.22228443449048899,-0.7222799999999752,6,-0.38849468278771687,3.083466414526403,1.087570101327895,8,-0.6256573566649345,2.307461211846093,0.975722428489223,11,-0.8125077553352656,5.0,2.445703037525515,10,-1.1300191850509547,1.017100570963624,0.023483688319836382,6,-0.18939233940881153,5.0,0.899792217440587,5,4.77375680000014,46,0.5434782608695652,COMPLETE
410,-9999.0,2026-04-28 12:50:49.720263,2026-04-28 12:50:57.181303,0 days 00:00:07.461040,3,49,12,6,50,0.8,8,81,13,4,2.2,1.5730860856473183,1.3361074466866258,165,-2.895613233476941,-2.672262485990072,0.851938206842636,23,0.8333333333333334,1.4402128127666276,-1.871158165661654,1.6860575035892786,2.551736000000071,36,-1.3112653357778143,1.0641117668089128,0.1346461848291236,23,-1.6896266256172725,1.006935021860401,0.020605743015367217,28,-1.4486391337416555,1.649744728439669,1.951524597497234,30,-2.672262485990072,0.851938206842636,-0.6654970966641027,23,-0.6417022637110662,3.179729286343012,4.023629251442062,25,8.203850000000168,165,0.48484848484848486,COMPLETE
411,0.4905190708855632,2026-04-28 12:50:57.186821,2026-04-28 12:51:04.631623,0 days 00:00:07.444802,3,42,14,5,51,0.8,9,82,14,4,2.2,2.027120437681697,1.7881502530112556,121,-1.6900161752455671,-1.6900161752455671,1.349215557184212,18,1.0,1.894776003150716,-1.6367796888666952,1.5601481085954727,1.2798320000000363,21,-0.9452546489957512,2.179901429658901,2.0966701445555236,21,-0.6099371964742154,2.276135349226159,1.3133773556396555,18,-1.6900161752455671,1.6970071003962826,1.6116907626254173,22,-1.3348377792889616,1.349215557184212,1.0563810888512437,19,-0.8427012502968061,3.100315081029155,3.3709501663956587,20,11.200636000000074,121,0.5289256198347108,COMPLETE
412,-9999.0,2026-04-28 12:51:04.637099,2026-04-28 12:51:12.107361,0 days 00:00:07.470262,3,42,12,5,49,0.95,8,83,13,4,2.72,2.9980689138525016,1.1807009265096442,42,-1.1506023238190064,-1.1506023238190064,1.1373110030614098,4,1.0,2.698374009975664,-1.1506023238190064,1.1373110030614098,0.07624880000001166,4,-0.4687444843241064,4.603430197559186,1.315906237284925,6,-0.3462383535648014,3.43285129118437,1.0778210455667736,8,-1.1426271285505736,4.33354712028972,3.296499188408153,11,-1.1081846390325858,1.2493368685380803,0.335778078587623,6,-0.5909593804761281,3.2319370024822445,0.9819522092103794,7,7.262943600000038,42,0.5714285714285714,COMPLETE
413,-9999.0,2026-04-28 12:51:12.112311,2026-04-28 12:51:19.507464,0 days 00:00:07.395153,2,41,14,6,52,0.85,11,81,12,4,2.24,1.5321382601305185,0.5121573927280817,88,-2.6007061768452426,-1.9542266252846225,0.3343875405656918,11,0.6666666666666666,1.3103719132178873,-1.6829398039886818,0.5443609531164729,-0.8082899999999449,15,-1.037856749637099,2.1018518581492898,1.9599383859800312,18,-0.9859819087006566,1.3350033797060405,0.42143807932302213,14,-1.0245414041631375,2.456971522755772,1.8190691719840224,15,-1.9542266252846225,0.3343875405656918,-1.7572998031318066,15,-0.7552519073789848,2.420254306489843,1.4380885222131656,11,3.053286800000099,88,0.4772727272727273,COMPLETE
414,0.49900124529384615,2026-04-28 12:51:19.512485,2026-04-28 12:51:26.975652,0 days 00:00:07.463167,3,47,14,5,49,0.8,8,82,14,4,2.2,1.9462970772518382,2.007888355550684,148,-2.3407863207128172,-2.3407863207128172,1.3288418092074434,23,1.0,1.8241741079140028,-1.7748364341766547,1.8322105343980408,2.1677420000000502,27,-0.9349579879477968,1.98759746851847,1.7901070966215515,24,-0.7270030584358269,1.452093568557383,0.7786692829559794,23,-1.155201681162845,2.0319102194966687,2.10646398803489,25,-2.3407863207128172,1.3288418092074434,1.5383366951627897,25,-0.8316939985268288,3.045128863333022,3.6660110705288407,24,12.643894000000078,148,0.5337837837837838,COMPLETE
415,-9999.0,2026-04-28 12:51:26.980784,2026-04-28 12:51:34.406403,0 days 00:00:07.425619,3,44,14,6,49,0.85,9,83,14,5,2.3800000000000003,1.6371719328485848,0.8615896687684549,102,-2.372196324371605,-1.8751166326076911,0.29863041206022,13,0.6666666666666666,1.4817089182405951,-1.8330059192211743,1.7085837022794719,1.4004094000000356,16,-0.7361697041938293,2.039749688051301,1.9064871743998957,21,-0.602615034927437,1.4130385131140453,0.5544268530395691,15,-0.7319704674238428,3.510501019473446,3.2705504045423828,21,-1.8751166326076911,0.29863041206022,-1.7446977847285772,13,-1.2080051458464776,0.8525282621130247,-0.21763803464257547,16,5.203212600000073,102,0.5,COMPLETE
416,0.48346234202981075,2026-04-28 12:51:34.411494,2026-04-28 12:51:41.856136,0 days 00:00:07.444642,3,46,14,5,49,0.8,9,82,15,4,2.2,1.8329585654981209,1.690980821184133,137,-1.8224454776756611,-1.8165970413252832,1.2541993581501796,21,1.0,1.7438007902465835,-1.8165970413252832,1.373173489826241,1.0098000000000384,24,-1.0971402785393272,2.024967098671494,1.873610283358662,23,-0.6143413692625352,1.549694092624252,0.8338334029948546,21,-1.0564171448354016,2.1382090227634682,2.2302061315050636,24,-1.7669217879964438,1.2541993581501796,0.9468464380399277,21,-0.8464836440191781,2.65750833095309,3.2515886712062514,24,10.560558000000064,137,0.5182481751824818,COMPLETE
417,0.49847635984764527,2026-04-28 12:51:41.861161,2026-04-28 12:51:50.609797,0 days 00:00:08.748636,3,44,13,5,49,0.8,8,82,14,4,2.22,2.019924958178336,1.9707347703036133,149,-2.1178599658352883,-2.1178599658352883,1.2236842164699142,22,1.0,1.8179010395175175,-1.7683462840314266,1.8880081641659334,2.4146718000000122,29,-0.9348025891796757,2.074118385834877,2.037595945310633,25,-0.8346475855767881,1.832089916440247,1.5532392181013766,26,-1.666462133365798,1.4016389190898841,0.9572569823161903,24,-2.1178599658352883,1.2236842164699142,0.9243767643664746,23,-0.6176841510634714,3.700010147069161,3.9372679117269938,22,12.388297200000142,149,0.5369127516778524,COMPLETE
418,-9999.0,2026-04-28 12:51:50.614838,2026-04-28 12:51:58.100373,0 days 00:00:07.485535,2,47,14,5,48,0.8,9,82,15,3,2.2600000000000002,1.3145498217722935,0.6961532365752235,158,-3.3223435192299777,-3.3223435192299777,0.7661413840844701,20,0.6666666666666666,1.2028417539911396,-3.3223435192299777,0.7661413840844701,-1.0185408000000118,31,-1.9865750252842909,1.2016018757826898,0.6115343266226869,27,-0.7018103532393384,0.858699161951505,-0.2856202835499366,20,-1.4678803136767105,1.9009456812691468,2.2234782563720357,24,-2.352039606747901,1.0120196016373095,0.07819089048732852,32,-1.5833817053772885,2.1478912259086402,2.567877029519239,24,4.198359799999984,158,0.43037974683544306,COMPLETE
419,-9999.0,2026-04-28 12:51:58.105496,2026-04-28 12:52:05.552232,0 days 00:00:07.446736,3,52,14,6,48,0.9,10,82,14,4,2.2,2.41710416685325,1.0264711544318554,80,-1.8456385790370926,-1.6348528938915659,0.9326298170412213,9,0.8333333333333334,1.7118757426583024,-1.6348528938915659,1.3495501519757074,0.8050140000000816,19,-1.0867882727104945,1.221247094183686,0.3738802119505946,16,-0.33981722486605054,1.7963577119029928,0.570040666560323,10,-0.7735825646810968,5.0,2.5472991090823793,11,-1.628257630640765,0.9326298170412213,-0.18359996925754185,15,-0.6492265193526754,4.202840226015894,2.0461929082552954,9,6.2904900000001485,80,0.4875,COMPLETE
420,-9999.0,2026-04-28 12:52:05.557319,2026-04-28 12:52:13.004653,0 days 00:00:07.447334,2,38,14,5,48,0.8,9,82,15,4,2.3400000000000003,1.6221468495077396,0.5594785584180676,120,-4.0940138332025295,-3.1890529288752294,0.4904087806778052,16,0.5,1.2220643632063817,-1.5925812295759412,0.7981864593812553,-0.4553861999999631,20,-0.9629477504676554,2.2865764690277177,2.533406784888226,22,-0.8733256004098123,1.6526431218141808,1.019870736450268,19,-2.417516823172552,0.8971482745755404,-0.3582672946071619,24,-3.1890529288752294,0.4904087806778052,-2.190411286240135,19,-0.5055694187449978,3.607917991569937,2.807658610017172,16,3.308994400000098,120,0.4583333333333333,COMPLETE
421,-9999.0,2026-04-28 12:52:13.009835,2026-04-28 12:52:20.500027,0 days 00:00:07.490192,3,50,13,5,48,0.8,8,83,14,4,2.2,1.5165619818871505,1.326014966849809,164,-3.327077938159845,-3.008510450685792,0.7764607345095673,23,0.6666666666666666,1.4129610333373448,-1.76060328371672,1.7883876592184411,2.6949140000000593,34,-1.6265306355753326,0.7764607345095673,-0.5977413837651269,23,-1.2295655128552816,0.9969593884580774,-0.008361981806925822,26,-1.4675283329318978,1.5894268948710695,2.0331288356059574,30,-3.008510450685792,1.017058290175356,0.08526344782688877,26,-0.642059332651904,2.931078924090393,3.7488868832380007,25,8.144306000000112,164,0.4695121951219512,COMPLETE
422,0.46119865505904356,2026-04-28 12:52:20.505230,2026-04-28 12:52:28.017818,0 days 00:00:07.512588,3,45,12,5,48,0.8,8,82,14,4,2.2800000000000002,1.5941724118383884,1.444578046346031,149,-2.310023949081224,-2.310023949081224,1.2425703205537335,23,1.0,1.5466121735084617,-2.1619186604631415,1.5050985015714753,1.5765487999999994,29,-0.9413975105075886,1.5947968506680896,1.075437207608676,23,-1.0860495761637947,1.4609724954757908,1.0246697704316965,26,-1.3478593658244014,1.56915070253747,1.2637750559003624,24,-2.310023949081224,1.2425703205537335,1.0350279007993235,23,-1.6825712204822332,2.19244560022377,2.692009543336127,24,8.975596000000085,149,0.4899328859060403,COMPLETE
423,-9999.0,2026-04-28 12:52:28.023156,2026-04-28 12:52:35.470150,0 days 00:00:07.446994,3,42,13,6,49,0.8,11,83,13,4,2.2600000000000002,1.9180450110648806,1.4690075625357402,118,-2.406944808936874,-2.197205283193655,0.9369878468413787,18,0.8333333333333334,1.7395801923692804,-1.461696688582727,1.5297523567709541,1.235160000000013,20,-1.0128066436932575,2.032543782329374,1.7588353690556113,20,-0.7834746274781031,2.8637410856880594,2.2882886268003944,22,-1.3327542000896395,2.3310251190564353,2.047676213062588,20,-2.197205283193655,0.9369878468413787,-0.18698657402209662,18,-1.6820599166585466,1.8142198757030814,1.671071740317931,18,9.123202400000086,118,0.5254237288135594,COMPLETE
424,-9999.0,2026-04-28 12:52:35.475213,2026-04-28 12:52:42.909838,0 days 00:00:07.434625,3,41,14,5,49,0.8,8,82,15,4,2.2,1.9068833482631664,1.7654707879572016,137,-2.4328170859872387,-2.4328170859872387,0.9898874417075418,20,0.8333333333333334,1.734103702010089,-1.46287381509193,2.022664466629623,2.3365940000000363,25,-0.9355444017649299,2.2600892100723553,2.412669704446091,23,-0.4920011382344132,2.011859588406143,1.2497724597602344,20,-1.6798933954102062,1.9315520911947799,2.3380304492832016,24,-2.4328170859872387,0.9898874417075418,-0.044749147582878734,23,-0.833334708664649,2.2252472915685564,2.3005072618365263,22,11.045038000000073,137,0.5182481751824818,COMPLETE
425,0.4730789301525929,2026-04-28 12:52:42.914875,2026-04-28 12:52:50.362934,0 days 00:00:07.448059,3,42,14,5,49,0.8,9,82,15,4,2.3000000000000003,1.8796666754287312,1.6424689438656195,124,-1.674060713103876,-1.674060713103876,1.204795790767677,18,1.0,1.746673313731775,-1.6116282030122224,1.6346448938861455,1.4500430000000009,21,-0.9435125475816242,2.285554499841654,2.280581586347896,21,-0.6036526893839421,2.3898469287076716,1.4254398074918573,18,-1.674060713103876,1.7786472093791175,1.7922321571446798,22,-1.5150447538851375,1.204795790767677,0.7215732049642432,20,-1.5890798490453544,1.9845107299901197,2.1849439072450405,22,10.259590000000118,124,0.5161290322580645,COMPLETE
426,-9999.0,2026-04-28 12:52:50.367935,2026-04-28 12:52:57.860298,0 days 00:00:07.492363,3,40,14,7,51,0.8,10,83,13,4,2.22,2.0078148158788722,1.2029070432098776,113,-2.9163696734232065,-2.029223174221585,0.5949254787954801,14,0.8333333333333334,1.5919717339760875,-1.6367755913321878,1.3281037914481597,0.8126770000000283,20,-1.019651520380709,2.093034109979945,2.0479777558133794,20,-0.9375890965951709,2.931535092283382,1.9846631236666967,19,-2.029223174221585,1.3722793078120066,0.898509714144824,22,-1.584511583169505,0.5949254787954801,-1.3188501828809152,18,-0.6727594067042683,3.727011114954258,2.7924648485152526,14,7.382781400000105,113,0.48672566371681414,COMPLETE
427,-9999.0,2026-04-28 12:52:57.865597,2026-04-28 12:53:05.365974,0 days 00:00:07.500377,3,52,14,6,50,0.8,9,82,15,3,2.22,1.4776159097290797,1.0071082332655763,162,-2.6735386805668613,-2.3703210472479332,0.8155130847792349,21,0.6666666666666666,1.3060700396903908,-2.1778028193663985,1.1159550389061075,0.5279746000000252,33,-1.8852204540813222,0.8944525114728479,-0.30108256055524363,27,-0.8052645524187462,1.2400345658266294,0.45036312107951115,23,-1.4417292683805638,2.4178242641404992,3.8831189032392244,26,-2.3703210472479332,0.8155130847792349,-1.0577270404009909,32,-0.6533096709196842,2.3819159932491587,2.540002376230932,21,6.108230599999942,162,0.4444444444444444,COMPLETE
428,-9999.0,2026-04-28 12:53:05.371114,2026-04-28 12:53:12.820473,0 days 00:00:07.449359,3,53,13,5,50,0.8,9,82,15,5,2.2800000000000002,1.1605149301003281,0.21256245642232718,147,-3.631659620505107,-2.9013940011508437,0.510148514073009,20,0.5,1.0604711690293527,-1.4391417692113708,2.283622928832674,3.08174760000004,26,-2.154844216376515,0.6600992756809309,-1.1399209145732336,25,-1.274517447552592,1.2347224701578214,0.4696582394979387,20,-2.9013940011508437,1.3675367708381705,1.3128078576396973,27,-2.3718933479749476,0.510148514073009,-2.102141640169064,22,-1.5407238364643452,0.9069596210193623,-0.3467764038614152,27,1.1967456000000265,147,0.43537414965986393,COMPLETE
429,-9999.0,2026-04-28 12:53:12.825695,2026-04-28 12:53:20.255445,0 days 00:00:07.429750,3,50,14,5,52,0.9,10,81,14,5,2.2,1.8821479688223521,0.7982659123534797,79,-1.3372231799094014,-1.217298075169382,0.4973842491761124,10,0.8333333333333334,1.6065654304374108,-1.1232118205495416,2.3277584281282695,1.6049280000000499,13,-0.712189598893282,1.258645252579014,0.4209756440160195,16,-0.3346933602262548,2.3376619517413335,0.8823645291615279,10,-0.7460379311236186,3.3638690997752296,2.411247087424684,13,-1.217298075169382,0.4973842491761124,-1.0836510745423134,12,-0.43915819630039277,1.507568831534155,0.5537312880609102,15,4.8499880000000495,79,0.5063291139240507,COMPLETE
430,0.48114073402847796,2026-04-28 12:53:20.260410,2026-04-28 12:53:27.776815,0 days 00:00:07.516405,3,44,14,5,48,0.8,9,82,15,4,2.2,1.9496184989240986,1.750491773395461,130,-1.804583689119595,-1.804583689119595,1.2541993581501796,18,1.0,1.7930902069605137,-1.804583689119595,1.426512592137597,1.1109800000000503,23,-0.946824883684587,2.3583474668920283,2.2733258049719263,22,-0.6108614629358884,1.8987602430640174,1.0669922381065788,18,-1.695015017317067,1.640924348152672,1.5511209359025058,24,-1.7659494043087234,1.2541993581501796,0.9463145364010384,21,-0.8434862246884411,3.1189669851480963,3.554217124990666,22,10.946350000000105,130,0.5230769230769231,COMPLETE
431,-9999.0,2026-04-28 12:53:27.781938,2026-04-28 12:53:35.244469,0 days 00:00:07.462531,2,51,14,6,47,0.8,8,84,13,4,2.2800000000000002,1.626105863318413,1.468083998422413,168,-6.153180988903853,-5.909523475554127,0.5703804491065305,23,0.5,1.4077089095983728,-2.034818502787005,2.994404094240209,6.585921199999989,36,-1.1189872584134124,0.8505994182734146,-0.37396008357623023,26,-1.620042126509242,0.5703804491065305,-1.2280655051091327,23,-1.733524964668557,1.9185050689712408,2.529277821305076,29,-5.909523475554127,0.6367126829567472,-2.534773261943113,29,-1.6143301361454279,2.7860334663623347,3.8301038198578885,25,8.824618800000096,168,0.43452380952380953,COMPLETE
432,0.4628069858221442,2026-04-28 12:53:35.249530,2026-04-28 12:53:42.703840,0 days 00:00:07.454310,3,48,13,5,47,0.8,8,83,14,4,2.3400000000000003,1.6128446891367159,1.551024937528415,155,-2.6657745518805767,-2.391245297034,1.1897557431156494,23,1.0,1.5465439903106752,-1.9021063962923448,1.702684428017107,2.1748856000000316,31,-1.008163758463959,1.2156966603134,0.475158055865732,23,-0.8315595972732218,1.1897557431156494,0.45025881445763805,25,-1.1477587934065174,2.1029439479489795,2.288229788803897,25,-2.391245297034,1.2222905499119185,1.1243678105093302,26,-1.6728424426896975,2.2436968055132414,2.793249555533861,25,9.647818600000102,155,0.4838709677419355,COMPLETE
433,-9999.0,2026-04-28 12:53:42.709075,2026-04-28 12:53:50.199911,0 days 00:00:07.490836,3,46,14,5,48,0.85,8,84,12,4,2.2,2.3610225960523983,1.6695983819249083,106,-1.8349196142534983,-1.6456582658986756,0.9545069468437999,14,0.8333333333333334,1.991786115822185,-1.2947346037172298,2.307782767868573,2.457690000000068,21,-1.2033842495548026,2.1069092314046176,1.6218109153153915,20,-0.49600314963235625,1.9107958741090163,1.1253891687386774,18,-0.7854414034213809,2.7215362370885887,1.7301347042525395,15,-1.6456582658986756,0.9545069468437999,-0.15611768328009923,18,-0.631193980225121,4.164604518999794,3.2386831865228727,14,10.409192000000234,106,0.5471698113207547,COMPLETE
434,-9999.0,2026-04-28 12:53:50.204977,2026-04-28 12:53:57.666631,0 days 00:00:07.461654,3,49,14,5,48,0.8,8,82,15,4,2.2,1.6409404089300832,1.5642869022508445,159,-3.896052831261685,-3.512840225110412,0.9341768297597641,23,0.8333333333333334,1.5287299117923157,-1.762263626810957,1.7744877159103178,2.59884000000008,34,-0.9310587023896831,1.4795953396186505,0.950464937030504,23,-0.7985617639634518,1.0972331674270688,0.21728617892793345,24,-1.4397637885463812,1.9167899962698944,2.48626341098388,27,-3.512840225110412,0.9341768297597641,-0.3454585202359972,25,-0.8532492796833895,2.643359404594803,3.4783254067986658,26,9.699730000000105,159,0.49056603773584906,COMPLETE
435,-9999.0,2026-04-28 12:53:57.671920,2026-04-28 12:54:05.168098,0 days 00:00:07.496178,3,52,14,5,48,0.8,8,81,14,4,2.22,1.403266028941376,1.2751380819192433,160,-3.8589752144675122,-2.7650808438199337,0.586972811423978,22,0.6666666666666666,1.3856752577879794,-1.5906117302688931,2.0590169617507743,3.476413800000011,34,-1.4871104965340969,0.9316694388018685,-0.186597498801222,25,-1.5091958573522593,0.586972811423978,-1.0731162583919596,22,-1.470289641510686,1.585022239137451,2.0159123262145195,28,-2.7650808438199337,1.0594856771833938,0.297082727235054,26,-1.4455608049447748,2.1974290453507908,3.121133395259057,25,7.8073708000000686,160,0.4625,COMPLETE
436,0.5084516901733739,2026-04-28 12:54:05.173297,2026-04-28 12:54:12.633974,0 days 00:00:07.460677,3,42,13,5,50,0.8,8,81,14,4,2.22,2.176700138110155,2.13589624339711,143,-1.9277544506685969,-1.9277544506685969,1.1294642054823936,22,1.0,1.9482313885506588,-1.5493645935327311,2.0761742406875667,2.58196799999999,27,-0.9332860256105644,1.9320031799603912,1.862825833093762,24,-0.5056573577448524,2.590128576778506,2.1942832371466325,25,-1.6419230684037212,1.8158955581241665,1.8508323339070154,23,-1.9277544506685969,1.1294642054823936,0.5060227420878194,22,-0.6116388729621941,3.516535067627906,3.8194453141474405,22,13.4876812000001,143,0.5454545454545454,COMPLETE
437,0.4950599291682802,2026-04-28 12:54:12.641859,2026-04-28 12:54:20.179955,0 days 00:00:07.538096,3,44,13,5,48,0.8,8,81,14,4,2.2,1.993110979673041,1.9177240236729842,148,-2.1241439084274236,-2.1241439084274236,1.2123344754143914,22,1.0,1.794766430417694,-1.771369547568122,1.8700051485731164,2.365718000000072,29,-0.9352796146983342,2.0541342392423303,2.0006424416424196,25,-0.837087977460633,1.7690295791254371,1.4367330567476744,25,-1.671398389458803,1.3880854765058097,0.926794871257397,24,-2.1241439084274236,1.2123344754143914,0.8794855982631189,23,-0.6195177802576733,3.665076959177161,3.8969701741272234,22,12.037890000000196,148,0.5337837837837838,COMPLETE
438,-9999.0,2026-04-28 12:54:20.184992,2026-04-28 12:54:27.648695,0 days 00:00:07.463703,3,50,13,5,48,0.95,11,81,14,4,2.24,2.4124336328562817,0.35503448638911267,44,-1.9385062991980686,-1.5060244016053215,0.09898926064433827,2,0.6666666666666666,1.4759786822798275,-1.0811290802244813,0.2836718613041111,-0.7763635999999852,8,-0.6237848868656575,1.7623624457666929,0.6676227802512313,10,-0.4538517905912385,2.3295782294225473,0.7747902720695032,9,-0.6323764863166683,5.0,2.1524974697095356,9,-1.5060244016053215,0.09898926064433827,-1.3144420352385056,6,0.0,5.0,0.6261020315428967,2,2.110427600000042,44,0.5,COMPLETE
439,0.5020202571253236,2026-04-28 12:54:27.653927,2026-04-28 12:54:35.149252,0 days 00:00:07.495325,3,43,13,5,48,0.8,8,80,13,4,2.22,2.1315479889841886,1.9585553492486583,140,-2.217297798556305,-2.217297798556305,1.1943171547858977,21,1.0,1.8574702300094932,-1.8728370031077994,1.6798603265666359,1.8486761999999768,26,-0.956162651050181,2.1996381479527947,1.9875618177155774,23,-0.5094453582109391,2.5014920814242942,2.072814861800465,23,-1.666333144688887,1.4635218791281344,1.0590181587800673,23,-2.217297798556305,1.1943171547858977,0.8226980440928955,24,-0.6181246097540704,3.7504583440473738,3.960563013102969,21,12.309036600000134,140,0.5357142857142857,COMPLETE
440,0.5043751435949052,2026-04-28 12:54:35.154403,2026-04-28 12:54:42.605947,0 days 00:00:07.451544,3,45,13,6,47,0.8,9,80,13,4,2.22,2.0953013114412995,1.9660088251947023,139,-2.014452454844275,-1.913535574183947,1.2549372784479722,21,1.0,1.9085759015458583,-1.913535574183947,1.2549372784479722,0.7421938000000461,24,-1.015437890623453,2.178119107384245,2.119784689461479,24,-0.9541596958554764,2.682304378443318,2.368589431899104,24,-1.0377240444129596,1.7925209042438148,1.529949799297281,24,-1.5292098251738506,1.3804863117860289,1.289282124864699,21,-0.6178321753612601,3.2834398883424174,3.7462531056456028,22,12.361647600000225,139,0.5251798561151079,COMPLETE
441,-9999.0,2026-04-28 12:54:42.611283,2026-04-28 12:54:50.015765,0 days 00:00:07.404482,3,38,14,6,47,0.8,12,81,15,5,2.3000000000000003,1.5528482946812445,0.7299167982755538,88,-2.027173628667002,-1.8575934643656336,0.23607743263343722,11,0.6666666666666666,1.44374988655959,-1.431688691617962,0.8779674307969939,-0.18674399999997204,12,-0.9446498947975878,1.7705150229952957,1.7255082831883817,21,-0.6124369787286239,2.433251525727398,1.5126732666675524,14,-1.4476351757755106,2.544906020723513,2.5271083087485824,17,-1.8575934643656336,0.23607743263343722,-1.6718423841439178,11,-0.7031146256410195,1.4543723352108289,0.47279731519269674,13,4.40071200000014,88,0.5113636363636364,COMPLETE
442,-9999.0,2026-04-28 12:54:50.021089,2026-04-28 12:54:57.480284,0 days 00:00:07.459195,3,49,13,6,46,0.8,8,80,14,4,2.22,1.6910682491857834,1.636667570048946,168,-3.0855898634586922,-2.7771448220131565,0.8285619656064024,23,0.8333333333333334,1.5478127976569858,-1.7514200824046458,1.9748465363059908,3.329237400000018,36,-0.9244739276412738,1.3963282333114908,0.9240464983824692,27,-1.4252714846058494,1.1477105003684955,0.420906178942837,28,-1.4238613237819429,1.752968258761251,2.0239759092582466,28,-2.7771448220131565,0.8285619656064024,-0.7838738141129009,23,-0.6303961811258835,3.0459940007610693,3.905713247823006,26,10.14529580000021,168,0.5,COMPLETE
443,0.5055942568454903,2026-04-28 12:54:57.485780,2026-04-28 12:55:04.977372,0 days 00:00:07.491592,3,43,13,5,49,0.8,8,80,13,4,2.24,2.1623617036763365,2.0105023848551027,141,-2.2109360941209473,-2.2109360941209473,1.2053945146656293,21,1.0,1.8814077823429556,-1.865731700729853,1.6957893498087715,1.8919904000000543,26,-0.9532360086976024,2.220842820146608,2.021833896769154,23,-0.5073333688959107,2.588601993068182,2.1914017125576057,24,-1.6615227068945149,1.4776737120211298,1.0892552728151372,23,-2.2109360941209473,1.2053945146656293,0.867667642062897,24,-0.6163367021155542,3.785867832347698,4.000865384925767,21,12.652661600000137,141,0.5390070921985816,COMPLETE
444,-9999.0,2026-04-28 12:55:04.982930,2026-04-28 12:55:12.403250,0 days 00:00:07.420320,3,49,11,6,48,0.85,12,81,15,3,2.7800000000000002,1.444077456773929,0.40599189958049525,103,-3.021465108569812,-3.021465108569812,0.4746528655225348,12,0.5,1.1667467121237696,-3.021465108569812,0.7910220881004658,-0.7631329999999825,21,-2.4408824266682374,0.4746528655225348,-1.2653091919961112,18,-0.5725633273253637,1.6047282368537175,0.6843811930813182,12,-1.2059010438497941,3.4196907664453655,4.064222306754783,18,-2.623989980104606,0.651087373025343,-1.3162477311390641,22,-2.0599546301341114,1.7232834106961474,1.032037820782028,12,2.355487400000089,103,0.3592233009708738,COMPLETE
445,0.4623973855055205,2026-04-28 12:55:12.408608,2026-04-28 12:55:19.867233,0 days 00:00:07.458625,3,48,13,5,47,0.8,9,80,13,4,2.2,1.7914929850491497,1.4757807582465141,132,-1.9171691749504882,-1.9171691749504882,1.2033789845104996,18,1.0,1.6543087147952187,-1.9171691749504882,1.2033789845104996,0.6121260000000461,25,-1.2252359967582311,1.6227774359511378,0.9456534096098812,18,-0.6203191447630071,1.7853269745017821,1.1884419027106574,20,-1.178654279961832,1.6384810978573672,1.3291662268521076,24,-1.5838184767915633,1.259295298320046,0.995413869154782,22,-0.6360647785123282,3.2396981191540664,3.7838831411516116,23,9.152804000000136,132,0.5075757575757576,COMPLETE
446,0.48771144235898467,2026-04-28 12:55:19.872276,2026-04-28 12:55:27.327958,0 days 00:00:07.455682,3,47,13,6,46,0.8,9,80,12,4,2.22,1.9132277903489363,1.7439581560442043,139,-1.913535574183947,-1.913535574183947,1.232474650778286,21,1.0,1.7570893881091445,-1.913535574183947,1.3983586601082705,1.1597336000000347,25,-1.1288458821221707,1.9354383913055737,1.6761831409172867,23,-0.9386085497496671,2.0164749448934596,1.6812717074257577,23,-1.1559014490293251,1.6259352914781549,1.2804471830919706,24,-1.4348383181645503,1.232474650778286,0.890691547701028,21,-0.6260499498963189,3.270684803529872,3.7754217571291493,23,10.90192820000022,139,0.5107913669064749,COMPLETE
447,-9999.0,2026-04-28 12:55:27.333232,2026-04-28 12:55:34.826365,0 days 00:00:07.493133,3,37,12,5,45,0.8,8,80,13,4,2.3600000000000003,2.2551175053173513,1.4516345849178915,126,-2.681755228858196,-1.8894379124606218,0.8331924962178585,15,0.8333333333333334,1.6664640513846671,-1.2418563301656007,1.1248873869380858,0.31301400000005586,24,-1.3319621700872155,1.728431174251527,1.8094409963596014,24,-0.40703360119890625,4.729741881407292,3.3984991016989596,21,-1.8894379124606218,1.3089678715238278,0.9308013710970897,23,-1.635937095512869,0.8331924962178585,-0.5172538819232853,19,-0.5917960577669006,3.8054842215655165,2.775305922274929,15,8.973232000000152,126,0.49206349206349204,COMPLETE
448,0.5032971231782403,2026-04-28 12:55:34.831591,2026-04-28 12:55:42.265517,0 days 00:00:07.433926,3,45,13,6,46,0.8,9,80,13,4,2.2,2.0884710061246774,1.9583733296970716,138,-1.9201215951472148,-1.9201215951472148,1.243074523920757,20,1.0,1.9183449773744996,-1.9201215951472148,1.243074523920757,0.7076580000000554,24,-1.0158410974178342,2.157104791327647,2.0826876939190164,24,-0.9549146078966165,2.6562735595045797,2.333586926498721,24,-1.0421362000818586,1.775131327837558,1.4979487972573091,24,-1.3514647576211805,1.4468021371638808,1.4331724224774023,20,-0.6179867440737021,3.252439696993642,3.6951861380299267,22,12.312646000000239,138,0.5289855072463768,COMPLETE
449,-9999.0,2026-04-28 12:55:42.270657,2026-04-28 12:55:49.677661,0 days 00:00:07.407004,3,53,13,6,45,0.8,8,80,14,5,2.3400000000000003,1.1769619029703628,0.2045078167210778,143,-4.866988598362173,-3.3550701908086156,0.30744290032446353,17,0.3333333333333333,1.0556577001653629,-1.435411806721747,2.5559689310521936,3.4295578000000715,24,-1.7952869423827944,0.7518173726052814,-0.7844480990326752,26,-1.2493301512988972,0.8582382925229022,-0.30109900595360894,17,-1.766588670057109,1.6162328724047095,2.20276462618314,29,-3.3550701908086156,0.30744290032446353,-3.223249958754948,21,-1.6845192459258684,0.9720710489126265,-0.09647846211551236,26,1.0949044000000185,143,0.42657342657342656,COMPLETE
450,0.49301681682768445,2026-04-28 12:55:49.683070,2026-04-28 12:55:57.128036,0 days 00:00:07.444966,3,41,13,6,47,0.8,9,80,13,4,2.2,2.0026304652325364,1.7296089427943102,133,-1.935022089176178,-1.88484669959718,1.2605314695053542,20,1.0,1.7835082539178766,-1.752155943174052,1.338252376229612,0.8765100000000636,22,-1.0164857917431243,2.395377540764215,2.6561089395341186,23,-0.9458420742302384,3.326465924468469,2.7060727587709055,23,-1.88484669959718,1.306678531601649,0.7679520858373312,23,-1.5324332231872622,1.2605314695053542,0.8378504169135548,20,-0.61268836502772,2.3884769488259194,2.533159455709888,22,10.8106040000002,133,0.5112781954887218,COMPLETE
451,0.47912901649951894,2026-04-28 12:55:57.133087,2026-04-28 12:56:04.536052,0 days 00:00:07.402965,3,43,13,6,45,0.8,11,80,13,4,2.24,2.0885036447009964,1.669981628467269,119,-1.934648794241842,-1.8272394682539561,1.0935145687930212,18,1.0,1.85666796014339,-1.8272394682539561,1.2775843555787034,0.7677900000000459,22,-1.0175027045645921,2.1900951202919567,1.909603058675824,21,-0.7899018224871334,2.796090354028961,2.088260872933634,20,-1.3423033954479415,2.1817533989686004,1.8273370444773285,19,-1.7233599367274115,1.0935145687930212,0.2871725899442179,19,-0.702680776817939,2.9919840705447376,3.139726204772564,18,10.420166400000097,119,0.5210084033613446,COMPLETE
452,0.5024362165996803,2026-04-28 12:56:04.541123,2026-04-28 12:56:12.007928,0 days 00:00:07.466805,3,44,13,6,47,0.8,8,80,13,4,2.22,2.1268297091685286,2.0029007103555596,148,-2.111408654190569,-2.111408654190569,1.1641188275384977,21,1.0,1.8322505315849766,-1.7755854953943007,1.6214757769778303,1.8092900000000078,28,-1.0072095553752178,2.130600606386337,2.1902999225316355,26,-0.9428766498394329,2.4309154387611485,2.1981716379439797,24,-1.6613489533383,1.453985569415074,1.079967705488727,25,-2.111408654190569,1.1641188275384977,0.7107101953009343,24,-0.6165152908632807,3.959882035932284,4.028964800868073,21,12.599182800000207,148,0.527027027027027,COMPLETE
453,-9999.0,2026-04-28 12:56:12.013033,2026-04-28 12:56:19.436927,0 days 00:00:07.423894,3,43,13,6,44,0.9,8,80,14,4,2.3000000000000003,1.8208934292604606,0.8464817013551266,87,-2.397305361189897,-1.9603583174368837,0.5384026725949028,10,0.8333333333333334,1.5412217280699791,-1.364803351154197,1.362798753030854,0.49227800000004596,14,-1.0266930659735487,2.256717813806746,2.07256820270314,20,-0.6289416499761392,2.080943119882841,1.3167003215372786,18,-1.2581410716946257,2.6150204824761247,1.7753691328671772,12,-1.9603583174368837,0.5384026725949028,-1.4291308731672836,13,-0.6024586450898521,2.0714777337712964,0.8511054241904015,10,5.146472000000157,87,0.5287356321839081,COMPLETE
454,0.4997413505108653,2026-04-28 12:56:19.442163,2026-04-28 12:56:26.912276,0 days 00:00:07.470113,3,44,13,6,45,0.8,8,80,13,4,2.2,2.079148321147225,1.9404537146064456,146,-2.1226674802852195,-2.1226674802852195,1.2045915104184193,21,1.0,1.8158135550111867,-1.778550626777418,1.6060633123574612,1.7644200000000776,28,-1.00768515579711,2.1101270572011095,2.1515850038746898,26,-0.9468365295671357,2.191723447520725,1.832226356188782,23,-1.6702285346215846,1.4398892996224255,1.0510563899177372,25,-2.1226674802852195,1.2045915104184193,0.8522568404672803,23,-0.6186762313283217,3.922495299763208,3.991177697190107,21,12.188744000000273,146,0.5273972602739726,COMPLETE
455,0.49878247619433885,2026-04-28 12:56:26.917417,2026-04-28 12:56:34.349504,0 days 00:00:07.432087,3,42,13,6,44,0.8,9,79,12,4,2.24,2.061838055891655,1.844499377334426,128,-1.742102191717233,-1.742102191717233,1.3516525759577378,19,1.0,1.875405406838678,-1.742102191717233,1.3637068795850862,0.9424700000000508,22,-1.0157557284345582,2.173493248064021,2.2322913239591013,23,-0.9521393406649975,2.8713499871319033,2.1842916087670305,21,-1.6782745969245183,1.3516525759577378,0.8078179520501383,21,-1.3617766597513765,1.362383318249833,1.107443016050591,19,-0.6224642188802251,3.2484423263613493,3.7926823631796447,22,11.555307600000209,128,0.515625,COMPLETE
456,0.49036657950666596,2026-04-28 12:56:34.354596,2026-04-28 12:56:41.818031,0 days 00:00:07.463435,3,47,13,6,45,0.8,9,79,13,4,2.22,1.9368732027171636,1.7930537070198687,141,-1.913535574183947,-1.913535574183947,1.232474650778286,21,1.0,1.7795073955939757,-1.913535574183947,1.3983586601082705,1.1597336000000347,25,-1.1288458821221707,1.9354383913055737,1.6761831409172867,23,-0.9417660493585747,1.9724598971344651,1.608469859362538,23,-1.1524153986014052,1.811822813446513,1.6618986683017312,26,-1.4305508502932192,1.232474650778286,0.8879853129906801,21,-0.6242138306811131,3.270684803529872,3.764051660546941,23,11.22474280000021,141,0.5177304964539007,COMPLETE
457,0.47808782872824995,2026-04-28 12:56:41.823286,2026-04-28 12:56:49.246251,0 days 00:00:07.422965,3,41,12,6,45,0.8,8,79,13,4,2.3000000000000003,1.796403621073215,1.7836226408968017,149,-2.091502967489678,-2.091502967489678,1.1304120821283377,23,1.0,1.6784282733421914,-1.7405346005253577,1.6373746792514188,1.8455630000000278,28,-1.0081789189156793,2.2442874254720726,2.7232938954836916,26,-1.1724028114583749,1.6218031446442653,1.1412044320733727,23,-1.874293498114484,1.5599742270677233,1.5523399361902834,25,-2.091502967489678,1.1304120821283377,0.5476475202835784,24,-0.602988928999656,2.5845701678754724,2.891687061349857,23,11.168388000000151,149,0.4899328859060403,COMPLETE
458,-9999.0,2026-04-28 12:56:49.251330,2026-04-28 12:56:56.700009,0 days 00:00:07.448679,3,38,14,6,43,0.8,10,79,13,4,2.2,1.8547869618422632,0.9599197462843062,102,-2.281677586240732,-2.05466102948501,0.5204680883333219,11,0.6666666666666666,1.517102337259194,-1.4862528388519056,0.5204680883333219,-1.2014719999999257,20,-1.0403631045724355,2.073128662865511,2.0516722678297628,20,-0.9565565872143071,3.687174926920639,2.8172739945381275,20,-2.05466102948501,1.4880739379746726,1.017300914295216,17,-1.1928242392723725,0.779582062057458,-0.5484418273151159,14,-0.6036932420771327,2.580294092901978,1.6231851283577736,11,5.836834000000213,102,0.49019607843137253,COMPLETE
459,-9999.0,2026-04-28 12:56:56.705345,2026-04-28 12:57:04.200292,0 days 00:00:07.494947,3,39,13,6,44,0.8,8,80,14,4,2.22,1.7999857165203743,1.3288463256220462,136,-2.8130494089099334,-1.9977769288113445,0.6783038002529923,17,0.6666666666666666,1.5739950781629393,-1.7588323665509533,0.9873647835787733,-0.035394399999966186,27,-1.0282555957390396,2.0067724654747914,2.3518978401291246,26,-0.9585109776743665,2.423775074398276,2.235137567538459,25,-1.7511087879421814,1.888233337929593,2.0938185962491973,23,-1.9977769288113445,0.6783038002529923,-1.0954679463040073,17,-0.5939107519623213,2.815464837487819,2.42308629611947,18,8.182208000000202,136,0.5073529411764706,COMPLETE
460,-9999.0,2026-04-28 12:57:04.205536,2026-04-28 12:57:11.695474,0 days 00:00:07.489938,3,48,13,6,43,0.8,8,80,14,4,2.3800000000000003,1.5160318850062222,1.2841858817098297,163,-2.681419769025485,-2.378151482020117,0.8878012658138548,25,0.6666666666666666,1.4169959060581436,-2.000183521725894,1.709284011300609,2.4126934000000544,34,-1.164131397118525,1.3374802422980547,0.8355950532983325,27,-1.2699924121982031,0.8878012658138548,-0.30796608615272225,25,-1.145023449884897,2.311157966570663,2.7247522465110086,27,-2.378151482020117,0.9678947086734613,-0.1644946125612501,25,-1.699960046019254,1.8825731153806915,2.204535289163556,25,7.90918220000012,163,0.4662576687116564,COMPLETE
461,0.4878333810123347,2026-04-28 12:57:11.700703,2026-04-28 12:57:19.162582,0 days 00:00:07.461879,3,47,13,6,45,0.8,9,79,13,4,2.2,1.9183600486348735,1.755785564281742,141,-1.9201215951472148,-1.9201215951472148,1.2210604906968703,21,1.0,1.762562370701249,-1.9201215951472148,1.3851419306971553,1.1212560000000593,25,-1.1318393664852584,1.916709789534681,1.6432489723031463,23,-0.9424817592837975,1.953313152094053,1.5779118186259433,23,-1.1569634370893507,1.7942368096324148,1.6275331676946392,26,-1.4338150233177143,1.2210604906968703,0.8455215665056803,21,-0.6254800276541782,3.2396981191540664,3.7192418605609845,23,10.98073800000019,141,0.5177304964539007,COMPLETE
462,-9999.0,2026-04-28 12:57:19.167819,2026-04-28 12:57:26.698938,0 days 00:00:07.531119,3,52,12,6,45,0.8,8,79,13,3,2.3000000000000003,1.2317105256503493,0.5319588008604067,172,-2.5340340611719516,-2.45058007689916,0.6531672135709701,21,0.6666666666666666,1.1457275212503175,-2.45058007689916,1.0799006653043046,0.4160139999999979,39,-1.4455932256712154,1.0600895679662836,0.1612800524027902,28,-1.6303917169936348,0.6531672135709701,-0.892200393992848,26,-1.3082183000631857,2.395330248211977,3.8596995716557725,26,-2.362032521108669,0.780143518670571,-1.2932561805996334,32,-1.8957152928084582,1.4216319401779904,0.9402157556963608,21,3.14989599999993,172,0.4186046511627907,COMPLETE
463,0.507810380593225,2026-04-28 12:57:26.704072,2026-04-28 12:57:34.183950,0 days 00:00:07.479878,3,46,14,6,45,0.8,8,79,13,4,2.22,2.122887294472135,2.1180640192152786,150,-2.102131042915394,-2.102131042915394,1.2158687626934213,22,1.0,1.8994908350990813,-1.7755854953943007,1.7648971586381288,2.2268297999999964,29,-1.0033191560380896,2.1351048067428535,2.3726458159225805,29,-0.9256816415657555,1.8809050144053525,1.501722603154354,23,-1.0278600832153217,1.8531016979164652,1.632800185195249,24,-2.102131042915394,1.2158687626934213,0.8910123684416238,23,-0.6135853475811828,3.887446326436589,4.083373342577867,22,13.367864000000118,150,0.54,COMPLETE
464,-9999.0,2026-04-28 12:57:34.189053,2026-04-28 12:57:41.692112,0 days 00:00:07.503059,3,50,13,6,45,0.95,8,81,15,4,2.3400000000000003,1.902612945277015,0.3293319826006669,56,-2.7576659259938245,-2.23319747901171,0.06848671878771415,5,0.6666666666666666,1.3077825532158174,-1.5751188834500762,0.8817182662538744,-0.16810199999997,12,-0.3854088987146268,1.7848861629785935,0.8370597141206915,12,-0.41467498058242735,1.9375624272563798,0.7041714989338699,11,-0.6266183823268701,5.0,2.368568286076922,9,-2.23319747901171,0.06848671878771415,-2.044772042630716,7,-0.3945650489255356,1.743024096385529,0.27906643910320383,5,1.9392640000001515,56,0.4642857142857143,COMPLETE
465,0.4814459826058261,2026-04-28 12:57:41.697425,2026-04-28 12:57:49.174602,0 days 00:00:07.477177,3,48,14,6,43,0.8,9,79,13,4,2.22,1.8866740019889245,1.5878996743759217,136,-1.9884707810869109,-1.9103756622259538,1.2256792646557977,21,1.0,1.6815490435945473,-1.9103756622259538,1.272444891406873,0.8723304000000542,27,-1.3944486762186021,1.431126801881563,0.8450095250302825,21,-0.9521760271000909,1.9710833510319992,1.483277349427392,21,-1.1675218846572184,1.760976704184276,1.57706837745073,25,-1.59973263465458,1.2256792646557977,0.878256572822389,21,-0.6333243667227799,3.658732998773038,3.871455821524683,21,9.877915200000164,136,0.5073529411764706,COMPLETE
466,0.4712420248372471,2026-04-28 12:57:49.179659,2026-04-28 12:57:56.678059,0 days 00:00:07.498400,3,43,13,6,45,0.8,9,79,12,4,2.2600000000000002,1.7299111081744905,1.5339094606453365,134,-2.0553225055479185,-2.0553225055479185,1.225144953422553,21,1.0,1.6535648820845321,-2.0553225055479185,1.225144953422553,0.6554600000000299,23,-1.0185935935260024,2.3628557084931265,2.4542934879042244,24,-0.95422472876343,1.887483585890093,1.3788951386814796,22,-1.6901290620077238,1.3815680317040953,0.8841028386798788,22,-1.3673783621786126,1.4415540030051188,1.4794793029150988,21,-1.6736539398073687,2.080860366531959,2.3512259956913084,22,9.549164600000125,134,0.5,COMPLETE
467,0.5017092035016747,2026-04-28 12:57:56.683357,2026-04-28 12:58:04.147508,0 days 00:00:07.464151,3,46,13,7,46,0.8,8,79,13,4,2.2800000000000002,1.9338735292908924,2.1807247942559282,158,-2.078847514256836,-2.078847514256836,1.2497005195184105,23,1.0,1.8539874329141275,-1.6431377757013728,2.172239427330942,3.412717200000004,29,-1.2282218131604454,2.112940848189188,2.3912478725585773,30,-0.9117351516579634,1.5433439528677353,1.1113744603896691,25,-1.0096844509584,1.9013377945550265,1.766333991257718,26,-2.078847514256836,1.2497005195184105,1.0212417753259206,23,-1.6119040647289018,2.6236786332840523,3.3814334660036804,25,13.787926000000095,158,0.5253164556962026,COMPLETE
468,-9999.0,2026-04-28 12:58:04.152807,2026-04-28 12:58:11.609027,0 days 00:00:07.456220,3,40,13,7,45,0.9,9,79,13,4,2.2800000000000002,2.3096204187940077,1.0755909776562433,68,-1.3141600398545712,-1.258252129189842,0.44734782763915926,8,0.8333333333333334,2.020332994892399,-1.0671323340798085,0.44734782763915926,-0.6192135999999571,8,-0.443308063051522,5.0,3.1178002431262897,14,-0.6125449475784328,3.376020193918264,1.9656094229732357,17,-1.258252129189842,2.1040135149329697,1.2070298276345204,10,-1.0327044718616654,1.0065063336347915,0.01068016783305481,9,-0.5934020706443135,1.92383464263886,0.7716398043703165,10,6.582321200000085,68,0.5735294117647058,COMPLETE
469,-9999.0,2026-04-28 12:58:11.614182,2026-04-28 12:58:19.060254,0 days 00:00:07.446072,2,46,14,7,45,0.8,9,81,15,4,2.2800000000000002,1.5477448123569573,1.4949347258542136,153,-3.5760096434385367,-3.3642469064882228,0.6719193476649411,17,0.6666666666666666,1.4811197462845953,-2.0582522041717093,2.4915112975421465,4.451743600000024,28,-1.367716180016195,1.8003348664314625,1.9458424818482367,30,-1.1513981377058624,0.6719193476649411,-0.6234456733068661,17,-2.353060935075092,1.1263602384422955,0.4210665029547256,28,-3.3642469064882228,0.8985852182360284,-0.5118393901378915,24,-1.6070149263906695,2.297757905824869,3.2862408337670512,26,9.196281600000056,153,0.45751633986928103,COMPLETE
470,0.46808647003670095,2026-04-28 12:58:19.065306,2026-04-28 12:58:26.518193,0 days 00:00:07.452887,3,42,12,7,46,0.8,10,80,14,4,2.3800000000000003,1.7501812127450933,1.6195908176443268,131,-2.0031101427793816,-2.0031101427793816,1.3001308896003338,18,1.0,1.688474835868333,-1.9250772328937782,1.3001308896003338,0.8690500000000823,24,-1.0162404552971287,2.629831133585417,2.7863313870805984,22,-1.183208071643778,1.6262595903805985,1.1242514872453757,22,-2.0031101427793816,1.4729914303004288,1.1555096676352683,23,-1.1663581498686555,1.5368054164287641,1.551221388043822,18,-1.6662843961335339,1.9350688161750191,2.2311809758608137,22,10.10491040000019,131,0.48091603053435117,COMPLETE
471,-9999.0,2026-04-28 12:58:26.523392,2026-04-28 12:58:34.005123,0 days 00:00:07.481731,2,43,14,5,45,0.8,8,79,13,4,2.24,1.980529425787659,1.7318989399671174,144,-3.7913397501296124,-3.7913397501296124,0.8711806800642277,19,0.6666666666666666,1.6234684807995874,-2.0458624105321124,3.006885861153043,5.251117200000022,28,-1.178875374249951,1.6600462494171544,1.3315358898631668,25,-1.0929871751024325,0.8711806800642277,-0.23241633242691018,19,-2.3434128206016513,1.1420449471978926,0.479602142670843,27,-3.7913397501296124,0.9172224407871972,-0.434923757780703,25,-0.628851325374505,4.285796376106437,3.9964784974762857,20,10.704268000000061,144,0.4791666666666667,COMPLETE
472,-9999.0,2026-04-28 12:58:34.010375,2026-04-28 12:58:41.509777,0 days 00:00:07.499402,2,41,14,6,45,0.8,8,80,14,4,2.24,1.8214642458478114,1.8400798866398933,154,-3.6132764335998746,-3.6132764335998746,0.8144984571909436,19,0.6666666666666666,1.624247171491526,-2.034232736377177,3.267887360164606,5.64395520000005,29,-0.9746974859416396,2.102614963336578,2.507968955709816,28,-1.0854178395194285,0.8144984571909436,-0.32975357680096185,19,-1.956819491811332,1.2119676258992798,0.6988057793812397,27,-3.6132764335998746,0.9059391532371035,-0.5098805346220647,28,-0.7855861716368814,2.6258779152583593,3.0293834961712784,23,11.412312000000103,154,0.474025974025974,COMPLETE
473,-9999.0,2026-04-28 12:58:41.515092,2026-04-28 12:58:48.962999,0 days 00:00:07.447907,3,43,12,7,45,0.85,10,79,13,4,2.2600000000000002,1.9855046780321872,1.2933847338640205,101,-2.116682001235796,-1.6915639112920549,0.7653524491358702,14,0.8333333333333334,1.7424336799769198,-1.6915639112920549,1.2884071898486906,0.7202710000000279,19,-1.017943325803647,2.7939251837799794,2.403482810327251,19,-0.9525847006947826,1.4897248458817118,0.683171923100967,17,-1.456588691437104,2.3313207981373383,1.894105073176866,17,-1.2818575966991843,0.7653524491358702,-0.6052496025550469,14,-0.7299389510444843,3.244297601409532,2.664527199134059,15,7.9745544000001,101,0.5148514851485149,COMPLETE
474,0.49955547942484985,2026-04-28 12:58:48.968200,2026-04-28 12:58:56.452704,0 days 00:00:07.484504,3,43,13,6,46,0.8,9,79,13,4,2.2,2.084522445234911,1.9345097412902543,138,-2.070466232509645,-2.070466232509645,1.1911599021736219,21,1.0,1.876437461583535,-2.070466232509645,1.1911599021736219,0.5565200000000381,23,-1.0196952152975423,2.296024053181839,2.336236377313061,24,-0.9532494621403271,2.926582259974555,2.561106444597616,24,-1.673478406685231,1.5034610303830813,1.1555516038633806,24,-1.3530426019254609,1.4022309187684145,1.3314541429168658,21,-0.618900455681739,3.187676506927954,3.666189879050563,22,12.148510000000279,138,0.5289855072463768,COMPLETE
475,0.49900838144525084,2026-04-28 12:58:56.457829,2026-04-28 12:59:03.957401,0 days 00:00:07.499572,3,44,13,7,46,0.8,8,79,13,4,2.2800000000000002,1.9507900222418584,2.0647980183756243,149,-2.092616199769454,-2.092616199769454,1.2497005195184105,22,1.0,1.826406791387005,-1.6431377757013728,2.0247561210189433,2.983352000000017,28,-0.995712356204249,2.1920212539420274,2.282962395708399,26,-0.9311433738818298,1.9261250170527329,1.6112210504799274,24,-1.646564052634689,1.4587860543103344,1.1120563190418764,26,-2.092616199769454,1.2497005195184105,1.0281454709478721,23,-1.6227765273831785,2.8533511676087002,3.371050874075654,22,13.020245600000102,149,0.5167785234899329,COMPLETE
476,-9999.0,2026-04-28 12:59:03.962497,2026-04-28 12:59:11.465062,0 days 00:00:07.502565,3,40,13,5,46,0.8,8,79,13,4,2.2800000000000002,2.2235493193966573,1.6097548481367945,124,-3.5355625055141187,-2.1232855957132677,0.6257347433246693,17,0.8333333333333334,1.7550435566735652,-1.570493761656348,1.8537093459930662,2.048228000000041,23,-1.2107390437537748,2.2221400914778267,2.149674563677828,21,-0.5034700087216505,2.9175842961936835,2.337187285921094,22,-1.8626845185674326,1.572116952213595,1.4283367308702388,22,-2.1232855957132677,0.6257347433246693,-1.401905496249145,19,-0.5873561830662382,4.150010487177104,3.09700800460071,17,9.989143200000061,124,0.5161290322580645,COMPLETE
477,-9999.0,2026-04-28 12:59:11.470496,2026-04-28 12:59:18.925178,0 days 00:00:07.454682,3,36,12,7,43,0.8,8,79,12,4,2.4800000000000004,2.150021022252633,1.8041200869400473,133,-2.394594611780591,-1.8118878645161132,0.9138168835098284,15,0.8333333333333334,1.8247076043751782,-1.1091162155202032,1.4386590323716462,1.183655600000022,26,-0.6703256882363666,3.308544886569694,3.9001089421006885,24,-0.5935079781210675,4.176578244258924,3.630209263987272,24,-1.8118878645161132,1.5789013890591599,1.6904218909743918,24,-1.4267098123551083,0.9138168835098284,-0.25709928306508756,20,-1.2387965729613757,1.4836256977465425,0.6774241076429988,15,11.251757999999956,133,0.49624060150375937,COMPLETE
478,-9999.0,2026-04-28 12:59:18.930454,2026-04-28 12:59:26.415713,0 days 00:00:07.485259,3,54,12,7,46,0.8,9,80,14,4,2.22,1.2182382121245492,0.7661322088792407,161,-3.2671882123976586,-3.065635504422697,0.714694584455728,23,0.6666666666666666,1.2159579402805867,-1.7078314440761553,1.6584168545551354,2.4004429999999966,33,-1.9934668875867616,0.8292696477676899,-0.47595048001889406,24,-1.838717738983765,0.714694584455728,-0.8470020776804921,24,-3.065635504422697,1.054542302671057,0.25095808691151245,31,-2.1471509861523947,1.078042424155057,0.3206163119337857,23,-1.3124842863460904,1.9744634591426289,2.9477284121295355,26,4.623974800000186,161,0.45962732919254656,COMPLETE
479,0.5069234800900445,2026-04-28 12:59:26.421192,2026-04-28 12:59:33.904358,0 days 00:00:07.483166,3,42,13,6,46,0.8,9,79,13,4,2.22,2.1554198713369743,1.9630851830287082,132,-1.7471287299053642,-1.7471287299053642,1.349889367046534,19,1.0,1.934686767752923,-1.7471287299053642,1.3509796279073434,0.9094900000000239,22,-1.0161206289547147,2.1528781006046476,2.193792675000128,23,-0.9496810821708309,3.3591216491079647,2.7555698771475345,23,-1.665857094233161,1.5015910667107037,1.1466575906019516,23,-1.3513885736856126,1.349889367046534,1.0605004918738725,19,-0.6179645928252441,3.218059416644652,3.71250046354874,22,12.337818600000183,132,0.5303030303030303,COMPLETE
480,0.4756426179711334,2026-04-28 12:59:33.909576,2026-04-28 12:59:41.364569,0 days 00:00:07.454993,3,46,13,7,46,0.8,10,79,13,4,2.3000000000000003,1.7533287513256228,1.6096754871864238,132,-2.0452300761895095,-2.0452300761895095,1.2478016542551762,20,1.0,1.7007667115060614,-2.0452300761895095,1.2478016542551762,0.721420000000017,23,-1.260629858429877,2.1876478057510087,2.2008317595205495,25,-0.9375201693899027,1.534534886724706,1.0050882117742743,22,-1.3556326916062287,1.9144624427585464,1.6728758578161695,22,-1.361838345842786,1.5144238124434404,1.6667470264492001,20,-1.6665242352531708,2.1211019060208596,2.3910900675583324,20,10.043837000000222,132,0.48484848484848486,COMPLETE
481,-9999.0,2026-04-28 12:59:41.369754,2026-04-28 12:59:48.867966,0 days 00:00:07.498212,3,41,13,5,43,0.9,8,80,14,3,2.3000000000000003,1.9186315828839755,0.7234570589159403,73,-2.6535809182334242,-1.738874835660095,0.5145615188580324,9,0.6666666666666666,1.5236342565794236,-1.7203122306313563,0.5145615188580324,-0.8933669999999672,13,-1.738874835660095,0.9206854863893082,-0.17939566164054677,17,-0.6685275093172918,2.4428744238164577,1.14541624060287,13,-0.6750043993572521,3.6317108488683782,2.3067121383468114,10,-1.3262926113920694,1.427810940721126,0.7763983573762401,9,-0.6065391134494938,2.5741462786505505,1.1849782788102337,11,4.387410999999974,73,0.4520547945205479,COMPLETE
482,-9999.0,2026-04-28 12:59:48.873247,2026-04-28 12:59:56.421360,0 days 00:00:07.548113,3,36,13,5,46,0.95,9,79,13,5,2.2,2.680768325642294,0.8510982608500751,21,-1.118817101363061,-0.9522749785591639,0.0,2,0.5,3.8809369124829134,-0.35702826217341926,0.0,-0.25328000000000017,2,-0.45966657966365254,5.0,2.0414185047889166,5,-0.30893395167621684,5.0,2.108580681200034,6,-0.5061776463111332,5.0,1.6540827085038012,3,-0.9522749785591639,0.6705203226316664,-0.27606901992421884,2,-0.47775300925445624,0.4140896312220959,-0.16814330946808287,3,5.179406000000042,21,0.7142857142857143,COMPLETE
483,0.5013141623999885,2026-04-28 12:59:56.426766,2026-04-28 13:00:03.954743,0 days 00:00:07.527977,3,42,13,6,43,0.8,8,79,13,4,2.22,2.08974614904251,2.0539609439243716,142,-1.934018445743008,-1.934018445743008,1.1219529714711736,22,1.0,1.8854532770302275,-1.5557108350698496,1.7627807771418977,1.9765861999999856,26,-1.0055699582842332,1.9875834182741396,2.0142417750399266,25,-0.9446126816725917,2.5775469751881923,2.1757670373755866,23,-1.6472967365873215,1.8705533355350066,1.9839561075341683,24,-1.934018445743008,1.1219529714711736,0.48144582507336775,22,-0.6146021165137844,3.218059416644652,3.6917687185231918,22,12.946088400000178,142,0.528169014084507,COMPLETE
484,0.4809316304758188,2026-04-28 13:00:03.959980,2026-04-28 13:00:11.450763,0 days 00:00:07.490783,3,44,13,7,43,0.8,8,80,14,4,2.3400000000000003,1.8258975875514425,1.9177771233572412,154,-2.124498737313456,-2.09288786934504,1.064196918606366,23,1.0,1.7057491328698953,-1.6229105599677358,2.230771550658147,3.583120600000078,30,-0.9923175629446449,2.146005629098969,2.464656582281055,28,-1.2503924439084475,1.1887300451370637,0.4447731260283527,25,-1.646888619227447,1.5385631881708817,1.2777773125225877,25,-2.09288786934504,1.064196918606366,0.28318491872445506,23,-1.6377277307481692,2.7871181936372285,3.4531502005869186,23,12.015061400000192,154,0.5,COMPLETE
485,-9999.0,2026-04-28 13:00:11.456074,2026-04-28 13:00:18.851173,0 days 00:00:07.395099,3,37,13,5,42,0.8,10,78,12,5,2.2,1.8135491726960653,0.7023846585970013,102,-2.7214331991831058,-2.7214331991831058,0.33479660028030295,13,0.6666666666666666,1.3500223867057977,-1.4013158344962877,0.7554193878659243,-0.4729919999999721,15,-0.6665502980937908,1.7664194484556954,1.6477858954626612,20,-0.46777750936339757,4.795938655513089,3.0949617958425435,16,-1.438552589487272,1.3914669369141133,0.8888677528867239,19,-2.7214331991831058,0.33479660028030295,-2.101957524375908,13,-0.627689869238488,1.8372540071472672,1.1576420317659597,19,4.205890000000112,102,0.5,COMPLETE
486,-9999.0,2026-04-28 13:00:18.856560,2026-04-28 13:00:26.302630,0 days 00:00:07.446070,3,54,14,7,42,0.95,9,79,13,4,2.24,2.407859666090309,0.5197468293462607,49,-1.2279085694141532,-1.2244268451723566,0.4485013964361905,3,0.6666666666666666,1.5854227035574575,-1.0917196625969863,1.8474758369154995,1.3012144000000614,13,-1.2244268451723566,0.841385727258032,-0.25174742623816915,12,-0.7018106678328411,1.3097950359321318,0.2538391570765075,10,-0.6314784659155745,5.0,1.6496707698352875,6,-1.0103817972406928,0.4485013964361905,-0.6002203658570071,5,-0.3474100420804269,5.0,0.7657244412608843,3,3.1395400000001183,49,0.4897959183673469,COMPLETE
487,0.5026459265269367,2026-04-28 13:00:26.308120,2026-04-28 13:00:33.790620,0 days 00:00:07.482500,3,46,12,7,46,0.8,8,80,13,4,2.2,1.9563567775160866,2.103630815658275,161,-2.119916127082549,-2.119916127082549,1.3079685954199218,22,1.0,1.8096196107861369,-1.8740727000574915,1.8946242645138112,2.8767180000000447,31,-1.2366101529722555,1.698332391419898,1.6094875810482634,30,-1.4836097147926108,1.3546004066745334,0.8574997714108745,26,-1.3363899335702207,1.6210018242626842,1.3948569989442605,27,-2.119916127082549,1.3079685954199218,1.182288545645882,22,-0.6128308837223613,3.8616131828056712,4.700933996900325,25,13.248000000000172,161,0.515527950310559,COMPLETE
488,-9999.0,2026-04-28 13:00:33.795959,2026-04-28 13:00:41.264030,0 days 00:00:07.468071,3,42,13,7,45,0.95,9,79,13,4,2.24,2.345309995836967,0.7599631304208524,40,-1.2180522880875895,-1.1615831073893073,0.0,3,0.8333333333333334,2.153306925651652,-0.9305058950237896,0.0,-0.5552999999999919,3,-0.3878356850640348,5.0,2.1730807172227085,9,-0.346981544264825,2.4193054318789287,0.6274765241155,8,-1.1615831073893073,3.336238987450766,1.698814674792648,8,-1.1282278293052055,1.0263900228666036,0.03618304629897651,6,-0.6040557573740242,2.2899255328255035,0.5795238200952735,6,4.6206204000000195,40,0.575,COMPLETE
489,-9999.0,2026-04-28 13:00:41.269442,2026-04-28 13:00:48.749213,0 days 00:00:07.479771,3,50,11,7,46,0.8,8,79,13,4,2.3200000000000003,1.3809354304414019,0.9829579417248916,177,-3.629072718948824,-3.438233951831407,0.5949374724700967,25,0.6666666666666666,1.2625472435787892,-1.654562689937126,1.5538546063361205,2.044399199999991,35,-2.432032727582167,0.5949374724700967,-1.3607712043837261,29,-1.4936190977569679,1.1098040004265517,0.35804511009220885,28,-1.469339124343215,1.8891478264713062,3.1862651228414807,34,-3.438233951831407,0.6987283092109328,-1.7527486029105477,26,-1.731231890482809,2.4391403677334056,3.422558024709943,25,5.912839600000042,177,0.4350282485875706,COMPLETE
490,-9999.0,2026-04-28 13:00:48.754495,2026-04-28 13:00:57.442331,0 days 00:00:08.687836,3,45,12,7,46,0.8,11,78,10,4,2.2600000000000002,1.4804010061723183,0.849302790101064,110,-1.996932597334691,-1.944563902163308,0.5778139357240589,17,0.8333333333333334,1.4014563537129625,-1.944563902163308,0.5778139357240589,-1.1385555999999908,20,-1.0344351958505977,1.8690541788233896,1.1901191684389634,17,-1.0562183874855091,1.4475951311887203,0.7513429889842049,19,-1.4015403648984042,1.8187897200858836,1.4038081413167758,17,-1.4856656102615315,1.2118014831487807,0.618702290228712,17,-1.7448532907272,1.9573515880630767,2.2703997516377195,20,5.171685200000065,110,0.4818181818181818,COMPLETE
491,-9999.0,2026-04-28 13:00:57.450997,2026-04-28 13:01:04.962261,0 days 00:00:07.511264,3,35,12,7,42,0.8,8,79,12,4,2.24,2.412511320395677,2.104809952190438,134,-2.373393097294841,-1.8023740123868401,0.9308252950075662,15,0.8333333333333334,2.0402475747609876,-1.093752706848754,1.6007239459029692,1.4498112000000951,25,-0.7149257685077898,3.501297048121555,4.214662550303427,24,-0.5917086779734652,5.0,4.708399306330935,25,-1.8023740123868401,1.501538461538471,1.362441812260129,23,-1.4949512919463157,0.9308252950075662,-0.20374179363280565,22,-0.8216824523024897,1.9406831718035007,1.0972866378808455,15,13.211986800000064,134,0.5373134328358209,COMPLETE
492,0.5134102414825936,2026-04-28 13:01:04.967565,2026-04-28 13:01:12.415775,0 days 00:00:07.448210,3,44,13,7,42,0.8,8,79,12,4,2.24,2.1967255739692035,2.167920428756998,143,-2.109898135462657,-2.109898135462657,1.22714601496842,22,1.0,1.915137437586187,-1.6519355209094149,1.9876672803715372,2.8753760000000517,28,-0.9968177031536746,2.0726065485666996,2.0564151328108293,25,-0.9374329370529906,2.0622836227123345,1.6170872557963012,22,-1.6601924651132174,1.3106013798011458,0.7363661616712314,23,-2.109898135462657,1.22714601496842,0.9417820525397635,23,-0.6107481020131104,4.520048597395083,4.780495969723808,22,13.672702400000203,143,0.5174825174825175,COMPLETE
493,0.47851928601056265,2026-04-28 13:01:12.423600,2026-04-28 13:01:19.876270,0 days 00:00:07.452670,3,48,13,7,41,0.8,8,78,12,4,2.2,1.8123306749607664,1.8381890649812254,154,-2.385034682279783,-2.385034682279783,1.1170563431121627,22,1.0,1.6873331804659495,-1.75883303314999,1.8449197893335072,2.791446000000075,32,-1.4185526692850845,1.1920244326645584,0.44896731971262316,25,-0.938214480020522,1.4302300778661408,0.8048177143536561,22,-1.1570370549148186,1.9410079273080645,1.934236850210036,25,-2.385034682279783,1.1170563431121627,0.5379483528939355,24,-0.6226472988248626,3.3487454794801645,4.511718152717026,26,11.480478000000161,154,0.5,COMPLETE
494,-9999.0,2026-04-28 13:01:19.881644,2026-04-28 13:01:27.396632,0 days 00:00:07.514988,3,41,12,5,44,0.8,10,79,12,4,2.2,1.5790943762791132,0.8955548397126459,113,-2.545784231505513,-2.319970388748267,0.5597091167342991,17,0.6666666666666666,1.4222342952580627,-1.9663499160607154,0.5597091167342991,-1.1903219999999548,22,-1.25027976877294,2.230842010934118,1.793178599367562,17,-0.7770176114007442,1.7449707258139318,0.9563745671272272,17,-2.319970388748267,0.9583948912416127,-0.11215297711772987,18,-1.2249988184251162,1.4782170899774292,1.4224886148578753,19,-0.6104286735022234,2.5024324229732886,2.503762234040896,20,5.448068000000084,113,0.4690265486725664,COMPLETE
495,-9999.0,2026-04-28 13:01:27.401969,2026-04-28 13:01:34.865885,0 days 00:00:07.463916,3,37,12,6,42,0.8,11,78,11,4,2.2800000000000002,1.6858525147992145,0.705150876152777,100,-3.0129896216110863,-1.9399861563457157,0.2886647904940627,14,0.6666666666666666,1.3738032850187103,-1.2557793006381015,0.7017720056248857,-0.7019779999999698,19,-1.3811453698066922,1.7722944446933087,1.5625624445973374,17,-0.6082349197285217,3.6564726234754357,2.4362198957156744,19,-1.9138278433248186,1.4897086048650916,0.968907542672981,17,-1.9399861563457157,0.2886647904940627,-1.7447262851491452,14,-0.8752950624789103,2.2062026196425033,1.7099196590797838,14,4.2400544000000595,100,0.48,COMPLETE
496,-9999.0,2026-04-28 13:01:34.870995,2026-04-28 13:01:42.357033,0 days 00:00:07.486038,2,39,13,7,42,0.8,8,79,13,3,2.2600000000000002,1.3371907542617196,0.6718059269864315,167,-3.4231150162213653,-3.4231150162213653,0.6659996625556881,23,0.8333333333333334,1.187516937726236,-1.7864856106824831,1.02471576771145,0.10042140000001698,32,-1.7847996201058383,1.16988517215998,0.6225306460098778,32,-1.1617007133727992,1.0602850775409411,0.15603476799475047,29,-1.779830285431364,1.9828603092554007,2.4087987220474005,23,-3.4231150162213653,0.6659996625556881,-1.992794845028456,25,-0.8280121792150955,2.1193985363468584,2.735844870894999,26,4.022080800000083,167,0.41317365269461076,COMPLETE
497,-9999.0,2026-04-28 13:01:42.362391,2026-04-28 13:01:49.850860,0 days 00:00:07.488469,3,38,12,6,46,0.95,12,79,13,4,2.3400000000000003,2.8678785015329002,0.9018439491879748,23,-0.7502240196518066,-0.7502240196518066,0.0,0,0.6666666666666666,5.0,0.0,0.0,0.0,0,-0.3561257080668816,5.0,2.0429813999999658,3,-0.3529530951894767,5.0,1.733825076185025,9,-0.646534339268339,5.0,2.0078359131107115,6,-0.7502240196518066,0.0,-0.5555607629409209,2,-0.2091353071726098,2.207271009197403,0.18198206877306777,3,5.499929600000053,23,0.7391304347826086,COMPLETE
498,-9999.0,2026-04-28 13:01:49.856271,2026-04-28 13:01:57.299618,0 days 00:00:07.443347,2,37,13,6,46,0.95,12,78,10,5,2.22,3.15837527065324,0.6475054442814691,25,-1.051934692496077,-0.7687895985025242,0.0,3,0.8333333333333334,3.159175595972927,-0.4746982923069329,0.0,-0.3758000000000039,3,-0.6380663071717079,3.593508535489623,1.3907825608637125,5,-0.3148448481070127,5.0,1.013654166237199,6,-0.3412611820705178,5.0,1.2747148181873946,3,-0.7687895985025242,1.0183842126733944,0.010466806971720644,3,-0.36369715374857997,4.338358875756426,0.5712143134287917,5,3.93542140000005,25,0.64,COMPLETE
499,-9999.0,2026-04-28 13:01:57.304938,2026-04-28 13:02:04.776140,0 days 00:00:07.471202,3,41,12,5,43,0.9,9,80,14,4,2.2600000000000002,2.208610780034167,0.8707718926546463,71,-1.9789704315242587,-1.472465153606296,0.42623157424816793,9,0.6666666666666666,1.7449325582898092,-1.1529131839683073,0.42623157424816793,-0.6683311999999719,9,-0.4885223146867872,3.4819284113760576,2.1744305981095113,13,-0.19108403661933177,4.171304179691276,1.9392495930228515,14,-1.472465153606296,1.8512035909490032,1.162069399249166,12,-1.3295905203549931,0.7972060420149037,-0.4497343151688482,12,-0.6029199284746459,2.523790881925593,1.0669472807151692,11,5.30298119999999,71,0.5352112676056338,COMPLETE
