number,value,datetime_start,datetime_complete,duration,params_d_period,params_ema_period,params_k_period,params_left_bars,params_max_separation,params_min_close_ratio,params_min_separation,params_overbought,params_oversold,params_right_bars,params_rr_target,user_attrs_avg_profit_factor,user_attrs_avg_quarter_return,user_attrs_full_total_trades,user_attrs_max_drawdown_pct,user_attrs_max_quarter_drawdown_worst,user_attrs_min_profit_factor,user_attrs_min_trades_per_period,user_attrs_positive_ratio,user_attrs_profit_factor,user_attrs_q_2024-Q1_drawdown,user_attrs_q_2024-Q1_pf,user_attrs_q_2024-Q1_return,user_attrs_q_2024-Q1_trades,user_attrs_q_2024-Q2_drawdown,user_attrs_q_2024-Q2_pf,user_attrs_q_2024-Q2_return,user_attrs_q_2024-Q2_trades,user_attrs_q_2024-Q3_drawdown,user_attrs_q_2024-Q3_pf,user_attrs_q_2024-Q3_return,user_attrs_q_2024-Q3_trades,user_attrs_q_2024-Q4_drawdown,user_attrs_q_2024-Q4_pf,user_attrs_q_2024-Q4_return,user_attrs_q_2024-Q4_trades,user_attrs_q_2025-Q1_drawdown,user_attrs_q_2025-Q1_pf,user_attrs_q_2025-Q1_return,user_attrs_q_2025-Q1_trades,user_attrs_q_2025-Q2_drawdown,user_attrs_q_2025-Q2_pf,user_attrs_q_2025-Q2_return,user_attrs_q_2025-Q2_trades,user_attrs_total_return_pct,user_attrs_total_trades,user_attrs_win_rate,state
0,-9999.0,2026-04-28 14:06:18.295413,2026-04-28 14:06:25.681864,0 days 00:00:07.386451,3,40,13,7,33,0.95,10,83,10,4,2.4000000000000004,2.5223224020003925,0.6709077251304096,29,-1.2098428655807891,-1.1559855330210695,0.0,1,0.6666666666666666,2.392626095079152,-0.9286133057263807,0.0,-0.35072000000000436,1,-0.38795666233364856,5.0,2.4091232771576543,6,-0.17504245602273882,4.257131436462086,0.8783247467215816,7,-1.1559855330210695,3.1389995561354245,1.5447687261834542,6,-1.1222345095566226,0.0,-0.9330515027631492,4,-0.33200578909591855,2.737803419404845,0.47700110348292135,5,4.055174000000017,29,0.5862068965517241,COMPLETE
1,-9999.0,2026-04-28 14:06:25.690739,2026-04-28 14:06:33.085614,0 days 00:00:07.394875,2,42,13,5,41,0.95,16,85,15,5,2.66,2.349385165326375,0.5111182655021695,29,-0.7743163730299072,-0.7743163730299072,0.3477445304186332,3,0.6666666666666666,2.1797315543695754,-0.2986451677049048,0.8403363491219209,-0.06000159999999255,4,-0.4539614763585274,3.04612772046082,1.0874737016205671,6,-0.41799336247038243,0.3477445304186332,-0.35795445351226585,5,-0.4446789862730523,3.523885822000825,1.1172620887806906,5,-0.7743163730299072,1.3382165699560522,0.179229402321468,3,-0.3666520643681559,5.0,1.10070045380255,6,3.0947308000000007,29,0.4827586206896552,COMPLETE
2,-9999.0,2026-04-28 14:06:33.090597,2026-04-28 14:06:40.518770,0 days 00:00:07.428173,3,52,12,5,53,0.8,8,87,11,3,2.54,1.1325204184674538,0.074713754126902,132,-3.226335399530301,-3.226335399530301,0.7064172632007497,18,0.5,1.0232472091545517,-2.4865058970444625,0.7998590468980356,-0.8036699999999453,29,-0.8937714169558473,1.1528751520929335,0.24572199394876648,19,-1.4399707755999482,0.8152071113206444,-0.4099596575936393,23,-0.9599138844907306,2.2343727575183747,2.674920179921192,18,-3.226335399530301,0.7064172632007497,-1.446783838676724,25,-1.7266961578482554,1.0863911797739858,0.1880538471617621,18,0.3987895999999713,132,0.38636363636363635,COMPLETE
3,-9999.0,2026-04-28 14:06:40.523609,2026-04-28 14:06:47.861126,0 days 00:00:07.337517,3,53,11,7,40,0.85,13,78,13,5,2.7,1.4052529562018725,-0.009536769649232188,97,-5.744522493914457,-3.6318260302970704,0.20865817973718265,12,0.5,0.982833718573157,-1.1228547750742934,1.5101126463496075,0.7594200000000662,15,-1.630078075457849,0.3652152913110687,-1.5000056570392828,19,-1.3169279183622147,1.6270114476339144,1.2461255777356683,17,-1.0998419526339474,4.370134333271754,4.1769500650138625,17,-3.6318260302970704,0.20865817973718265,-3.5005328567686567,17,-1.5873567181713382,0.3503858389077076,-1.2391777468370502,12,-0.23423699999989278,97,0.38144329896907214,COMPLETE
4,-9999.0,2026-04-28 14:06:47.866073,2026-04-28 14:06:55.212000,0 days 00:00:07.345927,2,33,14,7,43,0.95,15,83,13,4,2.62,1.2776722165054586,0.20525567168215111,14,-1.845341711178929,-1.845341711178929,0.0,0,0.6666666666666666,1.6749847218502079,-0.22063835006340543,0.0,-0.0977900000000087,1,-1.845341711178929,1.471712947046851,0.4807068832611172,5,-0.17044497497490807,1.1060553027650941,0.018110736069432143,2,-0.6773022579194874,3.916698518518522,0.7843662187176692,4,0.0,0.0,0.0,0,-0.39029131189829386,1.1715665307022851,0.04614019204469688,2,1.2348237999999734,14,0.5,COMPLETE
5,-9999.0,2026-04-28 14:06:55.216794,2026-04-28 14:07:02.585630,0 days 00:00:07.368836,2,39,13,5,59,0.8,13,83,13,3,2.4200000000000004,1.254381508865616,0.2070050165726478,86,-2.6088122947887222,-2.6088122947887222,0.696671643852721,12,0.5,1.105534007867173,-1.3562668311551347,0.696671643852721,-0.46114100000002045,12,-2.1271264101609724,1.2075842088536315,0.4527719169455491,16,-0.8708924011830136,0.7976624302747778,-0.3348450147432014,16,-1.532153581411789,1.582903977191537,0.9416859307625147,13,-2.6088122947887222,0.7694095706884472,-0.8419850176782484,17,-0.7636095101299955,2.472057222332581,1.4855432841492933,12,1.2279609999999996,86,0.3953488372093023,COMPLETE
6,-9999.0,2026-04-28 14:07:02.590406,2026-04-28 14:07:09.941382,0 days 00:00:07.350976,2,50,12,7,37,0.85,14,79,12,4,2.58,1.6631551928609325,0.9592413169357289,85,-3.5290606116293985,-2.025095362296618,0.23315348784042325,11,0.6666666666666666,1.4808230156900524,-2.025095362296618,5.0,6.506857000000044,18,-1.826007284264732,0.38017798020495225,-0.9966270997932125,12,-0.9942343159458765,1.674933735826788,0.8693552937502957,12,-1.3436885274566142,1.20807019370513,0.45092406893398884,17,-2.0092726352282875,0.23315348784042325,-2.0092726352282875,11,-1.7659225285822027,1.4825957595883008,0.9342112739515462,15,5.673019200000029,85,0.36470588235294116,COMPLETE
7,-9999.0,2026-04-28 14:07:09.946480,2026-04-28 14:07:17.306680,0 days 00:00:07.360200,2,58,10,5,59,0.95,16,78,11,4,2.4400000000000004,1.1855928000880225,0.2551115736366775,47,-2.617604672082664,-2.05188396879603,0.3926342099885152,5,0.3333333333333333,1.2316448515427956,-2.05188396879603,3.5462882405547873,3.0180136000000024,12,-0.43182233461418396,0.7869630478685986,-0.15154825311052278,8,-0.6560688848771713,0.3926342099885152,-0.37561393630836104,5,-1.1067490977818375,0.6317192178967677,-0.4080447382520558,6,-1.285945116267494,0.5353235715329443,-0.7789198433485245,8,-0.847923655878403,1.2206285126865208,0.22678261283952672,8,1.4920824000000499,47,0.3617021276595745,COMPLETE
8,-9999.0,2026-04-28 14:07:17.311428,2026-04-28 14:07:24.654541,0 days 00:00:07.343113,2,31,14,6,37,0.85,16,86,14,5,2.4400000000000004,1.636772807062229,0.6481843203812306,44,-1.2578296668028843,-0.9593768758855573,0.5123187823243845,4,0.6666666666666666,1.8375171835457087,-0.90346852737425,0.6671933249129324,-0.17390479999999098,4,-0.7265100563713245,3.5102840727736733,2.9937999618359967,12,-0.589135478240866,1.4998901774546047,0.2293283214217512,6,-0.5384644074346672,2.23601358297763,0.770007147565499,6,-0.9593768758855573,0.5123187823243845,-0.35050278510161403,6,-0.7855523430414919,1.3949369019301485,0.42037807656574167,10,3.914999199999958,44,0.4772727272727273,COMPLETE
9,-9999.0,2026-04-28 14:07:24.659436,2026-04-28 14:07:31.999874,0 days 00:00:07.340438,2,47,12,6,48,0.8,14,88,11,5,2.56,1.6492705257517857,0.792731742984711,105,-3.935267715448307,-2.576668723365458,0.22767708829607886,13,0.6666666666666666,1.3744877857079492,-2.0410314196854715,4.030991833310666,4.227294000000037,18,-0.8317927555246413,0.7319605241416747,-0.5136086522595007,18,-0.6366962189174574,1.8093604276584812,0.8965160636116742,13,-1.2646668954919555,1.5847766050884668,1.5527701487171086,21,-2.576668723365458,0.22767708829607886,-2.3954805706526194,17,-0.9377471294316956,1.5108566760153448,0.9888994684915664,18,4.7265152000000255,105,0.4095238095238095,COMPLETE
10,-9999.0,2026-04-28 14:07:32.004792,2026-04-28 14:07:39.342855,0 days 00:00:07.338063,2,37,12,7,37,0.85,13,85,12,4,2.72,1.7610005720690947,0.6145070493023597,73,-2.3343779074988906,-2.331676917791213,0.544915178625254,10,0.8333333333333334,1.4255480194835164,-1.1133238012333848,1.0213525333741063,0.02236080000002083,11,-1.5638942536234455,2.4237944204479835,2.2772343921720894,15,-0.44588329043645253,2.4988189759733612,1.075060877455014,11,-0.9883843618964596,1.6105376066755133,0.7783772093040264,10,-2.331676917791213,0.544915178625254,-1.4488508746637097,16,-0.6300224861542774,2.4665847173183493,0.9828598915467168,10,3.7043104000001437,73,0.4520547945205479,COMPLETE
11,-9999.0,2026-04-28 14:07:39.347493,2026-04-28 14:07:46.700915,0 days 00:00:07.353422,3,34,11,6,50,0.9,12,83,14,5,2.8,2.964120021460643,1.0667248092100883,49,-2.1159901426032635,-2.1159901426032635,0.39990753660708145,5,0.8333333333333334,2.0770831817189426,-0.6555241101950848,1.3902033051956,0.19692000000002263,5,-1.6300791619985138,2.7823993419397226,2.8978755035584225,12,-0.5958727293885024,3.734597225780431,2.174113565421809,12,-0.5216572910818196,4.477612719241024,1.7711582986102758,6,-2.1159901426032635,0.39990753660708145,-1.3318172993349142,9,-0.3549300721615987,5.0,0.6920987870049133,5,6.512088000000005,49,0.5306122448979592,COMPLETE
12,-9999.0,2026-04-28 14:07:46.705806,2026-04-28 14:07:54.054636,0 days 00:00:07.348830,3,31,11,7,47,0.9,16,90,10,4,2.6,2.716119613223057,0.6362776476155833,17,-0.8878322118772711,-0.8878322118772711,0.0,0,0.8333333333333334,4.052729067150841,0.0,0.0,0.0,0,-0.8878322118772711,5.0,1.7823499999999548,3,-0.6124517090899562,1.4576330678960154,0.17164665582980465,4,-0.6316537130309697,3.476476928089881,0.9690746661025873,4,-0.12516380576303107,1.3626076833524492,0.045385357647309554,2,-0.10685772933405786,5.0,0.8492092061138434,4,3.8664339999999298,17,0.6470588235294118,COMPLETE
13,-9999.0,2026-04-28 14:07:54.059215,2026-04-28 14:08:01.442160,0 days 00:00:07.382945,2,41,14,6,43,0.8,8,84,10,5,2.62,1.6167950684730954,0.9780686878640181,112,-3.4057445577462633,-2.795920814937096,0.09571143657076985,11,0.8333333333333334,1.4393325742327199,-2.0408286233963175,3.155486374363461,4.338455200000002,20,-1.0733995663478513,1.5597879540864346,1.384001514333355,23,-0.4476513364128712,1.8729192909788634,0.6773670439121249,11,-1.416394824712336,1.1701248144278875,0.435787039906832,21,-2.795920814937096,0.09571143657076985,-2.6663131293208298,15,-1.3410443832634087,1.8467405404111572,1.699114458352624,22,5.880141400000061,112,0.4107142857142857,COMPLETE
14,-9999.0,2026-04-28 14:08:01.446987,2026-04-28 14:08:08.796408,0 days 00:00:07.349421,3,56,12,5,58,0.95,18,88,12,4,2.22,1.4495041085871094,-0.1334014877497606,20,-1.289660948972681,-0.8977652012696066,0.15444640018170838,1,0.3333333333333333,0.6704897643369143,-0.8977652012696066,0.41849749025312594,-0.4877236000000007,6,-0.7025003463686257,0.15444640018170838,-0.5985950895200043,6,-0.1787338714485901,1.4005750712057594,0.05971576006682522,2,-0.7399347263111801,0.9814773189396861,-0.010124104277853263,3,-0.32586331438061,0.7420283709423772,-0.051635694216234373,2,0.0,5.0,0.28795380144870375,1,-0.8006242000000219,20,0.3,COMPLETE
15,-9999.0,2026-04-28 14:08:08.801049,2026-04-28 14:08:16.126052,0 days 00:00:07.325003,2,53,12,7,58,0.8,17,88,14,5,2.3600000000000003,1.9951045651925492,1.5413721138096026,115,-2.741286521480416,-2.0349339587969206,0.5906299788881093,14,0.6666666666666666,1.7012470392133152,-2.0349339587969206,5.0,6.7213616000000975,22,-1.0224769843291415,0.8004853744185658,-0.4067339410706916,18,-1.2086155967973498,1.3071050583080703,0.38974067506938326,14,-1.2503468403259896,2.8568440110700166,3.364110947592902,20,-1.855239026601392,0.5906299788881093,-1.5823076569690286,23,-0.763958976058137,1.4155629684705338,0.762061058234953,18,9.373134400000115,115,0.4608695652173913,COMPLETE
16,-9999.0,2026-04-28 14:08:16.130758,2026-04-28 14:08:23.432071,0 days 00:00:07.301313,2,38,10,5,39,0.85,17,89,11,4,2.3400000000000003,2.1772028120064477,0.575232138990254,51,-1.1020617120025016,-1.043458733496465,0.9312045288013735,7,0.8333333333333334,1.8412576022891893,-0.3066739999015176,5.0,1.2191428000000393,9,-0.8493666289062767,2.6906993639922456,1.365666376696506,10,-0.45322789162727484,1.5192469685513106,0.3614332632889017,8,-1.043458733496465,1.1317358583816295,0.11389646184285507,7,-0.6151975670567753,0.9312045288013735,-0.056466038707025934,9,-0.42050544949392593,1.7903301523121289,0.4477199708202484,8,3.492657600000082,51,0.5490196078431373,COMPLETE
17,-9999.0,2026-04-28 14:08:23.436996,2026-04-28 14:08:30.813482,0 days 00:00:07.376486,2,50,13,7,53,0.8,12,79,12,5,2.5,1.5341745902784816,1.2286617972232552,131,-2.3097719756855097,-2.045840702844121,0.6024995417333963,18,0.6666666666666666,1.463564211091679,-2.045840702844121,2.930821027130074,5.419525000000025,25,-1.9037883092450414,0.6024995417333963,-1.09022024145905,23,-0.9043360018385913,1.2984596085024136,0.4495003463117486,18,-1.4197488435104402,2.137291739785696,2.629729360858879,22,-1.7056004782815302,0.6979042502520584,-1.1623658468276843,23,-0.7775629749761603,1.5380713742672523,1.1258021644556138,20,7.439894999999996,131,0.4351145038167939,COMPLETE
18,-9999.0,2026-04-28 14:08:30.818171,2026-04-28 14:08:38.166369,0 days 00:00:07.348198,2,31,14,5,39,0.85,14,90,11,3,2.22,2.9961891362459245,1.0853710010324202,36,-1.110750268286369,-0.7830950375231966,1.4323122628677434,3,1.0,3.2700546205577843,-0.45337507132139526,1.4323122628677434,0.12077939999999288,3,-0.7232562768719247,5.0,3.6146961916279086,10,-0.1704262406245319,5.0,0.6771300114981837,5,-0.7830950375231966,2.2784239739092937,0.9946003197268016,7,-0.6171012442145747,2.0012284415069383,0.6951100719879921,7,-0.3574234822614695,2.2651701391915724,0.40991001135364247,4,6.649670999999935,36,0.6111111111111112,COMPLETE
19,-9999.0,2026-04-28 14:08:38.171149,2026-04-28 14:08:45.515736,0 days 00:00:07.344587,2,60,14,6,44,0.9,10,81,11,5,2.7,2.1386833520518125,1.3614518721815372,86,-2.095974924030287,-2.0497054225963254,0.50589059301031,5,0.6666666666666666,1.795976339560213,-2.0497054225963254,5.0,5.7120499999999685,15,-1.7173750786752933,0.50589059301031,-1.4314498678248855,21,-0.49936552405077983,1.2373107840067052,0.1090799143771859,5,-0.9364154273177999,3.467837182809993,3.0944106935607563,17,-0.5823734751662178,1.7872325450450022,1.0920784414021112,13,-1.4726713272040348,0.833829007438862,-0.40745794842591554,15,8.271809999999991,86,0.4186046511627907,COMPLETE
20,-9999.0,2026-04-28 14:08:45.520316,2026-04-28 14:08:52.846715,0 days 00:00:07.326399,3,59,12,5,41,0.9,14,80,13,5,2.7600000000000002,2.253427290716679,0.7919326102560834,65,-2.7802113130580386,-2.382040641871704,0.3477775707964056,8,0.5,1.5953716248030239,-0.9555708975130748,5.0,2.7800064000000235,8,-0.8252112197059236,0.7700001257150143,-0.35600970735100157,15,-0.8029518126009586,1.470754190658989,0.5388336197411636,9,-0.9385883914143094,5.0,3.6055157236789093,12,-2.382040641871704,0.3477775707964056,-1.739487747670898,11,-0.5992315005969931,0.9320318571296634,-0.07726262686169605,10,4.741747999999979,65,0.46153846153846156,COMPLETE
21,-9999.0,2026-04-28 14:08:52.851617,2026-04-28 14:09:00.230470,0 days 00:00:07.378853,3,52,14,7,53,0.8,11,82,15,3,2.4800000000000004,1.3364777951789737,0.37022994540988524,130,-3.160090980912083,-3.01444641404485,0.6662068198940386,15,0.6666666666666666,1.117240165559757,-2.368472384021697,1.2143627749127301,0.8388143999999986,27,-2.5910077270992162,0.6662068198940386,-1.0720832116407508,23,-0.8178955891336906,1.358597057636551,0.48990084161728564,15,-1.4583339498202244,2.7232366378353774,3.1003886178418982,20,-3.01444641404485,0.6839926711888208,-1.8773568039361477,30,-1.836696510574007,1.3724708096063245,0.7417158285770276,15,2.166354399999948,130,0.38461538461538464,COMPLETE
22,-9999.0,2026-04-28 14:09:00.235198,2026-04-28 14:09:07.578444,0 days 00:00:07.343246,3,37,10,6,52,0.8,13,85,11,3,2.46,1.6905185904768867,0.5538164981739591,75,-2.13652039726248,-2.13652039726248,0.18158085113074948,8,0.5,1.378680700017258,-1.481777416107778,0.18158085113074948,-1.0408000000000195,8,-2.13652039726248,1.8789516811746274,1.3744211755956526,16,-0.4161079257002356,3.655221960111495,1.481026841369193,13,-0.9526335389074483,2.6030827866940034,1.8219907514588796,11,-1.214539692260617,0.9718263516394727,-0.06946848726672172,15,-1.1589534664089494,0.8524479121109719,-0.2442712921132295,12,3.3349046000000104,75,0.4533333333333333,COMPLETE
23,-9999.0,2026-04-28 14:09:07.583293,2026-04-28 14:09:14.962248,0 days 00:00:07.378955,2,48,11,5,43,0.95,13,83,15,3,2.6,1.3632615785417068,-0.18668314772047334,43,-2.701337216926246,-2.1670463699545235,0.28303302436715644,4,0.3333333333333333,0.8259413219892277,-1.3494962642322998,0.28303302436715644,-0.6211300000000031,5,-2.1670463699545235,0.49227884431407853,-0.8010314466243562,9,-0.881527765738107,0.669213032999805,-0.3216138666928603,9,-0.5253730553481624,3.1377432083086796,0.9593392644464904,5,-1.333174124901057,0.633923563884268,-0.8789956017863809,11,-0.3300828454128452,2.9633777973762534,0.54333276433427,4,-1.129283999999997,43,0.3488372093023256,COMPLETE
24,-9999.0,2026-04-28 14:09:14.966935,2026-04-28 14:09:22.344756,0 days 00:00:07.377821,2,58,12,7,41,0.9,10,77,10,5,2.72,2.308017089735134,1.2359692971629943,89,-2.108969935948458,-2.043999706578522,0.6587837902676181,7,0.6666666666666666,1.704724601291204,-2.043999706578522,3.6214126932406416,3.6203020000000086,14,-0.6922734536294984,0.9749800966801939,-0.049799893461022204,19,-0.36698129657060236,4.483511023703524,1.2997826663830647,7,-0.9297037393765859,2.8104775197238725,2.955008839776707,18,-1.138189476414897,1.2989374147949566,0.5724791609434288,14,-1.556604085092986,0.6587837902676181,-0.9819569906642234,17,7.566740799999927,89,0.43820224719101125,COMPLETE
25,-9999.0,2026-04-28 14:09:22.349514,2026-04-28 14:09:29.705410,0 days 00:00:07.355896,3,58,14,6,46,0.95,14,86,13,3,2.24,2.563747865398463,0.492387337726391,31,-1.3080567340441884,-1.3080567340441884,0.3649604394703566,1,0.6666666666666666,2.044473295957518,-1.3080567340441884,1.9910132461723964,1.0945444000000082,8,-0.8831837386922534,0.3649604394703566,-0.6129122037964008,9,-0.17778500448266615,0.5822531903233917,-0.05310658429801274,2,-0.8221707756848489,5.0,1.7256652029385533,6,-0.4107641321150512,2.4442603164246313,0.5200804419150273,5,0.0,5.0,0.2800527695991706,1,2.973364799999989,31,0.45161290322580644,COMPLETE
26,-9999.0,2026-04-28 14:09:29.710156,2026-04-28 14:09:37.170967,0 days 00:00:07.460811,3,33,12,5,55,0.95,10,84,13,3,2.8,1.98311996446051,0.3570458751572969,20,-2.0550604958439527,-2.0550604958439527,0.0,0,0.6666666666666666,1.9941359035255963,0.0,0.0,0.0,0,-2.0550604958439527,1.4213883133629994,0.29083800000000437,3,-0.22432631974183653,5.0,0.8372350024635322,4,-1.0622698392542231,3.564564506825666,1.055135607545865,3,-0.5508336127092722,1.0210862083438166,0.009831936124671259,4,-0.4543274578262481,0.8916807582305764,-0.05076529519029149,6,2.1557340000000647,20,0.5,COMPLETE
27,-9999.0,2026-04-28 14:09:37.175746,2026-04-28 14:09:44.512983,0 days 00:00:07.337237,3,55,13,7,44,0.85,14,86,15,4,2.66,1.45143615141023,0.4271709332287099,87,-3.027756163518489,-1.8554560516143928,0.18260732104924893,10,0.3333333333333333,1.2033037883186593,-1.2668573445771152,4.116975080918803,3.99642960000004,16,-1.101231091541688,0.6949647339975485,-0.5302193566844804,16,-1.8554560516143928,0.2105293647893222,-1.6915327516335732,13,-1.5469857942592742,3.07689056049708,3.838976925698767,18,-1.817865979221018,0.18260732104924893,-1.723603584993727,10,-1.8213042063693052,0.4266498472093776,-1.327025233014767,14,2.4019814000000084,87,0.40229885057471265,COMPLETE
28,-9999.0,2026-04-28 14:09:44.517692,2026-04-28 14:09:51.906376,0 days 00:00:07.388684,3,41,11,7,54,0.95,14,86,12,3,2.2600000000000002,1.822882070321765,0.35071710310332443,24,-2.0607869042182476,-2.0607869042182476,0.0,0,0.6666666666666666,1.7489645060742316,0.0,0.0,0.0,0,-2.0607869042182476,0.7593357130059817,-0.3492471999999691,8,-0.32715576562618814,1.085204404229768,0.023529576386716045,3,-0.5249267514690559,5.0,1.7230811950874392,3,-0.598698041202534,1.373863512114553,0.31700257783313646,5,-0.28622264738074876,2.718888792580287,0.38993646931262393,5,2.109698200000021,24,0.5,COMPLETE
29,-9999.0,2026-04-28 14:09:51.911185,2026-04-28 14:09:59.278737,0 days 00:00:07.367552,3,36,13,6,51,0.9,16,89,15,4,2.2600000000000002,1.775666917279248,0.4050051553350568,31,-1.4817109458313045,-1.0472925668977708,0.0,3,0.5,1.7212138514501152,-1.0472925668977708,0.0,-0.5666099999999896,3,-0.3836813230731116,5.0,2.6161678687612433,9,-0.6111227745351562,1.5181268303264346,0.2809017945559322,7,-0.6302853251649873,3.1271398852043792,0.8294114425489774,4,-0.8259169220030895,0.18413375725803607,-0.644191811355832,4,-0.6152976812435998,0.8246010308866375,-0.08564836249999042,4,2.417609800000009,31,0.4838709677419355,COMPLETE
30,-9999.0,2026-04-28 14:09:59.283436,2026-04-28 14:10:06.642112,0 days 00:00:07.358676,2,42,14,5,36,0.95,16,86,15,5,2.64,2.1598637211528735,0.3181345830955566,25,-1.044799194336737,-0.7797744153332278,0.0,2,0.6666666666666666,1.7381572926192121,-0.24310529406132217,2.2376685714286784,0.17327360000001235,2,-0.702546570468301,2.0488351732499295,0.8203932750382004,7,-0.35702570594182165,0.44328008717222617,-0.2377640376420742,4,-0.44434213392805855,3.496378079978503,1.1041005005268278,5,-0.7797744153332278,0.0,-0.6031370524580804,3,-0.37088742651679774,4.733020415087904,0.6519412131084534,4,1.9131043999999875,25,0.44,COMPLETE
31,-9999.0,2026-04-28 14:10:06.646891,2026-04-28 14:10:14.036958,0 days 00:00:07.390067,3,43,14,7,30,0.95,9,81,10,4,2.46,2.33976909150436,0.4448096994415507,32,-1.7060059400922905,-1.5624319240644013,0.0,4,0.6666666666666666,1.6900795539574267,-1.0766644113297732,0.39050952936600614,-0.3604099999999999,4,-0.38698247356377224,5.0,2.2591122665197583,8,-0.17531614895925055,4.399414389728225,0.426150566988448,4,-1.2852570318765346,2.747223968971602,1.4880422782177716,7,-1.5624319240644013,0.0,-1.3728412613787766,5,-0.6142365653283303,1.5014666609603275,0.22880434630210278,4,2.656088599999995,32,0.5,COMPLETE
32,-9999.0,2026-04-28 14:10:14.041902,2026-04-28 14:10:21.481655,0 days 00:00:07.439753,3,55,10,5,30,0.8,9,78,11,3,2.54,1.2589573548267423,0.5473619804636195,136,-2.7223018233268412,-2.282965765523861,0.7061424343582393,20,0.5,1.1919317108497214,-2.282965765523861,0.7061424343582393,-1.0862680000000013,27,-0.9172386963323768,1.135803884309757,0.2225391718108538,20,-1.1561591624415222,0.8498097056225128,-0.29839634863463305,21,-1.0192663490612126,2.7024373250122817,4.029589133301514,20,-2.0549433704907516,0.9988129256503658,-0.00531448843196225,26,-1.6793784548668054,1.160737854007297,0.42202241473594526,22,3.2492484000000488,136,0.4264705882352941,COMPLETE
33,-9999.0,2026-04-28 14:10:21.486358,2026-04-28 14:10:28.859568,0 days 00:00:07.373210,3,49,11,7,35,0.85,13,83,13,5,2.64,1.5649666670502238,0.12404969588842103,84,-4.919969964839876,-3.415258057781135,0.14055928310892227,11,0.5,1.0528652150682534,-1.1299286378614488,1.1060437420876073,0.12145720000005245,11,-1.7570579905735801,0.2556025375823018,-1.6138067155498592,17,-0.6828298922353754,3.522514925444373,2.6808047223228826,15,-1.100451551341958,3.791777486932008,3.4374988889870783,16,-3.415258057781135,0.14055928310892227,-3.283596083746654,14,-0.7496602471654868,0.5733020271461305,-0.5980598366829737,11,0.5827708000000431,84,0.40476190476190477,COMPLETE
34,-9999.0,2026-04-28 14:10:28.864364,2026-04-28 14:10:36.353436,0 days 00:00:07.489072,2,59,12,5,33,0.95,8,76,11,3,2.5,0.9441790074087847,-0.2445396607711777,70,-3.438297659303625,-2.1364339468792584,0.16202149093350993,8,0.5,0.8660706387419088,-0.9927666292156525,0.506528153702794,-0.8897100000000102,13,-1.200501479720232,1.4460668864813928,0.907726130152553,18,-1.5547423428100173,1.0049659272147493,0.00616438725991042,11,-1.2291754949653222,1.7656366517524453,0.821242738856931,8,-2.088223435038598,0.7798549343678159,-0.6438181517427477,12,-2.1364339468792584,0.16202149093350993,-1.6688430691537026,8,-1.4837149999999633,70,0.34285714285714286,COMPLETE
35,-9999.0,2026-04-28 14:10:36.358450,2026-04-28 14:10:43.776432,0 days 00:00:07.417982,3,46,12,6,28,0.8,8,76,11,3,2.54,1.293950725617296,0.4972711408870771,142,-2.5012186240656273,-2.5012186240656273,0.5409563364565106,18,0.8333333333333334,1.1689323909111675,-2.5012186240656273,0.5409563364565106,-1.9087769999999726,31,-1.6422414005382853,1.2974404269908775,0.8180950093771955,28,-0.6337472959950846,1.6575398955510112,1.0057876041255742,20,-1.2709468424765038,1.7699150445054344,1.4824787948521934,19,-2.040803587569462,1.1727002360653331,0.8732531333674132,26,-1.898181988063869,1.3251524141346092,0.7127893036000588,18,2.98325480000019,142,0.4154929577464789,COMPLETE
36,-9999.0,2026-04-28 14:10:43.781129,2026-04-28 14:10:51.157011,0 days 00:00:07.375882,3,57,11,6,37,0.85,12,81,12,3,2.68,1.1378633606101125,0.008143824566684646,84,-3.1924191049407726,-2.531840027645558,0.4384773526909347,9,0.5,1.0007213828036219,-1.755586329477117,0.8644718036534997,-0.2880828000000335,14,-1.2294423166283444,0.4384773526909347,-0.7346620349608313,11,-0.7085708145507329,1.1131724794547788,0.09127033091809178,9,-1.2227580801185858,2.491287321946341,2.144181497476172,14,-2.531840027645558,0.6589339374701746,-1.617137471253094,24,-1.9575055871419242,1.2608372684449458,0.45329342521980287,12,0.008787200000015538,84,0.36904761904761907,COMPLETE
37,-9999.0,2026-04-28 14:10:51.162013,2026-04-28 14:10:58.596756,0 days 00:00:07.434743,3,55,12,5,35,0.8,9,85,11,4,2.52,1.0749135925546949,0.09749038585722032,130,-3.2469855181161584,-2.5270244281244603,0.6069454366521271,16,0.5,1.0298120043172267,-1.6081606515944598,0.9706756832182255,-0.09982320000002654,27,-1.2413146600405687,1.6360553572983025,0.9509424611949147,16,-1.5463491820336386,0.6327621464690141,-0.946969548985388,21,-1.699162897140831,1.2515578633019016,0.7488075276880224,19,-2.5270244281244603,0.6069454366521271,-1.5317983022235526,19,-1.827124286994365,1.3514850683885986,1.463783377469352,28,0.5521532000000606,130,0.43846153846153846,COMPLETE
38,-9999.0,2026-04-28 14:10:58.601588,2026-04-28 14:11:06.073806,0 days 00:00:07.472218,3,31,13,6,40,0.95,11,75,10,4,2.3800000000000003,2.2867377150109136,0.5428117125026222,11,-0.7269985672350604,-0.7269985672350604,0.0,0,0.5,3.2816163033886334,0.0,0.0,0.0,0,-0.7252514252094097,3.148842199624516,0.767072199999963,2,-0.36014414763605146,5.0,0.9500647176687638,4,-0.34036107081854766,5.0,1.9009300938331641,2,0.0,0.0,0.0,0,-0.7269985672350604,0.571584090440966,-0.3611967364861579,3,3.2837249999999596,11,0.6363636363636364,COMPLETE
39,-9999.0,2026-04-28 14:11:06.078551,2026-04-28 14:11:13.424485,0 days 00:00:07.345934,3,48,12,5,41,0.95,17,87,15,5,2.4800000000000004,2.1706886335698847,0.21126136651091199,26,-0.7986291781290197,-0.7986291781290197,0.3620163025757363,3,0.8333333333333334,1.5519012216860142,-0.392989066292151,1.00910787453094,0.0026452000000176668,3,-0.7986291781290197,1.0011398836552967,0.0009287754320519426,7,-0.7611681778230591,1.0984595161871487,0.046438740279430846,4,-0.4492521878866014,4.553408224470187,0.6987125431138441,4,-0.7859156643900411,0.3620163025757363,-0.2913221743440553,3,-0.13237981501314727,5.0,0.8101651145841826,5,1.2694280000000058,26,0.46153846153846156,COMPLETE
40,-9999.0,2026-04-28 14:11:13.429256,2026-04-28 14:11:20.788188,0 days 00:00:07.358932,3,56,10,7,39,0.95,15,79,12,5,2.7600000000000002,2.207454738457931,0.5357038313577792,38,-2.4534138890187465,-1.7391542854921553,0.10374209245740437,4,0.6666666666666666,1.6649163464135022,-0.7854570077729616,1.327051551629267,0.23175199999998508,7,-0.692801512527786,0.6449454624781865,-0.2598090872441339,7,-0.7666247278790995,4.0412628185883035,1.925275768633039,8,-0.9165540051453871,4.838819393151477,2.55029515133931,7,-1.7391542854921553,0.10374209245740437,-1.5510763361552549,5,-0.44601247837350655,2.288907112442947,0.31778549157372993,4,3.2008407999998933,38,0.4473684210526316,COMPLETE
41,-9999.0,2026-04-28 14:11:20.793060,2026-04-28 14:11:28.166347,0 days 00:00:07.373287,2,31,13,7,43,0.95,16,83,13,4,2.52,1.761460121170084,0.21020111448850817,14,-0.7414042248754593,-0.7414042248754593,0.0,1,0.6666666666666666,1.6291190749140119,-0.21478656658878073,0.0,-0.1156299999999999,1,-0.7260878077348409,3.3373639241391846,0.8353346975106923,2,-0.16989041071486755,1.0593863026484232,0.010107354521404766,2,-0.675496795381248,3.579865185185271,0.6915229591444971,3,-0.2511728154461596,2.03840798754229,0.22353948399853607,2,-0.7414042248754593,0.5537373275053353,-0.3836678082440814,4,1.2622015999999903,14,0.5,COMPLETE
42,-9999.0,2026-04-28 14:11:28.171181,2026-04-28 14:11:35.594374,0 days 00:00:07.423193,3,36,12,7,46,0.95,8,83,10,5,2.46,3.313329926708235,0.9075284500025668,24,-0.9543338896331774,-0.9543338896331774,0.0,3,0.6666666666666666,3.56431877035397,-0.45471654912904913,0.0,-0.3510700000000089,3,-0.4164194426960026,5.0,1.8001764795667619,4,-0.4226564561901443,5.0,2.1223754513857163,7,-0.5077999958030774,5.0,1.86236170689551,3,-0.9543338896331774,0.6259403633082977,-0.37719988537781024,3,-0.18802786546295328,4.254039196941115,0.3885269475452313,4,5.5355179999999615,24,0.6666666666666666,COMPLETE
43,-9999.0,2026-04-28 14:11:35.599360,2026-04-28 14:11:42.976835,0 days 00:00:07.377475,3,34,14,7,40,0.95,16,84,12,3,2.62,1.3698185006520618,0.406200493770581,6,-1.8057891756637694,-1.8057891756637694,0.0,0,0.3333333333333333,5.0,0.0,0.0,0.0,0,-1.8057891756637694,3.218911003912371,1.1683454000000149,3,0.0,0.0,0.0,0,-0.34399811656847024,5.0,1.3390856543552765,2,0.0,0.0,0.0,0,-0.08504141402759129,0.0,-0.07022809173180544,1,2.451076200000002,6,0.6666666666666666,COMPLETE
44,-9999.0,2026-04-28 14:11:42.981725,2026-04-28 14:11:50.377036,0 days 00:00:07.395311,2,31,14,7,41,0.95,15,84,14,5,2.74,1.2585386112134251,0.10534547487822861,11,-1.696736655483554,-1.590017250622583,0.0,0,0.3333333333333333,1.357559053311471,0.0,0.0,0.0,0,-1.590017250622583,0.0,-0.8576599999999934,2,-0.3631208943832379,0.7017296649874776,-0.0854024627621186,3,-0.3528727012136889,5.0,1.0644690108297716,2,0.0,0.0,0.0,0,-0.746076259021314,1.8495020022930724,0.5106663012017121,4,0.6233470000000185,11,0.5454545454545454,COMPLETE
45,-9999.0,2026-04-28 14:11:50.382044,2026-04-28 14:11:57.831103,0 days 00:00:07.449059,3,51,12,5,48,0.95,9,82,11,3,2.74,2.1327157622020465,0.17302901290311054,49,-2.3311697588507365,-2.0554876736187033,0.3540810421193179,3,0.6666666666666666,1.1682377885922013,-1.353300191637531,0.4657450579574864,-0.9042905999999906,11,-0.8399898000492697,1.061378000017306,0.07171874587743599,12,-0.38478581813790985,1.4512476533991723,0.21572950222132903,7,-0.6401980699787678,4.463842819718997,2.195296617296494,8,-2.0554876736187033,0.3540810421193179,-1.2176262491912615,8,-0.42175525985664336,5.0,0.6773460612146565,3,1.0053149999999622,49,0.40816326530612246,COMPLETE
46,-9999.0,2026-04-28 14:11:57.836278,2026-04-28 14:12:05.170530,0 days 00:00:07.334252,2,47,11,5,42,0.9,16,87,15,5,2.7,1.3051685758044387,0.31113651570863765,60,-1.912636391855018,-1.2172956709211444,0.5250252841567993,8,0.6666666666666666,1.289439908736699,-0.629046295980197,1.2431046278110438,0.2203160000000315,11,-0.7270918529460069,1.375007941151901,0.4476357867400971,12,-1.0975475652331017,0.5250252841567993,-0.5085024339881228,8,-1.1274358034221523,2.6386398396709208,1.8612921385032566,10,-1.2172956709211444,0.5948358788287859,-0.5177117563028522,9,-0.7169863611350251,1.454397883207182,0.3637893592994157,10,1.862294000000042,60,0.38333333333333336,COMPLETE
47,-9999.0,2026-04-28 14:12:05.175190,2026-04-28 14:12:12.541801,0 days 00:00:07.366611,2,41,14,6,37,0.95,14,84,12,4,2.56,1.2261817292711121,0.21047017150988556,24,-1.1057217097690104,-1.0896340179048245,0.0,0,0.5,1.3935344349074925,0.0,0.0,0.0,0,-0.8757381941189613,1.8799352401510807,0.6848183999999868,6,-0.17741456870067784,0.895378070352209,-0.04640739362945512,5,-1.0117507165264028,3.2189530114645457,1.3654845360285606,6,-1.0896340179048245,0.0,-0.8957057946982205,3,-0.32178782062918176,1.362824053658838,0.15463128135844162,4,1.2548907999999859,24,0.4166666666666667,COMPLETE
48,-9999.0,2026-04-28 14:12:12.546614,2026-04-28 14:12:19.986049,0 days 00:00:07.439435,3,59,13,7,33,0.8,8,79,10,3,2.56,1.3858125007803193,1.2004175949806535,146,-2.437500005828152,-1.9941973568089453,0.7772060159734392,21,0.6666666666666666,1.4167654163887453,-1.5033184604779397,1.817479900610015,2.233902799999976,27,-1.2025563452605965,0.7772060159734392,-0.525255502619848,22,-0.6614944907881674,1.0627912096778724,0.10713048817634352,21,-1.7443810614052788,1.9751471447254867,4.183879706258975,29,-1.9941973568089453,0.8480888183981099,-1.0313035771375434,22,-1.832790980370865,1.8341619152969932,2.234151655206018,25,7.3166627999999845,146,0.4452054794520548,COMPLETE
49,-9999.0,2026-04-28 14:12:19.990958,2026-04-28 14:12:27.354788,0 days 00:00:07.363830,3,43,13,5,60,0.95,14,82,15,4,2.74,2.39402228310219,0.7416172012810381,30,-1.1709499669795826,-1.057038061967081,0.0,3,0.6666666666666666,2.67710637470752,-0.3569833114889677,0.7309089884792176,-0.09552999999996592,4,-0.7579158886082998,1.9421568341830509,0.5826682229533864,6,-0.4136396650200747,5.0,1.7663610123244133,7,-0.5100525095659313,5.0,2.8384877382060747,7,-1.057038061967081,0.0,-0.8688601619106229,3,-0.6044649450431581,1.6910678759508702,0.226576396112943,3,4.486695600000035,30,0.5666666666666667,COMPLETE
50,-9999.0,2026-04-28 14:12:27.359782,2026-04-28 14:12:34.801129,0 days 00:00:07.441347,2,42,12,5,46,0.95,10,86,10,4,2.3000000000000003,1.7985732451130627,0.30079938086821817,39,-2.117490818907062,-1.765469740706945,0.0,3,0.6666666666666666,1.3479916195410422,-0.9305172972030716,0.0,-0.5565299999999995,3,-0.4717240797367254,3.858805341213786,1.0506260491513597,6,-0.4589575689966292,3.085727960819263,0.9323567773581232,9,-1.4644474377348506,1.5078457846885247,0.6823524001806192,9,-1.765469740706945,0.7308068947074106,-0.5421572568039101,7,-0.33550836334284473,1.608253489249393,0.23814831532311675,5,1.805471000000014,39,0.48717948717948717,COMPLETE
51,-9999.0,2026-04-28 14:12:34.805974,2026-04-28 14:12:42.209058,0 days 00:00:07.403084,2,34,12,5,58,0.8,12,83,12,3,2.4200000000000004,1.599190873740642,0.6747709761014447,88,-2.02531771086744,-2.02531771086744,0.39625551035449386,10,0.8333333333333334,1.4180280334205164,-1.615139768289579,0.39625551035449386,-0.8518714000000149,10,-2.02531771086744,2.028489664950411,2.2241936697532827,21,-0.42906645929742515,3.4936712356531956,1.942169365351587,17,-1.8576932638424415,1.0582405233788608,0.10253070509900208,12,-1.3506294919853834,1.0461012739663345,0.11916877353639332,18,-0.6662736467829687,1.5723870341405566,0.5124347428684173,10,4.08165079999987,88,0.48863636363636365,COMPLETE
52,-9999.0,2026-04-28 14:12:42.213997,2026-04-28 14:12:49.661361,0 days 00:00:07.447364,3,48,12,5,58,0.85,10,84,13,3,2.4000000000000004,1.4082788456532986,0.6303196336131948,106,-3.184642908219567,-3.184642908219567,0.6996869151522704,13,0.6666666666666666,1.282180476495132,-3.184642908219567,0.7569356773823904,-0.9461060000000021,24,-2.2756474629896153,0.6996869151522704,-0.6933518433913988,18,-0.7662273150342852,1.0469746871177152,0.06089840890102227,13,-0.8333840294086065,2.697663750552084,2.225899261834674,16,-2.028220560037481,1.854664263963987,2.446393927632684,20,-1.6678325629583084,1.3937477797513442,0.6881840467021894,15,3.7887780000001037,106,0.3867924528301887,COMPLETE
53,-9999.0,2026-04-28 14:12:49.666126,2026-04-28 14:12:57.005103,0 days 00:00:07.338977,2,35,14,5,59,0.8,15,82,14,3,2.2,1.8896602554569928,0.7961348051836606,55,-1.2856816361697152,-1.2722205117433067,0.976646425702794,7,0.8333333333333334,1.8587357530625392,-0.45711447853804277,2.0846560846560003,0.6006499999999582,8,-0.9320003124481037,3.977818260524553,3.282209409183734,15,-0.3234173325775614,1.5353687821611957,0.31541663250804763,8,-1.2722205117433067,1.2816855323664451,0.3056021137807008,8,-0.8734518994342216,0.976646425702794,-0.03476270370508239,9,-0.46632755424192385,1.4817864473309676,0.30769337933460594,7,4.8340639999998825,55,0.4909090909090909,COMPLETE
54,-9999.0,2026-04-28 14:12:57.009981,2026-04-28 14:13:04.318556,0 days 00:00:07.308575,2,45,13,5,55,0.85,15,84,14,3,2.4200000000000004,1.3825976872047765,0.22735629290314696,62,-2.1819798378599717,-1.6844939176785176,0.643862414095672,8,0.5,1.1509290727411974,-1.2733909600825752,1.9543874227115017,1.2657085999999929,10,-1.6821998014988786,0.6659785018194369,-0.4731781435437843,11,-0.8734686259882232,0.643862414095672,-0.406711842976315,8,-0.8238740827492884,3.1874585214600106,1.6024466953963978,10,-1.653630895481382,0.7648247348321309,-0.7161394260205234,14,-1.6844939176785176,1.0790745283099064,0.09201187456311377,9,1.347923399999984,62,0.3870967741935484,COMPLETE
55,-9999.0,2026-04-28 14:13:04.323321,2026-04-28 14:13:11.656935,0 days 00:00:07.333614,2,36,14,7,42,0.85,17,79,12,4,2.74,1.3054041643271217,0.20875811606118436,50,-2.021197528201605,-1.2386514486828395,0.24361468523420146,6,0.5,1.2122276950149795,-0.7760802287885132,0.9994378105763178,-0.0006063999999361691,12,-0.8905794378918861,3.415994972577738,2.1144916222772148,9,-0.7150657276040324,0.27564067083632454,-0.5126433732230207,6,-1.058489615748885,1.0175877686682961,0.01953275258734788,8,-1.2386514486828395,0.24361468523420146,-0.9702120974705908,7,-0.6442408337991755,1.8801490780698533,0.6019861921960912,8,1.2301460000001319,50,0.4,COMPLETE
56,-9999.0,2026-04-28 14:13:11.661800,2026-04-28 14:13:19.075771,0 days 00:00:07.413971,2,37,14,5,60,0.8,11,82,14,4,2.4200000000000004,1.4066322303948606,0.22387201273477894,106,-4.173109313100621,-4.103099921074013,0.15863506019955528,13,0.6666666666666666,1.0908890028006162,-1.6201250048866105,0.5513510896776842,-0.9731149999999578,17,-0.9670998715247582,1.911026976728738,2.2146296937442855,22,-0.5205371843997622,2.2442450648461185,1.32884240371558,16,-1.8354091444647096,1.2028205235825826,0.5182566263216781,21,-4.103099921074013,0.15863506019955528,-3.395220501986873,17,-0.9329063616417588,2.3717146673344844,1.6498388546139608,13,1.239388800000052,106,0.4339622641509434,COMPLETE
57,-9999.0,2026-04-28 14:13:19.080615,2026-04-28 14:13:26.445968,0 days 00:00:07.365353,2,36,14,6,52,0.8,14,88,14,3,2.54,1.4625850909300413,0.6088913683262901,68,-1.9609371831709201,-1.9609371831709201,0.6479478258358896,8,0.8333333333333334,1.479475469443934,-0.5304997853961096,1.359835495915098,0.38935639999995164,12,-1.9609371831709201,1.8518772395406988,1.3877397464817864,15,-0.5391690114283993,1.0094023707465707,0.010840173964132838,12,-1.2860584339195025,2.3086066232800704,1.6948432307479333,12,-0.6825101253887317,1.5978409902619213,0.638719120219533,8,-1.0598764035369364,0.6479478258358896,-0.46815046145559647,9,3.6922487999999642,68,0.4264705882352941,COMPLETE
58,-9999.0,2026-04-28 14:13:26.450775,2026-04-28 14:13:33.883392,0 days 00:00:07.432617,3,58,10,7,53,0.85,10,85,12,4,2.7,1.3524214641849772,0.6130612949241295,119,-4.946661111477772,-4.18390205079619,0.4325268264566207,18,0.8333333333333334,1.208050683005541,-1.611699940001109,1.4423147983412967,0.9695850000000172,19,-1.0974883848392978,2.0053642037577926,1.8458172329816502,21,-1.5022862062191469,1.0960152405143497,0.18820362847635774,18,-1.8800527709906496,1.5716407909170989,2.0534980036997164,22,-4.18390205079619,0.4325268264566207,-2.8090984226176063,21,-1.7776958400369673,1.5666669251227048,1.4303623270046417,18,3.650605000000118,119,0.44537815126050423,COMPLETE
59,-9999.0,2026-04-28 14:13:33.888373,2026-04-28 14:13:41.316268,0 days 00:00:07.427895,3,56,13,5,37,0.8,10,85,12,3,2.6,1.2778902385608413,0.7630201041487669,119,-2.4057645015934086,-2.4057645015934086,0.5389822998847109,16,0.6666666666666666,1.298165401991092,-2.4057645015934086,1.816559512299132,2.7954179999999607,27,-1.8340748852676643,0.5389822998847109,-0.9919722297349942,16,-0.9784090083824837,0.7609308609706351,-0.3720573186633436,17,-1.220179885390684,1.6716408816733639,1.4133152510193314,18,-2.2431114027789247,1.0314427889303486,0.12762798507897077,25,-1.6579898672649536,1.8477850876068571,1.605788937192676,16,4.614694000000008,119,0.40336134453781514,COMPLETE
60,-9999.0,2026-04-28 14:13:41.321260,2026-04-28 14:13:48.642383,0 days 00:00:07.321123,2,37,13,5,43,0.8,18,80,12,3,2.52,1.6689860612318832,0.18963597080712824,39,-1.1982322219295107,-1.1430217805620395,0.0,4,0.8333333333333334,1.2779035453443162,-0.19091563032717504,3.736161989034125,0.5040283999999895,5,-1.0409369709554908,2.3613113346286982,1.261796984846053,11,-0.3920143814364255,1.4624794400967533,0.2967266541506586,8,-1.1430217805620395,0.0,-1.1430217805620368,6,-0.47033212160197185,1.0993912768828316,0.06860742847656365,5,-0.32218876930200474,1.3545723267488894,0.1496781379315415,4,1.12781039999994,39,0.38461538461538464,COMPLETE
61,-9999.0,2026-04-28 14:13:48.647376,2026-04-28 14:13:56.007692,0 days 00:00:07.360316,2,50,11,7,38,0.85,14,79,12,4,2.52,1.3851523364661305,0.5269430493788122,87,-3.3963767936042872,-2.0262334430483655,0.3612489716601357,12,0.6666666666666666,1.258449859209817,-2.0262334430483655,3.5511839311550224,4.073296800000037,17,-1.6855671962328147,0.5790471418533059,-0.6619473209577231,13,-1.0145900655584592,1.194360586299551,0.28050618676398464,12,-1.3785717663690316,1.1785630680462553,0.3970091513250118,17,-1.8126709757118165,0.3612489716601357,-1.8126709757118165,13,-1.809124410412966,1.4465103197825138,0.8854644548533797,15,3.1041844000000873,87,0.367816091954023,COMPLETE
62,-9999.0,2026-04-28 14:13:56.012354,2026-04-28 14:14:03.348838,0 days 00:00:07.336484,3,50,13,7,38,0.95,14,78,11,4,2.3000000000000003,2.0816744718044067,0.3643083268222695,31,-1.3250277774203105,-0.8866097515084848,0.17797396796590279,3,0.5,1.653452397398105,-0.7760619875708056,0.27696040472872274,-0.5602399999999563,6,-0.6227783201976625,0.8188050068453305,-0.11180035028238722,6,-0.4202393727883531,2.2211323511506076,0.5048476175831373,5,-0.6370499960076669,5.0,2.241297219101712,8,-0.8866097515084848,0.17797396796590279,-0.692388643236741,3,-0.3192754677661439,3.995175100135877,0.8041341177678518,3,2.175905000000067,31,0.45161290322580644,COMPLETE
63,-9999.0,2026-04-28 14:14:03.353483,2026-04-28 14:14:10.701122,0 days 00:00:07.347639,2,48,13,7,35,0.9,12,80,12,4,2.58,1.188796880547373,0.15205735342216178,67,-2.4721579877059514,-2.063737418165865,0.25708458554069674,9,0.5,1.094917403980066,-1.7923227919101254,2.042872795631591,1.7474898000000572,16,-1.5314752287206252,0.41694874225113426,-0.8948094953395103,10,-0.5509636883249166,0.42970355446826464,-0.4716112085618396,9,-0.8980136110186631,2.5767641688083494,1.858404948588399,12,-2.063737418165865,0.25708458554069674,-1.8450683675039325,10,-1.6221876852853674,1.4094074365842018,0.5179384433497969,10,0.8601586000000827,67,0.40298507462686567,COMPLETE
64,-9999.0,2026-04-28 14:14:10.705987,2026-04-28 14:14:18.063523,0 days 00:00:07.357536,2,34,14,7,38,0.95,14,80,13,4,2.74,2.1212521111874136,0.7348334052918201,20,-1.8970383858816946,-1.8970383858816946,0.0,0,0.8333333333333334,3.0301288323177586,-0.22019327880445305,1.4900496673226549,0.1045863999999952,3,-1.8970383858816946,1.876117311839806,1.1119090943069843,7,-0.16846400423372465,3.1327534710068408,0.36119843689250697,3,-1.191161548060171,5.0,2.7717207919750075,5,0.0,0.0,0.0,0,-0.37829436577137227,1.228592216955181,0.0595857085764262,2,4.461066000000025,20,0.55,COMPLETE
65,-9999.0,2026-04-28 14:14:18.068380,2026-04-28 14:14:25.464521,0 days 00:00:07.396141,2,45,12,7,55,0.85,13,82,12,3,2.64,1.6332611794996137,0.9407812140565556,90,-2.0711471687549894,-2.0711471687549894,0.8177888938268353,13,0.8333333333333334,1.4947045852653382,-2.0194827586172757,1.397791730400367,0.8191923999999906,15,-2.0711471687549894,0.8177888938268353,-0.34973896497898505,14,-1.020250657419294,2.1642880463825573,1.5830659976903583,15,-1.1932999075741957,2.316848582697808,1.822157869190355,14,-1.3198428599452932,1.1112958363166574,0.36348697402397434,19,-1.9919055845018887,1.9915539873734565,1.4065230084136404,13,5.761329600000065,90,0.43333333333333335,COMPLETE
66,-9999.0,2026-04-28 14:14:25.469192,2026-04-28 14:14:32.849028,0 days 00:00:07.379836,2,43,13,7,35,0.8,11,87,14,3,2.3800000000000003,1.1592197197493979,0.13031167331327884,128,-2.901210462177687,-2.901210462177687,0.7432653335595466,16,0.5,1.0401390797459051,-2.901210462177687,0.799733648424297,-0.6694803999999666,21,-2.089440679134415,0.9374580248741751,-0.17010220089489492,23,-1.0332890279020603,1.0511364940448327,0.09616408178148017,19,-1.3041821813598244,2.0793414065506006,2.4020605758506175,22,-2.4492862267571485,0.7432653335595466,-1.578193469270972,27,-1.860448646258241,1.3443834110429358,0.7014214524134088,16,0.7387128000000631,128,0.40625,COMPLETE
67,-9999.0,2026-04-28 14:14:32.853792,2026-04-28 14:14:40.223849,0 days 00:00:07.370057,2,39,13,7,41,0.85,13,77,10,4,2.3800000000000003,1.3714478785384614,0.1863250741027278,69,-2.5999119701746225,-2.1720058767913333,0.32607023176483235,9,0.6666666666666666,1.1279784100209291,-1.1828539009647652,0.7261999890193716,-0.3490867999999647,12,-1.0302061018705841,1.646184013465708,0.9785204858514307,13,-0.4567730001574931,1.254255880057138,0.17156318393034553,9,-1.0073249672989775,2.1242061142736532,1.3224654634528488,11,-2.1720058767913333,0.32607023176483235,-1.9730580684138022,14,-0.5900206486046011,2.1517710426500645,0.9675461797955087,10,1.0852390000000822,69,0.43478260869565216,COMPLETE
68,-9999.0,2026-04-28 14:14:40.228601,2026-04-28 14:14:47.606662,0 days 00:00:07.378061,2,40,12,5,44,0.95,14,83,15,5,2.7800000000000002,2.747490704678256,0.7291240559961016,29,-0.8955774905129162,-0.8955774905129162,0.0,3,0.5,2.717233968157778,-0.4746982923069329,0.0,-0.3758000000000039,3,-0.8944552577006678,5.0,2.422985780563347,6,-0.41286299670162985,0.7894367187922904,-0.1144108158161905,6,-0.3410928371523031,5.0,1.612873259622516,3,-0.8955774905129162,0.6955075092772492,-0.3192923890236954,5,-0.362015268340079,5.0,1.1483885006306371,6,4.420057200000005,29,0.5172413793103449,COMPLETE
69,-9999.0,2026-04-28 14:14:47.611469,2026-04-28 14:14:54.997897,0 days 00:00:07.386428,3,43,12,7,32,0.95,9,78,10,4,2.2600000000000002,2.1972891640780885,0.44442117412172855,42,-1.7710280224576065,-1.5663229627357191,0.0,5,0.6666666666666666,1.5853740408996242,-1.0781072530116351,0.29830104997661716,-0.4952099999999904,5,-0.48736616246839604,5.0,1.5308758502982522,7,-0.45245998243259206,3.567303342662734,1.1167714425484254,9,-1.2876563773016125,2.643899203635285,1.4023529363488052,8,-1.5663229627357191,0.0,-1.3762667497385972,5,-0.6418522322963053,1.6742313881938942,0.488003565273476,8,2.6618304000000093,42,0.5238095238095238,COMPLETE
70,-9999.0,2026-04-28 14:14:55.002797,2026-04-28 14:15:02.342360,0 days 00:00:07.339563,2,31,14,5,40,0.9,17,81,15,4,2.72,1.2861576534879922,0.2802964190859125,26,-1.7422477663139682,-1.7422477663139682,0.6196688409432879,3,0.5,1.4531477723011428,-0.7663970729387951,0.6436321816090929,-0.1425400000000132,3,-1.7422477663139682,2.053380593708493,0.9047320049999419,4,-0.1754633266645884,0.6196688409432879,-0.12036414632190517,3,-0.7255278342350294,1.5653606417982084,0.3039049558278162,4,-0.7529229584908697,0.9087833342421866,-0.0662789516009954,5,-0.738323100528063,1.926120328626684,0.8023246516106308,7,1.6879391999999438,26,0.5,COMPLETE
71,-9999.0,2026-04-28 14:15:02.347198,2026-04-28 14:15:09.696916,0 days 00:00:07.349718,2,53,11,5,57,0.95,18,77,11,4,2.4800000000000004,1.5124701063561343,0.35593266726676176,32,-2.0500098711760093,-2.0500098711760093,0.0,3,0.5,1.5650902896446874,-2.0500098711760093,4.814422212941529,3.0140420000000168,9,-0.6035405670302088,0.20191929069693504,-0.4753433517344918,5,-0.3992395393517307,0.0,-0.3597778696358134,3,-1.110566925279709,0.6011083318654092,-0.44334524188317515,6,-0.3627077655974688,2.2488176707537715,0.27739740405872126,3,-0.46993960162970355,1.2085531318791616,0.12262306279531288,6,2.109787200000035,32,0.34375,COMPLETE
72,-9999.0,2026-04-28 14:15:09.701652,2026-04-28 14:15:17.120533,0 days 00:00:07.418881,2,47,13,5,59,0.8,8,79,12,3,2.56,1.1629049575735373,0.4652658704689894,175,-3.280571563026334,-3.280571563026334,0.8416200117392163,23,0.6666666666666666,1.115491367487572,-3.280571563026334,1.1189795858150253,0.5645271999999979,37,-1.9788555003419699,1.2215224229460084,0.7332004838382256,28,-1.326623714921202,0.8416200117392163,-0.4315079413718559,27,-1.650717561148624,1.6080727298655737,1.6909607655841263,24,-2.036700386838144,0.9308281048392467,-0.5174354308661089,36,-1.6064501828317892,1.2564068902361534,0.7518501456295512,23,2.806774000000112,175,0.36,COMPLETE
73,-9999.0,2026-04-28 14:15:17.125295,2026-04-28 14:15:24.464085,0 days 00:00:07.338790,2,50,10,5,60,0.95,15,78,11,5,2.3000000000000003,1.2532737435079258,-0.012237701627125045,44,-1.7393764882705678,-0.9841068255672037,0.12388045033142735,5,0.5,0.9835780061526653,-0.6235267237613469,0.4430344146095752,-0.2930919999999948,5,-0.9673380037078225,0.12388045033142735,-0.8046824599153957,7,-0.6903820857148658,1.0056507044393013,0.006017921272505333,9,-0.9617885444089922,1.663338399243303,0.6310298429684114,8,-0.9841068255672037,0.8875934194312123,-0.1411357171943517,9,-0.28512504600935035,3.396145072992735,0.5284362031060752,6,-0.08055299999997212,44,0.4090909090909091,COMPLETE
74,-9999.0,2026-04-28 14:15:24.468680,2026-04-28 14:15:31.839989,0 days 00:00:07.371309,2,58,11,6,55,0.95,15,90,11,4,2.3400000000000003,1.647755907053945,0.5419576655721495,39,-2.045203642629851,-2.045203642629851,0.4315294910578628,3,0.5,1.7193813942739506,-2.045203642629851,5.0,3.5843204000000073,10,-1.198718069364976,0.4315294910578628,-0.7002575266207844,9,-0.3030480361879361,0.9125015290519787,-0.022253383899062396,3,-1.0162158550930394,1.2642855997077138,0.28838401646564815,7,-0.720381107448705,0.9230036105888503,-0.04486998638411066,5,-0.31554380910182084,1.3552152119172638,0.14642247387119944,5,3.237302600000036,39,0.4358974358974359,COMPLETE
75,-9999.0,2026-04-28 14:15:31.844896,2026-04-28 14:15:39.246184,0 days 00:00:07.401288,2,58,12,5,50,0.9,14,85,12,4,2.3600000000000003,1.4641222956576199,0.6502998064448243,69,-3.2240822595588283,-2.8413587361247554,0.35185932730643915,5,0.3333333333333333,1.3903294374254112,-2.0509106577513263,5.0,5.619790800000035,14,-1.2085561264681082,0.3536287402623729,-0.780873351246969,9,-0.5453973838058058,0.35185932730643915,-0.4234822806584604,5,-0.9908033988046042,1.8120659605845435,1.3931103473095563,17,-2.8413587361247554,0.5322690932042883,-1.512830583986835,14,-1.7973196761322074,0.734910652588075,-0.3939160927483809,10,3.7938460000000562,69,0.391304347826087,COMPLETE
76,-9999.0,2026-04-28 14:15:39.250974,2026-04-28 14:15:46.563649,0 days 00:00:07.312675,2,51,13,7,40,0.95,16,79,12,4,2.72,1.1479676019070606,0.04135581858240589,34,-1.3858950335751166,-1.0712024749317395,0.0,4,0.5,1.0548189193426527,-0.7593804545999094,0.3884596813133908,-0.40527999999997455,6,-0.6195365957846023,1.458199361105732,0.2822768114615126,7,-0.5752404822681141,0.0,-0.5348039441221308,4,-0.6796251419625825,2.7277703904347828,1.2713346331592712,7,-1.0712024749317395,0.4292183172936801,-0.7416299240414204,5,-0.3251497664814397,1.884157861294778,0.37623733503717727,5,0.2342692000000035,34,0.38235294117647056,COMPLETE
77,-9999.0,2026-04-28 14:15:46.568347,2026-04-28 14:15:54.019431,0 days 00:00:07.451084,2,54,10,5,56,0.95,11,84,12,4,2.52,1.3742454847875376,0.23645023634415452,60,-3.737513116467997,-2.0525257778163386,0.2699462512769472,8,0.5,1.1684077018272454,-2.0525257778163386,2.865620261913164,2.5913652000000287,13,-1.2509947128255128,0.981843520359666,-0.02047111855761896,9,-1.2547953435657682,0.2699462512769472,-1.0660085054042034,11,-1.0885118710254917,1.0464983659088136,0.06463457651963989,10,-1.8327662708559864,0.46970806206496396,-1.1133867199545122,9,-0.47331335934986857,2.611856447201672,0.9625679854615932,8,1.378516400000085,60,0.38333333333333336,COMPLETE
78,-9999.0,2026-04-28 14:15:54.024169,2026-04-28 14:16:01.417432,0 days 00:00:07.393263,3,59,12,7,60,0.85,11,80,14,5,2.68,1.4761481680810862,0.7644495305185055,115,-3.8423745063840853,-2.822939511926018,0.30371656649524315,14,0.8333333333333334,1.2833963372857402,-1.5175680622912309,2.4273985647723193,2.51818800000001,16,-1.4379197365036356,1.2340864855825397,0.709994210978504,25,-0.8756062963273563,2.1638437677095896,1.511735732926911,14,-2.181755322871403,1.5641746223205415,1.9904046594320102,23,-2.822939511926018,0.30371656649524315,-2.5230442326572233,16,-1.0330950242823842,1.163669001606284,0.37941881243082065,21,4.591332400000003,115,0.45217391304347826,COMPLETE
79,-9999.0,2026-04-28 14:16:01.422225,2026-04-28 14:16:08.904276,0 days 00:00:07.482051,3,55,12,5,32,0.85,8,75,10,3,2.52,1.2310273821878908,0.014949228058580566,113,-3.533884089882265,-3.2815084294689734,0.5418606944396094,14,0.3333333333333333,1.0028505994394081,-2.4499053536635578,0.5418606944396094,-1.5796459999999901,25,-0.6084359338922796,0.7889170903779671,-0.31129577119787255,16,-1.3855042498649963,0.7179691314232853,-0.5145884639904508,19,-0.6894052986335909,3.2383929071226696,2.539949444299916,14,-3.2815084294689734,0.880647576922476,-0.5251773948354743,21,-1.7326889343316283,1.2183768928413368,0.48045355407535517,18,0.0410252000000666,113,0.3893805309734513,COMPLETE
80,-9999.0,2026-04-28 14:16:08.908982,2026-04-28 14:16:17.538023,0 days 00:00:08.629041,2,51,13,6,44,0.95,15,81,15,5,2.7,1.766189531663901,0.1761764932414848,47,-1.9093424426219936,-0.9386245255247758,0.0,5,0.3333333333333333,1.1927798102930522,-0.7395427667912554,0.7294228142076647,-0.22182999999998954,8,-0.8186351097698293,0.8620539667471936,-0.1951589210345106,11,-0.8843509476474736,0.0,-0.8322568157012045,5,-0.5553392681474233,3.4404991087343895,1.9409394113213185,8,-0.9386245255247758,0.6144678696372443,-0.49916648639375394,8,-0.28198607497471134,4.950693430656913,0.8645317712570488,7,1.0348960000000185,47,0.3829787234042553,COMPLETE
81,-9999.0,2026-04-28 14:16:17.542707,2026-04-28 14:16:24.905960,0 days 00:00:07.363253,2,30,14,6,40,0.85,17,87,14,5,2.2800000000000002,1.7392646028029166,0.40158586849467676,36,-1.2764450577104616,-1.2764450577104616,0.6209331343055143,4,0.8333333333333334,1.6125416117981046,-0.9036853769534866,0.6209331343055143,-0.19807759999999064,4,-1.2764450577104616,1.939168336139025,1.2353778067104138,7,-0.5994834340875973,1.3931952424364882,0.18355883551677277,6,-0.5495015390891175,2.932276530162824,0.520235505775668,4,-0.3081977518246871,2.253692764273551,0.348752851777423,5,-0.7968647462755319,1.2963216095000967,0.31966781118777376,10,2.4281271999999188,36,0.5277777777777778,COMPLETE
82,-9999.0,2026-04-28 14:16:24.910806,2026-04-28 14:16:32.296090,0 days 00:00:07.385284,3,54,10,5,38,0.95,15,87,11,4,2.56,1.4290562200604928,-0.13457287523292635,27,-1.7379957090472358,-1.2437311318722333,0.20072256923842008,2,0.3333333333333333,0.7856630884696462,-0.5372004449872316,0.5068665506625607,-0.29473600000000655,6,-1.2437311318722333,0.32261054057555394,-0.682061881908258,6,-0.6608306059858046,0.30987055890919624,-0.4641088757715184,5,-1.053982112670983,2.2342671009772253,0.8457552803123436,5,-0.8907262822519163,0.20072256923842008,-0.691299772321452,3,0.0,5.0,0.4790139982913333,2,-0.8150504000000058,27,0.37037037037037035,COMPLETE
83,-9999.0,2026-04-28 14:16:32.300934,2026-04-28 14:16:39.583911,0 days 00:00:07.282977,2,33,14,6,39,0.85,16,86,14,4,2.54,1.4591346331878332,0.5401234225073418,44,-1.8873105926826093,-1.2324933855980458,0.14316101333196954,4,0.5,1.62553395569916,-0.8031060777174979,0.9124836522160632,-0.057816799999999,6,-0.794573189699498,4.136519656967533,3.5387541944350787,13,-0.585364755217953,0.37917046113087954,-0.2898755446079204,4,-0.8397310030748393,1.81955048958074,0.7909244541759453,8,-1.2324933855980458,0.14316101333196954,-0.9844811883396365,6,-0.6314913573396016,1.3639225258998144,0.24323541938058302,7,3.2216500000000314,44,0.45454545454545453,COMPLETE
84,-9999.0,2026-04-28 14:16:39.588588,2026-04-28 14:16:46.919856,0 days 00:00:07.331268,2,40,13,5,36,0.8,13,85,14,3,2.6,1.5752857573160666,0.6056474899160003,91,-2.488054347736949,-2.488054347736949,0.7114375004376172,13,0.6666666666666666,1.2878859823735749,-1.3557856570315705,2.2732975063639698,1.9357559999999552,13,-2.45733699504876,1.1535916511112343,0.3866454867907487,18,-0.8777928409208368,0.7481996048690235,-0.38610421201881184,14,-1.4976872654408173,1.5121284758294915,0.865633837696933,13,-2.488054347736949,0.7114375004376172,-1.2024956765975037,20,-0.7495096482882048,3.053059805285063,2.03444950362468,13,3.6474059999998865,91,0.38461538461538464,COMPLETE
85,-9999.0,2026-04-28 14:16:46.924555,2026-04-28 14:16:54.404002,0 days 00:00:07.479447,3,45,13,5,33,0.8,9,85,10,3,2.4800000000000004,1.6321542880283115,0.7103100253321245,105,-2.997583722010873,-2.5631806118659353,0.2564630060393906,15,0.8333333333333334,1.3771982946986172,-2.5631806118659353,0.2564630060393906,-2.4388979999999894,20,-1.9761021553025504,1.3546371177862453,0.6068857237795822,19,-0.5518793687286049,2.492885482949498,1.5441242975276381,16,-0.8412683051480963,2.1160199276794653,1.557575991368254,15,-1.3904140773782736,1.6802582288941041,1.5615240990577206,19,-1.6595250737067242,1.8926619648211673,1.4306480402595412,16,4.272536400000093,105,0.44761904761904764,COMPLETE
86,-9999.0,2026-04-28 14:16:54.408939,2026-04-28 14:17:01.795977,0 days 00:00:07.387038,2,57,10,5,39,0.85,15,83,12,4,2.3800000000000003,1.499179866797009,0.31899860422422993,98,-4.453915151331328,-4.093174833289071,0.2956647701897109,11,0.5,1.1154595779773313,-2.019763045167013,5.0,4.974979600000018,15,-1.1828832672491207,1.0233122888793902,0.030110222569645906,13,-1.2572219279372499,0.2956647701897109,-1.0362938390804488,11,-1.7073401410975229,1.286427912695968,0.8607521914475669,20,-4.093174833289071,0.47891301546512194,-2.662103843696073,21,-1.8325116512444273,0.9107612135518658,-0.25345270589532953,18,1.7640838000000603,98,0.40816326530612246,COMPLETE
87,-9999.0,2026-04-28 14:17:01.800750,2026-04-28 14:17:09.173444,0 days 00:00:07.372694,2,36,13,6,49,0.85,13,87,12,5,2.46,1.4777785016745677,0.329520189918342,74,-1.9145236267433843,-1.6418201242552912,0.4925744871102729,7,0.8333333333333334,1.237386748029991,-0.9973022531439337,1.489648567522617,0.6590278000000227,14,-1.1005462462065077,1.4237245224655355,0.854621804722,17,-0.47193442778152006,1.65762725260833,0.4917469776663186,11,-0.5419513127305532,2.7971288825196683,1.130893712671499,7,-1.6418201242552912,0.4925744871102729,-1.1660551580683798,13,-0.5131333798019162,1.0059672978209817,0.006886002518591283,12,1.9761972000000627,74,0.4594594594594595,COMPLETE
88,-9999.0,2026-04-28 14:17:09.178249,2026-04-28 14:17:16.506156,0 days 00:00:07.327907,2,37,13,6,37,0.9,14,83,15,5,2.56,1.7701721996598625,0.5785574463856283,48,-1.070873313210422,-1.070873313210422,0.5563924253175935,6,0.6666666666666666,1.6954938877345467,-0.2981961464045067,1.191856368277832,0.09093800000001817,6,-0.8707254045517085,2.5137848535876026,2.074738474326221,13,-0.599771138311531,0.5563924253175935,-0.31206107889241164,7,-0.5451034489392094,1.9213445378151108,0.7104889213256582,6,-1.070873313210422,0.8712976214112518,-0.1579914870245669,7,-0.5081288497136894,3.5663573915497846,1.0652318485788514,9,3.501213599999975,48,0.4791666666666667,COMPLETE
89,-9999.0,2026-04-28 14:17:16.511005,2026-04-28 14:17:23.868123,0 days 00:00:07.357118,3,46,14,5,42,0.95,18,83,15,5,2.8,2.003282685379459,0.29722380161853096,23,-0.8932135999467764,-0.7932189032028452,0.0,2,0.8333333333333334,1.7941269770945076,-0.30320122094119417,2.2167918633253447,0.18304200000001103,2,-0.7932189032028452,1.7512257843305463,0.5248672724471826,7,-0.4527909611584691,3.0653465346534254,0.6648927745887656,4,-0.4439751345801348,2.286970961806069,0.5657019346000158,5,-0.7779529569134015,0.0,-0.4512418670531759,2,-0.3713255007883088,2.6993609681613684,0.29608069512838675,3,1.7924240000000147,23,0.4782608695652174,COMPLETE
90,-9999.0,2026-04-28 14:17:23.872813,2026-04-28 14:17:31.230371,0 days 00:00:07.357558,2,57,10,5,57,0.95,15,78,12,3,2.54,1.0338097490647424,0.05793452811711878,45,-1.629296684735689,-1.2396504060450682,0.0,5,0.5,1.0498132743111093,-1.138118698801942,0.2044327393371435,-0.930400000000009,7,-0.9871415472389143,1.8031055394641982,0.7164829574360043,10,-0.8015475017091843,0.0,-0.7233355567177413,5,-1.2396504060450682,2.057185141536164,0.9417983846760292,6,-1.1139318148534731,1.2931613038836713,0.5300356212282642,10,-1.1424165883758577,0.8449737701672775,-0.1869742379198347,7,0.33263860000003476,45,0.3333333333333333,COMPLETE
91,-9999.0,2026-04-28 14:17:31.235368,2026-04-28 14:17:38.624687,0 days 00:00:07.389319,2,51,12,6,50,0.8,13,89,12,5,2.52,1.706779272418567,1.273322352186011,118,-2.765408962011702,-2.036792797442468,0.6256148571149741,16,0.6666666666666666,1.5521806836554524,-2.036792797442468,4.504877519915821,6.691827600000044,23,-0.6850561995584636,0.8222718173875663,-0.30124819044715645,18,-1.1098251886951893,1.0907616257572743,0.14999884309943035,18,-1.2704291958340856,1.732166038701827,1.7183122435132647,20,-1.666699147918866,0.6256148571149741,-1.4157539948572273,23,-0.7558036780487767,1.4649837756339408,0.7967976118077091,16,7.67756440000007,118,0.423728813559322,COMPLETE
92,-9999.0,2026-04-28 14:17:38.629668,2026-04-28 14:17:46.020081,0 days 00:00:07.390413,2,52,13,5,48,0.85,14,89,12,4,2.62,1.5557157559263095,0.9322136491124158,78,-2.658061193283478,-2.030012136546995,0.3757985099211794,11,0.5,1.5262728705752746,-2.030012136546995,5.0,6.537693400000011,18,-1.439353290467477,0.44209731375574424,-0.7842593295716904,11,-1.4161470292325058,0.3757985099211794,-0.9321139559364089,11,-1.4215990413872754,1.644883608739382,1.0595384620688542,15,-1.8972150695911496,0.8650581809343812,-0.29905105127027154,11,-1.5516326436683714,1.0064569222071698,0.01147436938400137,12,5.522044399999992,78,0.34615384615384615,COMPLETE
93,-9999.0,2026-04-28 14:17:46.024953,2026-04-28 14:17:53.405862,0 days 00:00:07.380909,2,36,13,5,47,0.85,15,88,15,5,2.54,1.4799577737733909,0.46537191280379514,70,-1.7705433901399281,-1.4948676562181435,0.46759335881760544,9,0.6666666666666666,1.3547468530262117,-0.8204458003584816,1.7899596061093666,0.7861678000000039,12,-0.86952205653942,1.931268844732769,1.5880405366498929,16,-0.9570256287519772,0.7118895603084964,-0.28312780841549534,10,-0.5392225716299165,2.7964032911648196,1.567494454023488,9,-1.4948676562181435,0.46759335881760544,-1.0758347641534827,11,-0.5091881816739313,1.1826319815072883,0.20949125871836394,12,2.7964588000000123,70,0.42857142857142855,COMPLETE
94,-9999.0,2026-04-28 14:17:53.410570,2026-04-28 14:18:00.749822,0 days 00:00:07.339252,2,38,14,7,45,0.8,15,86,13,4,2.5,1.392977248399543,0.34225413937706656,68,-2.3281339587815157,-1.6939769605038597,0.15711031207970014,9,0.6666666666666666,1.2539439558876073,-0.7225994233170002,1.499374484282301,0.37522000000003164,11,-1.0226049089547935,2.2209447190892226,1.8355426767682426,15,-0.8718703130634741,0.6500589506001684,-0.4326503299577622,10,-1.5433834876393493,1.259360910699525,0.4651811505933301,13,-1.6939769605038597,0.15711031207970014,-1.5016795544243067,9,-0.526953409016409,2.571014113646342,1.3119108932828638,10,2.034665000000002,68,0.4264705882352941,COMPLETE
95,-9999.0,2026-04-28 14:18:00.754589,2026-04-28 14:18:08.089002,0 days 00:00:07.334413,2,47,12,5,42,0.8,16,88,13,3,2.3000000000000003,1.1227973072118265,0.27387665425541163,70,-2.1887796911749615,-1.8400454827195232,0.45696140765933824,9,0.5,1.1748271431846091,-1.7598354860636403,1.3563146347379242,0.6463690000000133,12,-1.8400454827195232,0.45696140765933824,-0.7297968195951188,10,-0.941203829688685,0.8423063212080354,-0.22137312934490394,11,-1.2297760663030457,1.5520191299620558,0.8556376841537094,14,-0.7937593979922013,1.6655520117379268,1.2722541612465887,14,-1.8359735025962363,0.8636303379656785,-0.17983097092781897,9,1.6397299999999282,70,0.38571428571428573,COMPLETE
96,-9999.0,2026-04-28 14:18:08.093773,2026-04-28 14:18:15.465023,0 days 00:00:07.371250,2,49,12,5,52,0.8,15,86,10,5,2.64,1.7039474452154513,1.1629807147360969,108,-2.0417467142603987,-2.0417467142603987,0.5164640815035049,16,0.6666666666666666,1.559364721663319,-2.0417467142603987,3.894306804455821,4.313096000000072,19,-1.6497997770254391,0.5164640815035049,-1.0401113969428777,18,-0.9855891224861286,1.4228077221305417,0.6180280893917312,16,-1.2988945580642797,1.7953803743152528,2.1611847832272213,21,-1.3477478862566052,0.8834171418697221,-0.30518955231948475,17,-0.7447694746064403,1.7113085470178653,1.2308763650599186,17,7.08910880000011,108,0.4074074074074074,COMPLETE
97,-9999.0,2026-04-28 14:18:15.469819,2026-04-28 14:18:22.795325,0 days 00:00:07.325506,2,36,14,7,41,0.85,18,85,12,5,2.4400000000000004,1.300774960932441,0.097257042097935,50,-1.7211222373544783,-1.5809965070134249,0.19804218569845636,6,0.6666666666666666,1.0992072622498483,-0.8625994120136276,2.064082112267362,0.7516144000000669,10,-0.8759636953331493,1.3223416778951722,0.5413717718055322,12,-0.9894207516441653,0.19804218569845636,-0.7003757400442234,6,-0.5530366048789405,1.9898928480479132,0.5023784483516369,6,-1.5809965070134249,0.33920165917355866,-0.9581200605791818,9,-0.5214523292999019,1.8910892825121834,0.44667343305377916,7,0.5715628000000583,50,0.4,COMPLETE
98,-9999.0,2026-04-28 14:18:22.800089,2026-04-28 14:18:30.279240,0 days 00:00:07.479151,3,46,11,5,30,0.8,8,77,10,3,2.64,1.1977943351635318,0.09685882437293254,141,-3.4542467052376833,-3.4542467052376833,0.3104793137876518,17,0.6666666666666666,1.0288734455828348,-3.4542467052376833,0.3104793137876518,-2.8384187999999866,28,-1.6565951244909796,1.3018718523609454,0.8272788380681684,28,-0.7548008336728459,1.551811926741684,0.9488041746797071,22,-1.287115059089499,1.3623235872805792,0.8528344612549033,19,-3.278707580393921,0.8706868081741952,-0.6821588944143531,27,-1.7232166964730213,1.7895925226361364,1.4728131666491562,17,0.5168520000000676,141,0.3971631205673759,COMPLETE
99,-9999.0,2026-04-28 14:18:30.284125,2026-04-28 14:18:37.601586,0 days 00:00:07.317461,2,38,13,6,41,0.85,18,80,14,5,2.6,1.796699819423966,0.5657344701630836,56,-1.1965272580104427,-1.1965272580104427,0.4552088752654061,6,0.8333333333333334,1.6334035129155755,-0.6527530020375354,1.8876754428419988,0.7336460000000322,11,-0.8878130186975088,2.06356139759576,1.409671997775197,12,-0.5934437488185215,0.4552088752654061,-0.37928156465464324,7,-0.5439158313688535,3.7284901716976373,1.0134424776161,6,-1.1965272580104427,1.1949936429586394,0.2536305533812566,10,-0.5056403631063325,1.4502693861843552,0.3632973568605591,10,3.4326860000000625,56,0.4642857142857143,COMPLETE
100,-9999.0,2026-04-28 14:18:37.606396,2026-04-28 14:18:45.049425,0 days 00:00:07.443029,3,38,13,5,53,0.95,10,88,12,4,2.4800000000000004,2.889959695165688,0.9669852687951249,19,-1.037186121972862,-1.037186121972862,0.0,0,0.6666666666666666,5.0,0.0,0.0,0.0,0,-0.3566630237676234,5.0,2.328104799999964,4,-0.35592532025499046,3.3776488971255585,0.639418858854901,5,-0.9129803210345221,5.0,1.9468882112974706,6,-1.037186121972862,3.96210927386857,1.1551641762170606,2,-0.3261922163644766,0.0,-0.26766443359864667,2,5.915878799999996,19,0.6842105263157895,COMPLETE
101,-9999.0,2026-04-28 14:18:45.054072,2026-04-28 14:18:52.424851,0 days 00:00:07.370779,2,32,11,6,36,0.85,13,85,12,4,2.7800000000000002,1.796302778177097,0.8383807363494441,71,-1.6781913390095544,-1.6781913390095544,0.6119243554229553,8,0.5,1.5888970625656516,-1.1141608675822499,0.9504569850258295,-0.05363179999998691,10,-1.6306287044832348,2.046546219024269,1.8030253949738118,13,-0.5965090096280559,0.6119243554229553,-0.3579886315411951,8,-1.008961689922866,1.598693485135974,0.7002086601701318,10,-1.6781913390095544,0.9665836653734878,-0.09356428930478167,16,-0.5550639062302479,4.603611959080067,3.0322350837986844,14,5.091392000000017,71,0.43661971830985913,COMPLETE
102,-9999.0,2026-04-28 14:18:52.429559,2026-04-28 14:18:59.804538,0 days 00:00:07.374979,3,49,11,6,36,0.85,11,84,14,5,2.8,1.5376524574390869,0.5550587238714285,101,-4.357109228890907,-3.0282578370204245,0.2518867169985054,14,0.5,1.2448316965114992,-2.4041464207602874,1.5745357698926536,1.402212000000036,18,-1.5151090001118732,0.8681664263304198,-0.2821969998050622,19,-0.6646981766932236,2.5552900232018243,1.8562076460694188,15,-1.0813082620611911,3.068788680493235,3.4014006896120996,19,-3.0282578370204245,0.2518867169985054,-2.8983929997267843,16,-1.1682859551445373,0.9072471277178819,-0.14887799292113701,14,3.2555540000000605,101,0.39603960396039606,COMPLETE
103,-9999.0,2026-04-28 14:18:59.809302,2026-04-28 14:19:07.196357,0 days 00:00:07.387055,2,35,11,7,36,0.85,12,86,12,4,2.62,2.2316502825698583,1.0343479484823486,81,-1.9944142862009944,-1.7743424445567348,0.7713337839693822,9,0.6666666666666666,1.6981620642424848,-1.4551153800284498,0.9074980097805138,-0.13013919999999013,12,-1.631864258621016,2.8344099706710173,3.0624788855218243,17,-0.44327709754969147,3.093196397263543,1.18313346158605,11,-0.7738319458336047,2.3647017825759473,1.304802922401338,9,-1.7743424445567348,0.7713337839693822,-0.8047951394562824,21,-0.5075089420495161,3.4187617511587454,1.5906067608411512,11,6.3206008000000535,81,0.5061728395061729,COMPLETE
104,-9999.0,2026-04-28 14:19:07.201140,2026-04-28 14:19:14.558617,0 days 00:00:07.357477,3,55,10,7,37,0.85,13,83,14,5,2.7800000000000002,1.362259738996569,0.2903188679600858,97,-5.154710259282544,-2.9915132448839907,0.24748836666773522,14,0.5,1.1216102736185027,-1.1151930842360693,2.2743063692321517,1.4595268000000328,14,-1.0573129160226422,0.8081830123653065,-0.3900315844958202,21,-1.0272306347875257,1.9342463430889951,1.5811704674567606,16,-2.1316694764127613,2.4989353924471294,3.2352844067201625,16,-2.9915132448839907,0.24748836666773522,-2.86097037501456,16,-1.5215168872895422,0.41039895017809597,-1.283066506906061,14,1.6301164000000812,97,0.41237113402061853,COMPLETE
105,-9999.0,2026-04-28 14:19:14.563403,2026-04-28 14:19:21.899320,0 days 00:00:07.335917,2,49,12,6,40,0.8,17,85,10,3,2.62,1.262430530360531,0.04531197991745062,65,-2.3144263623308645,-2.0818181560145774,0.3168565952947346,7,0.6666666666666666,1.0260150697668065,-1.4124933784142675,0.3168565952947346,-1.0337325999999702,11,-2.0294493338143322,1.0783241355308932,0.12734621938470525,13,-0.5742897716348686,1.3159635358681447,0.24344475485622574,7,-1.2237808918261575,2.7034190477010207,1.9919845355101273,13,-2.0818181560145774,0.3728852258680516,-1.7626914436977392,12,-0.712742503999912,1.7871346419003407,0.7055204134513549,9,0.22859779999999663,65,0.35384615384615387,COMPLETE
106,-9999.0,2026-04-28 14:19:21.904161,2026-04-28 14:19:29.305881,0 days 00:00:07.401720,3,50,13,7,60,0.85,11,83,12,4,2.54,1.8063554520319443,0.9763201500855562,98,-2.881380056120915,-2.4685986030394673,0.5681209844001709,14,0.6666666666666666,1.4864557826746954,-2.2248251829386776,1.4110957699897446,1.3374672000000531,22,-1.8103042220393883,0.8650012404749394,-0.22552310247591079,15,-0.611168721558745,2.236329009205597,1.3893839352927984,15,-0.9492150581785832,3.740951942840411,2.731761784976383,16,-2.4685986030394673,0.5681209844001709,-1.2944131488290656,16,-1.7377921160020662,2.0166337652808033,1.9192442315490776,14,5.946022000000273,98,0.4387755102040816,COMPLETE
107,-9999.0,2026-04-28 14:19:29.310560,2026-04-28 14:19:36.676894,0 days 00:00:07.366334,2,36,11,5,39,0.95,16,80,14,5,2.46,3.6490873891194977,0.8899662579531693,23,-0.8748406708254072,-0.4746982923069329,0.0,2,0.8333333333333334,4.944582991364231,-0.4746982923069329,0.0,-0.3758000000000039,3,-0.46023155735671634,5.0,2.6935272755013395,7,-0.2561951844378555,2.579205902582438,0.24686571443053307,3,-0.3395788620449999,5.0,1.327596312016155,2,-0.30073941360557527,4.315318432134551,0.49240836319845993,2,-0.3585564022319605,5.0,0.9551998825725327,6,5.431020200000014,23,0.6521739130434783,COMPLETE
108,-9999.0,2026-04-28 14:19:36.681704,2026-04-28 14:19:44.070300,0 days 00:00:07.388596,3,35,12,7,46,0.95,11,87,11,4,2.4200000000000004,3.7152246860694533,0.9612331028543012,15,-0.7259586404404734,-0.7259586404404734,0.0,1,0.8333333333333334,5.0,-0.22063835006340543,0.0,-0.0977900000000087,1,-0.7259586404404734,5.0,2.169299958429294,4,-0.357012640196401,5.0,0.5446882827707888,1,-0.5125825218214993,5.0,2.3649118206259923,4,-0.13782890581015,5.0,0.5923075630534402,2,-0.20838699856193357,2.2913481164167204,0.19398099224630094,3,5.8795691999999455,15,0.8,COMPLETE
109,-9999.0,2026-04-28 14:19:44.075136,2026-04-28 14:19:51.497583,0 days 00:00:07.422447,3,52,11,7,56,0.8,14,84,13,3,2.7,1.16998056448984,-0.0001490296380413092,85,-3.255180080268082,-2.8672658056446876,0.440844364432197,9,0.5,0.9940868312382042,-1.67344571357567,1.0183439376288146,0.038892999999995403,13,-1.0126867600435245,0.6400993980552744,-0.5827223617917765,15,-1.413344818095276,1.1757095323360494,0.2506144831323276,12,-1.2058793516517774,2.9728361334666564,2.947841383791472,16,-2.8672658056446876,0.440844364432197,-2.314835733865006,20,-1.9392297734933395,0.7720500210200486,-0.34068494909526015,9,-0.0733010000000256,85,0.35294117647058826,COMPLETE
110,-9999.0,2026-04-28 14:19:51.502303,2026-04-28 14:19:58.873552,0 days 00:00:07.371249,2,36,13,7,36,0.85,13,78,11,4,2.72,1.7829867509016577,0.44000309330224546,69,-2.9683826960086286,-2.5508170639297547,0.2445637625156337,9,0.8333333333333334,1.3195273905360378,-1.1123583585565096,1.0863941896672327,0.11015000000003106,13,-0.8869166593540619,3.5898546457379323,2.495269860248972,12,-0.4473996231323436,1.7262017603249604,0.459947787158832,10,-0.9877499561242481,1.904000606865161,1.1560899306896744,11,-2.5508170639297547,0.2445637625156337,-2.3567071212435287,14,-0.6367892228960427,2.146905540299027,0.7752681029594921,9,2.6037648000000635,69,0.4492753623188406,COMPLETE
111,-9999.0,2026-04-28 14:19:58.878369,2026-04-28 14:20:06.311474,0 days 00:00:07.433105,3,40,10,6,49,0.9,9,82,13,5,2.74,2.756629738739214,1.24360512087782,71,-2.7572457915083457,-2.525199683211244,0.3133777864361939,8,0.6666666666666666,1.931009093525318,-1.2331629231166266,0.5254543410001151,-0.5486079999999949,8,-1.2399225120646147,3.0848200262390093,3.3714914719343403,19,-0.5932120627555952,5.0,2.900664340519432,13,-0.5147843248809492,5.0,2.703801878406775,9,-2.525199683211244,0.3133777864361939,-2.1410380873954526,13,-1.121425665727991,2.6161262787599675,1.175319121801821,9,7.570090799999951,71,0.5211267605633803,COMPLETE
112,-9999.0,2026-04-28 14:20:06.316291,2026-04-28 14:20:13.697272,0 days 00:00:07.380981,3,44,14,6,51,0.8,13,83,10,5,2.56,1.25668607381649,0.31574815992277777,89,-2.7390410851969924,-1.6918364945249658,0.2521127479884558,11,0.6666666666666666,1.1905954213344365,-1.208552392186171,1.0466812433785129,0.06212760000003925,12,-0.8905841593511132,1.3954375014237979,0.6939096905630882,19,-0.6171979316024166,2.068020496803417,1.0860249643287023,13,-1.2312748386702328,1.7842067094932357,1.6180647335858778,20,-1.6918364945249658,0.2521127479884558,-1.5563690183327594,11,-0.7564623282118316,0.9936577438115202,-0.009269010608281558,14,1.8784532000000187,89,0.4606741573033708,COMPLETE
113,-9999.0,2026-04-28 14:20:13.702514,2026-04-28 14:20:21.101859,0 days 00:00:07.399345,3,38,12,6,49,0.9,15,84,13,5,2.7800000000000002,2.4245276362960504,0.7344326258952482,43,-1.8814436738860136,-1.8814436738860136,0.4745810594868185,5,0.8333333333333334,1.8465977492554109,-0.6555405809833101,1.3797071295525956,0.19162300000001853,5,-1.3808157157677934,1.6824108980227561,0.8704735724263113,10,-0.6041011629592429,5.0,2.4534587740856706,9,-0.5331120483863474,3.514149969245666,1.3027074742581357,6,-1.8814436738860136,0.4745810594868185,-0.9968275140106342,6,-0.3872864310020493,2.4963167614684676,0.5851604486119877,7,4.45426399999993,43,0.5348837209302325,COMPLETE
114,-9999.0,2026-04-28 14:20:21.106555,2026-04-28 14:20:28.529469,0 days 00:00:07.422914,3,31,11,6,54,0.9,13,81,14,4,2.7800000000000002,2.845778340971519,0.972213927939621,37,-1.738633162319906,-1.738633162319906,1.7075815704383783,1,1.0,2.477162857057934,-0.05785699255980949,5.0,0.2635600000000071,1,-1.738633162319906,1.7075815704383783,0.7442610256408244,5,-0.6123672482621798,1.8332898500174175,0.7095477106788373,10,-1.1936852045508841,3.4191266089500862,2.178240187714642,8,-0.507954594303359,3.0170383367193065,1.4709649232015565,7,-0.7673603122164305,2.0976336797039288,0.4667097204018589,6,5.963542799999977,37,0.5405405405405406,COMPLETE
115,-9999.0,2026-04-28 14:20:28.534209,2026-04-28 14:20:35.935302,0 days 00:00:07.401093,3,32,10,6,44,0.9,12,82,15,5,2.7,2.8982924007645536,1.2803799397821576,47,-1.8992379695283161,-1.8992379695283161,0.5492054056196146,4,0.6666666666666666,2.4155683737645868,-0.655891650905135,0.5492054056196146,-0.22749800000000375,4,-1.6369619485686997,2.2084797390130135,2.071733151484967,12,-0.6037031749561389,3.9830999262924798,1.947313735427758,9,-1.159143713530012,5.0,3.012796137552143,7,-1.8992379695283161,0.6489693336622134,-0.7052114199018189,10,-0.0453917807221676,5.0,1.5831460341299008,5,7.87763799999992,47,0.5319148936170213,COMPLETE
116,-9999.0,2026-04-28 14:20:35.940052,2026-04-28 14:20:43.329716,0 days 00:00:07.389664,3,46,12,7,34,0.8,9,77,10,4,2.5,1.6846637582606883,1.3091767683393523,127,-2.312959566364754,-2.2374246252596057,0.5766613564312641,15,0.8333333333333334,1.576088160807561,-2.2374246252596057,0.5766613564312641,-1.3313450000000282,23,-1.2858243131037181,2.159634720454473,2.1145317122241547,22,-1.1367501225420857,1.9869724344264617,1.686193647791434,21,-1.0491541428533466,2.1085429352152714,2.011508388743599,21,-1.9392880105857526,1.247602932882133,0.6300541272468596,15,-1.6986694508610716,2.0285681701545264,2.7441177340300937,25,8.059410000000078,127,0.49606299212598426,COMPLETE
117,-9999.0,2026-04-28 14:20:43.334520,2026-04-28 14:20:50.715995,0 days 00:00:07.381475,2,58,10,5,60,0.95,15,86,10,4,2.3200000000000003,1.4496160812436214,0.2206251722135011,45,-3.390007734037162,-2.0506105861841544,0.2911658261643368,4,0.3333333333333333,1.1991424930949695,-2.0506105861841544,4.933961572408164,3.47659920000003,11,-1.1999623514317608,0.4274393015564563,-0.706030161068516,9,-0.581936872803335,0.43109588042287955,-0.3037594938273047,4,-1.2766248524992827,0.606001087218053,-0.4316128774934036,6,-1.7890788719982367,0.2911658261643368,-1.311976788597724,8,-0.4738733135139464,2.00803281969184,0.6005311542679248,7,1.2581524000000677,45,0.37777777777777777,COMPLETE
118,-9999.0,2026-04-28 14:20:50.720716,2026-04-28 14:20:58.097005,0 days 00:00:07.376289,2,37,12,7,37,0.85,13,84,13,5,2.7600000000000002,1.5915669656259765,0.5993798519884704,78,-1.7890846669830318,-1.6184067333227963,0.5550621706971512,8,0.6666666666666666,1.4123153596186235,-0.9221793097680867,1.3232125659463847,0.35104440000002235,12,-1.2359090250633304,1.956921245857205,2.0831009906260523,18,-0.9481513108080615,0.9612844402739689,-0.05114999437044743,14,-0.5377319772727452,3.0621805598594785,1.5598518166675124,8,-1.6184067333227963,0.5550621706971512,-1.0175583260793264,14,-0.5076021719289,1.6907408111216717,0.6709902250870092,12,3.618694000000011,78,0.4230769230769231,COMPLETE
119,-9999.0,2026-04-28 14:20:58.101887,2026-04-28 14:21:05.480496,0 days 00:00:07.378609,3,39,14,7,51,0.95,13,87,10,4,2.3600000000000003,2.331422009968924,0.5967542485226999,18,-1.2110202544605517,-0.9295170090178299,0.0,1,0.5,3.124649702655948,-0.9295170090178299,0.0,-0.44851000000001306,2,-0.38833735618723764,5.0,1.5983897378130552,4,-0.1766117837247842,3.9885320598135436,0.37741246697926556,3,-0.5154540494341863,5.0,2.8483168328066633,6,-0.8320318807729882,0.0,-0.6420748595598713,2,-0.2129891524191237,0.0,-0.15300868690290015,1,3.587003599999994,18,0.6111111111111112,COMPLETE
120,0.4251597454771566,2026-04-28 14:21:05.485484,2026-04-28 14:21:12.872840,0 days 00:00:07.387356,2,48,12,7,33,0.85,10,80,14,4,2.68,1.493433221289053,1.1680381522656342,116,-2.063872300754635,-2.063872300754635,1.019157533712701,17,1.0,1.460421857638101,-2.063872300754635,1.6781516633240146,2.0456784000000727,23,-1.0699471279328359,1.0858648027083406,0.17671733171609194,18,-1.3476530602432555,1.60617056189783,1.0118219344620982,17,-1.312390401047728,1.562425857156884,1.3860432555548918,20,-1.7609770363037625,1.019157533712701,0.07042743410763386,19,-1.8562959430298696,2.008828908934548,2.3175405577530173,19,7.193299600000214,116,0.3879310344827586,COMPLETE
121,-9999.0,2026-04-28 14:21:12.880306,2026-04-28 14:21:20.306742,0 days 00:00:07.426436,2,48,13,7,31,0.85,8,80,14,4,2.68,1.3117193577230868,0.724864189390384,135,-2.578637260323148,-2.578637260323148,0.7070528396210015,19,0.5,1.254367593407398,-2.2987234743949623,0.9691413359819058,-0.10687959999994279,31,-0.9829544929505585,1.1830425432961813,0.3979333095295301,21,-1.1556714373538572,0.7070528396210015,-0.6029959225980708,19,-1.3646992629576151,1.5800287624444551,1.3594378662253659,21,-2.578637260323148,0.8965353690799523,-0.4737615170964715,21,-1.6847560274335087,2.5345152959150243,3.775451000281893,22,4.359036400000171,135,0.4148148148148148,COMPLETE
122,-9999.0,2026-04-28 14:21:20.311620,2026-04-28 14:21:27.744990,0 days 00:00:07.433370,2,40,13,5,34,0.8,11,82,14,3,2.3800000000000003,0.9812380637745756,-0.3718481261223816,111,-4.23868026679805,-3.4363651138522444,0.16890273329187785,15,0.5,0.8607077913029169,-2.2673695579198814,0.16890273329187785,-2.1251073999999925,16,-2.5210599347217615,1.1503026520041264,0.46990457693745213,24,-1.156133640725932,0.7206576154390341,-0.5540497747964057,18,-1.4391999631272456,1.3393003550747575,0.7993249828355253,17,-3.4363651138522444,0.5572520239055746,-2.2381553546768407,21,-0.8606718871199271,1.9510130029320831,1.4169942129659718,15,-2.2690464000000743,111,0.36036036036036034,COMPLETE
123,-9999.0,2026-04-28 14:21:27.749822,2026-04-28 14:21:35.170128,0 days 00:00:07.420306,3,59,11,5,31,0.9,8,79,12,3,2.5,0.8285694321717205,-0.9060102564993714,88,-5.678362170357822,-3.3110863970068625,0.3302690053654422,10,0.16666666666666666,0.5942057339461728,-1.4992169786808707,0.472106397300307,-1.1685400000000068,15,-1.2453726778902254,0.48607064027789737,-1.133201917688953,17,-1.3731598247922392,0.4937852745371085,-0.8894705331511599,14,-1.2618700495922743,2.5411551574754716,1.414298088590038,10,-3.3110863970068625,0.3302690053654422,-2.9753077589022126,19,-1.8123645311074208,0.6480301180740966,-0.6838394178439344,13,-5.361714999999934,88,0.3181818181818182,COMPLETE
124,-9999.0,2026-04-28 14:21:35.175034,2026-04-28 14:21:42.503500,0 days 00:00:07.328466,2,59,13,7,38,0.85,15,78,11,4,2.6,1.4655203188636516,1.0067219708897273,92,-2.818064568713833,-2.603030306274252,0.12810010947114528,7,0.6666666666666666,1.4605139902054642,-2.0149967114805443,3.4881333007507584,4.378194000000013,17,-1.5275137582541576,1.3697965078400078,0.6525366783027842,17,-1.0763738414903545,0.12810010947114528,-0.8794081057079128,7,-1.9159706477256158,1.8724356873253536,2.4793297956314797,22,-2.603030306274252,0.6680748343773854,-1.104239370463611,15,-1.4037533616719955,1.266581473417259,0.5139188275756101,14,6.081230000000093,92,0.42391304347826086,COMPLETE
125,-9999.0,2026-04-28 14:21:42.508189,2026-04-28 14:21:49.915147,0 days 00:00:07.406958,2,48,11,6,45,0.8,12,81,10,4,2.68,1.1890015781692183,0.4917193080054949,113,-3.4044376517517203,-2.680111601619004,0.5957719659581153,15,0.6666666666666666,1.1861056780161325,-2.0569385819249586,1.582168236457656,1.7541543999999742,22,-1.7965601542794858,0.5957719659581153,-0.7155874905486748,15,-1.0275707330691766,1.0161600467973044,0.027345035993020517,17,-1.2191661181677542,1.2981559871724977,0.7314368883693634,19,-2.680111601619004,0.7672654058643693,-0.9936299649437763,20,-1.9348583479302077,1.874487826765366,2.1465969791630624,20,2.9447092000000508,113,0.3805309734513274,COMPLETE
126,-9999.0,2026-04-28 14:21:49.919942,2026-04-28 14:21:57.284790,0 days 00:00:07.364848,2,39,13,6,38,0.8,15,85,11,5,2.68,1.17573321863599,0.2910723206877593,78,-1.7010372611085525,-1.4842891537313962,0.5589692788617013,9,0.6666666666666666,1.1915790304978042,-0.9906304928527324,1.3773615410197044,0.442543200000034,14,-0.8907252189103867,1.6540816152484799,1.2217289217343996,17,-0.679380932616712,0.8141824936810296,-0.18004817381207516,9,-1.4842891537313962,1.3769894478424,0.7051151856027005,14,-1.3137505568187862,0.5589692788617013,-0.8006561736006002,10,-0.7124233843915323,1.2728149351626243,0.35775096420209707,14,1.7466356000000127,78,0.41025641025641024,COMPLETE
127,-9999.0,2026-04-28 14:21:57.289734,2026-04-28 14:22:04.665760,0 days 00:00:07.376026,2,52,12,7,35,0.85,12,80,14,5,2.58,1.8060576008619353,1.1402161001754545,105,-2.2664606683166046,-2.0431504089482893,0.47156897898507594,15,0.5,1.5517062180859147,-2.0431504089482893,4.122990367629931,5.621944800000023,18,-1.5570580716906857,0.47156897898507594,-1.4538990007311292,22,-0.7887361764943485,1.7592704334818556,0.9216683872708131,15,-1.072336018107888,2.7993567659992875,2.5745830343322895,16,-1.4740103074695872,0.7355754833680658,-0.7241051379854535,17,-0.9265782229400255,0.9475835757073954,-0.09889548183381613,17,6.864113599999899,105,0.4,COMPLETE
128,-9999.0,2026-04-28 14:22:04.671241,2026-04-28 14:22:12.074999,0 days 00:00:07.403758,3,33,13,6,55,0.9,11,81,15,5,2.8,2.698343684721342,1.3139567613241883,45,-2.0587407326683254,-1.8965862166507874,0.0,3,0.6666666666666666,2.511691779515532,-0.9066061757839066,0.0,-0.5225400000000047,3,-1.8965862166507874,2.4968923455313163,2.7164143515526096,13,-0.6011404993274779,4.706234657402421,2.5266530488253336,12,-1.152050295002068,4.427403356325632,2.7936757549817948,8,-1.1303612214801109,0.7748310288105689,-0.25677117527381776,4,-0.6328518907770612,3.7847007202581104,0.6263085878592145,5,8.084315999999925,45,0.5777777777777777,COMPLETE
129,-9999.0,2026-04-28 14:22:12.079978,2026-04-28 14:22:19.431125,0 days 00:00:07.351147,2,46,13,5,40,0.95,18,83,14,5,2.6,1.9117864885417484,0.1437173056424638,24,-0.9432207116522383,-0.7894812191173448,0.0,2,0.5,1.3663429091982373,-0.4487498696022347,0.5857210725348673,-0.21800599999998171,5,-0.6054066154026424,2.2380807642206344,0.6286565089088425,6,-0.7620177746884456,0.0,-0.4697474177685512,3,-0.4505465192898034,3.646917094494988,0.5210530850197292,3,-0.7894812191173448,0.0,-0.4579510363788897,2,-0.37475813189783225,5.0,0.8582986940736337,5,0.8565720000000221,24,0.4166666666666667,COMPLETE
130,-9999.0,2026-04-28 14:22:19.435981,2026-04-28 14:22:26.815347,0 days 00:00:07.379366,2,52,11,7,29,0.9,9,81,15,4,2.62,1.1639201925643687,0.2251584656999983,100,-2.4897068407488563,-2.3269841315233024,0.346510127387987,13,0.5,1.0964950406432594,-1.6785658972426016,0.346510127387987,-1.498961999999937,16,-1.2971744483089824,0.9094788363952669,-0.24520959870487635,22,-0.633885214927924,1.0363877407655502,0.04533566544364653,13,-1.3381370927232334,1.8640372909345848,1.830910109008288,17,-2.3269841315233024,0.8586537759229811,-0.5064925066752157,17,-1.6150179092951535,1.9684533839798415,1.7253691251280845,15,1.3153046000002222,100,0.39,COMPLETE
131,-9999.0,2026-04-28 14:22:26.820156,2026-04-28 14:22:34.177603,0 days 00:00:07.357447,3,34,11,7,47,0.8,15,90,10,4,2.66,2.4562235718264325,0.9650998240718263,56,-1.7221212202414342,-1.7221212202414342,0.5364953826780152,6,0.8333333333333334,2.0340774109605553,-0.533967834652607,1.6763320404758382,0.31213399999998614,7,-1.7221212202414342,1.818424285322879,1.4292871089752968,15,-1.0031905648366857,4.1025241427253825,2.0176828305731753,9,-0.9435014098684552,4.335127297063653,2.304477694902185,9,-1.0559819382483155,0.5364953826780152,-0.7486902002357909,10,-0.5877776917976011,2.2684382826928284,0.4757075102161057,6,5.897146999999947,56,0.5357142857142857,COMPLETE
132,-9999.0,2026-04-28 14:22:34.182469,2026-04-28 14:22:41.569779,0 days 00:00:07.387310,2,49,12,7,46,0.85,12,86,12,4,2.7600000000000002,1.4512030316009474,0.7567911435057398,100,-4.978732546119911,-3.0389648630893813,0.1897510713778272,14,0.6666666666666666,1.2931049596749562,-2.05229243919609,2.6402070005121026,4.548195600000038,20,-1.863887974195794,0.45531261433391307,-1.0252699186708902,14,-0.9846261729152083,2.525447949038814,2.0966962651495447,17,-1.1610985334421953,1.644267023358341,1.2309852732730109,16,-3.0389648630893813,0.1897510713778272,-3.0389648630893773,15,-2.0441828423679373,1.2522325309846867,0.7291045043721134,18,4.452355200000069,100,0.38,COMPLETE
133,-9999.0,2026-04-28 14:22:41.574636,2026-04-28 14:22:48.974660,0 days 00:00:07.400024,3,33,12,5,41,0.95,18,90,11,4,2.5,1.6666666666666667,0.5064218449409186,4,-0.7226814796417425,-0.7226814796417425,0.0,0,0.3333333333333333,0.0,0.0,0.0,0.0,0,-0.7226814796417425,5.0,2.609574999999964,3,0.0,0.0,0.0,0,0.0,0.0,0.0,0,0.0,5.0,0.42895606964554744,1,0.0,0.0,0.0,0,3.0497249999999365,4,1.0,COMPLETE
134,-9999.0,2026-04-28 14:22:48.979477,2026-04-28 14:22:56.394674,0 days 00:00:07.415197,2,31,10,7,49,0.9,16,89,10,4,2.56,2.959165837012936,0.7021191244038771,30,-1.7258035927871829,-1.0872728624233294,0.7314658074098176,2,0.6666666666666666,2.4989637068840898,-0.21427043061081327,2.0852719882384165,0.12548999999999477,2,-0.7243459002899634,5.0,1.9417325198607838,4,-0.1732141497748697,5.0,0.678541307405478,4,-1.0872728624233294,0.7809091601309418,-0.1679986669034017,4,-0.7010728266226237,0.7314658074098176,-0.21852155531461026,7,-0.7797804057069753,4.157348066298439,1.8534711413750182,9,4.262737999999899,30,0.5666666666666667,COMPLETE
135,-9999.0,2026-04-28 14:22:56.399455,2026-04-28 14:23:03.776021,0 days 00:00:07.376566,3,34,11,5,41,0.9,18,89,10,4,2.66,2.7154875465382413,0.3484277589798024,16,-1.6785156269234953,-1.6785156269234953,0.0,1,0.8333333333333334,2.211590106820983,0.0,5.0,0.34870259999999487,1,-1.6785156269234953,2.246989483011935,1.065776609253355,5,-0.1743264750501773,2.4076590261765567,0.20467076817130003,2,-0.6415010947201127,0.0,-0.2666449687578676,1,-0.13861003662631366,5.0,0.5239365650496763,4,-0.6184662731402228,1.6382767700409555,0.2141249801623557,3,2.103986799999946,16,0.5625,COMPLETE
136,-9999.0,2026-04-28 14:23:03.780825,2026-04-28 14:23:11.165995,0 days 00:00:07.385170,3,33,13,7,46,0.9,13,76,10,4,2.64,1.9504892092894188,0.8382206418909263,33,-1.662705383180995,-1.662705383180995,0.35411620067413435,3,0.6666666666666666,2.4125736987595237,-0.7663970729387951,0.6523263725336244,-0.1328600000000124,3,-1.662705383180995,1.7158578442412635,0.7956951605903706,6,-0.6137526241637139,2.8374673761989664,1.0770880681244765,9,-1.176632723426407,5.0,3.5149480184939907,7,-0.5148287761639528,0.35411620067413435,-0.30925944497492974,3,-0.8569923835309498,1.1431674620885248,0.08371204911166163,5,5.0844883999999535,33,0.5757575757575758,COMPLETE
137,-9999.0,2026-04-28 14:23:11.170745,2026-04-28 14:23:18.558488,0 days 00:00:07.387743,3,37,11,7,58,0.9,16,90,11,4,2.6,2.9807120480527947,0.8144783939286101,34,-0.8901449418033386,-0.8901449418033386,0.7353739276388442,3,0.8333333333333334,3.032789354552166,-0.22083725620780864,1.8108527956588631,0.15241599999999966,3,-0.8901449418033386,4.417895159392587,2.465432286725844,9,-0.811950331589144,2.2126034722730337,0.6452150047232541,7,-0.62311963824686,3.7075469333534397,1.045885869194385,5,-0.431442775471476,0.7353739276388442,-0.10876742648898707,5,-0.2101962223090063,5.0,0.6866886294171648,5,4.966327999999942,34,0.5882352941176471,COMPLETE
138,-9999.0,2026-04-28 14:23:18.563385,2026-04-28 14:23:25.927515,0 days 00:00:07.364130,2,30,14,6,37,0.85,14,84,14,5,2.56,1.8185971557726404,0.6974166513720051,47,-1.5100020456335446,-1.5100020456335446,0.4768244505949027,6,0.6666666666666666,1.7771706028075822,-0.8204211953745945,1.7688980747885295,0.40177999999999603,6,-1.5100020456335446,1.8639244741599226,1.4993212271734224,10,-0.5943670147452922,0.8379819009083324,-0.09469367309753451,6,-0.5381479909559687,4.262921586342201,2.0574771912608814,8,-0.8384839644097263,0.4768244505949027,-0.42569894087080007,6,-0.7831581639335965,1.7010324478419554,0.7463141037660659,11,4.2351911999999325,47,0.48936170212765956,COMPLETE
139,-9999.0,2026-04-28 14:23:25.932417,2026-04-28 14:23:33.332438,0 days 00:00:07.400021,3,32,13,5,50,0.95,15,88,14,5,2.54,2.5,0.7412663787959869,8,-0.7226814796417425,-0.7226814796417425,0.0,0,0.5,5.0,0.0,0.0,0.0,0,-0.7226814796417425,5.0,3.361369799999947,4,-0.1697670683031769,0.0,-0.15472898657347134,1,-0.339412458196312,5.0,0.7720704299708947,1,0.0,0.0,0.0,0,-0.12798310590771064,5.0,0.46888702937855076,2,4.485861799999968,8,0.875,COMPLETE
140,-9999.0,2026-04-28 14:23:33.337269,2026-04-28 14:23:40.721660,0 days 00:00:07.384391,3,44,13,7,33,0.95,10,78,10,3,2.3400000000000003,2.1431683298818496,0.30360715507643893,37,-2.5753980590756744,-1.789071388090276,0.25242113282467615,5,0.6666666666666666,1.4236134685484705,-1.3498516211753182,0.25242113282467615,-0.6476499999999996,5,-1.789071388090276,0.32259179662106796,-0.891491746294859,7,-0.4239011293503283,3.9176183727605682,0.8154025213332972,6,-0.6868860162304489,4.6815545998589,1.6298382566959368,6,-0.6639596105369971,1.296933094579209,0.2712021777627527,6,-0.31981047900862336,2.3878909826466774,0.6443417209615054,7,1.8128962000000248,37,0.4594594594594595,COMPLETE
141,-9999.0,2026-04-28 14:23:40.726456,2026-04-28 14:23:48.172193,0 days 00:00:07.445737,2,48,11,7,45,0.8,8,84,13,4,2.7800000000000002,1.5729345850948382,1.7719322617110531,181,-4.571451930719691,-4.571451930719691,0.6912798590237417,26,0.8333333333333334,1.4427217264640848,-2.0582672622236022,2.7481517088782366,6.778790400000068,36,-1.452346200934937,1.0059886473682076,0.018822277275076793,30,-1.31233628757116,1.2284696231735437,0.6175461267861726,26,-1.1817292676849718,1.7191491689991474,2.1160201116299016,28,-4.571451930719691,0.6912798590237417,-2.20798855156753,31,-1.796108605182356,2.044568503126152,3.3084032061426294,30,10.859614200000077,181,0.3867403314917127,COMPLETE
142,-9999.0,2026-04-28 14:23:48.177029,2026-04-28 14:23:55.563779,0 days 00:00:07.386750,2,57,10,5,42,0.8,15,84,12,4,2.66,1.2588969518462092,0.20481077222204344,114,-5.72549051690492,-3.847453460191716,0.4402321184693171,13,0.5,1.059896795465575,-2.016175946340639,3.5838094079309473,4.884226600000008,20,-1.1839038595834337,1.040942064780201,0.05531718341338365,13,-1.2461679630485782,0.4402321184693171,-0.9959483847752026,14,-3.146390495733707,0.817927335440659,-0.7295799232076794,23,-3.847453460191716,0.5964498786660725,-2.215382744393102,24,-2.072137229465554,1.0740209057900585,0.2302319022948529,20,1.0863362000000265,114,0.38596491228070173,COMPLETE
143,-9999.0,2026-04-28 14:23:55.568725,2026-04-28 14:24:02.960552,0 days 00:00:07.391827,2,46,14,6,44,0.8,9,86,11,5,2.66,1.4653125464436607,0.9943209484476153,124,-3.698990315276544,-2.8722625299152966,0.16097551966722212,11,0.8333333333333334,1.3849705085014512,-2.043837469871515,3.7265526448963913,6.626968000000044,24,-1.3733881397369685,1.0850368480725836,0.23071855517835527,27,-0.6182556320774747,1.1065959706768231,0.11456029798482259,11,-1.1877650538934041,1.2271894689628935,0.5964977364981916,23,-2.8722625299152966,0.16097551966722212,-2.7435633749856803,17,-1.3411114192515508,1.4855248263860508,1.1407444760099583,22,5.874777000000009,124,0.3951612903225806,COMPLETE
144,-9999.0,2026-04-28 14:24:02.965644,2026-04-28 14:24:10.358364,0 days 00:00:07.392720,2,48,11,6,44,0.85,12,83,14,4,2.68,1.388784161305096,0.7869468872216272,100,-4.181499411090899,-2.7373492830571515,0.30271023546372794,14,0.5,1.332660973163897,-2.057340388464691,2.6367559703846766,4.410320800000012,21,-1.1298590981445449,0.8536899920534889,-0.2398238010202114,14,-1.1190190143835395,0.6918275465417335,-0.46040396344390055,14,-1.1743409173543726,2.0822929693699304,1.9732361355260242,17,-2.7373492830571515,0.30271023546372794,-2.6076917796229893,17,-1.9031960373062702,1.7654282540170185,1.6460439318908282,17,4.664126400000135,100,0.39,COMPLETE
145,-9999.0,2026-04-28 14:24:10.363239,2026-04-28 14:24:17.809049,0 days 00:00:07.445810,2,42,12,6,52,0.95,12,87,10,5,2.62,2.51601294818695,0.5408149467219403,32,-1.1374362545972203,-1.1374362545972203,0.42772229257283645,5,0.6666666666666666,2.0320620137393934,-0.9292142652992444,0.42772229257283645,-0.41577119999999246,5,-0.45816921746708705,5.0,1.4937499822260891,6,-0.35470891953893474,1.8710534854246168,0.3399867303399917,6,-0.4379246744093124,5.0,1.9242137023475658,5,-1.1374362545972203,0.6009722891668263,-0.456508261636257,5,-0.3660511771018708,2.1963296219574233,0.3592187270542446,5,3.264587600000035,32,0.5,COMPLETE
146,-9999.0,2026-04-28 14:24:17.813834,2026-04-28 14:24:25.202820,0 days 00:00:07.388986,2,35,13,6,34,0.9,9,85,10,5,2.66,2.399300687499333,0.7620599167351175,49,-2.0491549158355293,-2.0491549158355293,0.12569813217184478,6,0.8333333333333334,1.9465487396110792,-0.35503255205457546,1.5268881434434098,0.30942560000000174,8,-2.0491549158355293,3.243636430434642,2.435246324449092,11,-0.3526353243259917,5.0,1.2497386041552705,8,-0.5311535738228768,2.7493256689902754,1.196389824597155,6,-1.38431367886504,0.12569813217184478,-1.1897631532667097,6,-0.9380620358323407,1.7502557499558233,0.571322300475896,10,4.62276419999994,49,0.5102040816326531,COMPLETE
147,-9999.0,2026-04-28 14:24:25.207567,2026-04-28 14:24:32.540677,0 days 00:00:07.333110,3,31,10,7,40,0.8,18,83,11,5,2.52,1.6244348631523795,0.389732556330243,54,-3.099379086235863,-2.658634824684817,0.3247259115671271,6,0.6666666666666666,1.309328852856566,-0.7529821970845908,1.0599851845396349,0.04129799999998962,8,-0.7249531725977103,3.746409809451753,3.669528158261115,14,-0.6543869672502394,1.394001763175425,0.35335891018009047,8,-0.5337750023110749,2.6848432176188815,0.6556523320407015,6,-2.658634824684817,0.3247259115671271,-1.9286599787919911,11,-1.0854575169100356,0.5366432925614552,-0.4527820837084473,7,2.2755343999999234,54,0.42592592592592593,COMPLETE
148,-9999.0,2026-04-28 14:24:32.545536,2026-04-28 14:24:39.906135,0 days 00:00:07.360599,3,53,11,7,60,0.85,13,78,11,5,2.7,1.2811734540092445,-0.08481450567102884,94,-5.613941116529049,-3.7512744306112733,0.2534735001741977,12,0.5,0.9511094056919795,-1.1285324855418286,1.165736567409836,0.2467370000000635,14,-1.4418306747745033,0.42087576473321514,-1.1935720162143504,16,-1.3195559235880725,1.6121731239163175,1.2190654397334466,17,-1.106064711844996,3.8843959289141936,3.8189343388833397,17,-3.7512744306112733,0.2534735001741977,-3.35565281805128,18,-1.5940213111304766,0.3503858389077076,-1.2443989783773923,12,-0.6580849999999083,94,0.3829787234042553,COMPLETE
149,-9999.0,2026-04-28 14:24:39.910935,2026-04-28 14:24:47.291904,0 days 00:00:07.380969,3,38,11,7,47,0.9,12,80,14,5,2.7800000000000002,3.0566947865913394,1.1204218866744518,60,-2.7951858417764397,-2.513464674486231,0.27545442613769355,6,0.6666666666666666,1.9257224824068855,-0.9277478205753347,0.7304919374298536,-0.25688699999998343,7,-1.2336881394588868,3.2451720225660003,2.8767872925722804,13,-0.5932258389859583,4.357439202919098,2.994954897809321,14,-0.5158347022464559,5.0,2.5912349325914796,8,-2.513464674486231,0.27545442613769355,-2.2911697883858606,12,-0.21473054055611338,4.73161113049539,0.8076109854594726,6,6.7956732000000075,60,0.5,COMPLETE
150,0.46890711030075277,2026-04-28 14:24:47.296814,2026-04-28 14:24:54.722255,0 days 00:00:07.425441,2,42,11,7,55,0.85,10,83,15,4,2.68,2.072288666944602,1.7834871587721566,125,-1.839340479277635,-1.7722810692489863,1.0162366884150695,16,1.0,1.7727810426330373,-1.618042749617205,1.7582621386775739,1.6833192000000663,21,-1.4698810319451696,1.6138080077331225,1.5736948917380422,25,-1.214863191267638,2.4175650887226547,2.337448185966129,21,-1.340420427795693,1.737559360276593,1.719513624093616,20,-1.7722810692489863,1.0162366884150695,0.06355939147624223,22,-0.8507777865209145,3.8903007178425972,3.323387659358845,16,11.158942800000249,125,0.456,COMPLETE
151,-9999.0,2026-04-28 14:24:54.729758,2026-04-28 14:25:02.148863,0 days 00:00:07.419105,2,50,10,7,57,0.85,10,83,15,4,2.68,1.4166073959421246,1.01872360272184,143,-5.472929527539876,-3.5583210556428777,0.25897609313616743,20,0.6666666666666666,1.3152621526004815,-2.029681135665263,2.7243096606821884,5.849030800000055,28,-1.6226127957249779,0.8166920686333363,-0.541084595363095,28,-1.296266589445355,1.2677118193420247,0.5738511055926265,20,-1.6428854456019037,1.496862846812848,1.194099073298771,24,-3.5583210556428777,0.25897609313616743,-3.464579453511618,22,-1.876744993784402,1.9350918870461824,2.5010246863143015,21,6.019505200000164,143,0.36363636363636365,COMPLETE
152,-9999.0,2026-04-28 14:25:02.153801,2026-04-28 14:25:09.537506,0 days 00:00:07.383705,2,41,13,7,54,0.85,13,83,15,4,2.64,1.7554884754962032,0.5452256509478355,84,-3.5289266794639893,-3.1170557779369132,0.19087707111452143,10,0.6666666666666666,1.321441326071217,-1.264022891966101,0.7834572066109725,-0.2862803999999275,13,-1.0290875428301258,2.2109469722071466,1.8325895446788865,15,-0.7992926141394902,1.4968748597501385,0.6541905133574666,15,-0.8311919116267266,3.4483491461100546,2.840487735479713,14,-3.1170557779369132,0.19087707111452143,-2.9256098505968886,17,-0.5782205338039637,2.402425597184387,1.1559763627677633,10,3.2128832000000607,84,0.44047619047619047,COMPLETE
153,0.5175721067691256,2026-04-28 14:25:09.542376,2026-04-28 14:25:16.962398,0 days 00:00:07.420022,2,39,11,7,55,0.85,8,83,15,4,2.64,2.359664469571797,2.2757959988386,133,-1.3806028891745068,-1.3806028891745068,1.0804504442812564,19,1.0,2.0658843873810464,-1.3355272344262572,1.5477005801613246,1.04506200000003,21,-1.0180653175055998,2.2485413629496294,3.2631583718559343,29,-0.8768853430726956,2.3580277926624698,1.8216611977576846,20,-1.036876489083011,2.767730378080247,3.2099413979747915,19,-1.3806028891745068,1.0804504442812564,0.31070802795925,25,-0.8252598849247617,4.1555362592958565,4.004244997483908,19,14.39856320000008,133,0.49624060150375937,COMPLETE
154,-9999.0,2026-04-28 14:25:16.969775,2026-04-28 14:25:24.392829,0 days 00:00:07.423054,2,36,11,7,55,0.9,11,82,15,3,2.62,1.5704166440151786,0.4329432210294711,74,-2.489606235761054,-2.124336935194158,0.3854871010502734,6,0.6666666666666666,1.2637984747787223,-1.5247135399321547,0.3854871010502734,-0.6026527999999809,6,-1.7934322468918316,1.932690697159491,1.8644177658698302,17,-0.3679134413331956,3.7596383395373523,1.5449260516950059,14,-1.6661067690020652,1.2924985754985614,0.4793101000888145,10,-2.124336935194158,0.49962721456691184,-1.4959903753971493,13,-0.8880024295157506,1.5525579362784807,0.8076485839203063,14,2.5839852000000496,74,0.4594594594594595,COMPLETE
155,-9999.0,2026-04-28 14:25:24.397696,2026-04-28 14:25:31.823169,0 days 00:00:07.425473,2,33,11,7,55,0.85,10,83,15,4,2.62,1.9821358142594878,1.6704616099378846,110,-2.0253466046430098,-1.6395004735358396,0.8423596524171572,13,0.8333333333333334,1.8396642171393718,-1.1298549363955426,0.8423596524171572,-0.24345659999999159,13,-1.6395004735358396,2.561833017241407,3.6322956635243653,24,-0.7923924746851942,2.461665600909472,1.5919685274509376,14,-1.3524486311306505,2.0503162227452214,1.9291274342727371,18,-1.285418368342602,1.1071033617133677,0.3897804516304282,22,-0.873346301632022,2.869537030530301,2.7230541827488297,19,10.395563600000003,110,0.4818181818181818,COMPLETE
156,-9999.0,2026-04-28 14:25:31.828069,2026-04-28 14:25:39.636513,0 days 00:00:07.808444,3,30,11,7,55,0.9,17,82,11,5,2.7800000000000002,1.4938324968539798,0.11779647399384197,24,-2.1435728375173584,-2.1315457822047454,0.0,2,0.3333333333333333,1.1624664232206525,-0.7546065050909174,0.0,-0.5042600000000119,3,-2.1315457822047454,0.7506033326653566,-0.32522216529069503,5,-1.015693632367936,0.21981841087797147,-0.7243565290257159,6,-1.224864003704736,5.0,2.0165121553086474,4,-0.9997122564156061,0.8532502654707219,-0.12933783797607346,2,-0.8072747807102394,2.1393229721098295,0.37344322094690074,4,0.6838227999999669,24,0.375,COMPLETE
157,-9999.0,2026-04-28 14:25:39.641580,2026-04-28 14:25:47.487394,0 days 00:00:07.845814,2,42,11,6,52,0.8,13,85,12,5,2.4800000000000004,1.825093510787961,1.2881774630411218,111,-2.3219183260445977,-2.0383096062787476,0.6574917649577953,15,0.8333333333333334,1.6662227370466798,-2.0383096062787476,3.5884811280251747,3.436545200000052,15,-1.1017225038695597,1.754951533708965,1.6113469342747821,21,-0.5665601068293235,1.6457733023496106,0.7852813952686999,16,-1.2423946362308722,1.9147363963582382,2.120820541354873,22,-1.4003522934461339,0.6574917649577953,-0.8871953872390703,18,-0.9269521927420822,1.3891269393279826,0.6622660945873937,19,7.925505599999982,111,0.46846846846846846,COMPLETE
158,-9999.0,2026-04-28 14:25:47.492311,2026-04-28 14:25:55.355355,0 days 00:00:07.863044,2,43,11,7,56,0.85,9,83,15,4,2.46,1.9649140085702415,1.6850198872228976,135,-2.10281823711184,-1.969223274963396,0.9304737284793135,19,0.8333333333333334,1.6831595896170333,-1.969223274963396,1.3673479540854652,1.0381694000000108,24,-1.1330035420979077,1.8150749881658554,2.096137541462628,28,-1.212016313973143,2.533456283812427,2.3850643381053915,21,-1.3730685486939498,1.4705950590924057,1.1853232235025546,21,-1.7969079333357558,0.9304737284793135,-0.273811777985844,22,-0.854935248307875,3.6725360377859815,3.6792365982526443,19,10.49685640000002,135,0.4740740740740741,COMPLETE
159,-9999.0,2026-04-28 14:25:55.360481,2026-04-28 14:26:02.985811,0 days 00:00:07.625330,2,32,14,5,39,0.95,17,79,13,4,2.64,0.7907243142225733,0.08704171550190838,11,-1.6862608388711773,-1.6862608388711773,0.0,0,0.5,1.3090778022811953,-0.21478656658878073,0.0,-0.1156299999999999,1,-1.6862608388711773,1.7606622670988543,0.6531448313685129,4,-0.17018114998131886,1.1153891027884197,0.0196743957918466,2,-0.4624185831322576,0.687223703703731,-0.08398220576794069,2,0.0,0.0,0.0,0,-0.3930713441301115,1.1810708117444344,0.04904327161903144,2,0.5213648000000015,11,0.45454545454545453,COMPLETE
160,-9999.0,2026-04-28 14:26:02.990917,2026-04-28 14:26:10.656089,0 days 00:00:07.665172,2,30,14,6,57,0.8,16,81,15,5,2.4200000000000004,1.978925132118767,0.9620956437945841,70,-1.4207353443754966,-1.2858522920076652,0.5535236133942698,7,0.8333333333333334,1.766042353360232,-1.1036779042414913,1.0899877104075106,0.06516820000002088,7,-1.1304682052819304,2.4304462415532733,3.139385718835963,18,-0.7338614999120484,1.7271893004772396,0.4414785497080631,8,-0.5252935285838718,5.0,2.700643494133881,10,-1.2858522920076652,0.5535236133942698,-0.6964638245554378,12,-0.9841281738860803,1.072403926880308,0.12236172464501482,15,5.849675600000026,70,0.4857142857142857,COMPLETE
161,-9999.0,2026-04-28 14:26:10.660922,2026-04-28 14:26:18.457456,0 days 00:00:07.796534,3,39,11,7,52,0.85,14,85,11,4,2.7800000000000002,2.0513477186636657,0.9393226951563953,67,-3.093407952109859,-2.1251956960818696,0.18418239507265993,8,0.6666666666666666,1.7719151291361686,-0.3478516050522245,2.078683453237428,0.5397732000000266,9,-1.3923014834747274,1.81823943317597,1.4978275284194265,15,-0.7288366086115171,2.3949995680131813,1.1075848952892597,11,-0.6026193656180557,5.0,4.614076445013282,13,-2.1251956960818696,0.18418239507265993,-1.943830434504834,11,-1.4580184270268295,0.8319814624827542,-0.1794954632787893,8,5.6484658000000465,67,0.5074626865671642,COMPLETE
162,-9999.0,2026-04-28 14:26:18.462365,2026-04-28 14:26:26.230534,0 days 00:00:07.768169,3,37,14,6,39,0.85,16,83,13,5,2.3800000000000003,1.9427329841611563,0.5207143722277541,46,-1.3260144381271042,-0.9513863530797353,0.5781898473767575,5,0.6666666666666666,1.6780076285269037,-0.15766607831715576,3.563603496010074,0.47224140000001746,5,-0.6621305912834454,2.059473761950806,1.5706055503605043,13,-0.673862845044858,1.8693049021922223,0.4689975128334689,6,-0.5386992323932183,2.8976980912093695,1.238264803703526,8,-0.9513863530797353,0.6881278062277086,-0.24759655336761277,6,-0.6039437462395184,0.5781898473767575,-0.37822648016337945,8,3.149833600000007,46,0.5,COMPLETE
163,-9999.0,2026-04-28 14:26:26.235266,2026-04-28 14:26:34.116217,0 days 00:00:07.880951,2,41,10,5,34,0.85,10,84,15,4,2.68,1.6290405213679822,1.0722069083330732,108,-2.7114510616927117,-1.8042975556763283,0.9353626419437615,16,0.8333333333333334,1.5326900267530916,-1.0762010167955844,1.127560934448779,0.21164400000004413,17,-1.0656445260339744,2.005494325473072,2.2049473612069104,23,-0.7868501148916445,1.4752182898140078,0.7139693597593144,17,-1.23577513299615,1.2786048927792766,0.5563238117247238,16,-1.8042975556763283,0.9353626419437615,-0.2062815721768363,18,-0.8862776402760316,2.9520020437489958,2.9526384894842828,17,6.568755200000154,108,0.46296296296296297,COMPLETE
164,-9999.0,2026-04-28 14:26:34.121222,2026-04-28 14:26:41.963758,0 days 00:00:07.842536,2,41,13,5,50,0.8,8,85,11,5,2.52,1.7112568985202328,1.0920297847469544,120,-3.133249790833724,-2.5143955989319218,0.2750759874977366,14,0.8333333333333334,1.47972907856287,-2.044930298745618,2.6532673043703903,3.952747200000073,23,-0.7098488522433618,1.7297849350339916,1.4150714046737178,20,-0.45206691317218295,2.60641438010199,1.312254556735959,14,-1.5557504664675965,1.204486134784913,0.5222948455540388,21,-2.5143955989319218,0.2750759874977366,-2.3848990859306474,17,-1.3318312882319716,1.7985126493323758,1.734709787448585,25,6.622535200000046,120,0.43333333333333335,COMPLETE
165,-9999.0,2026-04-28 14:26:41.969086,2026-04-28 14:26:49.920251,0 days 00:00:07.951165,3,31,11,6,58,0.95,11,88,13,5,2.7800000000000002,2.5,0.15580524446381175,8,-1.7633564774306105,-1.590017250622583,0.0,0,0.5,1.9160650233072924,0.0,0.0,0.0,0,-1.590017250622583,0.0,-0.8576599999999934,2,-0.26218253026646615,0.0,-0.1562400080530768,1,-0.3531106122694661,5.0,1.0813648681085475,2,-0.20184183460126,5.0,0.4927639094691294,1,-0.007345529109017232,5.0,0.3746026972582639,2,0.9275708000000105,8,0.625,COMPLETE
166,-9999.0,2026-04-28 14:26:49.925262,2026-04-28 14:26:57.659319,0 days 00:00:07.734057,2,38,14,5,38,0.9,15,84,12,3,2.3800000000000003,1.6011663112571217,0.21047975460924037,36,-1.9124931465552295,-1.9124931465552295,0.803639821793555,2,0.8333333333333334,1.2833538147014023,-0.09708680713905116,2.4701707695719817,0.13258000000002657,2,-1.9124931465552295,0.803639821793555,-0.3041533534839158,10,-0.32657511212459855,1.3674297485501572,0.16438049598803683,6,-0.8216131963257024,1.711941911266972,0.5785339815353341,6,-0.6492958760757035,1.1163264044364687,0.12347503957057526,6,-0.37693051111603,2.137489211923595,0.5680623640453852,6,1.2667984000000132,36,0.4444444444444444,COMPLETE
167,-9999.0,2026-04-28 14:26:57.665139,2026-04-28 14:27:05.390074,0 days 00:00:07.724935,2,53,11,6,42,0.8,14,87,10,5,2.62,1.2732046524629586,0.569666630539443,107,-2.3070168494999432,-2.0482681763742847,0.40763493316926047,15,0.5,1.2470462032055796,-2.0482681763742847,3.2319166680928255,3.912527600000004,18,-1.2174759423024257,0.40763493316926047,-1.1767033564103468,17,-1.1717421244877342,0.5627970197573143,-0.7417181728768152,15,-1.3289879119659733,1.639411716160267,1.8243111538077894,23,-1.5837716487292894,1.0565217272628018,0.1596128977354283,18,-0.897130639346271,0.7409458503352824,-0.5600303390194017,16,3.371091199999987,107,0.37383177570093457,COMPLETE
168,-9999.0,2026-04-28 14:27:05.395748,2026-04-28 14:27:13.200749,0 days 00:00:07.805001,2,40,13,6,48,0.8,9,82,10,5,2.54,1.2862908699357773,0.45076967917252647,117,-2.894436259585536,-2.126397881055311,0.3238857705759082,12,0.8333333333333334,1.1906807906817245,-1.7925693544720793,1.0797460847647145,0.20627840000000397,22,-1.1175988638779044,1.6735311355940823,1.5642419068224722,22,-0.4681932620789615,1.5873959781957656,0.5685762950242923,12,-1.5455162959435147,1.1327890799753029,0.3909213337084383,22,-2.126397881055311,0.3238857705759082,-1.9905498031075886,15,-1.3821791288631105,1.920397170508891,1.9651499425875407,24,2.6862327999999325,117,0.41025641025641024,COMPLETE
169,-9999.0,2026-04-28 14:27:13.205698,2026-04-28 14:27:20.974858,0 days 00:00:07.769160,2,58,10,7,38,0.95,15,90,11,4,2.4000000000000004,2.3633267265608975,0.7158579295061566,38,-2.0446936664657094,-2.0446936664657094,0.4438000595620765,3,0.6666666666666666,1.9879040686481289,-2.0446936664657094,5.0,3.6996740000000194,10,-1.1973884838704851,0.4438000595620765,-0.6843801649752179,9,-0.4956378319597162,1.9501275975209613,0.5061075168345974,4,-1.2631495594017652,0.6281268658711452,-0.4031350651534371,6,-0.1978084374293405,3.2200666629003134,0.38118056307563375,3,-0.4037129080046612,2.9378391735108877,0.795700727255344,6,4.310343999999988,38,0.4473684210526316,COMPLETE
170,-9999.0,2026-04-28 14:27:20.979795,2026-04-28 14:27:28.768010,0 days 00:00:07.788215,3,30,11,7,43,0.9,17,86,10,4,2.66,1.985796729613824,0.1633469194262475,19,-1.6834169059557855,-1.6834169059557855,0.0,1,0.6666666666666666,1.385850833471116,-0.05785699255980949,5.0,0.2513200000000104,1,-1.6834169059557855,0.8827686064042559,-0.12332346347161405,4,-0.6238288787182557,0.0,-0.3812731652585777,2,-0.9711375282211798,2.185598712014442,0.7678120060693905,6,-0.21434301858075439,1.6942910360882721,0.08900388895478617,2,-0.8049256573979189,2.1521220231759735,0.37654225026348964,4,0.9800533999999583,19,0.47368421052631576,COMPLETE
171,-9999.0,2026-04-28 14:27:28.773049,2026-04-28 14:27:36.643656,0 days 00:00:07.870607,3,53,13,5,60,0.95,14,88,13,4,2.22,2.333673005008182,0.295123224689986,29,-1.8288314887315618,-1.4437274493519454,0.09406449381862983,1,0.5,1.5015798689480395,-0.7112644715063823,5.0,2.1374834000000176,6,-1.4437274493519454,0.09406449381862983,-1.0259657523537413,6,-0.5683734440679413,0.33496560896825045,-0.34623506497274414,5,-0.8269116032311609,3.4020335289186128,1.4222939952255098,8,-0.8915797338633035,0.1709743983435976,-0.6975676870021874,3,0.0,5.0,0.28073045724306134,1,1.744499799999999,29,0.41379310344827586,COMPLETE
172,-9999.0,2026-04-28 14:27:36.648647,2026-04-28 14:27:44.457324,0 days 00:00:07.808677,3,51,12,5,56,0.95,16,88,12,4,2.2600000000000002,1.4618184780678696,0.03215134992372026,20,-0.9465889643219226,-0.8080324908357046,0.0,1,0.3333333333333333,1.0843384135087817,-0.31179734551557137,0.0,-0.24060999999998556,2,-0.6208367893540415,0.8034311232805689,-0.12089769193653899,6,-0.19633909649620493,0.6534728732875152,-0.09570650798554903,3,-0.8080324908357046,1.9808870352930514,0.6591937309159634,6,-0.4487112891794212,0.3331198365460808,-0.2996846103379802,2,0.0,5.0,0.2906131788864119,1,0.18964420000000537,20,0.4,COMPLETE
173,-9999.0,2026-04-28 14:27:44.462232,2026-04-28 14:27:52.275565,0 days 00:00:07.813333,2,33,12,7,57,0.9,14,88,12,4,2.7,3.4570737346040112,1.2401205580156782,37,-1.7319974364465511,-1.7319974364465511,1.7457131209231909,3,1.0,3.4489188514676474,-0.21423994096145108,4.916301997751574,0.45284199999999775,3,-1.7319974364465511,2.0450503474157657,1.39993251758872,8,-0.17357208424611992,1.7457131209231909,0.23345284546654188,4,-0.6630683520516458,2.867934119560783,0.989760639859516,5,-0.260803821777622,4.167442821972755,1.6346330528950404,8,-0.3755532386586367,5.0,2.7301022922842533,9,7.653801999999965,37,0.6216216216216216,COMPLETE
174,-9999.0,2026-04-28 14:27:52.280548,2026-04-28 14:28:00.154097,0 days 00:00:07.873549,2,40,12,7,53,0.85,8,80,14,3,2.7,1.9242857724707896,1.5154791853061365,141,-3.2667310117135995,-2.3391582434988365,0.6413497755078593,17,0.8333333333333334,1.5640132911220546,-2.2698133463890247,0.6413497755078593,-1.2197729999999685,26,-2.3391582434988365,1.1347716378002313,0.45310890002316917,29,-1.0131675919159375,3.3992530841372917,3.5965411672044034,23,-1.0650128539965587,3.556150290065242,3.8405198663324702,17,-1.1199709190215146,1.2216970982298259,0.8049857294287754,21,-1.4956880272562312,1.592492749084286,1.617492448847968,25,9.344262000000047,141,0.41134751773049644,COMPLETE
175,-9999.0,2026-04-28 14:28:00.159102,2026-04-28 14:28:07.953995,0 days 00:00:07.794893,2,54,10,5,58,0.9,15,78,11,4,2.4400000000000004,0.9714622257928704,-0.004281141861075162,74,-3.353447752659321,-2.1338474175024307,0.2043680756705396,8,0.3333333333333333,0.9940665926496611,-2.0639761634590927,2.45706113436208,2.269926400000033,15,-1.4388889567233418,0.2635906238413729,-1.0487450590362268,10,-1.0307550134406918,0.2043680756705396,-0.9608683962748943,8,-1.3653384156195014,0.8258309295770928,-0.2632720326610771,12,-2.1338474175024307,0.8813007468016121,-0.36746120424303585,16,-1.6369247450954756,1.1966218445045254,0.34473344104875014,13,-0.06284759999994893,74,0.33783783783783783,COMPLETE
176,-9999.0,2026-04-28 14:28:07.958990,2026-04-28 14:28:15.749014,0 days 00:00:07.790024,2,52,12,6,58,0.85,16,85,11,5,2.4800000000000004,1.8301355634756735,0.8862798090662761,83,-2.310123033554003,-2.0390955751665927,0.2953182317963773,10,0.6666666666666666,1.5623863583824777,-2.0390955751665927,4.6370086274662725,3.747682800000085,14,-1.305174028290935,0.2953182317963773,-1.2416736116249827,14,-0.8605305299117146,1.4787464362278135,0.42283722335521023,10,-1.0944965415003776,2.4418027795664723,2.2413704092083764,15,-1.6034283343319684,0.8355311831474547,-0.36321247818755786,15,-0.7774907949243259,1.2924061226496495,0.510674511646525,15,5.352096000000084,83,0.40963855421686746,COMPLETE
177,-9999.0,2026-04-28 14:28:15.753988,2026-04-28 14:28:23.637203,0 days 00:00:07.883215,3,51,12,5,33,0.95,9,90,11,3,2.3400000000000003,2.078882959847689,0.15953288671972654,39,-1.7060680058015933,-1.2048934153515256,0.3413814247892619,3,0.3333333333333333,1.2144730220151347,-1.2048934153515256,0.3413814247892619,-0.8657146000000115,8,-0.6868398706942606,0.7611858313050843,-0.1949817857868852,9,-0.3871729828796466,0.6300461937607111,-0.17726869032106407,6,-0.645716429557167,5.0,1.9472948031555637,7,-0.9695361245437785,0.7406843092310765,-0.3089855296958044,6,-0.10612910410151802,5.0,0.5568531229665608,3,0.9367001999999847,39,0.4358974358974359,COMPLETE
178,-9999.0,2026-04-28 14:28:23.642129,2026-04-28 14:28:31.419571,0 days 00:00:07.777442,2,44,12,7,39,0.85,17,83,13,4,2.5,2.2680589573298633,1.4890602682398395,67,-2.0445116451023835,-2.0445116451023835,0.9944277403751917,9,0.8333333333333334,2.336875157618237,-2.0445116451023835,5.0,5.347050000000042,15,-0.5219092649870415,2.4512605464042307,1.3715381683683026,12,-0.9585938631457174,2.4078644579900095,1.5009655458499749,12,-1.0378654226141992,1.4125774658102694,0.47230571456655657,10,-1.360352090276709,0.9944277403751917,-0.007827794759163176,9,-0.3221312505204331,1.3422235333994785,0.25032997541332147,9,9.170870000000054,67,0.4626865671641791,COMPLETE
179,-9999.0,2026-04-28 14:28:31.424899,2026-04-28 14:28:39.293040,0 days 00:00:07.868141,3,53,11,5,37,0.85,15,84,13,5,2.52,1.2609479619291484,-0.20177448817818577,81,-4.949946345319509,-2.983045095393469,0.23459820166852818,11,0.5,0.8841143864002065,-0.7780270287203511,2.3407588355259135,1.196520000000012,13,-1.3441173809943257,0.428118687807318,-1.0642670321074243,16,-1.0598574968707883,1.1324684587771638,0.2263115151927675,14,-1.120965804740454,3.056529698013048,2.3332015706981846,12,-2.983045095393469,0.23459820166852818,-2.8483006074935813,15,-1.2071700357045265,0.37321388978291786,-1.054112375359073,11,-1.2890768000000663,81,0.38271604938271603,COMPLETE
180,-9999.0,2026-04-28 14:28:39.298150,2026-04-28 14:28:47.188514,0 days 00:00:07.890364,2,38,12,7,53,0.9,8,80,14,4,2.52,2.2964032042018654,1.5537911583966295,93,-1.3554848485516124,-1.3554848485516124,1.0063333427723562,12,1.0,1.984986989981778,-1.0186273408510382,1.4266446505079822,0.4909272000000131,12,-0.477844075801719,4.356868025857819,3.358841334285123,16,-0.7775079490663456,2.6446412910264376,2.2351428122114436,20,-1.159018383021098,2.0296920090456063,1.9381763880913283,15,-1.3554848485516124,1.0063333427723562,0.018595804055920873,16,-0.8792084696487692,2.3142399060009917,1.2810634117359498,14,9.65301039999995,93,0.5053763440860215,COMPLETE
181,-9999.0,2026-04-28 14:28:47.193555,2026-04-28 14:28:54.953393,0 days 00:00:07.759838,3,54,11,5,59,0.95,18,88,12,5,2.2800000000000002,1.0289412578836084,-0.08812794794141321,26,-1.4220771009798234,-0.9606971396726289,0.0,3,0.5,0.8253688764022761,-0.3083655864764563,2.2479919392082457,0.2972592000000107,4,-0.7204365106760141,0.523296247818494,-0.34859736226970917,7,-0.879396082703761,0.0,-0.6849187220711705,3,-0.9606971396726289,1.5699181611368789,0.3886646031613372,5,-0.7946687133537889,0.32931550918372604,-0.30963563599412103,3,-0.4624165975639441,1.5031256899543062,0.12846022952517355,4,-0.532069600000018,26,0.38461538461538464,COMPLETE
182,-9999.0,2026-04-28 14:28:54.958292,2026-04-28 14:29:02.769765,0 days 00:00:07.811473,2,55,12,7,58,0.8,18,88,13,5,2.3000000000000003,2.0278813774730096,1.621457234196729,105,-2.163994142123736,-2.049012650426352,0.9026081558791352,12,0.8333333333333334,1.7853613648512952,-2.049012650426352,4.308719188013564,5.476592000000036,18,-0.7398676024623886,1.4201992000437011,0.6563693297940265,17,-0.757436449480326,2.3622352927555514,1.10818602372742,12,-1.8536468144782616,1.8393496651762442,2.2348835871089046,18,-1.5469430766915557,0.9026081558791352,-0.337398220300833,23,-0.6647294753633975,1.3341767629698618,0.5901106848508197,17,10.019656000000099,105,0.47619047619047616,COMPLETE
183,-9999.0,2026-04-28 14:29:02.774937,2026-04-28 14:29:10.534413,0 days 00:00:07.759476,2,43,14,5,60,0.8,13,87,12,3,2.4800000000000004,1.181407692093592,0.32972280401091975,85,-2.723900631461391,-2.085094937417038,0.5190561711631309,10,0.6666666666666666,1.169429702173905,-2.085094937417038,1.235930485088331,0.5073284000000067,14,-2.0839970673762953,0.7380629341202515,-0.5016497881561,15,-1.2089904508443554,0.5190561711631309,-0.727842392330813,12,-1.5389361648921014,1.36979705327415,0.7127015735169495,15,-1.3073972095649458,1.2955411913645154,0.8825845621806216,19,-1.6197197923003286,1.9300583175511734,1.1052144688548537,10,1.9800148000000295,85,0.38823529411764707,COMPLETE
184,-9999.0,2026-04-28 14:29:10.539302,2026-04-28 14:29:18.390322,0 days 00:00:07.851020,2,32,14,7,55,0.95,12,89,13,4,2.4800000000000004,3.084157211319401,0.7898001007520176,17,-0.7206360545528243,-0.7206360545528243,0.0,0,0.8333333333333334,5.0,-0.05427130660542795,5.0,0.28593279999999943,1,-0.7206360545528243,5.0,2.420886292040314,4,-0.3548855825998367,1.5650792323451563,0.2631585577957507,5,-0.6551423896450208,5.0,1.5241973238859563,4,0.0,0.0,0.0,0,-0.3769157726161708,1.939864035571251,0.24462563079008515,3,4.809486399999963,17,0.6470588235294118,COMPLETE
185,-9999.0,2026-04-28 14:29:18.395267,2026-04-28 14:29:26.220399,0 days 00:00:07.825132,2,47,13,7,43,0.8,15,83,14,5,2.3400000000000003,1.71614295674116,0.8350976704983101,110,-4.109279191125655,-3.257396276828945,0.2405752902779639,14,0.6666666666666666,1.3736501786435298,-2.042346975686581,5.0,5.906766400000074,18,-0.8796325581305793,1.0632685824369879,0.12279951925717736,21,-1.0768720951089605,0.9518550474547103,-0.06946266439973314,14,-1.1929768378527554,1.3383821175848043,0.7243096330587395,18,-3.257396276828945,0.2405752902779639,-2.932266191599686,20,-0.5868481431447866,1.702776702692493,1.2584393266732885,19,4.904793800000062,110,0.44545454545454544,COMPLETE
186,-9999.0,2026-04-28 14:29:26.225414,2026-04-28 14:29:34.066146,0 days 00:00:07.840732,3,39,11,7,55,0.85,11,87,14,4,2.64,2.7654476482305257,1.7850221868267309,90,-2.442210543429331,-2.331275855009384,0.6378180836326985,10,0.6666666666666666,2.2441284491421385,-1.253642213803768,0.7701594372633634,-0.31988519999996967,12,-1.0277897284176538,2.9295718435966998,3.2516190480952334,19,-0.917052278939605,2.292206540521366,1.1698134603628674,14,-0.59488061338161,5.0,5.016911160513082,18,-2.331275855009384,0.6378180836326985,-1.1285453013687663,17,-0.7139545125576211,4.962929984369028,2.7202199533579385,10,11.056109199999998,90,0.5444444444444444,COMPLETE
187,-9999.0,2026-04-28 14:29:34.071249,2026-04-28 14:29:41.739405,0 days 00:00:07.668156,2,54,11,7,40,0.9,18,83,15,5,2.3600000000000003,1.776890845536293,0.7045871584523873,63,-2.541215062170241,-2.0563559235698152,0.35865218751397754,8,0.6666666666666666,1.5739462401281668,-2.0563559235698152,5.0,4.824699600000026,12,-1.6826129531065932,0.4920657521991999,-1.0399732163887787,16,-0.9415350734198475,1.2377724365502918,0.22505905525165293,8,-0.9122265040450214,2.327830471659056,0.9878011059224256,8,-1.2369094120174706,0.35865218751397754,-0.9568081196085543,9,-0.44093007861186645,1.2450242252952335,0.18674452553755216,10,4.1846076000000565,63,0.38095238095238093,COMPLETE
188,-9999.0,2026-04-28 14:29:41.744298,2026-04-28 14:29:49.502081,0 days 00:00:07.757783,3,58,13,5,41,0.95,18,79,13,4,2.2,2.85520505446717,0.43409978157464835,22,-0.7128864467762919,-0.7128864467762919,0.0,0,0.6666666666666666,2.5283936638378655,-0.7128864467762919,4.052208212091788,1.8880959999999947,7,-0.4501033824350671,0.7070020394289812,-0.23688733961617636,9,0.0,0.0,0.0,0,-0.6373540613183708,2.372020075282252,0.36576678664819173,3,0.0,5.0,0.14260547148070568,1,0.0,5.0,0.44501777093517436,2,2.6186579999999626,22,0.5,COMPLETE
189,-9999.0,2026-04-28 14:29:49.507135,2026-04-28 14:29:57.400209,0 days 00:00:07.893074,2,47,12,7,49,0.95,10,85,10,4,2.62,2.556961500052881,0.6605578249218147,53,-1.9294805050969397,-1.9294805050969397,0.21336785329018565,7,0.6666666666666666,1.6595418328996956,-1.2718971936739254,0.21336785329018565,-0.9115099999999821,8,-0.6246182698776321,3.114050518109814,1.1056424414177979,8,-0.6249947728982401,2.6993683295504103,1.0537251724561658,10,-0.6942254813364491,3.8620729638009337,1.999272637254168,10,-1.9294805050969397,0.7139011625493661,-0.7342574734604534,10,-0.3134543917529745,4.739008173016577,1.450474171863192,7,3.992371600000033,53,0.49056603773584906,COMPLETE
190,-9999.0,2026-04-28 14:29:57.405352,2026-04-28 14:30:05.105933,0 days 00:00:07.700581,3,41,13,7,34,0.85,10,86,10,4,2.4000000000000004,2.015307258705374,1.023141020081917,77,-2.107023627675026,-1.7640233405995676,0.29183820084336487,11,0.6666666666666666,1.7509043379281795,-1.1195211300709196,0.7162389122591534,-0.3602119999999709,11,-1.0286388266460176,2.8224197510589453,2.672894085242339,17,-0.8713717625771968,1.8716781834569152,1.0776960773820177,16,-0.9133819656507601,3.5896340646083713,2.241991413035116,11,-1.7640233405995676,0.29183820084336487,-1.5011040926842467,11,-0.7447587150843964,2.800034440005492,2.0075806375162486,11,6.227520000000064,77,0.5194805194805194,COMPLETE
191,-9999.0,2026-04-28 14:30:05.111317,2026-04-28 14:30:12.904295,0 days 00:00:07.792978,2,39,10,5,38,0.85,16,89,13,4,2.5,2.1872484517463184,0.715507497236669,55,-1.0472446004581248,-1.0472446004581248,0.8920411749937087,7,0.8333333333333334,1.9317123548082549,-0.306550687611525,4.350737059765312,1.004684999999994,8,-0.8388084246042627,2.1756489524143614,1.3949649959306587,14,-0.4652998471556099,1.5367741169329574,0.39721750022323477,8,-1.0472446004581248,0.8920411749937087,-0.10455116573578893,7,-0.609798249400848,2.4611175455598175,1.203655195638853,10,-0.4170170793031535,1.7071718608117525,0.3970734573630619,8,4.362034999999986,55,0.5272727272727272,COMPLETE
192,-9999.0,2026-04-28 14:30:12.909558,2026-04-28 14:30:20.654747,0 days 00:00:07.745189,2,35,11,7,30,0.85,8,89,15,5,2.6,2.8146819723317855,1.7389682921726493,87,-1.982767431693962,-1.982767431693962,1.0521339812074675,11,1.0,2.311124271940894,-0.9711333522218212,1.1502897809597004,0.21160200000001073,13,-0.8754083050639914,2.9356251647946072,3.662775493799586,22,-0.6202236359379548,3.616738322828464,1.8103941806044244,12,-0.6934650686092605,3.2310491194819355,2.1369913755312497,11,-1.982767431693962,1.0521339812074675,0.12296276385574956,15,-0.32144450018846626,4.902255464718541,2.489083939244874,14,10.847862000000074,87,0.4942528735632184,COMPLETE
193,-9999.0,2026-04-28 14:30:20.659619,2026-04-28 14:30:28.456587,0 days 00:00:07.796968,2,40,11,5,39,0.85,17,90,11,4,2.3800000000000003,1.7027331275826068,0.3714707584397607,49,-1.3144573879591293,-1.0512841340340402,0.6561540547325941,6,0.6666666666666666,1.5152744084951935,-0.30960857276271,2.0169989543395594,0.4668432000000333,8,-0.5653118866164554,2.8770553838131936,1.504886340451872,11,-0.42775040718346913,2.5865691277680902,0.6645997982618779,7,-1.0512841340340402,0.6561540547325941,-0.3335245029030265,6,-0.621108111563827,0.7488137680145267,-0.26319358204721643,10,-0.4256442329946762,1.330807476827676,0.18921329687502375,7,2.2379191999999826,49,0.4897959183673469,COMPLETE
194,-9999.0,2026-04-28 14:30:28.461671,2026-04-28 14:30:36.282332,0 days 00:00:07.820661,3,34,10,7,57,0.9,16,87,10,3,2.6,1.6485425779509473,0.49915639399487066,26,-1.7891205053184052,-1.7891205053184052,0.0,1,0.5,2.0690938159082437,-0.09308729115982375,0.0,-0.09017999999999526,1,-1.7891205053184052,5.0,2.929437766978249,7,-0.23900003807510248,1.9484704166129947,0.21496234376283674,4,-0.6292487560848578,1.4215465175091309,0.27496447717294537,5,-0.5186316941182929,0.8628098072309803,-0.0597768275003685,3,-0.8581794604706573,0.6584287263525748,-0.27446939644444335,6,2.9958039999999464,26,0.5384615384615384,COMPLETE
195,-9999.0,2026-04-28 14:30:36.287091,2026-04-28 14:30:44.083597,0 days 00:00:07.796506,2,41,14,7,38,0.95,16,89,15,4,2.68,1.1513616687897095,0.28702934106603073,20,-1.0121104510181662,-1.0121104510181662,0.0,0,0.3333333333333333,1.741871373224251,0.0,0.0,0.0,0,-0.8975588854061901,3.1098234199239125,1.3035543999999843,6,-0.32182079445072526,0.4352791025727101,-0.24896461086070243,4,-1.0121104510181662,2.555420636202152,0.9532500588878889,5,-0.30847639390418313,0.0,-0.20425504437814324,2,-0.32035990766675393,0.807646854039482,-0.08140875725284324,3,1.7233671999999478,20,0.4,COMPLETE
196,-9999.0,2026-04-28 14:30:44.088625,2026-04-28 14:30:52.008352,0 days 00:00:07.919727,2,36,10,7,46,0.95,8,88,14,4,2.74,2.88885209241424,1.223870321643561,44,-1.1746010851687603,-1.1746010851687603,1.2532303301770868,5,1.0,2.6658574982035153,-1.1473724651478456,1.2532303301770868,0.2679733999999989,7,-1.1746010851687603,5.0,3.018551086024024,9,-0.408239769231102,3.0919078655012733,0.546881179381975,5,-1.0773608420208705,5.0,2.4671288606340713,6,-0.7718966470988106,1.5837733477939042,0.6372903073911917,8,-0.6517405113035103,1.404201011013175,0.4053970964301046,9,7.534256999999944,44,0.5454545454545454,COMPLETE
197,-9999.0,2026-04-28 14:30:52.013531,2026-04-28 14:30:59.949565,0 days 00:00:07.936034,3,51,11,5,52,0.8,8,77,10,3,2.3600000000000003,1.2113600032156866,-0.0751084927184879,155,-5.107112701259307,-4.457973464816287,0.29101810692389257,18,0.5,0.9678463096950466,-4.457973464816287,0.29101810692389257,-3.5662639999999635,34,-0.9305422428119013,1.075122647726442,0.1702225868341678,25,-1.524436419095993,0.6725516558280776,-0.8350522114934811,26,-1.2458463013874324,2.6123412391545977,3.9614367597759603,24,-3.57881942657031,0.6784858055295807,-1.8298222913659346,28,-1.7431054260616319,1.938640564131529,1.6488281999383236,18,-0.6243356000000255,155,0.3935483870967742,COMPLETE
198,-9999.0,2026-04-28 14:30:59.954511,2026-04-28 14:31:07.861438,0 days 00:00:07.906927,3,31,11,5,57,0.9,12,82,14,3,2.8,2.696211557843146,0.737885488818335,41,-1.8123717133017014,-1.8123717133017014,1.1738209773350052,1,1.0,2.1080424766744676,-0.05785699255980949,5.0,0.26559999999999917,1,-1.8123717133017014,1.5967256498977007,0.724130708837345,6,-0.24301636167145826,3.576186556927263,1.3017194470346993,11,-1.2414021480472441,1.1738209773350052,0.14940040534361376,5,-0.5174402530330695,2.594102924842572,1.0505828236210935,8,-0.8457727454431766,2.2364332380563336,0.9358795480732596,10,4.504513999999937,41,0.5609756097560976,COMPLETE
199,-9999.0,2026-04-28 14:31:07.866311,2026-04-28 14:31:15.616847,0 days 00:00:07.750536,2,36,13,5,41,0.95,17,84,15,5,2.72,3.413532877764483,0.7389824826280273,19,-0.8881478842213759,-0.8881478842213759,0.0,1,0.6666666666666666,4.327713789675164,-0.4746982923069329,0.0,-0.3758000000000039,3,-0.8881478842213759,5.0,2.7799217459211656,5,-0.3516271296320914,0.6960932821361776,-0.08425325115883897,3,-0.1762424637323188,5.0,0.6402758444323142,1,-0.30330717119788264,4.785103984450718,0.5674212055302164,2,-0.36179052205375756,5.0,0.9063293510433112,5,4.4851591999999885,19,0.5789473684210527,COMPLETE
200,0.4823949924995942,2026-04-28 14:31:15.621899,2026-04-28 14:31:23.516649,0 days 00:00:07.894750,2,41,11,6,46,0.85,8,81,15,4,2.8,2.018247070861229,1.9577712001911423,135,-1.9761163830279125,-1.9761163830279125,1.0657521216484516,18,1.0,1.8371088531261193,-1.9761163830279125,1.0657521216484516,0.15069400000000677,22,-1.569144548596314,1.6410998534775936,2.053361707109147,30,-1.220785059202282,1.5797741768021292,1.223816533383415,24,-1.0660864243808998,2.6288935172373655,3.2430036473359403,19,-1.468230053634617,1.4695190757657302,1.5706384545030483,22,-0.8414560851109244,3.724443680236105,3.5051128588152958,18,12.293496000000115,135,0.45925925925925926,COMPLETE
201,-9999.0,2026-04-28 14:31:23.521644,2026-04-28 14:31:31.319361,0 days 00:00:07.797717,2,36,10,6,47,0.85,18,81,11,4,2.4200000000000004,2.0724514420714617,0.5723161989300951,57,-1.6967702193213492,-1.4125831525045742,0.42486414310812237,7,0.6666666666666666,1.6441221573030471,-0.3939838076745494,2.597665259269109,0.9686964000000131,11,-0.8375360956403904,2.541806274078174,1.6647508187498161,11,-0.585044445637567,3.8748974618851326,1.2987644792320951,9,-1.4125831525045742,0.42486414310812237,-0.86575071512488,9,-0.9263393617627138,0.7438609415750004,-0.2772510843119136,10,-0.630813430351079,2.251614572513232,0.6446872950354399,7,3.4594384000000256,57,0.5087719298245614,COMPLETE
202,-9999.0,2026-04-28 14:31:31.324306,2026-04-28 14:31:39.250152,0 days 00:00:07.925846,2,40,11,6,46,0.85,9,81,15,4,2.7800000000000002,2.020048173050333,1.7371265402295613,123,-2.4319524405651225,-1.7586842324830283,0.7421790347195816,18,0.8333333333333334,1.8039757218247054,-1.7586842324830283,0.7421790347195816,-0.5405989999999639,19,-1.5785136352229583,1.7141809246033044,2.1886624875210092,28,-0.8991335135432411,2.535451376870496,1.8767978406629249,18,-1.2108843551789101,2.063526898634317,2.115647781393304,18,-1.487488798565933,1.3682361349735517,1.2669022753521553,22,-0.8524627267340725,3.696714668500747,3.515347856447937,18,10.837930400000161,123,0.4634146341463415,COMPLETE
203,-9999.0,2026-04-28 14:31:39.255070,2026-04-28 14:31:47.092443,0 days 00:00:07.837373,3,42,13,7,46,0.95,10,86,10,4,2.46,2.358284825339921,0.4821767909966597,31,-1.5632829991922286,-1.5632829991922286,0.0,2,0.6666666666666666,1.8308732280742124,-0.9294466198833822,0.0,-0.4408999999999996,2,-0.3872941925415964,5.0,1.969620255707416,8,-0.1759556900095602,2.041997165594664,0.28245379999183307,5,-0.9234524343691906,4.997772986479124,1.9487648403593516,6,-1.5632829991922286,0.0,-1.3735905052864261,5,-0.6145742330431164,2.10993879996574,0.5067123552077835,5,2.8837947999999836,31,0.5483870967741935,COMPLETE
204,-9999.0,2026-04-28 14:31:47.097497,2026-04-28 14:31:54.866810,0 days 00:00:07.769313,2,60,11,7,43,0.8,16,81,15,4,2.3400000000000003,1.8617513004000938,1.170497683118893,112,-4.0652962266781065,-3.690866220528294,0.5872222705771363,14,0.5,1.4294467581019823,-2.0174141148518236,5.0,6.935749200000019,21,-0.5855016568577522,2.445837864971204,1.4545079747755985,17,-1.5341563555173072,0.6223354744245605,-0.7988274566742781,14,-1.7213168845962818,1.5697998051954276,1.6795793855125307,21,-3.690866220528294,0.5872222705771363,-2.1235103589759774,23,-1.6067154294091779,0.945312387232233,-0.12451264592453493,16,6.974954000000055,112,0.4642857142857143,COMPLETE
205,-9999.0,2026-04-28 14:31:54.871850,2026-04-28 14:32:02.655693,0 days 00:00:07.783843,2,37,14,6,34,0.95,8,78,10,5,2.46,2.8778207375558367,0.894818848236767,28,-0.7519776737921131,-0.7519776737921131,0.0,2,0.6666666666666666,4.094320987654378,-0.4678151321032279,0.0,-0.36891000000000007,3,-0.4514870703920827,5.0,2.9636184849528124,6,-0.35399282600460086,5.0,1.3156521045724956,7,-0.3340050492145003,5.0,1.6508118211561618,5,-0.7519776737921131,0.0,-0.5568619433174438,2,-0.476560327754041,2.26692442533502,0.3646026220565757,5,5.443900800000034,28,0.6428571428571429,COMPLETE
206,-9999.0,2026-04-28 14:32:02.660633,2026-04-28 14:32:10.125825,0 days 00:00:07.465192,3,53,12,7,60,0.85,16,83,14,5,2.64,2.2274652010922593,0.803540000276711,83,-3.332376500128214,-2.435889911717546,0.2603649390203022,12,0.5,1.4828608557423262,-1.0946406414610013,5.0,3.436972400000049,12,-1.262583681623714,0.765700883401364,-0.4384629494433745,16,-1.1621196126030746,1.6228718157260196,1.041119236417476,14,-0.7019183128510782,5.0,3.2862009759780264,14,-2.435889911717546,0.2603649390203022,-2.0517206921929487,14,-0.7555570917777058,0.7158535684058697,-0.4528689690989629,13,4.793272800000059,83,0.43373493975903615,COMPLETE
207,-9999.0,2026-04-28 14:32:10.130851,2026-04-28 14:32:17.698468,0 days 00:00:07.567617,2,59,11,5,50,0.8,9,90,11,3,2.64,1.1338697572997092,0.2702412922267546,138,-3.8974042435735594,-3.2531110999371435,0.5962462074716895,18,0.6666666666666666,1.081421240400273,-1.2595397763579965,1.020194985794065,0.06063079999998333,25,-1.3592264874784739,1.0615560105494573,0.17937564311256704,24,-1.081184842733551,0.714379832752463,-0.5608509117116744,18,-1.1968372593863055,2.0493714998613823,3.5260331321367744,24,-3.2531110999371435,0.5962462074716895,-2.559389872494089,26,-1.9098387058422972,1.361470007369198,0.9756489623169662,21,1.5325228000000246,138,0.39855072463768115,COMPLETE
208,-9999.0,2026-04-28 14:32:17.703405,2026-04-28 14:32:25.173763,0 days 00:00:07.470358,2,37,10,5,39,0.85,17,86,10,3,2.3600000000000003,1.8200017318550847,0.4615535174991599,45,-1.8994821439838199,-1.8994821439838199,0.9499274878674535,4,0.8333333333333334,1.615228253173904,-0.15734026777319826,2.3229857228163415,0.24370719999999846,4,-1.8994821439838199,1.5163422481692614,0.7075955387252586,12,-0.41350761756903415,2.6984733924611324,0.6070240952615658,6,-1.0875659345577346,1.7462825145882956,0.965798377455207,12,-0.6379181255815832,0.9499274878674535,-0.04316430966321283,6,-0.3168798981332435,1.6859990252280237,0.28836020321614253,5,2.7980703999999523,45,0.5333333333333333,COMPLETE
209,-9999.0,2026-04-28 14:32:25.178735,2026-04-28 14:32:32.855031,0 days 00:00:07.676296,2,48,12,5,43,0.8,18,82,15,5,2.3800000000000003,1.7804306774990935,0.987833637375442,95,-3.437176877936999,-2.050503114783557,0.2899564951693566,14,0.6666666666666666,1.529618158600301,-2.050503114783557,5.0,5.595873000000018,16,-1.1018852027568997,0.9757231918933558,-0.04528491373899657,18,-0.9940198019274258,1.22451235572604,0.3149590991038176,15,-1.3108448543704112,1.1767576573236338,0.3466974980069759,14,-1.9688044139091323,0.2899564951693566,-1.8372135565842274,15,-0.5821239457006776,2.0156343648821755,1.551970697465066,17,5.914214200000023,95,0.42105263157894735,COMPLETE
210,-9999.0,2026-04-28 14:32:32.860156,2026-04-28 14:32:40.672979,0 days 00:00:07.812823,2,46,12,7,48,0.8,15,79,12,5,2.6,1.8742076430518386,1.3528769951787385,115,-3.538149215294812,-2.4197052505036267,0.3800756945436656,18,0.6666666666666666,1.613942019256835,-2.03849547217099,5.0,6.729396000000043,18,-0.9855638088004776,0.9577040512030903,-0.08903638881266884,21,-0.8166443744034229,1.8097756892230332,1.2119938667428443,18,-1.2302629034587913,1.4782342946825742,1.230977263564914,20,-2.4197052505036267,0.3800756945436656,-2.025428069757018,20,-0.6828683789507012,1.6194561286586688,1.059359299334317,18,8.17640000000004,115,0.4260869565217391,COMPLETE
211,-9999.0,2026-04-28 14:32:40.678145,2026-04-28 14:32:48.315117,0 days 00:00:07.636972,2,55,12,6,53,0.8,18,80,14,5,2.46,1.7917988276631245,1.4578292793429277,115,-2.1543546253807064,-2.043832935724729,0.7633492990915239,13,0.5,1.5990682034625805,-2.043832935724729,4.698982237796077,6.122555400000063,19,-1.5738542445330357,0.7633492990915239,-0.6988274992103749,22,-0.7528917183942492,0.9825841071575284,-0.020111226601315924,13,-1.8874262103255923,2.0723758557744025,3.016512138899574,20,-1.8513867919492122,0.8503931136329144,-0.4909553376626796,22,-1.1232297016453845,1.383108352526299,0.8178022006323005,19,8.888333000000092,115,0.4434782608695652,COMPLETE
212,-9999.0,2026-04-28 14:32:48.320062,2026-04-28 14:32:55.701918,0 days 00:00:07.381856,2,45,13,7,55,0.95,14,78,12,5,2.4200000000000004,2.233409206145391,0.3564569177090249,36,-1.0227947130602466,-0.7850837556762023,0.5953430533590323,4,0.6666666666666666,1.6507436327811615,-0.4477509154659069,1.0106721395587932,0.005616000000019383,6,-0.6561608488222784,0.6214837775795717,-0.25886406219427505,6,-0.7850837556762023,1.1729562663749473,0.12045085697214297,8,-0.44495597385435004,5.0,1.8618310098617474,7,-0.7806709885541316,0.5953430533590323,-0.3672319112784872,5,-0.041847809719660144,5.0,0.7769396128930017,4,2.14011360000006,36,0.5,COMPLETE
213,-9999.0,2026-04-28 14:32:55.706825,2026-04-28 14:33:03.176746,0 days 00:00:07.469921,2,51,12,5,52,0.85,8,81,15,4,2.7,1.3328384135878146,0.9301037663176747,150,-4.445290241211213,-3.9077273623544064,0.4741093962528345,21,0.5,1.2733399059040886,-2.0502909531113693,2.759632368612372,6.027040000000028,31,-1.5045681709500962,0.7784771071606498,-0.6169030088928107,26,-0.7626994681255053,0.877306938859668,-0.25974406564056585,21,-1.9303785795237918,1.0375372489503778,0.12896475689607723,27,-3.9077273623544064,0.4741093962528345,-2.5424099977119807,22,-1.8888088324616363,2.069967421690986,2.8436749132553008,23,5.47575000000009,150,0.36666666666666664,COMPLETE
214,-9999.0,2026-04-28 14:33:03.181785,2026-04-28 14:33:10.639077,0 days 00:00:07.457292,2,31,13,5,35,0.85,11,79,13,3,2.3800000000000003,1.2224171677532274,0.2158963719403384,74,-2.040856990128358,-2.040856990128358,0.28736615875972904,6,0.5,1.1258953287024196,-1.6296944340287765,0.28736615875972904,-1.0710173999999961,6,-1.6168915051904795,2.3262626858363813,2.409471256404072,18,-0.43318549863590583,2.263321399125799,1.1040649139878012,15,-1.8550761235400832,0.6170657658269627,-0.6053415046505028,9,-2.040856990128358,0.8002717378638382,-0.5892378377571061,16,-1.0641689458031778,1.0402152591066538,0.04743880365776221,10,1.2592503999999227,74,0.44594594594594594,COMPLETE
215,-9999.0,2026-04-28 14:33:10.644003,2026-04-28 14:33:18.056365,0 days 00:00:07.412362,2,58,14,7,55,0.8,13,79,12,5,2.7,1.587713620834828,1.5142020399836789,126,-2.990989638505152,-2.990989638505152,0.7552077598875359,11,0.6666666666666666,1.5364989313306738,-2.032929205003441,3.671154140322272,6.286401000000019,22,-2.066826688509171,0.7552077598875359,-1.0124456091047618,29,-0.625340007751642,0.8902395688353226,-0.10568831234968323,11,-2.990989638505152,1.2065258242838683,0.7895071313350988,23,-1.0837938204741238,1.953299480333711,3.032330777332226,25,-1.1103191420085037,1.0498549513462594,0.09510725268917497,16,9.24479400000009,126,0.4365079365079365,COMPLETE
216,-9999.0,2026-04-28 14:33:18.061237,2026-04-28 14:33:25.457847,0 days 00:00:07.396610,2,53,12,7,50,0.8,13,84,11,5,2.46,1.5064637002586279,0.9798947908211729,122,-3.1504399455452337,-2.23587561565084,0.565466243946751,15,0.6666666666666666,1.3903680866123616,-2.0338248537511063,3.073071527329739,4.49815060000005,23,-1.1162392683189504,0.565466243946751,-0.9797641337395802,19,-1.2808248307942451,1.2951233216333355,0.4233518232551692,15,-1.2999218917279647,2.147291431679803,2.76039228574807,23,-2.23587561565084,0.6181079677034331,-1.5489834738475095,23,-0.8804074535441556,1.3397217092587055,0.7262216435108382,19,5.890201600000067,122,0.4344262295081967,COMPLETE
217,-9999.0,2026-04-28 14:33:25.462624,2026-04-28 14:33:32.907326,0 days 00:00:07.444702,3,31,12,6,60,0.85,11,80,14,5,2.7800000000000002,1.9339167546525475,0.8791277309523374,77,-2.2067000718614813,-2.0286109028518085,0.49398947741009946,9,0.6666666666666666,1.5084053756544837,-1.6594923395902392,0.534208118368546,-0.765612800000004,9,-1.8066370322381422,1.5391008906882817,1.3418525952262117,18,-0.6116641499981456,3.779614343629075,2.3794198829475643,13,-1.168059215619994,3.850386992555126,3.1534003200288208,12,-2.0286109028518085,0.49398947741009946,-1.3864200993820575,12,-1.3056056459653382,1.406200705264156,0.5521264868934894,13,5.311361799999936,77,0.45454545454545453,COMPLETE
218,-9999.0,2026-04-28 14:33:32.912146,2026-04-28 14:33:40.297979,0 days 00:00:07.385833,2,42,10,5,41,0.95,18,88,11,4,2.2600000000000002,2.0032050383681814,0.2297247059371695,17,-0.9761972385577,-0.8044791906058009,0.0,1,0.6666666666666666,1.879179923761091,-0.2817200547815636,2.547126178327417,0.17889419999999046,2,-0.5071646014440856,1.3653034531822879,0.13326539593607745,3,-0.17624760682956067,3.1156747592567338,0.3110058240258562,3,-0.8044791906058009,0.998556111739021,-0.0008886514788031263,4,-0.09245744060924926,0.0,-0.053685282357340824,1,-0.4159954108828944,3.992569727703628,0.8097567494972369,4,1.383829199999953,17,0.5294117647058824,COMPLETE
219,-9999.0,2026-04-28 14:33:40.302876,2026-04-28 14:33:47.675509,0 days 00:00:07.372633,3,56,12,5,39,0.95,17,76,10,3,2.22,1.0828218632541933,-0.06746834529777757,23,-1.7903277179574135,-1.1366322653634806,0.20525159327494025,2,0.5,0.8518426432119469,-1.1366322653634806,0.20525159327494025,-0.7993499999999876,6,-0.34862491806170887,0.26936449384796884,-0.2975036957923005,5,-0.4161322804231755,0.5724190687361375,-0.15597834492652174,4,-0.655754649031802,2.425393755996744,0.39113751723001133,2,-0.49890112603467796,1.9778400106599094,0.44413241364313905,4,-0.3275252989957524,1.0466622570094593,0.012752038058994053,2,-0.40949360000007706,23,0.34782608695652173,COMPLETE
220,-9999.0,2026-04-28 14:33:47.680381,2026-04-28 14:33:55.055312,0 days 00:00:07.374931,2,37,10,5,56,0.85,15,83,11,4,2.3200000000000003,2.7303177298248933,0.6751974284918157,69,-3.0964472831556056,-2.0823041695730002,0.28270787151736,9,0.8333333333333334,1.6243109557974595,-0.39843765237401213,3.633097721127882,1.0907344000000263,10,-0.597095000435735,2.3745514584480043,1.4823673098174783,13,-0.4055072285519561,5.0,1.6850904517204057,9,-1.2220121697742927,1.1301467344394263,0.1821216030227113,12,-2.0823041695730002,0.28270787151736,-1.8949068175445727,14,-0.3159924980793445,3.9614025934166865,1.5057776239348453,11,4.071487600000068,69,0.5652173913043478,COMPLETE
221,-9999.0,2026-04-28 14:33:55.060233,2026-04-28 14:34:02.391995,0 days 00:00:07.331762,2,35,14,5,40,0.85,18,90,10,3,2.2600000000000002,1.8706890052358112,0.4447811884446799,28,-1.0489926584869085,-0.9510251110699314,0.36124644637253917,2,0.8333333333333334,2.019477747883014,-0.15735537607126893,2.2153531295803344,0.22388019999999287,4,-0.9510251110699314,3.913397074784322,2.249815907646324,10,-0.172522913135373,1.0904652109046784,0.013017335021126009,2,-0.9328856303551389,0.36124644637253917,-0.506399358319154,5,-0.4626694337848216,2.5768269119918332,0.6706532505550644,5,-0.3177065639393043,1.0668452577811591,0.01771979576472571,2,2.675129999999948,28,0.5357142857142857,COMPLETE
222,-9999.0,2026-04-28 14:34:02.397188,2026-04-28 14:34:09.794584,0 days 00:00:07.397396,2,31,14,5,38,0.8,16,89,11,3,2.2,2.1069734410386682,0.8303117434756887,39,-0.9381117917664321,-0.9381117917664321,0.8196960450992098,3,0.6666666666666666,2.48329072767324,-0.4542249092561305,0.8546215405854152,-0.06739600000000845,5,-0.9381117917664321,4.636905900781157,3.4618671599911277,13,-0.3153230246478946,1.5900069043206249,0.15703708535363958,4,-0.796629359331294,1.1516928189034445,0.11902717662626294,6,-0.4566390579602542,3.5889174365421566,1.370372971020939,8,-0.3103295794853439,0.8196960450992098,-0.05903793213782871,3,5.036483999999919,39,0.5384615384615384,COMPLETE
223,-9999.0,2026-04-28 14:34:09.799719,2026-04-28 14:34:17.200911,0 days 00:00:07.401192,2,43,14,5,36,0.85,13,90,10,3,2.3400000000000003,1.7038525786489842,0.42167360231144535,58,-2.58908549748128,-1.8746160292116236,0.2858089177127269,6,0.6666666666666666,1.4225537803539385,-1.6293984215173571,0.2858089177127269,-1.059388200000011,11,-1.8746160292116236,0.6427389964727624,-0.517992754113894,11,-0.5568300820224763,1.151733658521327,0.09860333938396248,8,-0.837104903344753,3.2492203556704027,1.854961717392789,10,-0.6102373024822707,2.198715699017882,1.3233170139688166,12,-0.43339744363747895,2.694897844498805,0.830540497237009,6,2.525248999999974,58,0.46551724137931033,COMPLETE
224,-9999.0,2026-04-28 14:34:17.206071,2026-04-28 14:34:24.570987,0 days 00:00:07.364916,2,35,14,7,43,0.95,16,89,13,4,2.58,2.277354758088304,0.74085953112857,15,-0.7233836892588066,-0.7233836892588066,0.0,0,0.5,4.669191882009303,-0.22063835006340543,0.0,-0.0977900000000087,1,-0.7233836892588066,5.0,3.211774994767347,5,-0.16544069788512325,2.9361929763154437,0.32188874271674717,3,-0.6550366768937229,5.0,1.121349771123259,3,0.0,0.0,0.0,0,-0.377557554704897,0.7279355722143821,-0.11206632183592413,3,4.485476999999949,15,0.6,COMPLETE
225,-9999.0,2026-04-28 14:34:24.576020,2026-04-28 14:34:31.951188,0 days 00:00:07.375168,2,53,14,7,34,0.8,10,88,12,5,2.24,1.6575750733696877,1.1358428754301892,117,-2.0389938279633335,-2.0389938279633335,0.7392124637596269,11,0.6666666666666666,1.538401296531905,-2.0389938279633335,3.03671157623538,3.826145999999997,21,-1.1099107533837151,0.8347894436355253,-0.359535256177157,22,-0.8066977920214509,1.429246766421528,0.37628695917357735,11,-0.9567162203917953,2.491702291835743,2.866957260335168,23,-1.5197798030886047,0.7392124637596269,-0.8336617729054918,19,-0.8674335509505822,1.4137878983303238,0.9388640621550426,21,6.923259200000009,117,0.47863247863247865,COMPLETE
226,-9999.0,2026-04-28 14:34:31.956190,2026-04-28 14:34:39.376782,0 days 00:00:07.420592,2,44,12,7,45,0.95,12,80,14,4,2.64,2.3260977889832435,0.6342473619006694,49,-1.8370323939483588,-1.834328495529698,0.24597410798863636,5,0.6666666666666666,1.6737805914014539,-1.2700326069286125,0.24597410798863636,-0.7641599999999693,7,-0.47077759485945103,2.351700714585971,1.2961833144154333,10,-0.45417235285515783,2.0331037866442245,0.5865196728682909,8,-0.4524383341846277,5.0,2.7009930494650947,9,-1.834328495529698,0.6941761840639727,-0.7086185696652758,10,-0.314353083587572,3.6316319406166544,0.6945667043204429,5,3.8230175999999894,49,0.46938775510204084,COMPLETE
227,-9999.0,2026-04-28 14:34:39.381638,2026-04-28 14:34:46.747989,0 days 00:00:07.366351,3,33,12,7,39,0.9,17,86,10,4,2.4000000000000004,2.380776026190899,0.6934565015272232,23,-0.7243349459624201,-0.7243349459624201,0.8339689857501961,2,0.8333333333333334,3.0191805302676507,-0.22014407473518482,2.2988035586460875,0.12701000000001628,2,-0.7243349459624201,5.0,2.8699448830040275,5,-0.6064701057165185,0.8339689857501961,-0.06153750560675686,3,-0.627448972488665,2.759866656640786,0.6820992710740992,4,-0.5153905722049702,1.541320642474594,0.26340188355091776,5,-0.6058349310572128,1.8506963136337287,0.2798204771410351,4,4.20310599999989,23,0.6086956521739131,COMPLETE
228,-9999.0,2026-04-28 14:34:46.752970,2026-04-28 14:34:54.183843,0 days 00:00:07.430873,2,41,11,7,53,0.85,9,84,14,4,2.66,2.148702079298558,1.9399226913145198,130,-1.9561128586139054,-1.6412468970146281,0.8812923020428796,19,0.8333333333333334,1.85909000287943,-1.3969097616758148,0.8812923020428796,-0.24568219999995256,20,-1.5733058460273501,1.9018246413285365,2.4606768450077476,26,-1.2217118578234145,2.781243056615743,2.9680021404623114,23,-1.20451654920315,2.090984721595111,2.13523749665685,19,-1.6412468970146281,1.0485475318244937,0.18899989279530516,23,-0.8419942343741457,4.188320222384585,4.132301972964858,19,12.143039600000094,130,0.4846153846153846,COMPLETE
229,-9999.0,2026-04-28 14:34:54.188727,2026-04-28 14:35:01.658215,0 days 00:00:07.469488,2,38,14,6,49,0.8,9,90,11,3,2.66,1.2583531587096377,0.41353876127482314,103,-3.1463355967769355,-2.49493344201931,0.4207016566997358,14,0.6666666666666666,1.183322597495632,-1.9940504663352159,0.4207016566997358,-1.5605776000000016,19,-2.1612801697813686,1.2780803047486624,0.7148688836678962,22,-1.0334808981763393,1.1081405175677481,0.17862800045886917,17,-0.9982158667887251,2.0318245653340092,1.7620866908843569,15,-1.0643228817462635,1.9800109664408265,2.0866687249295524,14,-2.49493344201931,0.7313609414668453,-0.7004421322917342,16,2.456632799999947,103,0.36893203883495146,COMPLETE
230,-9999.0,2026-04-28 14:35:01.663184,2026-04-28 14:35:09.044612,0 days 00:00:07.381428,2,51,13,7,33,0.8,9,82,12,5,2.58,1.3727857016385663,0.847132776430176,127,-2.0518060737788493,-2.0518060737788493,0.6147212151411577,15,0.6666666666666666,1.322599787715428,-2.0518060737788493,2.5700422343062788,4.085485400000044,25,-1.617081985128133,0.6147212151411577,-1.0771357751673483,24,-0.810996915919827,1.028978468045365,0.04099030655304592,15,-1.2355640320169796,2.0030959863893965,2.32389904126169,21,-1.6848648053066635,0.6488554299279804,-1.2419786175785208,19,-1.0702929368184546,1.3710208760212204,0.951536303512146,23,5.08173380000001,127,0.4015748031496063,COMPLETE
231,-9999.0,2026-04-28 14:35:09.049525,2026-04-28 14:35:16.470894,0 days 00:00:07.421369,2,58,11,5,45,0.95,15,82,12,4,2.5,1.282461357553684,0.22089710382399894,45,-2.484844612591823,-2.048445270193234,0.352376499553153,3,0.3333333333333333,1.1921715039298881,-2.048445270193234,4.144717855974731,3.2690600000000014,11,-1.2023669233231347,0.46425100706908046,-0.6619649680165485,9,-0.3038014936801451,0.9801223241590046,-0.005068944715402868,3,-1.0195891088920586,1.1582693787963192,0.2024463674807686,8,-1.582483511403081,0.352376499553153,-1.0645900284493526,7,-0.8380802335891148,0.5950310797698162,-0.41449980335547254,7,1.2721350000000298,45,0.35555555555555557,COMPLETE
232,-9999.0,2026-04-28 14:35:16.475814,2026-04-28 14:35:23.854963,0 days 00:00:07.379149,2,59,14,6,44,0.9,8,78,11,5,2.7600000000000002,2.044085398737557,1.4803370740249748,87,-2.0466726990337634,-2.0466726990337634,0.6713369711914375,6,0.6666666666666666,1.887582231451182,-2.0466726990337634,5.0,5.997023999999995,14,-1.5011173789284065,0.6713369711914375,-0.7972193634417479,21,-0.5325618693426108,1.0709433695805972,0.03821896096556365,6,-1.2331908810916576,2.8401368337310897,2.858546622502267,18,-0.5787703236087616,1.828736325611293,1.1426540697027088,13,-1.4630285441479738,0.8533588923109254,-0.3572018455789361,15,9.044587199999965,87,0.42528735632183906,COMPLETE
233,-9999.0,2026-04-28 14:35:23.859860,2026-04-28 14:35:31.297170,0 days 00:00:07.437310,3,59,12,5,45,0.8,8,82,11,3,2.52,1.2400952645196106,0.5455746551194499,138,-4.475806183167624,-3.6268768435119147,0.5523181080924636,19,0.5,1.175071021869358,-1.8243770026176191,1.2766663067683253,0.819983599999996,25,-1.178445277795181,0.8072527250971878,-0.43618971586499855,20,-1.123181746585843,0.9123117706870549,-0.1443332202712866,19,-1.8130142636515707,1.8999911582414877,3.5928890673276648,25,-3.6268768435119147,0.5523181080924636,-2.8503188000629565,25,-1.687989737099707,1.992031518231144,2.2914169995882805,24,3.1885160000000523,138,0.427536231884058,COMPLETE
234,-9999.0,2026-04-28 14:35:31.302190,2026-04-28 14:35:38.639373,0 days 00:00:07.337183,3,43,11,7,42,0.8,16,80,13,5,2.2800000000000002,1.6824201381499524,0.9744791293021193,95,-2.475163352575773,-2.0797635300697426,0.6735155168773852,12,0.8333333333333334,1.573333820914137,-1.1163194683161193,1.4111212892282008,0.43624080000004284,12,-0.9206485490973122,1.8490776957302015,1.445946192761105,19,-0.8206839230282289,2.2060391699482715,1.8065050461418375,17,-1.2669783826807228,2.1633156715407864,2.2372569037887535,19,-2.0797635300697426,0.6735155168773852,-0.9187053421610303,13,-0.4478791494734185,1.7914514855748696,0.8396311752820074,15,5.957764000000032,95,0.5263157894736842,COMPLETE
235,-9999.0,2026-04-28 14:35:38.644479,2026-04-28 14:35:46.008152,0 days 00:00:07.363673,2,32,14,7,56,0.85,14,84,13,3,2.24,2.0622325039056792,0.7196696324567023,53,-1.8609722994590332,-1.8609722994590332,0.7250607028753807,7,0.6666666666666666,1.7480816410326618,-0.45369674804690135,1.6545249897051835,0.429152399999988,8,-1.8609722994590332,2.452004947711706,2.0572002756442886,12,-0.19554903775790422,3.738675363773117,0.8520486424585139,7,-0.7868798978616933,2.9812594917235975,1.5574111607899344,9,-0.7351915373034748,0.7250607028753807,-0.36888744608576385,8,-0.9426542116100245,0.8218695276450894,-0.20890723806674671,9,4.372612000000009,53,0.5094339622641509,COMPLETE
236,-9999.0,2026-04-28 14:35:46.013185,2026-04-28 14:35:53.497768,0 days 00:00:07.484583,2,33,12,7,58,0.85,14,79,13,4,2.74,2.1263581824655655,1.125387997582115,74,-1.6316573374102707,-1.6316573374102707,0.8166404073816147,9,0.8333333333333334,1.8081786829821935,-0.4351211595350385,1.327456033669968,0.23963560000002104,9,-1.6316573374102707,1.5702420155258707,1.283891139763882,16,-0.5931413113213791,2.200441039473848,0.8503871606916791,10,-1.1792049778297384,3.3502640522875726,2.721775901715584,12,-1.3596402830936554,0.8166404073816147,-0.4806615229327238,14,-0.618186740111003,3.493105546454521,2.1372997062542476,13,6.908392200000035,74,0.47297297297297297,COMPLETE
237,-9999.0,2026-04-28 14:35:53.502668,2026-04-28 14:36:01.089915,0 days 00:00:07.587247,2,45,13,5,41,0.95,18,80,14,3,2.74,0.798212760468297,-0.14044956832081992,17,-1.6161920999248534,-0.918904827748938,0.0,1,0.3333333333333333,0.5986582851156077,-0.31071168630249013,1.7249218905804378,0.10905000000001053,2,-0.9065421333568968,0.0,-0.645655912227705,4,-0.401109649295533,0.7445075403438771,-0.12638648723457546,5,-0.4089599718738084,0.0,-0.2762113291731927,2,-0.918904827748938,0.0,-0.2670331619169408,1,-0.3291927558886376,2.3198471318854668,0.36353948062748387,3,-0.8427573999999827,17,0.23529411764705882,COMPLETE
238,-9999.0,2026-04-28 14:36:01.094975,2026-04-28 14:36:08.474406,0 days 00:00:07.379431,3,31,13,7,37,0.85,14,87,10,3,2.24,2.252503110737437,0.60167892236066,30,-1.8687681623504906,-1.8687681623504906,0.0,0,0.6666666666666666,2.1469194133893685,0.0,0.0,0.0,0,-1.8687681623504906,3.0210534803747597,1.7043544000000077,8,-0.17383612590198858,5.0,1.096642918171864,6,-0.6251429950476217,3.599832487857576,1.171344149575737,5,-0.6907995133585809,0.4991701265865318,-0.5693648159114106,6,-0.6112860750101614,1.3949625696057542,0.2070968823277619,5,3.645988,30,0.5333333333333333,COMPLETE
239,-9999.0,2026-04-28 14:36:08.479369,2026-04-28 14:36:15.873561,0 days 00:00:07.394192,2,55,13,6,47,0.9,12,85,10,5,2.52,1.8104876467306317,0.641903058063679,79,-3.027569599336552,-2.053796664151548,0.24545418968907606,8,0.6666666666666666,1.4134522316821294,-2.053796664151548,2.430675932707069,2.715380000000045,17,-1.6178672529227798,0.24545418968907606,-1.5767866506456674,15,-0.5041256557943309,1.5337674470178884,0.3809231296718396,8,-0.5329568640589479,5.0,3.3917918098198996,13,-1.7498167144855736,0.28050065853469525,-1.593209568975773,12,-0.7374258639375183,1.372527652435063,0.5333196285117303,14,3.801912400000007,79,0.4177215189873418,COMPLETE
240,-9999.0,2026-04-28 14:36:15.878526,2026-04-28 14:36:23.370204,0 days 00:00:07.491678,2,38,14,6,52,0.85,9,88,11,4,2.7800000000000002,1.6543810879072138,0.9491612591162232,80,-1.4994892817649363,-1.4542641785373063,0.9392492451276656,10,0.8333333333333334,1.6492872913361343,-1.4542641785373063,0.9392492451276656,-0.07082079999995994,10,-0.8950013535471488,2.5417235737022126,2.413797670820883,18,-0.7965229009950251,2.1842220740881895,1.2151027943982484,13,-1.36637276879235,1.7252025096252688,1.3401620173704831,15,-1.0388317186275162,1.2317825575805645,0.463898422878084,13,-0.6164506036430744,1.304106567319382,0.33282744922960017,11,5.810991400000098,80,0.45,COMPLETE
241,-9999.0,2026-04-28 14:36:23.375317,2026-04-28 14:36:30.876550,0 days 00:00:07.501233,3,60,12,5,41,0.9,14,80,13,4,2.7800000000000002,2.151783138952815,1.1092403343712087,63,-2.49928283882778,-2.2518470972475555,0.3609709267876989,7,0.5,1.8543223886740998,-1.1203831917489808,5.0,4.459840200000009,11,-1.2235165185272365,0.3609709267876989,-0.9188855718735622,11,-1.1071217374991977,0.6514756111269729,-0.38942811790353415,7,-0.9966669406623215,4.477845428545919,3.0195752955783473,13,-2.2518470972475555,0.9822719256330942,-0.03842557024350546,11,-1.6104295587075872,1.4381349416232034,0.5227657706694977,10,6.724209200000009,63,0.4603174603174603,COMPLETE
242,-9999.0,2026-04-28 14:36:30.881707,2026-04-28 14:36:38.363535,0 days 00:00:07.481828,3,54,11,5,43,0.9,15,82,13,5,2.64,1.2942817986915898,-0.24838842178612577,66,-4.2940695739609795,-3.054605333873825,0.19003223615826975,9,0.3333333333333333,0.8345667436406574,-0.8276737627625763,0.8078169471773766,-0.1715079999999536,9,-1.4688346071306737,0.32196847651989247,-1.170364068005736,14,-0.7819280124423724,1.4218385804922535,0.5701269300510736,11,-0.9402479193139684,4.444941629114272,2.634987783713405,10,-3.054605333873825,0.19003223615826975,-2.869445830164774,13,-0.6866418236421176,0.5790929226874747,-0.4841273463107698,9,-1.5639083999999581,66,0.3484848484848485,COMPLETE
243,-9999.0,2026-04-28 14:36:38.368402,2026-04-28 14:36:45.851720,0 days 00:00:07.483318,2,35,11,6,37,0.9,13,81,15,5,2.74,2.7288866447525684,1.1796827333703241,54,-1.6253075761386133,-1.6253075761386133,1.2596826245740604,5,1.0,2.4412019877136233,-0.2980698582710488,2.040662039283556,0.49326340000002133,7,-1.6253075761386133,2.4386898762119587,2.496917022201117,14,-0.4071471858468183,1.6414050466245067,0.34524813577143654,8,-0.7139036948376827,3.992880281821325,1.5535405827995286,5,-0.864183241458095,1.2596826245740604,0.32381462118491466,10,-0.4905386636884036,5.0,1.8653126382649265,10,7.267952800000033,54,0.5370370370370371,COMPLETE
244,-9999.0,2026-04-28 14:36:45.856686,2026-04-28 14:36:54.633954,0 days 00:00:08.777268,3,58,11,5,45,0.9,11,80,14,5,2.8,1.729511184704208,0.8590973664574358,87,-3.1412654290055517,-2.7487381973020386,0.28779926229695296,10,0.6666666666666666,1.473384086493488,-1.4512182014354094,3.0760815912288244,2.7002139999999786,13,-0.6998463418384523,1.7282345863952346,1.2023149240955266,19,-0.9006516875529256,1.8799740039355015,0.9379785984304778,10,-1.1864742951676737,2.6088963051251506,2.895050439576319,19,-2.7487381973020386,0.28779926229695296,-2.303858605674536,14,-1.0855508050624467,0.7960813592435834,-0.27711515768314987,12,5.167881999999935,87,0.4367816091954023,COMPLETE
245,-9999.0,2026-04-28 14:36:54.639257,2026-04-28 14:37:02.102022,0 days 00:00:07.462765,3,59,13,5,37,0.9,14,81,15,5,2.6,2.1367058549620475,1.1319248344847692,66,-2.0191737133144168,-1.6178900704324501,0.44439259053404406,8,0.8333333333333334,1.9731050132583847,-0.961797709976403,3.6600257586733966,1.9827299999999992,8,-0.8425516140528383,1.1782550757433061,0.27807257169918387,16,-0.8042203504637156,1.382525911708245,0.43847868735196194,9,-0.734437337966747,5.0,4.994344920259319,12,-1.6178900704324501,0.44439259053404406,-1.0752372903767515,10,-0.5888326476499792,1.1550357931132922,0.17316011797490205,11,6.869809999999998,66,0.48484848484848486,COMPLETE
246,-9999.0,2026-04-28 14:37:02.106946,2026-04-28 14:37:09.500433,0 days 00:00:07.393487,3,47,14,7,43,0.8,13,79,13,5,2.4200000000000004,1.681373086514176,0.8559103334815465,100,-3.6023774093893275,-2.3050184380583603,0.17952137582450284,12,0.8333333333333334,1.4598906423958318,-1.1353881241095203,2.8087449517476495,2.230363400000024,12,-0.7300783941469768,1.2426578155922425,0.4569703016433113,21,-0.600550915475834,2.391725511254263,1.8170383224557884,16,-1.1885189486941705,2.2922019311711015,2.495708180578493,21,-2.3050184380583603,0.17952137582450284,-2.1750114891150085,13,-0.7260402592416452,1.1733869334952955,0.3103932853266711,17,5.167575000000002,100,0.48,COMPLETE
247,-9999.0,2026-04-28 14:37:09.505428,2026-04-28 14:37:17.071968,0 days 00:00:07.566540,2,59,14,6,57,0.9,12,83,13,5,2.58,2.172676249391774,1.444875430061754,76,-2.0429881395323335,-2.0429881395323335,0.4692781294785426,5,0.6666666666666666,2.0835257219655032,-2.0429881395323335,5.0,5.780511999999982,12,-1.6070331034764886,0.4692781294785426,-1.3338273499753805,21,-0.4985495016492823,1.178607370289194,0.08196257747610236,5,-0.5347460766787178,3.902439382245251,3.636165426848459,17,-0.5786997820437332,1.7687505157307595,0.8778118607867036,11,-0.6555300218288356,0.7169820986068943,-0.373371934765343,10,8.79581259999993,76,0.4605263157894737,COMPLETE
248,-9999.0,2026-04-28 14:37:17.076977,2026-04-28 14:37:24.701030,0 days 00:00:07.624053,3,60,14,5,37,0.9,14,84,13,5,2.7800000000000002,2.167687615693936,0.7759204631842747,57,-1.5860010884174298,-1.1826130590149893,0.5714594991285349,7,0.5,1.790835616670333,-0.9550093208434612,5.0,2.857328800000003,7,-0.8991420135607806,0.5714594991285349,-0.681262101762814,14,-0.7376138746784228,0.5813597117082273,-0.3388820666397674,7,-0.9541104007847209,5.0,3.105411507112432,10,-1.1826130590149893,0.6814093900113867,-0.444163787282581,10,-0.6010398820838054,1.171897093315469,0.15709042767837467,9,4.66996340000001,57,0.45614035087719296,COMPLETE
249,-9999.0,2026-04-28 14:37:24.706030,2026-04-28 14:37:32.507568,0 days 00:00:07.801538,2,30,14,5,42,0.85,14,78,11,3,2.22,2.692280379737521,0.956931659294169,39,-1.218009193249611,-1.218009193249611,1.4323122628677434,3,1.0,2.504175527140454,-0.45337507132139526,1.4323122628677434,0.12077939999999288,3,-1.218009193249611,2.852963948320041,2.3234417609816926,9,-0.23990880151070673,3.6466023083193617,0.6021098080196685,6,-0.7922740268616255,2.466534490185211,1.1562078820035682,8,-0.6243467332455568,1.5034208393602222,0.4706989876359424,7,-0.36241204082936096,4.251848429372546,1.0683521171241495,6,5.865291799999883,39,0.5897435897435898,COMPLETE
250,-9999.0,2026-04-28 14:37:32.512556,2026-04-28 14:37:40.247373,0 days 00:00:07.734817,2,41,13,7,40,0.8,15,88,12,3,2.3000000000000003,1.3843834291453883,0.5073970357966177,72,-1.684900151007286,-1.684900151007286,0.6603564187386464,10,0.8333333333333334,1.3480593274633301,-0.9276645992875837,2.100615565876663,1.2891290000000222,10,-1.684900151007286,1.045986554273234,0.09630154880693187,16,-0.881973206361972,0.6603564187386464,-0.4394976097055747,10,-1.5012572544478644,1.9565328678706844,1.454958674902218,14,-0.6643018474724682,1.0994633599916275,0.1491303594967297,11,-0.6876932375746101,1.4433458081214745,0.49436024127937905,11,3.0694830000000284,72,0.4166666666666667,COMPLETE
251,-9999.0,2026-04-28 14:37:40.252341,2026-04-28 14:37:48.059081,0 days 00:00:07.806740,3,37,10,6,48,0.9,14,83,13,5,2.8,3.196200849719297,1.08725510002932,50,-2.125975267176716,-2.125975267176716,0.3638347825421811,4,0.8333333333333334,2.0949968693359624,-0.653649639744503,1.9612174533349187,0.4850880000000224,6,-1.238463023473693,2.4171143338609773,2.2093905117543278,14,-0.593428956379914,4.68490898765577,2.4007743483591693,10,-0.5217778466151534,4.750129540921934,1.913059310047327,7,-2.125975267176716,0.3638347825421811,-1.552217780116405,9,-0.35448751443191784,5.0,1.0674362101314783,4,6.645535999999996,50,0.52,COMPLETE
252,-9999.0,2026-04-28 14:37:48.064172,2026-04-28 14:37:55.806095,0 days 00:00:07.741923,2,52,10,7,41,0.8,18,90,13,5,2.54,1.6186694056412154,0.5603778838091933,87,-3.115020920434359,-2.033230348979771,0.3806108099615079,11,0.5,1.2897807146602789,-2.033230348979771,4.490820049607668,4.123601000000021,14,-1.2521903996938923,0.3806108099615079,-1.2115147650339164,17,-1.7081596306384168,0.6153404625361938,-0.7375056430146465,14,-1.3224911841267983,2.012724892105746,1.7650364085117998,14,-1.7623922490777304,0.6492273781559704,-1.1425481439328422,17,-0.5660017061603126,1.5632928414802076,0.5651984463247439,11,3.299069400000043,87,0.3563218390804598,COMPLETE
253,-9999.0,2026-04-28 14:37:55.811090,2026-04-28 14:38:03.668419,0 days 00:00:07.857329,2,59,12,6,60,0.85,10,86,10,5,2.68,1.728600008553438,1.283982383744009,109,-3.3107749085120277,-2.079955310544139,0.4885936894332943,10,0.8333333333333334,1.547246034229358,-2.0376895733138745,2.6947381473814773,3.389442400000009,18,-1.9654758092842177,0.4885936894332943,-1.7865038800131794,22,-0.6751639941979996,2.3866991879959465,0.88463156656573,10,-2.079955310544139,1.9034125738303351,3.432636934735922,26,-1.3404315292823998,1.1998457910189209,0.3918752836880035,14,-1.0588129310618393,1.6983106616606543,1.3918119974875687,19,7.852800000000015,109,0.43119266055045874,COMPLETE
254,-9999.0,2026-04-28 14:38:03.673516,2026-04-28 14:38:11.476050,0 days 00:00:07.802534,3,60,14,6,53,0.9,11,78,11,5,2.6,1.8198873299426301,0.7972100372391101,75,-2.233049117452085,-2.071388773226628,0.6010177089433215,9,0.6666666666666666,1.6321567900662484,-1.0670951192276794,1.1815760580839447,0.20507199999999504,11,-2.071388773226628,0.6010177089433215,-0.9859181579151777,17,-0.622815892140914,2.0899001136720705,0.9083935221993578,9,-0.5366849903969692,5.0,4.6930687495708945,15,-1.1851316685462612,0.6337499231278929,-0.5113634195356265,10,-0.8682221642808176,1.4130801758285514,0.4740075291152168,13,4.77534399999997,75,0.49333333333333335,COMPLETE
255,-9999.0,2026-04-28 14:38:11.480987,2026-04-28 14:38:19.002825,0 days 00:00:07.521838,2,60,12,7,37,0.8,15,81,15,5,2.4200000000000004,2.004539389650501,1.8987811030220347,121,-2.3673763956134275,-2.0425114472590487,0.7094733248086837,14,0.8333333333333334,1.8149618152841127,-2.0425114472590487,5.0,6.202089000000011,18,-0.9276002597523014,1.52982678363131,1.3643170427655615,27,-1.148989491072088,1.1430112300318402,0.1915216370328432,14,-1.4166414597577888,1.5916407851392238,1.8866459103574762,23,-1.6093796825668996,2.0532842142919474,2.5185083264316344,21,-1.6090307780999118,0.7094733248086837,-0.7703952984553175,18,11.791796599999982,121,0.48760330578512395,COMPLETE
256,-9999.0,2026-04-28 14:38:19.007630,2026-04-28 14:38:26.502727,0 days 00:00:07.495097,2,30,14,7,40,0.85,18,81,15,5,2.4800000000000004,2.1690484184450134,0.670240102781953,41,-1.4696017575083704,-1.271645571792308,0.4819261916408565,5,0.6666666666666666,1.8951794036389087,-1.115261875050463,0.4819261916408565,-0.3812816000000163,6,-1.271645571792308,2.424822858187491,1.8776523428954084,8,-0.677958897405201,0.6582270326340777,-0.24673243200166173,6,-0.5430856501606702,5.0,1.695739892812309,6,-0.5181085657070627,2.935856290826371,0.5296382677046241,5,-0.7844184694794587,1.5134581373812839,0.5464241452810548,10,4.066397199999905,41,0.4878048780487805,COMPLETE
257,-9999.0,2026-04-28 14:38:26.507866,2026-04-28 14:38:34.272023,0 days 00:00:07.764157,3,42,14,6,30,0.8,8,87,11,5,2.54,1.502981107908771,0.31308168220739824,81,-2.9685701090222816,-2.0817999529526316,0.21136957093661177,10,0.6666666666666666,1.201046343312234,-1.088169749655629,1.2630939915233466,0.4010026000000666,14,-1.4838710191661169,0.8793163417008054,-0.22476986698937163,15,-0.6217660124067064,2.555817697671171,1.0090300534808083,10,-0.9184318444350843,2.6158367723454874,1.973475404345626,14,-2.0817999529526316,0.21136957093661177,-1.9464570011494486,12,-1.2472968060808685,1.4924522732752021,0.6662089035567087,16,1.8486352000000483,81,0.4444444444444444,COMPLETE
258,-9999.0,2026-04-28 14:38:34.277137,2026-04-28 14:38:42.042437,0 days 00:00:07.765300,3,55,11,7,40,0.95,18,85,11,4,2.3600000000000003,2.7108763963764013,0.29517408296263853,21,-1.2231934783721876,-1.0342258961045125,0.25375377069816035,1,0.8333333333333334,1.79041034568514,-0.7887856942897573,1.2594871646873875,0.17982720000002672,7,-0.4682603410468493,0.25375377069816035,-0.3432455511362509,4,-0.6634372728190591,2.4888205225293576,0.6301496697917575,3,-1.0342258961045125,2.2631969203435043,0.8492136736497402,5,0.0,5.0,0.15546973023126132,1,0.0,5.0,0.29962977523929624,1,1.7798144000000127,21,0.47619047619047616,COMPLETE
259,-9999.0,2026-04-28 14:38:42.047488,2026-04-28 14:38:49.888405,0 days 00:00:07.840917,3,58,11,5,56,0.95,13,83,12,5,2.74,1.8444289481448337,0.2016419086139254,40,-2.5312397351147418,-1.9133775018559427,0.1015069270208156,4,0.5,1.2230423111734632,-0.9915291899339244,0.29864457140761264,-0.7647789999999932,7,-0.5476347064373269,0.8743419731215016,-0.11221761676734054,9,-0.6285237304883746,1.1279347355843359,0.06264969806222265,5,-0.9360399789094347,5.0,3.1388675621702555,9,-1.9133775018559427,0.1015069270208156,-1.6102725510525606,6,-0.4553228461386456,3.6641454817347374,0.49560335927096855,4,1.1508157999999602,40,0.425,COMPLETE
260,-9999.0,2026-04-28 14:38:49.893515,2026-04-28 14:38:57.742550,0 days 00:00:07.849035,3,47,11,6,48,0.85,9,89,13,4,2.7600000000000002,1.2802868217805716,0.3101377726554851,103,-3.0454201648911057,-2.074240261749309,0.30701828337842446,15,0.6666666666666666,1.135083476536393,-2.0668229687941855,0.30701828337842446,-1.7393355999999582,17,-1.3098854437298189,1.0525071967810107,0.08260396008477056,15,-1.3563783141243972,1.581995591875479,0.8726516336308832,17,-1.2199911872887834,2.3912991116478675,2.5434262744635117,21,-2.074240261749309,0.651818345602137,-1.348902759074977,17,-1.8081967122530622,1.6970824013985126,1.4503831268286804,16,1.8064200000001085,103,0.4077669902912621,COMPLETE
261,-9999.0,2026-04-28 14:38:57.747655,2026-04-28 14:39:05.554050,0 days 00:00:07.806395,2,50,12,7,54,0.85,12,80,14,4,2.7,1.5223458077146235,1.057536302734539,116,-4.901164615358917,-3.378677387470001,0.24146296640621656,17,0.6666666666666666,1.3719279703715663,-2.0286187430117417,2.864819848745484,5.604772000000002,23,-1.8775777159798654,0.44927639194775787,-1.2478697458860655,17,-0.9805046251237941,2.178555023034085,1.7024620968438153,17,-1.5359241300200959,1.5798836933734373,1.4995661799419135,22,-3.378677387470001,0.24146296640621656,-3.259021839117626,19,-1.8746650048642506,1.8200769227807592,2.045309124625194,18,6.274528999999984,116,0.3706896551724138,COMPLETE
262,-9999.0,2026-04-28 14:39:05.559081,2026-04-28 14:39:13.065162,0 days 00:00:07.506081,2,54,13,7,35,0.8,12,84,13,3,2.6,1.0921109167617262,-0.24373792734194896,123,-3.8134100473139365,-3.283870501764373,0.4427881932659504,12,0.5,0.9218894448125866,-2.376290323759293,1.1581852736561282,0.6350680000000386,27,-1.6273551879549455,0.578125371108665,-1.2355235850786905,19,-1.2457771181967414,0.4427881932659504,-0.9745461839277603,12,-1.2932283158052578,2.492884794921285,2.437048302085265,18,-3.283870501764373,0.584405561398132,-2.986714228915277,30,-1.9061221192440798,1.2962763062201965,0.6622401317847304,17,-1.5418179999998838,123,0.3333333333333333,COMPLETE
263,-9999.0,2026-04-28 14:39:13.070142,2026-04-28 14:39:20.289095,0 days 00:00:07.218953,2,32,13,5,58,0.85,14,87,11,4,2.3000000000000003,3.2693673882555694,0.7705795305804157,46,-1.4605595327129652,-0.9836589719982389,0.5858530854106888,4,0.8333333333333334,2.043867902453372,-0.15715173791235004,4.374420498344331,0.62160200000001,5,-0.7207880309544648,3.5004615637160557,2.573506035016182,11,-0.17070191284886557,5.0,0.6607554487474854,4,-0.9836589719982389,1.7618962573572363,0.6528837272488763,8,-0.9104161814958451,0.5858530854106888,-0.7752924440252662,11,-0.3796355913372446,4.393572924705108,0.8900224164952064,7,4.68413799999996,46,0.5869565217391305,COMPLETE
264,-9999.0,2026-04-28 14:39:20.294856,2026-04-28 14:39:27.689365,0 days 00:00:07.394509,3,56,12,6,43,0.95,16,77,11,4,2.22,2.0668798009476554,0.19468859969300664,31,-1.2666619564459896,-1.0122982663394058,0.3264377720528855,2,0.5,1.3753869224989093,-1.0122982663394058,0.462495976105545,-0.6478535999999702,10,-0.6242830803061119,0.5614476171849763,-0.27083280004506216,6,-0.2811555875655453,4.563620771103572,0.9897481152082444,6,-0.6416590758401581,5.0,1.2651261959114812,4,-0.4437276425194186,0.3264377720528855,-0.29931173093211694,2,-0.32244907495316133,1.4872766692389523,0.13125541801546348,3,1.1589846000000348,31,0.45161290322580644,COMPLETE
265,-9999.0,2026-04-28 14:39:27.694408,2026-04-28 14:39:35.102797,0 days 00:00:07.408389,3,52,11,5,38,0.85,16,75,10,4,2.24,1.2218241286985663,0.3224665103911913,64,-1.7192505087486976,-1.2370568907885433,0.7215856087605059,9,0.8333333333333334,1.2605098112212034,-0.8842603559241695,1.1910541828900103,0.2100144000000359,14,-0.7237288470712604,1.0927973401843694,0.07353037562281006,10,-0.799344413543492,0.7215856087605059,-0.3108225987738855,9,-1.2370568907885433,1.2984379741348153,0.3305469703401398,9,-0.9564014069526958,1.3483755081460707,0.6612999037315159,10,-0.7666792938285473,1.6786941580756254,0.9702300114265316,12,1.9453492000000017,64,0.453125,COMPLETE
266,-9999.0,2026-04-28 14:39:35.107859,2026-04-28 14:39:42.565779,0 days 00:00:07.457920,3,56,12,5,51,0.9,12,90,11,5,2.8,1.4661965613069456,0.08560887904138041,58,-2.1126461764611415,-1.4385604361024245,0.43471401802445087,9,0.3333333333333333,1.0727142930605316,-1.4012520984861756,0.5716735063455788,-0.5865759999999831,9,-0.6133218698423644,0.8415876766229708,-0.17130282123670737,10,-0.6789617421174591,1.3190800101097697,0.2925804654722697,11,-0.5489839709843842,5.0,2.3206841773420805,10,-1.4385604361024245,0.43471401802445087,-0.9330741771553908,9,-0.6218819092756239,0.6301241567389035,-0.40865837017398654,9,0.4807680000000758,58,0.43103448275862066,COMPLETE
267,-9999.0,2026-04-28 14:39:42.570881,2026-04-28 14:39:49.972948,0 days 00:00:07.402067,3,54,11,7,46,0.8,12,79,13,5,2.66,0.9301941873037428,-0.5808421670829086,132,-7.391566257251933,-4.116709937514452,0.35605532488226505,20,0.5,0.8318483897580248,-1.5420224891007637,1.2902481420345921,0.7490666000000701,21,-1.5553237452383104,0.5008807874314003,-1.3086209574868057,22,-1.4161939845307707,1.5436340710506231,1.1707439100625328,20,-2.2250571976511355,1.4341904985830836,1.7439533363030169,24,-4.116709937514452,0.35605532488226505,-3.885196335351526,24,-2.5357893305369874,0.4561562998404926,-1.954999556024739,21,-3.5505985999999545,132,0.38636363636363635,COMPLETE
268,-9999.0,2026-04-28 14:39:49.978039,2026-04-28 14:39:57.369503,0 days 00:00:07.391464,2,57,14,6,35,0.9,12,86,10,5,2.8,1.9581656799229545,0.629037065502421,64,-2.3749691232970074,-2.040662011475406,0.38150466455408744,5,0.5,1.4820707647701976,-2.040662011475406,4.268665473436087,3.743766000000015,12,-1.2377487140543404,0.4214995853638073,-1.1969181839803333,16,-0.3697574992194518,3.0297012478672163,0.5918887193248068,5,-1.251020578903021,3.028621566126634,2.1750843691847876,12,-1.3407381613237335,0.38150466455408744,-1.1245541802666237,10,-0.5692818423321638,0.6190015421898939,-0.4150443312481267,9,3.7343660000000334,64,0.421875,COMPLETE
269,-9999.0,2026-04-28 14:39:57.374627,2026-04-28 14:40:04.722820,0 days 00:00:07.348193,2,59,10,5,57,0.95,16,82,10,4,2.6,1.2777524457461953,0.42617822854600734,43,-2.1397185680526833,-2.0505157054297323,0.0,3,0.3333333333333333,1.4582692728875515,-2.0505157054297323,3.7832576818588093,3.298884000000002,12,-0.4306486939153895,0.9578134381311093,-0.029928687322500203,9,-0.580329120237543,0.0,-0.531239270632311,3,-1.103610467015172,0.6754535846397555,-0.35873468380376305,6,-0.8092955877850244,0.7196218682338487,-0.2834054828528054,6,-0.8190465066205143,1.5303681016136497,0.4614934958874217,7,2.531814000000021,43,0.3953488372093023,COMPLETE
270,-9999.0,2026-04-28 14:40:04.727727,2026-04-28 14:40:12.053119,0 days 00:00:07.325392,3,55,11,5,41,0.95,18,88,12,4,2.22,1.8872372876039887,-0.21870425568014476,17,-2.0953842292996976,-1.1490569408116589,0.0,1,0.5,0.4677349578637326,-0.6407696856752093,1.1262106970400594,0.06847939999998776,5,-0.5460929921627742,0.19721302858387257,-0.44260250845781224,5,-0.6197652037367204,0.0,-0.4241481216944121,2,-1.1490569408116589,0.0,-0.9529952405538666,3,0.0,5.0,0.14959492126398466,1,0.0,5.0,0.2894460153612499,1,-1.3105696000000222,17,0.29411764705882354,COMPLETE
271,-9999.0,2026-04-28 14:40:12.058108,2026-04-28 14:40:19.441311,0 days 00:00:07.383203,2,42,14,6,51,0.8,8,85,10,5,2.52,1.8595777172560748,1.150546567817982,112,-3.010506357495934,-2.393580497757619,0.1793602560051584,12,0.8333333333333334,1.5603701867300832,-2.034944934565256,3.358899290479735,4.455017200000033,20,-1.0722034189531127,1.5241936370980156,1.167894499183486,22,-0.44512018625585204,3.0329167324332036,1.3406773437006025,12,-1.1848778462039462,1.2894960476692003,0.672337061828876,21,-2.393580497757619,0.1793602560051584,-2.2644606979403736,15,-1.3273857646110947,1.772600339851135,1.5318140001352676,22,6.984442800000057,112,0.45535714285714285,COMPLETE
272,-9999.0,2026-04-28 14:40:19.446361,2026-04-28 14:40:26.783023,0 days 00:00:07.336662,3,60,11,6,38,0.9,15,83,14,5,2.7800000000000002,2.2806685166198912,0.9391614661143538,73,-3.466129797520095,-3.2061915010863222,0.2536151046660294,9,0.6666666666666666,1.5779393972000653,-0.9523813340705444,5.0,3.136096200000016,9,-0.8918972109903757,0.8809921233105904,-0.2242830672506524,18,-0.7991185314754672,1.4817827255278264,0.548827569810606,9,-0.9198016030994072,5.0,4.813287811251055,14,-3.2061915010863222,0.2536151046660294,-2.7061431325497654,14,-0.5323811912265839,1.0676211462149021,0.06718341542486517,9,5.5859172000000346,73,0.4383561643835616,COMPLETE
273,-9999.0,2026-04-28 14:40:26.788314,2026-04-28 14:40:34.102395,0 days 00:00:07.314081,2,31,13,6,58,0.85,16,79,13,5,2.3800000000000003,2.3529549206364444,1.0148472422569574,56,-1.4021939411481792,-1.4021939411481792,0.7568718103843862,7,0.8333333333333334,2.144906670800281,-1.4021939411481792,0.7568718103843862,-0.24916019999999817,8,-0.7270560705158263,3.4418910746383684,2.914430601114537,13,-0.7404879928933678,1.0989696282937427,0.060405808299690555,7,-0.5334244840610418,4.287333561793136,2.054519066381566,8,-0.536774218361688,3.42976269709218,1.1701196747822884,7,-1.0726574843636287,1.102900751616854,0.13876850296365983,13,6.204237799999968,56,0.5357142857142857,COMPLETE
274,-9999.0,2026-04-28 14:40:34.107607,2026-04-28 14:40:41.439041,0 days 00:00:07.331434,2,45,14,5,40,0.9,17,81,15,5,2.8,1.5412801692236646,0.36736631894691746,50,-1.3139128545661694,-1.0108141168803872,0.3934655227413768,5,0.6666666666666666,1.4439208301630742,-0.6057694777896099,1.3608060145785177,0.2836260000000257,9,-0.6118149551197365,1.753850676690171,0.7159593531251396,10,-0.6485639464398036,0.3934655227413768,-0.35767546531135785,5,-0.7391489050784629,2.7762107667028517,1.2674517711870559,7,-1.0108141168803872,0.5473047920773694,-0.5790439464780195,9,-0.6080619340801755,2.4160432425517,0.873880201158661,10,2.2112540000000402,50,0.42,COMPLETE
275,-9999.0,2026-04-28 14:40:41.444025,2026-04-28 14:40:48.761187,0 days 00:00:07.317162,2,59,14,7,42,0.95,18,81,15,5,2.3000000000000003,3.092640422690321,1.3976557238875549,37,-2.0526053458014895,-2.0526053458014895,0.0,0,0.8333333333333334,3.9945771818628173,-2.0526053458014895,5.0,5.027470000000012,9,-0.4466755915039576,1.211990240501921,0.20847117425566442,10,0.0,0.0,0.0,0,-0.5240477846492584,3.818843136878803,1.3965063819461498,7,-0.465994046816486,4.618578908814477,1.2498309183530898,6,-0.423908209712895,3.906430249946722,0.503655868770414,5,8.594166999999974,37,0.5675675675675675,COMPLETE
276,-9999.0,2026-04-28 14:40:48.766303,2026-04-28 14:40:56.277682,0 days 00:00:07.511379,2,37,14,5,46,0.95,12,89,14,3,2.4000000000000004,2.4321812596203167,0.3221596334105496,21,-1.8116080205920635,-1.8116080205920635,0.0,1,0.8333333333333334,1.7913674420126644,0.0,5.0,0.11814400000000891,1,-1.8116080205920635,2.044291162327988,0.9436031894478614,6,-0.17493922283975413,1.482087305569472,0.1521112671438063,5,-0.34344737370284384,5.0,1.3863656145696845,3,-0.893349057407518,0.0,-0.7001863636052486,2,-0.5435161323678459,1.0667090898244398,0.032920092907184895,4,1.9348380000000276,21,0.5238095238095238,COMPLETE
277,-9999.0,2026-04-28 14:40:56.282722,2026-04-28 14:41:03.960277,0 days 00:00:07.677555,2,37,14,6,54,0.95,15,83,14,5,2.5,2.79406902897941,0.8001165271725248,24,-0.821075096609418,-0.7306299575309875,0.0,1,0.6666666666666666,3.8217089371980486,-0.24386608663059559,0.0,-0.13999999999999568,1,-0.6365605155335744,5.0,2.8978920488684112,7,-0.255442637782783,1.3658544519991107,0.10944603673432862,4,-0.33825891015020654,5.0,1.4312268172971487,3,-0.7306299575309875,0.3985597218773495,-0.32498057165737393,3,-0.36050306421428113,5.0,0.8271148317926302,6,4.859659999999999,24,0.6666666666666666,COMPLETE
278,-9999.0,2026-04-28 14:41:03.965455,2026-04-28 14:41:11.652098,0 days 00:00:07.686643,2,34,14,5,39,0.85,17,84,13,5,2.46,1.2734168312041776,0.22950875315264815,46,-1.774512410893251,-1.6201313630800012,0.11687725286629301,6,0.8333333333333334,1.2515820338876362,-0.8081756680531142,1.0552898645984314,0.03364720000000876,6,-0.8693970033954505,2.387689978631664,1.9151310120380627,11,-0.5941211333397779,1.5132270443318867,0.2374449936315859,6,-0.5459479724779629,1.3530618300152797,0.21658103442740995,6,-1.6201313630800012,0.11687725286629301,-1.2176686021619476,7,-0.5928788723658192,1.2143550167815096,0.1919168809807692,10,1.359929199999943,46,0.391304347826087,COMPLETE
279,-9999.0,2026-04-28 14:41:11.657051,2026-04-28 14:41:19.276674,0 days 00:00:07.619623,2,45,11,7,60,0.85,13,81,15,3,2.68,1.7670353014615232,1.1723835955312716,101,-2.0683471894141947,-2.0683471894141947,0.9372828839257482,15,0.6666666666666666,1.5652074383006354,-2.021824355292332,1.338024203145311,0.7385288000000045,16,-2.0683471894141947,0.9372828839257482,-0.12047664527726765,15,-1.019094439680739,1.9599095939729216,1.430937193673043,16,-1.177272398776107,3.3297995312245794,3.223808098293346,17,-1.3077210708460372,0.9846672937838267,-0.05662882802460745,21,-1.9657205922945244,2.0525283027167514,1.8181329545231106,16,7.201658400000177,101,0.43564356435643564,COMPLETE
280,-9999.0,2026-04-28 14:41:19.281735,2026-04-28 14:41:26.760079,0 days 00:00:07.478344,2,37,13,6,32,0.8,8,81,15,4,2.68,1.8130854485489911,1.487344069640965,140,-3.7305411617740933,-3.5029976294138154,0.7428414966295754,19,0.8333333333333334,1.5330661070231346,-2.3161979827156904,1.0614156574090867,0.20116760000006284,28,-1.0214610263380466,2.0549732899235287,2.5838437435533823,24,-0.7926105813065939,2.4215124127673997,2.417631036400314,24,-2.087779819772932,1.597463656601563,1.8992508719319678,23,-3.5029976294138154,0.7428414966295754,-1.160036378815965,22,-0.8649110989560319,3.0003061779627944,2.9822075447760277,19,9.192357200000178,140,0.45714285714285713,COMPLETE
281,-9999.0,2026-04-28 14:41:26.765307,2026-04-28 14:41:34.159108,0 days 00:00:07.393801,2,36,13,5,44,0.8,15,80,14,3,2.4200000000000004,1.2382336672415422,0.20625432431783386,64,-1.9762299894148307,-1.9762299894148307,0.7680440189462436,8,0.8333333333333334,1.1494962643986941,-1.3766426097622348,1.0280218498346565,0.03483199999998465,10,-1.9762299894148307,1.5401581283861063,0.8830562138596454,14,-0.5425531660874696,1.1902993520442564,0.21593667848744946,13,-1.3155081737007526,1.0089499383406715,0.0124145563383804,9,-1.5185937850124058,0.7680440189462436,-0.5015818754585233,10,-0.511464745078637,1.893928715897319,0.5928683726800665,8,1.2379979999999513,64,0.40625,COMPLETE
282,-9999.0,2026-04-28 14:41:34.164019,2026-04-28 14:41:41.744548,0 days 00:00:07.580529,2,60,13,6,49,0.95,9,90,11,5,2.7,3.284554566178231,1.4439113493291558,49,-2.151099126252741,-2.042703458600641,0.5420583625565504,2,0.8333333333333334,2.938589810895753,-2.042703458600641,3.891281945915173,3.658686000000011,12,-1.3102529897906248,0.5420583625565504,-0.8427938204811802,14,-0.33391157588231146,2.3637974309759278,0.1797342973697047,2,-0.5253374418654089,5.0,3.3825831471727685,10,-0.46701218881114737,2.9101896576217317,1.0104625113040333,6,-0.42293532859782906,5.0,1.2747959606095982,5,8.899270999999986,49,0.5102040816326531,COMPLETE
283,-9999.0,2026-04-28 14:41:41.749518,2026-04-28 14:41:49.293459,0 days 00:00:07.543941,3,55,11,7,55,0.95,13,88,14,5,2.54,2.267373048701938,0.7739978238671138,41,-1.8015496090056962,-1.3065574003614004,0.15296324778679185,5,0.8333333333333334,2.047626695687267,-1.3065574003614004,3.1476213004730766,1.9519730000000068,7,-0.6898441815856513,1.3383253588516721,0.2829732387817474,9,-0.5171231338908105,1.8735000816423366,0.5755556494909886,7,-0.9098909400903092,4.601619345880015,2.3710063139571913,8,-1.0877820384760937,0.15296324778679185,-0.8998462887716552,5,-0.43951933652851005,2.490208957577736,0.3623250297444036,5,4.697736200000002,41,0.4634146341463415,COMPLETE
284,-9999.0,2026-04-28 14:41:49.298574,2026-04-28 14:41:56.674743,0 days 00:00:07.376169,2,45,13,7,35,0.8,11,84,12,5,2.3800000000000003,1.56665227320481,0.9971919674829023,108,-2.379265299223508,-2.045347425052727,0.3903945766485172,13,0.5,1.501979889467548,-2.045347425052727,3.3556725298815224,5.415879599999984,23,-1.1712525509431475,0.9019133069323659,-0.19901062420200066,20,-0.5639452588735742,1.8020752896799026,0.7033533841749984,13,-0.7008693026651701,2.040362706453741,1.7164609764341643,18,-1.7911916209205132,0.3903945766485172,-1.463607373154019,14,-1.0612615564928196,0.9094952296328108,-0.1899241583557143,20,5.985658399999982,108,0.4722222222222222,COMPLETE
285,-9999.0,2026-04-28 14:41:56.679580,2026-04-28 14:42:04.055008,0 days 00:00:07.375428,2,33,14,6,37,0.85,15,83,15,5,2.4000000000000004,1.753336097846973,0.7116448746015376,58,-1.6857606968889822,-1.3480136309714583,0.2717271727172537,6,0.6666666666666666,1.7152873613051816,-0.8206180765778902,0.9641382936768755,-0.021823999999992516,6,-0.7254091364524498,2.8338242225001946,3.15238997758871,17,-0.5873400896362154,1.4732164437000872,0.2164280655893247,6,-0.5314279628831728,3.917991214679528,1.812516859681379,9,-1.3480136309714583,0.2717271727172537,-0.956262181119405,8,-0.5017764962173268,1.0591192398078966,0.06662052586920986,12,4.289563999999979,58,0.46551724137931033,COMPLETE
286,-9999.0,2026-04-28 14:42:04.059963,2026-04-28 14:42:11.535983,0 days 00:00:07.476020,2,48,10,6,50,0.85,8,82,15,4,2.72,1.5622297486697603,1.5334469838305,151,-3.23917580633193,-2.0446139836940507,0.7112283710707576,22,0.5,1.5114769394172007,-2.0446139836940507,2.8987519298213127,6.112481200000075,31,-1.028929620891474,0.9915268045348489,-0.022426014103937852,27,-1.6073470305203434,0.7699715101935884,-0.5563402009724161,22,-1.5783979835861401,1.524654308033104,1.2796280314600672,25,-1.9181478045766125,0.7112283710707576,-1.2259579778831409,22,-1.8202033839280627,2.4772455683649506,3.6132968644823515,24,9.351962000000258,151,0.41721854304635764,COMPLETE
287,-9999.0,2026-04-28 14:42:11.540995,2026-04-28 14:42:19.217770,0 days 00:00:07.676775,2,43,14,6,44,0.8,12,77,10,4,2.6,1.5475783163615595,1.031928712855749,98,-2.4254816389257856,-2.0550542915385446,0.9289893200225396,11,0.6666666666666666,1.5095301222328115,-2.0550542915385446,1.7524286047605593,2.0316400000000456,20,-1.1243980502629516,1.0902882822484488,0.16894955329544992,16,-0.4401543666154636,0.9954810839652113,-0.004309028073312682,11,-1.5196410887513,1.5605950052150268,1.2253764001348921,19,-1.9964611298411719,0.9289893200225396,-0.20585982585847873,17,-1.655154649288304,2.9576876019575713,2.9757751776358976,15,6.311142000000047,98,0.41836734693877553,COMPLETE
288,-9999.0,2026-04-28 14:42:19.222685,2026-04-28 14:42:26.639295,0 days 00:00:07.416610,2,50,14,5,54,0.9,9,87,12,5,2.7600000000000002,2.1126781868262614,1.1615494043393033,80,-2.332476752115316,-2.0957707817192666,0.12962774896034263,8,0.6666666666666666,1.7560655865695325,-2.0424899581081744,5.0,6.056032800000022,15,-0.6957905307532072,1.0886042784475085,0.14387413518264225,16,-0.4384825299721567,1.318544866612776,0.24857379749403385,8,-0.5134077344448279,4.187275318325526,2.58373375644001,12,-2.0957707817192666,0.12962774896034263,-1.967931178533977,12,-1.730882259472284,0.9520169086114174,-0.0949868845469104,17,6.9724444000000885,80,0.4,COMPLETE
289,-9999.0,2026-04-28 14:42:26.644370,2026-04-28 14:42:33.983210,0 days 00:00:07.338840,2,46,12,7,58,0.85,14,86,11,4,2.64,2.161938447865412,1.050483108393772,80,-4.212200007272557,-2.9346979271947946,0.08766136323065794,13,0.8333333333333334,1.6245713143825882,-2.041051353638766,4.335970116373833,3.482919600000045,13,-0.9903347741880387,1.3674547672590274,0.4831815742470269,13,-0.9789626013081252,3.0127569881550165,2.1342210687850027,13,-0.9710802486681513,2.337273083768225,1.6697190278122775,13,-2.9346979271947946,0.08766136323065794,-2.934697927194796,14,-1.7549633391562847,1.8305143684057121,1.4675553067130753,14,6.344776400000085,80,0.45,COMPLETE
290,-9999.0,2026-04-28 14:42:33.988205,2026-04-28 14:42:41.443582,0 days 00:00:07.455377,3,35,14,5,35,0.8,12,79,13,3,2.3200000000000003,1.9347378975456015,0.7310005341789586,62,-1.999954593814058,-1.999954593814058,0.3281186150971815,6,0.8333333333333334,1.6584912335032653,-0.9316270617725995,0.3281186150971815,-0.6761007999999902,9,-1.999954593814058,1.0193742067002842,0.04057110154214172,15,-0.4200894545194599,5.0,2.327475381575028,12,-1.4073916073643051,3.0597464887523187,2.426029757177872,10,-0.7913946272872773,1.1873260333020432,0.25872011372789494,10,-0.6031726389323913,1.0138620414217827,0.009307651050805,6,4.422743200000001,62,0.4838709677419355,COMPLETE
291,-9999.0,2026-04-28 14:42:41.448648,2026-04-28 14:42:48.760844,0 days 00:00:07.312196,2,44,11,7,41,0.8,18,80,14,5,2.2800000000000002,2.1548725196428014,1.5314891627526859,89,-2.0556626586994886,-2.0556626586994886,1.2542051507727483,13,1.0,2.108526087383503,-2.0556626586994886,4.6092398797132,4.680823200000028,14,-0.9294879296956662,1.849316410218003,1.517544810442395,19,-0.6250392309931893,1.8422895276355264,0.9549145706302831,15,-1.0621865436232896,1.65993680477585,1.002581334831576,14,-0.7288903062544714,1.2542051507727483,0.35716642017855627,13,-0.5070785558021202,1.7142473447414823,0.675904640433278,14,9.481844400000039,89,0.4943820224719101,COMPLETE
292,-9999.0,2026-04-28 14:42:48.765729,2026-04-28 14:42:56.094292,0 days 00:00:07.328563,3,59,12,5,39,0.9,16,88,14,5,2.8,2.176228441862956,0.6295885242087295,57,-2.1118978193607063,-1.8435807597105416,0.1544564608475177,7,0.6666666666666666,1.54031113203174,-0.9554300591923014,5.0,2.8307920000000264,8,-0.9243171259540476,1.0144144823684804,0.022300713194955968,14,-1.0829061235004278,0.46730388989091914,-0.5369703482977273,7,-0.9531393013127196,5.0,2.728739959939941,9,-1.8435807597105416,0.1544564608475177,-1.6947242046732702,9,-0.5391145492501483,1.4211958180708166,0.4273930250884517,10,3.753482000000008,57,0.42105263157894735,COMPLETE
293,-9999.0,2026-04-28 14:42:56.099384,2026-04-28 14:43:03.493748,0 days 00:00:07.394364,2,38,12,5,57,0.95,15,83,15,4,2.68,2.5686280067690253,0.8505791852062665,28,-0.8961462164144192,-0.8961462164144192,0.0,1,0.8333333333333334,2.9599293019321244,-0.21478656658878073,0.0,-0.1156299999999999,1,-0.8931030374447152,5.0,2.332660455284441,4,-0.31763729487902487,2.186208996663716,0.518295999606444,6,-0.6559640605077087,4.789897391304334,1.6967910548562282,7,-0.8961462164144192,1.109458389480847,0.1251610494713562,4,-0.37576010209171967,2.326203263165254,0.5461965520191292,6,5.189657600000053,28,0.6071428571428571,COMPLETE
294,-9999.0,2026-04-28 14:43:03.498927,2026-04-28 14:43:10.901397,0 days 00:00:07.402470,3,58,12,5,47,0.8,12,79,13,5,2.7600000000000002,1.3595122194948168,0.5004966249825512,114,-5.305873749918302,-3.126657813115615,0.3547161180286453,16,0.8333333333333334,1.1706693636153722,-1.77210697628446,2.701664995797527,3.3608224000000186,19,-1.3015954090991873,1.0907034574516266,0.24272020498168345,22,-0.994871137815735,1.8190403774247785,1.2600098251452696,17,-3.126657813115615,1.0873594352491416,0.32412525587219854,21,-2.793244276566224,0.3547161180286453,-2.4873559150504154,16,-1.9652889126820943,1.103588933017182,0.3026579789465522,19,2.9498031999999785,114,0.41228070175438597,COMPLETE
295,-9999.0,2026-04-28 14:43:10.906309,2026-04-28 14:43:18.264229,0 days 00:00:07.357920,2,41,13,7,44,0.8,14,85,12,4,2.7600000000000002,1.9595199950238797,1.4168857936739105,94,-3.1262010154883924,-2.6932384100855002,0.645886581108107,14,0.8333333333333334,1.735204652693954,-2.038983674457955,5.0,6.2037820000000465,16,-0.9664242322111488,2.2812021046772126,1.8204244364857125,15,-0.7536946661168249,1.187160652644645,0.24217470161052024,14,-1.6017793401942026,1.3487584478191554,0.7688423581207582,18,-2.6932384100855002,0.645886581108107,-1.0743145534422127,15,-1.557753382727472,1.2941121838941585,0.5404058192686412,16,8.642896799999988,94,0.4148936170212766,COMPLETE
296,-9999.0,2026-04-28 14:43:18.269289,2026-04-28 14:43:25.691592,0 days 00:00:07.422303,3,33,11,7,60,0.9,14,90,10,4,2.54,3.5934117626239996,1.0783850406306694,24,-0.7252514252094097,-0.7252514252094097,0.0,0,0.8333333333333334,5.0,0.0,0.0,0.0,0,-0.7252514252094097,5.0,3.4456383999999396,6,-0.6026780105924191,1.6956040444257412,0.25670855157096106,5,-0.6178879714975554,4.864866531318256,1.4867882311356162,5,-0.1335480134174886,5.0,0.47497026169986967,4,-0.10407096133325118,5.0,0.80620479937763,4,6.6056655999999325,24,0.7083333333333334,COMPLETE
297,-9999.0,2026-04-28 14:43:25.696673,2026-04-28 14:43:33.100070,0 days 00:00:07.403397,2,31,13,6,33,0.85,10,86,10,3,2.24,1.2085348544292092,0.430170089995167,74,-2.0030799802051935,-1.8039804185799233,0.2994138043446061,7,0.8333333333333334,1.2640441885072542,-1.8039804185799233,0.2994138043446061,-0.9455951999999934,7,-1.6701316526662364,2.481392975218322,2.6462738383947304,19,-1.055173451896504,1.025867737617131,0.03325830534404162,13,-1.5838547415681254,1.0044280214547967,0.005348961051332424,7,-1.2231753380849066,1.191933532468167,0.5262264810344197,15,-1.0791385973143763,1.2481730554722326,0.31550815414647104,13,2.572770000000002,74,0.4594594594594595,COMPLETE
298,-9999.0,2026-04-28 14:43:33.104953,2026-04-28 14:43:40.449662,0 days 00:00:07.344709,2,53,12,7,39,0.85,17,88,12,5,2.8,1.6844728574521282,1.1495336326838599,76,-2.029427587149562,-2.029427587149562,0.4601627997377524,10,0.5,1.7634691365157504,-2.029427587149562,5.0,7.155474000000028,15,-0.9079877375740663,0.4601627997377524,-0.8683252150048948,14,-1.19580634074831,1.12920496307321,0.17243584128996403,12,-0.8934229206841097,1.7178900009665685,0.7677661190464979,10,-1.3938458966658436,0.9282278219365858,-0.14248522585449397,13,-0.726019590087103,0.8713515589986528,-0.1876637233739431,12,6.871435999999953,76,0.3684210526315789,COMPLETE
299,-9999.0,2026-04-28 14:43:40.454704,2026-04-28 14:43:47.789257,0 days 00:00:07.334553,2,54,10,5,41,0.95,17,84,12,4,2.3600000000000003,1.478394325114782,0.34494315269234704,38,-2.6405769158798464,-2.0505596975739624,0.0,5,0.3333333333333333,1.425585239883452,-2.0505596975739624,5.0,3.388587200000037,9,-0.601356324230306,0.19057174522460293,-0.4803555338649401,5,-1.1322941409591483,0.0,-0.9438638867957816,5,-1.1134866802148695,0.5703177734718897,-0.4786669912376751,6,-0.9580225960673703,0.6740405037685964,-0.26689793093751524,5,-0.47033768540530224,2.435435928223603,0.8508560589899572,8,2.0229556000000315,38,0.3684210526315789,COMPLETE
300,-9999.0,2026-04-28 14:43:47.794391,2026-04-28 14:43:55.196578,0 days 00:00:07.402187,3,36,11,6,53,0.9,11,80,14,5,2.66,2.5694415500285075,1.2033965579820245,62,-2.4150474059225537,-2.2700774891260607,0.3024021645834322,6,0.8333333333333334,2.0168458172251214,-0.6556394230968688,1.9906705504696645,0.49995180000002026,6,-1.2159337426856982,3.327213944954148,3.78606629341689,16,-0.586106429233229,4.576709731727821,2.8107901835597193,15,-0.5137379151263312,2.911623941633221,1.5221973393115373,8,-2.2700774891260607,0.3024021645834322,-1.911127678286051,10,-0.7996232225652066,2.3080289668027603,0.5125014098900316,7,7.335759599999991,62,0.5483870967741935,COMPLETE
301,-9999.0,2026-04-28 14:43:55.201767,2026-04-28 14:44:02.588574,0 days 00:00:07.386807,2,50,14,5,48,0.95,13,82,14,5,2.7,1.6827070956544716,0.07234218067936338,41,-1.8561494495323425,-1.5038981059598389,0.12200816968418787,6,0.3333333333333333,1.0796371802724083,-1.075708359499625,0.6882380020716001,-0.2708899999999903,6,-0.60926593345278,0.9484857832760774,-0.048559542945869616,8,-0.8797183511506326,0.5157446397760623,-0.4026316754132897,6,-0.5551268929391117,2.821765979118903,1.4412012183482092,7,-1.5038981059598389,0.12200816968418787,-1.308285199572401,7,-0.2837372092326622,5.0,1.0232182836595216,7,0.40957800000003264,41,0.36585365853658536,COMPLETE
302,-9999.0,2026-04-28 14:44:02.593644,2026-04-28 14:44:10.045569,0 days 00:00:07.451925,2,60,14,7,53,0.9,8,85,11,3,2.62,1.6746242760029695,0.6255919217099964,111,-2.936230597985445,-1.9619839650541784,0.401284937379814,11,0.3333333333333333,1.2248446549505576,-0.9756763148566211,2.855165444001384,4.5873417999999555,24,-1.6236509799123766,0.7435620396546004,-1.0199718069515251,26,-1.5106016468630936,0.401284937379814,-0.8390812692931848,11,-0.7886284488149419,4.900762792354296,3.84087654417149,18,-1.9619839650541784,0.5699461418147658,-1.7101785637103961,17,-1.933189595781604,0.5770243008129561,-1.1054351739563595,15,3.6135503999999763,111,0.3783783783783784,COMPLETE
303,-9999.0,2026-04-28 14:44:10.050648,2026-04-28 14:44:17.395361,0 days 00:00:07.344713,2,34,10,7,41,0.85,18,78,12,4,2.24,1.992284832157912,0.9230001183710793,56,-0.9512582831353049,-0.9512582831353049,1.4483856202246346,7,1.0,2.0357109820234194,-0.4798858227861014,1.8292756300304054,0.5028064000000221,9,-0.7396665358092593,2.613924968063172,2.4638245325654395,13,-0.5875764346056872,2.0890697226164696,0.6035415804387378,9,-0.9512582831353049,1.9029614544377356,0.9415503010252513,9,-0.7027797184429375,1.4483856202246346,0.48709459236913055,9,-0.6174392832824606,2.0700915975750567,0.5391833038278948,7,5.6519783999999795,56,0.5,COMPLETE
304,-9999.0,2026-04-28 14:44:17.400520,2026-04-28 14:44:24.832258,0 days 00:00:07.431738,2,38,12,6,29,0.85,8,89,15,3,2.7800000000000002,1.9389302247716573,1.2806730427767679,112,-2.1780330849631246,-1.999192430992452,0.8190742134287189,14,0.6666666666666666,1.6328930062184506,-1.831898531857792,0.8190742134287189,-0.46883480000000644,22,-1.999192430992452,1.5612166527251077,1.314442765109014,24,-0.6237792385011259,1.649500678426048,0.901924635138851,19,-1.0747202061826397,4.949879679373808,4.523367757658736,14,-1.0926065140949264,1.7336289563186984,1.6043116302536964,15,-1.9822226075157732,0.9202811683575629,-0.19117373149968309,18,7.851050400000004,112,0.42857142857142855,COMPLETE
305,-9999.0,2026-04-28 14:44:24.837356,2026-04-28 14:44:32.199392,0 days 00:00:07.362036,2,31,14,6,57,0.85,14,87,11,3,2.24,2.5395305809412307,0.9181410041265899,42,-1.8648315278608274,-1.8648315278608274,0.857177279090495,4,0.8333333333333334,2.3581720911005117,-0.6443281621362668,0.857177279090495,-0.06733519999999604,4,-1.8648315278608274,3.0604194700046934,2.350481501419943,11,-0.17285539209362408,5.0,0.6949749055263688,5,-0.7908652139716763,2.7912325395360313,1.41317813109052,8,-0.6231982989198432,2.0202417009189486,0.7153169000087001,7,-0.5519510622758089,1.5081124960972172,0.40222978671400345,7,5.618119599999938,42,0.5714285714285714,COMPLETE
306,-9999.0,2026-04-28 14:44:32.204454,2026-04-28 14:44:39.642898,0 days 00:00:07.438444,2,53,13,6,45,0.9,10,83,11,4,2.66,1.1725508988740698,0.35040042183392034,93,-3.003563546074944,-2.7804566426207313,0.6830258919245844,10,0.5,1.1579251141441804,-2.07195848660613,1.6095727436012666,1.6290222000000298,21,-1.5422351818420934,0.7676851203241579,-0.4242238985154856,14,-0.8955166095075101,0.6835039320620059,-0.37343249840720016,10,-1.2056269634840722,2.0168704853871904,1.852889245413425,18,-2.7804566426207313,0.6830258919245844,-1.123027497633855,16,-1.603046622917308,1.274647219945213,0.5411749801466081,14,2.084330400000045,93,0.3548387096774194,COMPLETE
307,0.42873785288716626,2026-04-28 14:44:39.647813,2026-04-28 14:44:47.002692,0 days 00:00:07.354879,2,43,12,6,38,0.8,15,79,13,4,2.4800000000000004,1.7904910391411797,1.2219283692907257,100,-2.7232480668359607,-2.5108505236971683,1.002742561746783,15,1.0,1.5847871025489697,-2.0481085960705916,4.464933308081537,5.1226960000000155,17,-0.9752752165828524,1.7552364341797015,1.1739702718431166,16,-0.9982074801969464,1.0932719580466241,0.14364891810414449,15,-1.4095625873348376,1.1688188063512888,0.40468169843295154,18,-2.5108505236971683,1.002742561746783,0.00890999215765742,17,-1.7370507518488656,1.2579431664411453,0.47766333520646853,17,7.461000399999951,100,0.42,COMPLETE
308,-9999.0,2026-04-28 14:44:47.007642,2026-04-28 14:44:54.380967,0 days 00:00:07.373325,2,39,11,6,37,0.8,15,78,12,4,2.3400000000000003,1.3958820557027487,0.47813104840648085,91,-1.8373252425855136,-1.7048838291177144,0.8473703595571312,13,0.6666666666666666,1.2762382860175752,-0.5551309063286499,1.461046606199807,0.44782840000008317,14,-1.0205390568216082,2.113252565155249,1.9302077813760254,17,-0.9183673000536345,1.058611337422632,0.08501867609138625,15,-1.7048838291177144,0.8960701540289758,-0.25264875695745204,16,-1.35665117159478,0.8473703595571312,-0.3989327208131832,16,-0.650424151461999,1.9989413118526966,1.0573129107420254,13,2.8834802000001547,91,0.45054945054945056,COMPLETE
309,-9999.0,2026-04-28 14:44:54.386131,2026-04-28 14:45:01.739542,0 days 00:00:07.353411,2,42,10,6,38,0.8,16,79,13,4,2.7,1.9309651874433402,1.2746590751733937,98,-2.043569364078498,-2.0307445667902884,0.9583688134090833,15,0.8333333333333334,1.6822743526097255,-2.0307445667902884,4.822270587023975,4.083217000000028,15,-1.431832303254237,1.5227675582231013,0.8251214986947142,17,-1.0095721874478496,0.9583688134090833,-0.0751929422367903,16,-1.5842329004612545,1.029331454669126,0.05757028727000346,15,-1.6295670689588038,1.501450101919027,1.3575263141025085,17,-1.7311081190633928,1.7516026094157287,1.3997122932098982,18,7.836419000000094,98,0.4387755102040816,COMPLETE
310,-9999.0,2026-04-28 14:45:01.744592,2026-04-28 14:45:09.143679,0 days 00:00:07.399087,3,52,11,7,35,0.85,12,89,13,5,2.4400000000000004,1.0708149019768243,-0.2716067478257589,78,-4.349950681353682,-2.4002963548558522,0.22270485459860528,10,0.5,0.8378066682140282,-1.3911876772724723,1.1010236571307543,0.14284240000004278,12,-1.6431729184090558,0.30282643146187066,-1.4365308248930009,17,-1.0296053819843414,1.6389325260309258,0.7056112905587719,13,-1.1325741702699144,2.7843274102504076,2.2356166244577036,14,-2.4002963548558522,0.22270485459860528,-2.2633226681305962,12,-1.1676539523750566,0.375074532388382,-1.0138573089474745,10,-1.6841003999999549,78,0.3974358974358974,COMPLETE
311,-9999.0,2026-04-28 14:45:09.148852,2026-04-28 14:45:16.513856,0 days 00:00:07.365004,2,37,10,5,39,0.8,17,85,10,4,2.46,1.603973920943721,0.39086758898586965,69,-1.9266231958775013,-1.2938342736169857,0.47718045975754225,10,0.6666666666666666,1.3380264974335547,-0.5312577735701005,2.374542703206091,0.826595000000041,11,-0.916129843188305,1.6111019823727535,0.8719725187585903,13,-0.5012651638119269,1.6350487364825756,0.5502631476919317,10,-1.2938342736169857,0.47718045975754225,-0.9353914128275242,12,-0.8234269013435184,0.6083432112659417,-0.5290075241665138,11,-0.65381918250192,2.9176264325774217,1.5607738044586927,12,2.3457484000000806,69,0.4492753623188406,COMPLETE
312,-9999.0,2026-04-28 14:45:16.518954,2026-04-28 14:45:23.943585,0 days 00:00:07.424631,2,41,12,7,32,0.85,8,81,15,4,2.7800000000000002,1.8980702623427053,1.6683673309733287,123,-1.9763856526097443,-1.9763856526097443,0.9518620541116467,16,0.8333333333333334,1.7436433967559455,-1.9763856526097443,1.0576409450880406,0.13210440000006596,22,-1.027050594370926,1.7367013393212347,1.9429804373511494,25,-1.227648224471515,2.2776587028614137,2.4381963740239376,22,-1.0547858010925641,2.8814314688479548,3.2202755495743585,16,-1.5432420000113856,0.9518620541116467,-0.15737511811265703,20,-1.417124094041014,2.483127063825939,2.434022343003117,18,10.386973000000111,123,0.44715447154471544,COMPLETE
313,-9999.0,2026-04-28 14:45:23.948773,2026-04-28 14:45:31.294401,0 days 00:00:07.345628,2,49,12,6,38,0.8,16,84,12,4,2.4200000000000004,1.5481057392488558,0.7358861184541209,92,-3.496176858663554,-3.140038385458192,0.5004283239949717,12,0.5,1.3455514935597985,-2.025193124988851,4.849018119414051,6.145457800000043,20,-0.7320660013818265,0.9547064687537594,-0.046657107168235346,12,-1.6047942712934513,0.5650117045607328,-0.7618736874226317,13,-1.1773008568247185,1.0824994042321472,0.161113724291706,16,-3.140038385458192,0.5004283239949717,-1.7695748885511398,14,-1.7887094026029302,1.3369704145374728,0.6868508695749842,17,4.302620600000062,92,0.3804347826086957,COMPLETE
314,-9999.0,2026-04-28 14:45:31.299534,2026-04-28 14:45:38.652713,0 days 00:00:07.353179,2,47,12,6,38,0.8,16,77,11,5,2.62,1.4681871245135183,0.4981032882791614,93,-3.146940887150724,-2.048236472379909,0.3598008832234381,12,0.6666666666666666,1.2526121872108176,-2.048236472379909,3.680057521782766,3.475766600000041,14,-1.1945620262070604,0.6588085898720166,-0.7472984500700885,18,-0.6457691627160672,1.5586507972561432,0.5986991914698869,12,-1.2891878769272689,1.3591310119057303,0.8536912777557637,17,-1.703885040000046,0.3598008832234381,-1.5693449750733057,14,-0.9459151226025966,1.1926739430410163,0.3771060855926711,18,2.950912000000061,93,0.3763440860215054,COMPLETE
315,-9999.0,2026-04-28 14:45:38.657805,2026-04-28 14:45:46.055407,0 days 00:00:07.397602,3,52,11,5,56,0.8,13,90,11,3,2.5,0.9904263216360073,-0.0524787725836399,69,-2.3034862663867948,-1.7387129105144439,0.8098266045772173,8,0.5,0.9665852075621607,-1.5990295381072872,0.8098266045772173,-0.44023999999999175,14,-0.860663627724223,1.1077408043841874,0.09320532713217311,10,-0.6409952625054617,0.8316580852940544,-0.16470224973158532,10,-1.244251413182664,1.1420313635111052,0.22795616676010155,11,-0.9946081790838758,0.9178524511669435,-0.20130328155040234,16,-1.7387129105144439,1.1334486208825356,0.17021140188786532,8,-0.31613000000003666,69,0.37681159420289856,COMPLETE
316,-9999.0,2026-04-28 14:45:46.060372,2026-04-28 14:45:53.387869,0 days 00:00:07.327497,2,50,13,5,38,0.95,16,81,15,5,2.7600000000000002,1.7155558312229982,0.24253932492511732,37,-1.561234599485095,-0.7863642675033302,0.0,4,0.3333333333333333,1.36079476881269,-0.44865945713208516,0.6241042889991538,-0.19780759999998843,5,-0.7223139643347797,0.9714181067067061,-0.026897605507902878,8,-0.7469570967124707,0.0,-0.6948910867241365,4,-0.5553568581177374,3.019604787369461,1.6008935143004388,7,-0.7863642675033302,0.6782078042626671,-0.2686103040452026,6,-0.280850674447783,5.0,1.0425490315274955,7,1.4445068000000116,37,0.3783783783783784,COMPLETE
317,-9999.0,2026-04-28 14:45:53.392981,2026-04-28 14:46:00.719444,0 days 00:00:07.326463,2,58,10,5,41,0.85,18,87,10,3,2.52,1.2020032693578306,0.27840174209975793,51,-1.4633719084443215,-1.214626397794556,0.0,3,0.6666666666666666,1.259226664257523,-0.9774438599144316,1.2350802255323683,0.30269400000000335,9,-0.975064965637991,1.7165731354091665,0.6314247152723773,10,-0.6419439343090158,0.0,-0.57642449381059,3,-1.214626397794556,2.4419903060705908,1.6957152071647164,13,-1.011600961192111,0.6512179036566133,-0.5347863582679357,8,-0.7032139037845737,1.167158045478245,0.15178738223997623,8,1.6642299999999999,51,0.39215686274509803,COMPLETE
318,-9999.0,2026-04-28 14:46:00.724719,2026-04-28 14:46:08.095018,0 days 00:00:07.370299,2,33,13,6,60,0.8,15,80,14,4,2.4200000000000004,1.8999167155124788,0.875587673294557,80,-2.156689438330302,-1.6701035058832452,0.43875176465554283,10,0.6666666666666666,1.6336256357745949,-1.2346057496582452,0.562947507213382,-0.5104641999999604,11,-0.7289583457989667,3.964325897838144,3.551695534195076,16,-0.44451056872000205,1.836871156265761,0.6908000164141725,12,-1.132633012355799,2.410018087381597,2.224417397162215,16,-1.6701035058832452,0.43875176465554283,-1.4846400972403195,15,-0.6211443026679743,2.186585879720446,0.7817173892361584,10,5.284577200000018,80,0.5,COMPLETE
319,-9999.0,2026-04-28 14:46:08.100101,2026-04-28 14:46:15.429406,0 days 00:00:07.329305,2,46,12,7,50,0.8,15,79,13,4,2.5,1.8435938405786663,1.2715868850859107,105,-3.8562849538018558,-3.5144739545348225,0.5342151989885698,15,0.8333333333333334,1.5656408170478537,-2.050282799485206,4.168467334322953,5.058870000000026,18,-1.2114901007189376,1.2941329940667787,0.47752750434117974,17,-1.1250159532705029,1.787931697608662,1.2226536702085067,15,-1.151068405854925,1.470996605985801,0.9714631642631533,18,-3.5144739545348225,0.5342151989885698,-1.8405778557198937,18,-1.7325402552374385,1.8058192124992336,1.7395848274224912,19,7.745710000000017,105,0.41904761904761906,COMPLETE
320,-9999.0,2026-04-28 14:46:15.434585,2026-04-28 14:46:22.793225,0 days 00:00:07.358640,2,39,10,7,56,0.85,14,83,15,4,2.64,2.03550174811901,1.1070732882024517,90,-2.4171403496400847,-2.41450269424053,0.5617129608397627,12,0.8333333333333334,1.6769555280716315,-0.4415120204928226,1.6082908735742154,0.5231484000000508,12,-1.0192440552378108,2.6234772691306834,2.959587763966254,21,-0.43908100757468915,2.3787904353955303,1.2284767890963,12,-0.8117754104606115,2.705430993042361,1.9301528625209396,14,-2.41450269424053,0.5617129608397627,-1.610827255586933,18,-0.45310753745369137,2.335307956731506,1.6119011692180996,13,6.765304000000039,90,0.5111111111111111,COMPLETE
321,-9999.0,2026-04-28 14:46:22.798393,2026-04-28 14:46:30.167215,0 days 00:00:07.368822,3,53,12,7,35,0.85,12,88,13,5,2.72,1.4413416448702268,0.40209996541051846,80,-3.3842696206426144,-1.8490784409174181,0.3096867634261399,11,0.5,1.2259029591474677,-1.8490784409174181,2.7896516191718352,2.7996952000000297,14,-1.1580091777322181,0.5198868414653764,-0.7874859924681732,15,-1.4538840074479873,1.088813067829708,0.14894691509559355,14,-0.8293851923804522,3.586799643567013,2.955790405867753,14,-1.7034381318525014,0.3096867634261399,-1.501112499891455,11,-1.5438433345941323,0.3532119337612867,-1.2032342361406378,12,2.336250000000062,80,0.3875,COMPLETE
322,-9999.0,2026-04-28 14:46:30.172356,2026-04-28 14:46:37.516736,0 days 00:00:07.344380,2,33,14,6,44,0.85,18,83,14,5,2.4800000000000004,1.7569783129678207,0.6051183833203485,46,-1.3491508310790168,-1.215007062612926,0.3845085586163869,5,0.8333333333333334,1.806439147642936,-0.988800544896261,1.3308807677139884,0.20136080000001666,6,-0.8619764268940568,3.0343877440150258,2.8029299977330835,13,-0.5880220218109414,1.022458922551806,0.010283668289434722,5,-0.5386640831793413,3.076081377814154,0.7617297399213241,6,-1.215007062612926,0.3845085586163869,-0.600299025292228,7,-0.5453916380557449,1.6935525070955628,0.45470511927045987,9,3.6512983999999804,46,0.45652173913043476,COMPLETE
323,-9999.0,2026-04-28 14:46:37.522147,2026-04-28 14:46:44.881050,0 days 00:00:07.358903,2,44,13,6,48,0.8,15,77,10,5,2.4200000000000004,1.575261117273077,0.8018930018783159,96,-2.5024919613631393,-2.0474136664089975,0.36274079557875616,11,0.8333333333333334,1.452661915607563,-2.0474136664089975,3.6490334052729017,3.6945804000000138,17,-0.944741452090068,1.1712534511319763,0.31105347912665504,19,-0.8865471109322072,1.2049674060620268,0.21915487263126643,11,-1.2149210658846177,1.4802798257513692,1.093578468830736,19,-1.5381645781700002,0.36274079557875616,-1.4049139689276235,13,-0.7329310793119795,1.5832918198414334,0.8979047596088474,17,4.837480199999944,96,0.4270833333333333,COMPLETE
324,0.44757048314918074,2026-04-28 14:46:44.886454,2026-04-28 14:46:52.311142,0 days 00:00:07.424688,2,42,11,6,53,0.9,8,82,15,4,2.8,1.8627074711567875,1.4106450433697848,102,-1.9738807543552932,-1.9738807543552932,1.174629051550608,15,1.0,1.7277439508965218,-1.6333513133573556,1.2586359077231786,0.41257600000002004,16,-1.2690701790017167,1.4469331616779546,1.0371868161215714,20,-0.9164093972871447,2.214173763055307,1.762342795568439,19,-1.1490905006314245,2.522967814562758,2.8828729700245193,17,-1.9738807543552932,1.174629051550608,0.5635335349695847,15,-0.8811156915868007,2.5589051283709163,1.8053581435345745,15,8.745350000000052,102,0.4803921568627451,COMPLETE
325,-9999.0,2026-04-28 14:46:52.316221,2026-04-28 14:46:59.737950,0 days 00:00:07.421729,2,41,10,7,52,0.9,10,83,15,4,2.68,1.731365346936925,1.0430334997289292,95,-1.9703174513812676,-1.4088918840355367,1.0336335546779871,12,1.0,1.562025680162062,-1.0502504223484774,1.0399423141385291,0.0512384000000532,12,-1.356177890477054,3.017764259373969,2.996942814453041,19,-0.8917573403884225,2.3370913978003127,1.4192151569309752,15,-1.4088918840355367,1.6458334749828478,1.1269867462572192,15,-1.2664063184113414,1.0336335546779871,0.12297164828358742,18,-1.046738548957616,1.313927080647903,0.5408462324486996,16,6.392345200000138,95,0.49473684210526314,COMPLETE
326,-9999.0,2026-04-28 14:46:59.742889,2026-04-28 14:47:07.199043,0 days 00:00:07.456154,2,40,11,6,52,0.9,8,82,15,4,2.66,2.2502937048624765,1.8287917106671958,97,-1.342282944822094,-1.342282944822094,1.4335512852508072,12,1.0,2.163808361436105,-0.994196248284872,2.102730680736308,1.1119054000000572,12,-1.342282944822094,2.846972869072857,2.8129500564233467,19,-0.8799927186792965,2.4075566061961093,1.792765226834292,18,-1.138896412260939,2.562908403015741,2.6935919383920037,16,-1.2284354066814767,1.4335512852508072,1.1030584836705826,16,-0.9995229292503122,2.148042384903036,1.4584791586828905,16,11.471286600000074,97,0.5360824742268041,COMPLETE
327,0.466287708845834,2026-04-28 14:47:07.204205,2026-04-28 14:47:14.610691,0 days 00:00:07.406486,2,42,10,6,53,0.8,8,84,13,4,2.74,1.6595323443864416,1.917347142850856,174,-3.773414092279749,-3.773414092279749,1.1164436950596246,28,1.0,1.5506690414421658,-2.0889512902325325,2.1401440056806127,3.436131800000064,29,-1.4421119694870916,1.4827121098951237,1.4370369175001008,30,-1.4252692946794538,1.2444081539119873,0.6912329326293154,30,-2.435761829047972,1.2206721531558935,0.8370509811171933,29,-3.773414092279749,1.1164436950596246,0.6560371826369815,28,-1.777555076153762,2.752813948615409,4.446593043221481,28,11.999150000000135,174,0.42528735632183906,COMPLETE
328,-9999.0,2026-04-28 14:47:14.615797,2026-04-28 14:47:22.040615,0 days 00:00:07.424818,2,40,10,6,53,0.8,8,84,13,4,2.8,1.686057524678578,1.3704280968658165,168,-4.491197497587802,-3.9132161873337874,0.8256057180553072,24,0.6666666666666666,1.403778149758355,-2.5990936173525796,0.8964176764480952,-0.32902200000000104,28,-1.5785782542214906,1.8756261130616378,2.5898230877197337,30,-1.2202558318338457,1.450540610043015,1.1479783140287525,28,-2.4484921039474647,1.2189471352777068,0.8410951222628027,28,-3.9132161873337874,0.8256057180553072,-1.0443120814592977,30,-1.0886475480963362,3.8492078951857067,5.01700613864291,24,8.384744000000023,168,0.4166666666666667,COMPLETE
329,-9999.0,2026-04-28 14:47:22.045722,2026-04-28 14:47:29.448432,0 days 00:00:07.402710,2,44,12,6,54,0.8,14,84,13,3,2.52,1.3376025609972026,0.5425907324612252,91,-2.0880517066933315,-2.0880517066933315,0.8098483287009537,12,0.5,1.259911940109734,-1.8576567800934516,1.375672994663296,0.7377316000000356,13,-1.8090499998259637,1.8684953157692061,1.2938750747094163,16,-1.1054800801694855,0.8275405021429915,-0.2831285166204567,13,-1.1885019016450205,2.2136661370192594,2.319560039110047,18,-1.8067221181436037,0.8098483287009537,-0.7018004171658765,19,-2.0880517066933315,0.9303920876875099,-0.11069338526581429,12,3.2673504000000797,91,0.3956043956043956,COMPLETE
330,-9999.0,2026-04-28 14:47:29.453531,2026-04-28 14:47:36.919966,0 days 00:00:07.466435,2,39,10,6,54,0.9,10,85,13,3,2.7800000000000002,1.8106639536946079,1.0637394226180874,82,-1.9021357706397517,-1.774318212881984,0.619591166845203,7,0.6666666666666666,1.667857254066455,-1.3331959493783125,0.619591166845203,-0.387077399999991,7,-1.774318212881984,2.196763666987858,1.9829459355709123,18,-0.5134509396462369,2.019382955011993,1.0264653491769193,14,-0.9886108337349196,3.148394023785755,2.3902779294457943,11,-1.4821893599130271,0.9315901749980104,-0.20739250418743138,14,-1.181799738907327,1.948261734538828,1.577217225702321,18,6.5201567999999765,82,0.4634146341463415,COMPLETE
331,-9999.0,2026-04-28 14:47:36.925038,2026-04-28 14:47:44.327980,0 days 00:00:07.402942,3,33,11,6,52,0.9,10,84,13,5,2.8,2.272346723518664,0.7865543315932847,50,-1.797469511679852,-1.797469511679852,0.0,4,0.6666666666666666,1.7583485186365047,-0.7708124862836315,0.0,-0.6179400000000057,4,-1.6751850788379554,1.8395879756665268,1.3762182027621694,10,-0.6095077801480455,4.968952346307687,2.5990688574645926,12,-0.5321067792044905,3.017877762293471,1.6669380263761857,8,-1.797469511679852,0.4425083478276861,-1.1406754667765084,9,-0.7709131199696547,3.3651539090166125,0.8357163697332748,7,4.7609119999999505,50,0.5,COMPLETE
332,-9999.0,2026-04-28 14:47:44.333085,2026-04-28 14:47:51.671526,0 days 00:00:07.338441,3,54,12,5,55,0.9,18,85,12,4,2.4000000000000004,0.736030278452838,-0.20613343918389945,36,-2.2873803187262647,-1.4492066754293784,0.16927095162390526,5,0.3333333333333333,0.7137520655019463,-0.7921020860681338,0.7462254663422705,-0.23467799999998817,9,-0.6902631247040176,0.16927095162390526,-0.5866086414274996,6,-0.6624279419313863,0.5505708093718384,-0.26554724844473077,5,-0.8036243976021328,1.227138752433035,0.14864625515280672,6,-1.4492066754293784,0.33510237630806206,-0.5471001927284114,5,-0.7276696656583431,1.3878733146379165,0.2484871923444265,5,-1.2334079999999692,36,0.3611111111111111,COMPLETE
333,-9999.0,2026-04-28 14:47:51.676685,2026-04-28 14:47:59.100295,0 days 00:00:07.423610,2,33,10,5,51,0.8,11,83,12,4,2.74,1.7102930396029052,1.1726632128068941,119,-2.336799596571148,-1.944975664330768,0.948211617017057,17,0.8333333333333334,1.537050626644166,-1.4471528809023066,1.0558224783574788,0.08969500000004516,17,-1.634083621790424,2.412971030177975,2.804422173531451,20,-1.3617988009867106,1.7641091067405996,1.5692299730321047,20,-1.457903437893204,1.1508382531785317,0.32635987038083236,19,-1.944975664330768,0.948211617017057,-0.2032552418322231,26,-1.083343309969688,2.929805752145791,2.449527501729154,17,7.202450400000027,119,0.47058823529411764,COMPLETE
334,-9999.0,2026-04-28 14:47:59.105389,2026-04-28 14:48:06.484234,0 days 00:00:07.378845,2,40,11,6,55,0.8,15,83,14,4,2.52,1.8713858293375367,1.06799493470545,103,-2.541712404720051,-2.1487524870748724,0.5978152045185435,14,0.8333333333333334,1.5569420426917486,-1.0391968709394372,2.9161931891752437,2.219814000000042,15,-1.002676507759886,2.360586913582842,2.5472650537204267,20,-0.7697672125650223,1.6418754084934954,0.7776147894967167,14,-1.4937875849874174,1.2681499880104168,0.7092427892434028,21,-2.1487524870748724,0.5978152045185435,-1.3279041136213476,19,-0.6282946407773164,2.4436942722446813,1.4819370893934591,14,6.530919600000118,103,0.4563106796116505,COMPLETE
335,-9999.0,2026-04-28 14:48:06.489368,2026-04-28 14:48:13.906049,0 days 00:00:07.416681,2,37,13,6,52,0.8,8,86,10,5,2.7600000000000002,1.3850279581120637,0.5740895616056877,108,-2.9986737891168906,-1.9933653653267185,0.3799965192065201,13,0.8333333333333334,1.259018680099551,-1.8628326744193835,1.042630127557853,0.0941448000000289,19,-1.7171135516599096,1.570714410239033,1.7334140807804932,24,-0.46777273387507395,2.3819309126714256,1.3369266605229635,13,-1.4551853165261235,1.485005982755579,1.0684266734428904,18,-1.9933653653267185,0.3799965192065201,-1.6737339295198383,14,-1.3720437700114017,1.4498897962419721,0.8853590844075887,20,3.4554128000000572,108,0.4074074074074074,COMPLETE
336,-9999.0,2026-04-28 14:48:13.911441,2026-04-28 14:48:21.310134,0 days 00:00:07.398693,3,30,12,5,56,0.8,12,83,14,5,2.64,1.8803999389983268,0.5349574762368804,79,-2.6493140018107693,-2.47787253513645,0.46194238305924246,9,0.6666666666666666,1.307817814320108,-1.612091713383453,0.48324489499521517,-0.8895163999999789,10,-1.8088787784090252,1.4072304672704208,0.9546017390233086,17,-0.6730147411225719,2.9430605884716137,2.1747056470860615,14,-0.5359212701597416,4.406383081922713,2.060872397226743,9,-2.47787253513645,0.46194238305924246,-1.755302965459249,16,-0.5146218313745091,1.580538218270757,0.6643844395443965,13,3.188986400000071,79,0.43037974683544306,COMPLETE
337,-9999.0,2026-04-28 14:48:21.315198,2026-04-28 14:48:28.764486,0 days 00:00:07.449288,2,45,12,6,50,0.9,8,82,15,4,2.7800000000000002,1.804181444590875,1.080332207829482,105,-2.379992493086459,-2.379992493086459,0.8120363730335637,13,0.8333333333333334,1.5302457472067414,-1.81541195308068,1.1953214587063652,0.3796346000000783,19,-1.0245302276151904,1.7269275209292305,1.440281991223813,21,-0.8974928950102868,2.883903185514236,2.2366420843091817,18,-0.9820803126563912,2.7521798896342196,2.546818750131119,16,-2.379992493086459,0.8120363730335637,-0.7630902284010865,18,-1.6499152175996408,1.4547202397276344,0.6417060497137861,13,6.61935460000016,105,0.4666666666666667,COMPLETE
338,-9999.0,2026-04-28 14:48:28.769610,2026-04-28 14:48:36.124792,0 days 00:00:07.355182,3,60,12,5,58,0.8,18,86,11,4,2.2800000000000002,0.9132466188312148,-0.3666685424440097,61,-4.457641769547532,-2.1321380182526206,0.4343839838387887,8,0.3333333333333333,0.7789216365077936,-1.1489658536166472,1.9470121314509312,1.1155140000000063,12,-0.42674894788118334,1.3495552607291508,0.23972147340320937,8,-1.315444963646376,0.4343839838387887,-0.6463925731949094,8,-1.6603872741010897,0.7377390570510252,-0.6295419593529972,11,-2.1321380182526206,0.44426554938853163,-1.4368302401180033,11,-1.499686715453483,0.5665237305288622,-0.8424819554013641,11,-2.1999927999999946,61,0.4426229508196721,COMPLETE
339,-9999.0,2026-04-28 14:48:36.129925,2026-04-28 14:48:43.471756,0 days 00:00:07.341831,3,40,10,5,53,0.85,18,78,11,4,2.3000000000000003,2.168217785924065,0.45635384882612057,48,-2.3040491464971846,-1.566593875128709,0.2228477807566135,4,0.6666666666666666,1.639505745567472,-0.605754207985979,1.228847577169245,0.15769200000004258,10,-1.0392490174375508,2.669209686413642,1.4046449872267663,11,-0.4095790371797332,5.0,2.032714130418256,10,-0.6240913747823434,3.1085652077644186,0.5513694231876087,4,-1.566593875128709,0.2228477807566135,-1.276903339225588,9,-0.876090714263824,0.7798364634404705,-0.13139410865036227,4,2.7347440000000445,48,0.5625,COMPLETE
340,-9999.0,2026-04-28 14:48:43.476882,2026-04-28 14:48:50.866216,0 days 00:00:07.389334,2,51,13,7,57,0.85,14,85,12,4,2.4800000000000004,1.5252025639337923,0.7308035051777683,85,-4.3073507338949275,-3.1666841932048473,0.08097423641508099,10,0.5,1.3576535758843316,-2.035123895066573,4.490274337727356,5.774763600000021,18,-1.470120104080889,0.5297205810999801,-0.6231043942508174,11,-1.2528813361631017,0.3999868421052511,-0.7982238508432826,10,-1.4250560854720544,1.620706431023569,1.1946605326229376,19,-3.1666841932048473,0.08097423641508099,-3.050196477013134,12,-1.5705036138373076,2.029552955231516,1.8869216205508854,15,4.234121199999974,85,0.36470588235294116,COMPLETE
341,-9999.0,2026-04-28 14:48:50.871217,2026-04-28 14:48:58.267280,0 days 00:00:07.396063,2,34,12,6,51,0.95,13,79,13,4,2.64,2.553935889774248,0.9106560029201849,26,-1.736507023488432,-1.736507023488432,0.7080432528513972,2,0.8333333333333334,2.9160073115066893,-0.21478656658878073,2.643521577445383,0.19004039999999112,2,-1.736507023488432,2.67513000489707,1.4339668835985364,5,-0.265218506833486,0.7080432528513972,-0.07757801332202163,3,-1.1941393365549358,5.0,2.471810237196026,6,-0.6792019852392982,2.4545621573566794,1.1320813508597372,5,-0.6064909403433656,1.8423583460949589,0.3136151591888403,5,5.566020400000005,26,0.5769230769230769,COMPLETE
342,-9999.0,2026-04-28 14:48:58.272495,2026-04-28 14:49:05.680738,0 days 00:00:07.408243,2,42,12,5,35,0.85,12,84,13,4,2.54,1.8877415033773879,0.5935668374444684,79,-3.0215570474988613,-2.0776222295607436,0.2488260731160438,10,0.6666666666666666,1.3657773148205468,-1.8181359115732199,2.099840651359389,1.7641774000000332,16,-1.8603507016893852,0.6996889545335391,-0.6073907496646935,14,-0.44536836181684825,2.0808506158542537,1.1165732752652202,14,-1.0118445704906365,1.8221224145846022,1.2782290495755966,13,-2.0776222295607436,0.2488260731160438,-2.027513738010611,12,-0.5173227588442622,4.3751203108165,2.037325787501265,10,3.550132200000089,79,0.4430379746835443,COMPLETE
343,-9999.0,2026-04-28 14:49:05.685997,2026-04-28 14:49:13.062233,0 days 00:00:07.376236,2,54,14,7,60,0.85,13,87,11,5,2.4800000000000004,2.0357857502596195,1.1814940311137019,91,-2.79535098676225,-2.0294329863304785,0.33632763356073064,10,0.5,1.6433432879227183,-2.0294329863304785,5.0,6.091660400000043,15,-1.794747181135965,0.33632763356073064,-1.6945806986352063,18,-1.108998748967471,0.5920450019004246,-0.514569930793507,10,-0.5367485903018502,4.192074132789773,3.2602125253457848,16,-1.2217328229781736,0.7841117037067413,-0.5905217846981503,17,-0.8690255692349063,1.3101560296000458,0.5367636754632477,15,7.078899200000066,91,0.43956043956043955,COMPLETE
344,-9999.0,2026-04-28 14:49:13.067385,2026-04-28 14:49:20.496933,0 days 00:00:07.429548,2,52,10,6,49,0.8,8,79,13,4,2.7,1.2511768622701744,0.8044410586990162,196,-5.55520688730774,-4.591332388120365,0.4320909138423384,30,0.5,1.1710919740152617,-2.0330455051193455,2.3761823811865344,5.262026000000031,37,-1.6810997814699742,0.6716232891169257,-1.1528402464911491,31,-2.364519210495883,0.4320909138423384,-2.29746365549085,32,-1.9223382061165764,1.6632634897838807,2.5804420832561847,34,-4.591332388120365,0.6312029695125009,-2.588663258838375,32,-1.9036065678077345,1.732698130178867,3.023145429758256,30,4.652747000000024,196,0.3877551020408163,COMPLETE
345,-9999.0,2026-04-28 14:49:20.502114,2026-04-28 14:49:27.945987,0 days 00:00:07.443873,3,44,10,6,55,0.8,10,82,13,4,2.54,1.5496543611751246,1.3810083976068792,144,-2.3491381551443324,-2.2934408133640156,0.46945290934276673,20,0.8333333333333334,1.4774540478966907,-2.07825614961835,0.46945290934276673,-1.6048571999999428,23,-1.0412810005061348,2.301913124435244,2.899254901025472,27,-1.5476490231985829,1.2457879738327633,0.5417887867679827,22,-1.9172995522659104,1.7408865989899591,2.4254409328020587,28,-2.2934408133640156,1.3123991687288572,1.4359725886673669,24,-1.6921594081100149,2.2274863917211567,2.5884503763783373,20,8.500267200000122,144,0.4444444444444444,COMPLETE
346,-9999.0,2026-04-28 14:49:27.951067,2026-04-28 14:49:35.314832,0 days 00:00:07.363765,2,34,10,5,40,0.85,18,76,10,4,2.4000000000000004,2.483182084242354,0.5733619736468613,42,-1.1631087101276756,-1.047995421460091,0.6966527514231411,6,0.6666666666666666,1.9021914863791467,-0.41307139172661583,2.124507531865623,0.4658160000000411,7,-0.7692411524834799,2.6294037791230953,1.7681397222713002,9,-0.18732942869399424,4.217609259968567,0.7395244421207092,6,-1.047995421460091,0.6966527514231411,-0.3492232463880307,8,-0.43849730885174576,0.8891413562996787,-0.07073167129204583,6,-0.3828808742234095,4.341777826774022,0.8866465951691938,6,3.475403999999993,42,0.5,COMPLETE
347,-9999.0,2026-04-28 14:49:35.319829,2026-04-28 14:49:42.778862,0 days 00:00:07.459033,2,43,10,5,33,0.8,8,80,14,4,2.6,1.5979919290646813,1.4472520035434808,167,-4.243371801042361,-3.8284290345256538,0.6927183806185924,24,0.6666666666666666,1.4359930862641257,-2.0304122319714595,2.574445141065838,4.394670000000045,30,-1.1942810655430491,1.1314231661993217,0.37531034869888735,29,-1.003816490795017,1.355674708080915,0.8191553425110909,29,-2.757030434494635,0.6927183806185924,-1.0913320724672104,24,-3.8284290345256538,0.9552139044223334,-0.2531622019857571,28,-1.8273621634737023,2.8784762740010876,4.438870604503831,27,8.853886000000077,167,0.4431137724550898,COMPLETE
348,-9999.0,2026-04-28 14:49:42.783994,2026-04-28 14:49:50.195337,0 days 00:00:07.411343,3,33,11,6,58,0.9,16,85,11,4,2.52,3.083825142701182,0.8883939022908552,32,-0.8877233777053817,-0.8877233777053817,1.4398122791907135,1,1.0,3.0461478405315208,-0.05785699255980949,5.0,0.23703999999999947,1,-0.7249618932457255,5.0,3.0542992889653675,8,-0.6024879624704518,2.1567068315171194,0.42748351760484304,6,-0.8877233777053817,2.433514249887774,0.8926216885202676,6,-0.5102088507861442,1.4398122791907135,0.23906711986063645,6,-0.6143969393469008,2.472917495611482,0.4798517987940176,5,5.419836399999922,32,0.625,COMPLETE
349,-9999.0,2026-04-28 14:49:50.200541,2026-04-28 14:49:57.550328,0 days 00:00:07.349787,2,44,13,6,39,0.8,17,83,13,4,2.54,2.0194298658096583,1.19999411992871,73,-2.2359274186751987,-2.047518815335976,0.7866271492831955,10,0.6666666666666666,1.9264666495957519,-2.047518815335976,4.5752468818484795,5.285788000000058,17,-0.5221531898638595,2.45018096370703,0.9613118914017393,10,-0.830323594800796,0.7866271492831955,-0.28648728086790864,12,-0.6889154475658075,1.3216396404534965,0.33590681851509707,11,-2.0209393657959334,0.9260115361777765,-0.14763126808089444,11,-0.442805366130959,2.056873023387972,1.0510765586041693,12,7.308580400000042,73,0.4246575342465753,COMPLETE
350,-9999.0,2026-04-28 14:49:57.555364,2026-04-28 14:50:04.930099,0 days 00:00:07.374735,3,54,12,7,53,0.85,14,84,13,4,2.68,1.8060318664408976,0.7425317186694519,86,-2.9666680803529264,-1.7811776250625084,0.2632481364229442,11,0.5,1.4141187698614381,-1.2700131734989577,3.647563478591632,3.758931199999993,17,-1.6883015696687518,0.2632481364229442,-1.4040607234011127,14,-1.36921535070533,0.5279010288504346,-0.9526882327866137,14,-0.6307668035444868,4.57759918806119,3.4092373021268108,17,-1.7811776250625084,1.0175930972268203,0.03592144826964905,11,-1.6455591655543949,0.8022862694923643,-0.3921506821920162,13,4.408555199999964,86,0.4186046511627907,COMPLETE
351,-9999.0,2026-04-28 14:50:04.935073,2026-04-28 14:50:12.289018,0 days 00:00:07.353945,2,56,14,5,49,0.8,13,88,13,5,2.3800000000000003,1.4071981073569557,0.791574575149904,114,-2.706629817329712,-2.706629817329712,0.6678124008516189,11,0.6666666666666666,1.3009603022738327,-2.036060050765309,3.450702016043685,5.20884460000004,20,-0.9547019266841523,1.0738532354788568,0.16317525456412962,21,-0.5949697440664166,1.0754339776152768,0.06862539719083571,11,-2.263099958257095,1.335552589003908,1.079782043076194,21,-2.706629817329712,0.6678124008516189,-1.424272881501254,23,-0.8798554539777805,0.839834425148389,-0.3467069624305208,18,4.7090476000000825,114,0.43859649122807015,COMPLETE
352,-9999.0,2026-04-28 14:50:12.293979,2026-04-28 14:50:19.724108,0 days 00:00:07.430129,2,38,10,7,33,0.85,8,81,15,4,2.7,2.0198745068254493,1.7783808504799345,130,-1.542410859154786,-1.542410859154786,0.8725311030139314,16,0.8333333333333334,1.8014109750844434,-1.325296749591937,1.6070924521187422,1.2397010000000153,22,-0.8812988138098379,2.7388588160031917,3.4902661358116926,28,-0.8765708069152728,2.532671024899081,2.0474723143991014,20,-1.038984933127112,2.508805874944779,2.588418822687788,16,-1.542410859154786,0.8725311030139314,-0.4956305428254759,22,-1.4001151707930717,1.8592877699729704,1.800057372806485,22,11.106923000000046,130,0.49230769230769234,COMPLETE
353,-9999.0,2026-04-28 14:50:19.729159,2026-04-28 14:50:27.155235,0 days 00:00:07.426076,2,46,10,6,55,0.9,11,80,14,4,2.7800000000000002,1.4150209358083918,0.4612461205479035,92,-3.0108974395272017,-2.2122007946352227,0.3591785014134978,12,0.6666666666666666,1.2504787344119475,-1.5936258462394572,0.9839388011367545,-0.02430219999998151,14,-1.0271246685961706,1.944927740815803,1.633704626165744,19,-0.7639425281513166,1.6076339745227533,0.8191866426831451,15,-1.0035915327846505,2.323003667845218,1.9541938430563066,16,-2.2122007946352227,0.3591785014134978,-2.0249361041201674,16,-1.5928642714810857,1.2714429291163247,0.40962991550237415,12,2.7475338000000793,92,0.45652173913043476,COMPLETE
354,-9999.0,2026-04-28 14:50:27.160693,2026-04-28 14:50:34.511403,0 days 00:00:07.350710,2,31,14,6,57,0.85,15,82,15,3,2.4400000000000004,2.5869140574686798,1.2922042683310209,51,-1.851675479875283,-1.851675479875283,1.6204275372490724,5,1.0,2.5394603372988267,-0.4531785311487539,2.2661052899503535,0.5969179999999907,5,-1.851675479875283,2.939713520976863,2.4997811563173267,12,-0.19490929247228805,2.9543000501755414,0.6043811504124807,6,-0.8223681622932025,4.008316158689364,2.6622639529057857,10,-0.611224320043863,1.7326217877708856,0.8135395815590307,9,-0.5394178683100376,1.6204275372490724,0.5763417687915107,9,7.98167079999994,51,0.5490196078431373,COMPLETE
355,-9999.0,2026-04-28 14:50:34.516758,2026-04-28 14:50:41.891676,0 days 00:00:07.374918,3,33,11,6,39,0.95,17,87,11,4,2.74,2.747921601350262,0.271665639800478,9,-1.687624642904157,-1.687624642904157,0.0,0,0.6666666666666666,2.554194062260002,0.0,0.0,0.0,0,-1.687624642904157,1.4875296081015705,0.5141536000000002,5,0.0,0.0,0.0,0,-0.03789183399253025,5.0,0.19234743871932025,1,-0.14366322643840462,5.0,0.7048145078384804,2,-0.10851465205327059,5.0,0.21867829224506696,1,1.6390686000000043,9,0.6666666666666666,COMPLETE
356,-9999.0,2026-04-28 14:50:41.896854,2026-04-28 14:50:49.312518,0 days 00:00:07.415664,2,44,10,6,48,0.95,9,83,14,4,2.74,2.5386554227402724,1.3375286754740905,62,-1.638111335681991,-1.4187570890489598,1.028241015531934,8,1.0,2.240870917294337,-1.2601254322225528,1.028241015531934,0.026073800000014913,8,-1.4187570890489598,2.022794017939979,1.3120764917997185,13,-0.7252042272607094,3.173843602112088,1.4097158603476379,10,-0.8380436741689639,2.3696316484831206,1.6039286558594323,12,-1.3995885032716378,1.6374222523745132,1.3497441609847005,10,-0.39474192281835796,5.0,2.3236330838530384,9,8.283706800000079,62,0.5483870967741935,COMPLETE
357,-9999.0,2026-04-28 14:50:49.317729,2026-04-28 14:50:56.758223,0 days 00:00:07.440494,2,37,11,6,53,0.9,10,84,14,4,2.8,1.9564785656535488,1.2548574709846476,79,-1.732093809582799,-1.7282374519183175,0.8114578398104961,8,0.8333333333333334,1.832918482581229,-0.5969097712061759,0.8114578398104961,-0.14724199999996967,8,-1.35565850904238,3.0250246930140654,3.326221595201262,17,-0.5458635173618314,2.5790168423934885,1.1176799227542222,11,-1.7282374519183175,1.2758140770252289,0.5474524303997974,13,-1.3938320528956325,1.345131212597999,0.9890810515853277,16,-0.8947413187241189,2.7024267290800172,1.6959518259672457,14,7.732532000000059,79,0.4810126582278481,COMPLETE
358,-9999.0,2026-04-28 14:50:56.763479,2026-04-28 14:51:04.249942,0 days 00:00:07.486463,3,50,12,5,30,0.8,8,78,12,3,2.52,1.2348328300339892,0.07891146599509069,152,-4.192595466526752,-3.581188275093395,0.5992007936241094,20,0.3333333333333333,1.0152188644456785,-2.773894124633571,0.6146194848932687,-1.908697200000009,35,-1.774559647622288,0.8626564156354378,-0.37643459660516854,25,-1.393133197281928,0.7862390424814693,-0.46713181421362826,22,-1.3211767503311813,3.2712918692053545,4.9240034004059074,23,-3.581188275093395,0.5992007936241094,-2.335716056889414,27,-1.7259941021541072,1.2749893743642957,0.6374450632728568,20,0.3065580000000123,152,0.375,COMPLETE
359,-9999.0,2026-04-28 14:51:04.254938,2026-04-28 14:51:11.579560,0 days 00:00:07.324622,2,45,12,6,38,0.9,16,88,14,4,2.56,1.914379735974423,0.6282996156897184,48,-1.5766609344435394,-1.5766609344435394,0.8949980856766295,6,0.8333333333333334,1.8019583378813189,-0.9116208174416126,1.1087926374991302,0.08936880000005587,9,-0.5449542452693105,3.302351145038305,1.3861580072228818,11,-0.4656040703712778,2.253815713221233,0.5969776395789772,6,-1.0142838051248193,2.3206532684578165,1.2230743525481813,7,-0.8962072659382085,1.6056675659534254,0.5692264697435112,8,-1.5766609344435394,0.8949980856766295,-0.09500757495529699,7,3.8205616000001275,48,0.5,COMPLETE
360,-9999.0,2026-04-28 14:51:11.584780,2026-04-28 14:51:18.959461,0 days 00:00:07.374681,2,37,14,6,60,0.8,8,85,12,5,2.62,1.2933602168619733,0.3418462701317608,110,-3.1547757820203524,-2.8178987637142523,0.16450451827019133,15,0.8333333333333334,1.1467790595793386,-1.4746274490035016,1.2763563365257449,0.47150260000001776,16,-1.7106680337474853,1.3736627264223153,1.224518364075955,25,-0.4844652384959922,2.1294822978708465,1.2716835578828523,15,-1.4594322136638695,1.406555604434282,0.8973067885053476,18,-2.8178987637142523,0.16450451827019133,-2.6308556280157602,16,-1.3911881466145324,1.4095998176484603,0.8169219383421522,20,2.011940200000084,110,0.4090909090909091,COMPLETE
361,-9999.0,2026-04-28 14:51:18.964530,2026-04-28 14:51:26.317155,0 days 00:00:07.352625,2,36,13,7,38,0.9,16,80,14,4,2.52,1.4198316772601054,0.2346075542288014,43,-1.8596284365160896,-1.6662839856955145,0.2975497087768696,5,0.6666666666666666,1.244443244101995,-1.0403164547577042,0.2975497087768696,-0.5595999999999712,6,-0.6348738598615362,3.3439739488117484,2.0629904948089806,9,-0.2714501192160406,1.2718555153662314,0.10886076503131559,5,-1.0098762460956616,1.2920446550894265,0.3105145300466017,6,-1.6662839856955145,0.3373420081504943,-1.1822313218063263,8,-0.6440166977767362,1.9762242273658628,0.667110857292208,9,1.3847832000000393,43,0.4186046511627907,COMPLETE
362,-9999.0,2026-04-28 14:51:26.322241,2026-04-28 14:51:33.671735,0 days 00:00:07.349494,3,50,12,7,37,0.8,15,82,15,5,2.4200000000000004,1.5213940545346467,0.19666160805244334,100,-4.212610433501198,-2.9825959232134545,0.2231371457410809,12,0.5,1.0795851064144806,-1.1024910990177479,3.8064549402217387,2.514050400000034,12,-1.9247983216033042,0.5863000043561074,-1.1116956120192145,19,-1.0008197134988517,1.6115551821137482,1.1559199643430107,19,-1.4591615667116202,2.209460822067464,2.1592415077108074,16,-2.9825959232134545,0.2231371457410809,-2.850517220463311,16,-0.9876934742090797,0.6914562327077406,-0.6870293912566661,18,1.0750005999999868,100,0.4,COMPLETE
363,-9999.0,2026-04-28 14:51:33.676722,2026-04-28 14:51:41.117444,0 days 00:00:07.440722,2,38,14,5,48,0.95,8,87,10,5,2.64,2.4126542169257092,0.6111638733402444,25,-1.136256929285216,-1.0102949946157453,0.0,1,0.6666666666666666,2.766855234915371,-0.35702826217341926,0.0,-0.25328000000000017,2,-1.0102949946157453,2.902765718289703,1.3067613651857268,6,-0.3577105725835996,5.0,1.4914666409136412,8,-0.33970779566833925,5.0,1.3485592774159283,4,-0.5852102070569837,0.0,-0.39390863223900396,1,-0.48451612518142984,1.5731595832645524,0.1673845887651737,4,3.704212000000018,25,0.56,COMPLETE
364,-9999.0,2026-04-28 14:51:41.122473,2026-04-28 14:51:48.516057,0 days 00:00:07.393584,2,45,13,5,55,0.95,14,81,15,5,2.4200000000000004,2.113219327894111,0.43415498872227953,40,-1.1141251304074977,-0.8686550979926282,0.32499457917816554,5,0.8333333333333334,1.6723232094579943,-0.4477509154659069,1.0106721395587932,0.005616000000019383,6,-0.7641427294252195,1.303133383893445,0.25579383461824534,8,-0.7803997937089893,1.3420615024789089,0.20713430081120698,7,-0.442110214359926,3.698454362255353,1.9059095781688296,8,-0.8686550979926282,0.32499457917816554,-0.6749991562642554,5,-0.36836465005389246,5.0,0.9054753749996314,6,2.6136632000000493,40,0.475,COMPLETE
365,-9999.0,2026-04-28 14:51:48.521036,2026-04-28 14:51:55.887675,0 days 00:00:07.366639,3,50,12,6,36,0.8,14,78,12,5,2.4800000000000004,1.1722573424516516,-0.02036139815388231,92,-4.157380517482587,-2.8643437478728995,0.23826432668824124,12,0.5,0.9821996158228374,-0.7859276155743493,1.1528864368801455,0.17125880000001814,12,-1.1965687726010337,0.5917662713224198,-0.8483794754907792,18,-1.0211738579764131,1.430171239067685,0.6947910687678416,15,-1.6035230928052553,2.9040441828881964,3.154162383009451,16,-2.8643437478728995,0.23826432668824124,-2.7300603256723455,15,-0.8944252630697905,0.7164115978632212,-0.5639408395374801,16,-0.21637879999991672,92,0.40217391304347827,COMPLETE
366,-9999.0,2026-04-28 14:51:55.892737,2026-04-28 14:52:03.312529,0 days 00:00:07.419792,3,39,14,7,46,0.95,8,86,10,4,2.2800000000000002,2.536040653513035,0.7430231220791672,25,-1.1493795324938423,-1.1493795324938423,0.0,2,0.6666666666666666,2.945057941967124,-1.1493795324938423,1.1731091837417178,0.0776411999999782,3,-0.38629782181371536,5.0,2.6861088728378,7,-0.17382368980666257,4.0431347373364925,0.37823815447084463,4,-0.9084372501143415,5.0,2.2232418531609177,7,-0.8239064242817109,0.0,-0.6357925918114349,2,-0.33061858926911314,0.0,-0.2712987561831026,2,4.493219999999987,25,0.64,COMPLETE
367,-9999.0,2026-04-28 14:52:03.317596,2026-04-28 14:52:10.659690,0 days 00:00:07.342094,3,55,13,5,40,0.95,18,85,11,4,2.3200000000000003,2.210912793198395,-0.02748389547552188,16,-1.3413824598865758,-0.7900217380179504,0.0,1,0.6666666666666666,0.9104882950989057,-0.7900217380179504,1.0276963120592393,0.015748400000004104,5,-0.6216148181018826,0.1867892300671589,-0.49887503516393705,5,-0.6204413192906353,0.0,-0.42461174603666274,2,-0.6541713602312973,2.050991217063972,0.287400776215474,2,0.0,5.0,0.15547585468338454,1,0.0,5.0,0.2999583774486059,1,-0.16789800000001076,16,0.375,COMPLETE
368,0.4725188524603206,2026-04-28 14:52:10.664712,2026-04-28 14:52:18.090270,0 days 00:00:07.425558,2,43,12,6,51,0.85,9,83,15,4,2.72,1.98249476374603,1.7328201520015536,127,-1.888219260584326,-1.888219260584326,1.0212651503973522,18,1.0,1.724836793483404,-1.888219260584326,1.589985099521858,1.5917208000000294,23,-1.4552286689845493,1.4626869582674695,1.2931104913423974,26,-1.2131820608352386,2.569763833071525,2.2432712821115697,20,-1.3435476345963528,1.6347643821609983,1.6049459399368526,21,-1.656592556829873,1.0212651503973522,0.07549609191885853,19,-0.853550196064174,3.616503159056976,3.5883763066996144,18,10.822154000000195,127,0.4645669291338583,COMPLETE
369,-9999.0,2026-04-28 14:52:18.095254,2026-04-28 14:52:25.535646,0 days 00:00:07.440392,2,44,13,6,50,0.85,8,83,15,4,2.72,2.183059427362084,2.116098790780274,130,-2.6949105831815827,-2.3226619121261427,0.5749308821047721,16,0.8333333333333334,1.8763019388190256,-2.043614354641996,3.226791931952071,6.162557600000107,27,-0.969176836078855,2.1130801481662647,2.060616520037639,23,-1.0762889680087036,1.348899709842267,0.641452855139657,21,-1.225904079523793,2.214199817572613,2.4292753674862277,22,-2.3226619121261427,0.5749308821047721,-1.8266251063765893,21,-0.8355705674245058,3.620454074534516,3.2293155083946035,16,13.195021600000235,130,0.46923076923076923,COMPLETE
370,-9999.0,2026-04-28 14:52:25.540785,2026-04-28 14:52:32.957369,0 days 00:00:07.416584,2,37,13,7,51,0.95,14,83,11,4,2.58,2.5750945169631616,0.4697499915951235,24,-1.4831877413684336,-1.4032415376840806,0.0,1,0.6666666666666666,1.9630266543803971,-0.21478656658878073,0.0,-0.1156299999999999,1,-0.7924516114259526,4.331137655108359,1.7254591484132886,5,-0.17363063555781977,5.0,0.5901273321110123,4,-0.6603925104105451,4.368906086956533,1.516226856324976,6,-1.4032415376840806,0.0,-1.2131790856576563,3,-0.38433848735129,1.7505233597140764,0.31549569837912017,5,2.821764399999993,24,0.5416666666666666,COMPLETE
371,-9999.0,2026-04-28 14:52:32.962467,2026-04-28 14:52:40.349491,0 days 00:00:07.387024,3,37,11,6,58,0.9,14,83,15,3,2.72,2.527012392539224,0.903268008413984,50,-2.023464153419062,-2.023464153419062,0.7074918855119335,4,0.6666666666666666,2.127049676732955,-0.19149818408914562,1.3958874796287701,0.11174320000002513,4,-2.023464153419062,2.217525055257892,1.6066526748882648,12,-0.41040287078946736,5.0,1.8894683320256789,11,-0.6133464203564261,5.0,2.3110220336777454,6,-1.0216699322921672,0.8411699348367477,-0.19952213972237454,8,-0.8660414687864094,0.7074918855119335,-0.29975605038543573,9,5.5085679999999915,50,0.54,COMPLETE
372,-9999.0,2026-04-28 14:52:40.354660,2026-04-28 14:52:47.752812,0 days 00:00:07.398152,2,50,12,6,49,0.8,12,84,13,4,2.56,1.3561932483576375,0.8609749154404804,130,-6.152097293728125,-5.810925702788834,0.4288847354191617,17,0.5,1.2580203196337811,-2.033422586696628,2.545406464250743,5.049152000000046,27,-1.8107140849130807,0.4288847354191617,-1.250766117559854,17,-1.3598009501355002,0.9325601236475893,-0.13670302381588728,18,-1.4483315051687917,1.5696498627190156,1.554165065744595,24,-5.810925702788834,0.5804161296922176,-2.6707595266345585,24,-1.8945276596074048,2.0802421744170974,2.6207610949085414,20,5.077200000000137,130,0.36153846153846153,COMPLETE
373,-9999.0,2026-04-28 14:52:47.757881,2026-04-28 14:52:55.205776,0 days 00:00:07.447895,3,44,13,5,45,0.95,10,86,10,4,2.4000000000000004,2.734282512722197,0.5034226856237389,34,-1.565971532140835,-1.565971532140835,0.0,4,0.6666666666666666,1.8487035804268923,-1.0767298335063145,0.3801599783538887,-0.36652999999999825,4,-0.388018159650924,3.883927985643504,1.5000360822522874,8,-0.4127953342757234,3.0783386024200827,0.5655584553786452,5,-0.9343861055104979,4.063268509915703,1.8803117161930505,8,-1.565971532140835,0.0,-1.3759573653386092,5,-0.19260735740922816,5.0,0.817117225257058,4,3.021545999999997,34,0.5294117647058824,COMPLETE
374,-9999.0,2026-04-28 14:52:55.210908,2026-04-28 14:53:02.595648,0 days 00:00:07.384740,2,44,13,6,34,0.85,12,82,15,5,2.7800000000000002,1.6796148196792364,0.9551278799086238,88,-2.408420149216298,-2.034954074534788,0.34689568169995627,11,0.6666666666666666,1.5866801659292886,-2.034954074534788,2.999337255845519,3.656308000000008,17,-1.1911067650498373,1.3785433306250197,0.714652889238554,18,-0.5684737643302659,1.4080979774873712,0.3451964008177377,11,-0.7014989169868667,2.9819547040914784,2.5478837041512437,15,-1.8492851970518265,0.34689568169995627,-1.4843019618791864,13,-0.8550538894587512,0.9628599683260739,-0.04897175287661426,14,5.780201800000051,88,0.4431818181818182,COMPLETE
375,-9999.0,2026-04-28 14:53:02.600712,2026-04-28 14:53:09.909619,0 days 00:00:07.308907,3,59,13,7,42,0.95,17,84,12,4,2.24,3.5591204421436853,0.5573307107991421,25,-0.7558227581820566,-0.7120083363963305,0.5054780831251664,2,0.8333333333333334,2.8768577414461243,-0.7120083363963305,3.667149997127647,1.8570832000000204,7,-0.4438068024086383,0.5054780831251664,-0.34202903622904124,7,-0.2775116715497224,3.6015971189226885,0.3273630655729942,2,-0.6341316645833797,3.5804974536866085,0.6866224504753493,4,0.0,5.0,0.2460254940859885,2,0.0,5.0,0.5689190908895414,3,3.377349200000035,25,0.56,COMPLETE
376,-9999.0,2026-04-28 14:53:09.914654,2026-04-28 14:53:17.244286,0 days 00:00:07.329632,2,43,10,5,40,0.85,18,88,11,5,2.4200000000000004,0.8408047454085792,-0.17518741445889754,58,-1.6849035191230508,-1.251178623747039,0.621326922910046,7,0.16666666666666666,0.8456229345646522,-1.0617069985019028,0.621326922910046,-0.43634119999999,11,-0.926098415149902,1.1378497050009861,0.19266266659137,13,-0.9993029536160375,0.7975087823757064,-0.20455056540611416,9,-1.1563062078386133,0.8912596768592979,-0.10695175305084348,7,-1.251178623747039,0.7531370127812816,-0.38397642891471184,10,-0.5475340341704579,0.8437463725241565,-0.11196720597309584,8,-1.0478050000000128,58,0.3620689655172414,COMPLETE
377,-9999.0,2026-04-28 14:53:17.249297,2026-04-28 14:53:24.649633,0 days 00:00:07.400336,2,35,13,5,36,0.8,13,83,12,3,2.4200000000000004,1.4140395982986067,0.4943045162859057,75,-2.11154340406665,-2.11154340406665,0.55127755177251,8,0.8333333333333334,1.340879286384193,-1.681365986218048,0.55127755177251,-0.6331384000000218,11,-2.11154340406665,1.860571277601093,1.7045859884539327,17,-0.43244957856886695,1.7794807942026092,0.7365297588135533,15,-1.3004932961003692,1.420778147168483,0.5109723641561148,9,-1.3654872775924465,1.0343689049207356,0.08417536090550293,15,-0.7045672804887075,1.8377609141262088,0.5627020253863524,8,2.9875955999998594,75,0.4533333333333333,COMPLETE
378,-9999.0,2026-04-28 14:53:24.654792,2026-04-28 14:53:32.099773,0 days 00:00:07.444981,2,36,12,6,52,0.85,13,82,15,4,2.66,2.114994509291049,1.0509032106463478,86,-2.4408941377638844,-2.4382667035696146,0.6477306571330842,10,0.8333333333333334,1.709365797526543,-1.1115952340715871,1.1531921787995536,0.17965000000004228,13,-1.5561899612083583,2.5793075016709484,2.6653311326202633,18,-0.4417831962525212,3.263580140916049,1.614925545958501,13,-0.8190809999555277,2.6384690309121788,2.0666893025590216,14,-2.4382667035696146,0.6477306571330842,-1.1398770385419477,18,-0.6137845454639005,2.407687546314479,0.9187003212822065,10,6.4235272000000565,86,0.5,COMPLETE
379,-9999.0,2026-04-28 14:53:32.104913,2026-04-28 14:53:40.724953,0 days 00:00:08.620040,2,38,13,5,57,0.95,14,89,15,5,2.62,2.8916009065481654,0.7430201299450729,24,-0.8929056318189972,-0.8929056318189972,0.0,2,0.8333333333333334,3.609002470446985,-0.2992427267753773,0.0,-0.2601699999999929,2,-0.8929056318189972,5.0,2.0584370356355963,4,-0.41318221611486156,1.089021878325495,0.04848706970279615,6,-0.3415093342299622,5.0,1.5178354040583875,3,-0.5883302630314345,1.2605835609634999,0.14209744478632658,3,-0.361670204845889,5.0,0.9514338254873245,6,4.520044600000017,24,0.5833333333333334,COMPLETE
380,-9999.0,2026-04-28 14:53:40.730003,2026-04-28 14:53:48.083666,0 days 00:00:07.353663,3,40,12,6,47,0.8,15,84,13,4,2.56,1.9077128050216159,0.9117797117811058,81,-2.5928743810760513,-1.8147349652510427,0.1822950653433074,11,0.8333333333333334,1.6358558083073869,-0.8848409060091063,2.8009383694921244,1.9806360000000467,14,-1.0141018617830184,2.1099171905082352,1.876812770612668,17,-0.773264294147931,2.9569913041741716,1.8867013227564344,14,-1.2749512839615225,1.492693197304446,0.7445496842397592,13,-1.8147349652510427,0.1822950653433074,-1.8147349652510414,12,-0.7638900749140813,1.9034417033074107,0.7967134583287683,11,5.541877600000089,81,0.4691358024691358,COMPLETE
381,-9999.0,2026-04-28 14:53:48.088769,2026-04-28 14:53:55.481245,0 days 00:00:07.392476,2,42,11,5,54,0.8,12,84,13,3,2.4400000000000004,1.19185791903593,0.18904002490202632,114,-3.433300686286979,-2.4420854283989195,0.5660769203507781,18,0.8333333333333334,1.068073091028017,-2.2622982900801647,1.0832236636850046,0.21073479999997868,18,-2.0923893731169265,1.2224678906800328,0.5014293139382175,19,-0.81949536287041,1.0195332610227001,0.03468938806887589,18,-1.514862939320256,1.1693215442382345,0.403727085129324,18,-2.4420854283989195,0.5660769203507781,-2.178741599967393,22,-1.8614327590654698,2.0905242342388313,2.162401162243155,19,1.0907188000000678,114,0.40350877192982454,COMPLETE
382,0.454532001379995,2026-04-28 14:53:55.486280,2026-04-28 14:54:02.915885,0 days 00:00:07.429605,2,45,11,6,60,0.8,9,82,15,4,2.72,1.5852023764714573,1.7574313662125103,166,-3.6796949652174344,-3.6796949652174344,1.0236854099033508,26,1.0,1.4999029207488104,-2.057906860466879,2.4909840898615134,4.8196508000000415,28,-0.9814334888783894,1.3873640210624552,1.0008008918114708,27,-1.7362359578654212,1.3276403082217398,0.8273585197621003,26,-2.1080658385053836,1.1363516803869178,0.5398279611714907,32,-3.6796949652174344,1.0236854099033508,0.13229341400522454,26,-1.7944589933299486,2.145188749392768,3.2246566105247343,27,10.928122800000217,166,0.41566265060240964,COMPLETE
383,-9999.0,2026-04-28 14:54:02.920901,2026-04-28 14:54:10.361988,0 days 00:00:07.441087,2,49,12,6,60,0.8,8,82,15,4,2.68,1.5891145650007594,1.776115828256275,190,-6.53345983654323,-6.4273698536880755,0.7251322422962841,28,0.5,1.416130783757358,-2.016195292869758,3.0525152888215796,7.668997600000038,39,-1.4734361594255478,0.8385949886267063,-0.5054810689534617,30,-1.4640312995056453,0.8892196449470513,-0.36669546075920323,28,-2.3593289451571313,1.333571233744306,1.3520688751793797,33,-6.4273698536880755,0.7251322422962841,-2.055362527008764,31,-1.7963801803451405,2.695653991568631,4.563167551079661,29,10.786380400000152,190,0.4052631578947368,COMPLETE
384,-9999.0,2026-04-28 14:54:10.367122,2026-04-28 14:54:17.775736,0 days 00:00:07.408614,3,37,12,5,60,0.9,13,82,14,5,2.7600000000000002,3.1412137827005697,1.0807748924186436,50,-2.0826433249665652,-2.0826433249665652,0.3873576765405856,5,0.8333333333333334,2.1696047626805277,-0.655557052599251,1.369210953909591,0.18632599999999222,5,-0.9779015697741745,2.5423180377925867,2.0065648479813403,11,-0.5952088421141832,4.8687881921327785,2.672542539504641,12,-0.5231415900994129,4.679607835827877,1.8814317392371604,7,-2.0826433249665652,0.3873576765405856,-1.386780473354643,8,-0.3546216998636717,5.0,1.1245647011433713,7,6.605038799999963,50,0.56,COMPLETE
385,-9999.0,2026-04-28 14:54:17.780813,2026-04-28 14:54:25.138215,0 days 00:00:07.357402,2,40,13,5,59,0.8,15,82,15,5,2.7800000000000002,1.6831968378434763,0.9480653354068022,101,-2.2249073678933677,-1.5468213334098102,0.44658740580868284,13,0.8333333333333334,1.4892051942141618,-0.9899986250134034,3.980430619153661,3.4952404000000437,16,-1.2218964865285404,1.700582526945883,1.474634963020005,20,-0.6246108886366109,1.2474761859702101,0.29883371198908826,14,-1.4285480003895874,1.405787419738649,1.1105415561107668,20,-1.5468213334098102,0.44658740580868284,-1.2543268300992172,13,-1.181256954270701,1.3183168694437721,0.5634682114201262,18,5.761721800000008,101,0.4158415841584158,COMPLETE
386,-9999.0,2026-04-28 14:54:25.143267,2026-04-28 14:54:32.617137,0 days 00:00:07.473870,3,45,11,7,59,0.8,8,82,11,3,2.54,1.4593269995795541,0.7202305933647883,155,-2.230571072505371,-2.0299653242642144,0.7630515293290723,20,0.6666666666666666,1.2195642146531698,-1.650919916172895,0.7630515293290723,-0.9506111999999844,30,-1.710795193298472,1.095617671620726,0.2843680343840971,28,-1.0238734811585475,2.500767310080719,2.335690718979744,22,-1.2439475709983583,1.5955419671951756,1.4994603138646312,23,-2.0299653242642144,0.9021238795819416,-0.6374463246245687,32,-1.872260045724482,1.8988596396696895,1.7899220175848107,20,4.352636600000137,155,0.4129032258064516,COMPLETE
387,-9999.0,2026-04-28 14:54:32.622339,2026-04-28 14:54:40.049170,0 days 00:00:07.426831,2,38,10,6,56,0.85,9,83,15,5,2.7800000000000002,2.074119048434465,1.632747516736092,119,-1.7039874904050418,-1.7039874904050418,0.5888339017724292,15,0.8333333333333334,1.8140938975652774,-1.3996493091517959,1.747730593305966,1.4728872000000282,18,-1.2112070586766803,2.187732450092935,3.1239974415550265,27,-0.7954051197368401,2.105242352067805,1.3658406186948024,16,-0.6881578754648139,3.789425491589612,2.6640353055981114,15,-1.7039874904050418,0.5888339017724292,-1.1590684417680297,18,-1.2898188045121028,2.0257495017780447,2.3287929763366133,25,10.142364400000048,119,0.46218487394957986,COMPLETE
388,-9999.0,2026-04-28 14:54:40.054368,2026-04-28 14:54:47.491453,0 days 00:00:07.437085,2,47,11,6,59,0.8,11,83,15,4,2.66,1.3133006416703814,0.790699222852581,148,-5.40165985757002,-4.975927763540207,0.6839359007495542,22,0.6666666666666666,1.2187588815545547,-2.0622314754018554,2.4461474724833447,4.464575400000026,26,-1.1773624299801027,1.01905218878355,0.04777830169597763,24,-1.579052993596659,0.9341487112034733,-0.17340619999107743,23,-2.113586264821865,1.2101655972474599,0.7324102181106573,27,-4.975927763540207,0.6839359007495542,-1.978020776833711,26,-1.9019941585981894,1.5863539795549066,1.6508583941336141,22,4.719241600000057,148,0.3716216216216216,COMPLETE
389,-9999.0,2026-04-28 14:54:47.496345,2026-04-28 14:54:54.929431,0 days 00:00:07.433086,2,56,11,7,60,0.85,15,84,12,3,2.52,1.1095929710629433,-0.12578178890380784,76,-3.0300316881148555,-2.4701458988864107,0.5147593844077191,8,0.3333333333333333,0.9348770269183685,-1.3159556104676413,0.9586846309190141,-0.06853599999997462,11,-1.009084278338758,1.0333783509112877,0.05915894517467546,15,-1.1560893858961443,0.941288950655517,-0.07013460499658564,8,-1.2174623524150123,2.452027132554492,1.8981186698846964,13,-2.4701458988864107,0.5147593844077191,-2.1466535483415705,18,-2.102162662032297,0.7574193769296297,-0.426644195144088,11,-0.7936679999999363,76,0.34210526315789475,COMPLETE
390,-9999.0,2026-04-28 14:54:54.935053,2026-04-28 14:55:02.360534,0 days 00:00:07.425481,2,43,12,6,57,0.95,15,82,13,4,2.3400000000000003,2.24564612658787,0.6228046112906652,40,-1.129801079938108,-1.1270753837259566,0.46464388917219945,5,0.6666666666666666,1.8886732970450353,-0.5682028308963145,0.46464388917219945,-0.2519599999999955,5,-0.46912424875459036,3.0104990247671983,1.0953857338950934,7,-0.596343127656126,2.181464093371914,0.715727721821513,8,-0.9974038223188338,3.281834671938727,1.8182798071913586,9,-1.1270753837259566,0.7476072038945744,-0.37702310823336527,5,-0.32955744224619754,3.7878278763826074,0.7364175130693873,6,3.7778746000000307,40,0.525,COMPLETE
391,-9999.0,2026-04-28 14:55:02.365728,2026-04-28 14:55:09.765911,0 days 00:00:07.400183,2,53,10,7,50,0.85,12,83,14,5,2.74,1.7953454259444037,1.3874210820997528,125,-2.383998725331778,-2.022668966999531,0.6322253190201348,17,0.3333333333333333,1.5288569067612727,-2.022668966999531,5.0,8.621079800000064,22,-1.2155983938882051,0.6322253190201348,-1.1297836499688185,26,-1.2576890290614697,0.9199709902262417,-0.15309808583664486,17,-1.050818956558073,2.7297186048401363,2.580201672266602,18,-1.8614202527770851,0.7371165325403722,-0.97972152594622,23,-1.137703487583793,0.7530411090395359,-0.6141517179164668,19,8.249633600000038,125,0.408,COMPLETE
392,-9999.0,2026-04-28 14:55:09.771055,2026-04-28 14:55:17.200923,0 days 00:00:07.429868,3,42,10,6,32,0.8,8,84,14,4,2.7600000000000002,1.5771657082509052,1.6638332254340564,150,-2.496391113560256,-2.496391113560256,0.6612743043649543,23,0.8333333333333334,1.555632268811291,-2.496391113560256,0.6612743043649543,-1.0668639999999119,26,-1.0368101670341503,1.5630362678405265,1.595385796726423,28,-1.312687961505642,1.281021630588439,0.6842890532809731,25,-1.6684648892737015,2.28694854070658,3.973799405217937,24,-2.3532153250438026,1.3720052837984862,1.5469964273357784,23,-1.6662663867045444,2.2987082222064457,3.2493926700431386,24,10.3204360000001,150,0.42,COMPLETE
393,-9999.0,2026-04-28 14:55:17.206223,2026-04-28 14:55:24.634894,0 days 00:00:07.428671,2,52,12,6,54,0.85,10,80,14,4,2.7600000000000002,1.2076607034684204,0.6989642686909806,134,-5.201845169561486,-3.5321781694274224,0.47336493141745656,18,0.3333333333333333,1.205290635861435,-2.039297844373607,2.692919007350985,5.391286800000006,26,-1.3044976857294774,0.9043819598467107,-0.23602824061921268,22,-1.6965085526418284,0.47336493141745656,-1.1360247457457229,18,-1.6318841419337913,1.397290863999268,1.1804896260121822,25,-3.5321781694274224,0.8203234960387308,-0.8446292741859263,23,-2.2282072678578135,0.9576839621573705,-0.16130855331544236,20,4.118620800000072,134,0.3208955223880597,COMPLETE
394,0.480856532625937,2026-04-28 14:55:24.640133,2026-04-28 14:55:32.094579,0 days 00:00:07.454446,2,41,11,6,47,0.85,8,81,15,4,2.8,2.0053821886917382,1.927930674685052,136,-1.9761163830279125,-1.9761163830279125,1.0657521216484516,18,1.0,1.8126585034013694,-1.9761163830279125,1.0657521216484516,0.15069400000000677,22,-1.569144548596314,1.6410998534775936,2.053361707109147,30,-1.220785059202282,1.5797741768021292,1.223816533383415,24,-1.0660864243808998,2.6288935172373655,3.2430036473359403,19,-1.468230053634617,1.3923297827487857,1.3851837158138203,23,-0.8429488459683261,3.724443680236105,3.511524444467984,18,12.09540600000012,136,0.45588235294117646,COMPLETE
395,-9999.0,2026-04-28 14:55:32.099760,2026-04-28 14:55:39.458633,0 days 00:00:07.358873,2,42,14,7,45,0.8,8,81,10,5,2.68,1.6340650865831103,1.2219343538295198,116,-2.04684242357439,-2.04684242357439,0.9064227177690896,11,0.8333333333333334,1.5506552570321352,-2.04684242357439,2.485524512388002,3.719812800000022,23,-1.0797929488716638,1.2336166039315772,0.5810311296666759,22,-0.45373867681830465,1.9191584333312925,0.7232298972344342,11,-1.2092738556006104,1.2677387123187702,0.7063813817417497,22,-1.5768031540389198,0.9064227177690896,-0.2630777968402054,17,-1.1605791153811458,1.9919295397599295,1.8642287111744427,21,7.508327599999998,116,0.4224137931034483,COMPLETE
396,-9999.0,2026-04-28 14:55:39.463799,2026-04-28 14:55:46.901109,0 days 00:00:07.437310,2,39,11,6,47,0.85,10,82,15,4,2.58,1.9432490541922067,1.5304933682485664,112,-1.774261805537497,-1.347381369849974,0.7526907021299564,16,0.8333333333333334,1.7803843562625041,-1.347381369849974,0.7526907021299564,-0.44017839999993535,16,-1.0317539610873803,2.713490052895208,3.67671289599818,25,-0.8906274119084883,2.3674336024282527,1.4490216262625477,16,-1.2221637023678884,2.037206124755086,1.9108809730379095,17,-1.3054254445738103,1.1125692992487395,0.40310359299122744,22,-0.8621325588973097,2.6761045436959976,2.1834195212014684,16,9.486687800000126,112,0.48214285714285715,COMPLETE
397,-9999.0,2026-04-28 14:55:46.906283,2026-04-28 14:55:54.236756,0 days 00:00:07.330473,2,41,13,7,47,0.95,14,81,15,5,2.62,2.810175468591011,0.7371730730686364,34,-0.8970681576639097,-0.8970681576639097,0.0,3,0.6666666666666666,2.5000664351704374,-0.4746982923069329,0.0,-0.3758000000000039,3,-0.8970681576639097,4.5462082988175405,1.8907092854948626,7,-0.4134430336037759,1.4868982558664,0.26594112901903166,7,-0.412103050693481,5.0,1.8661140639229412,5,-0.7745310143277762,0.8279462568621294,-0.18984202520280213,6,-0.13507112640580196,5.0,0.9659159851777899,6,4.479753399999997,34,0.5294117647058824,COMPLETE
398,-9999.0,2026-04-28 14:55:54.241809,2026-04-28 14:56:01.600779,0 days 00:00:07.358970,2,37,13,7,46,0.95,15,82,12,3,2.56,1.7373884806870612,0.3989755281438301,25,-1.8128478001597292,-1.8128478001597292,0.0,0,0.6666666666666666,1.7567730013677545,0.0,0.0,0.0,0,-1.8128478001597292,2.184998839330144,1.0720092000000125,6,-0.2431721915970264,1.8630077381393415,0.3453755424108085,6,-0.5059644321444701,5.0,1.7144856636875039,4,-1.2001070372063745,0.0,-1.0085504394820255,2,-0.5894198866470844,1.3763243066528807,0.2705332022466811,7,2.395784400000034,25,0.48,COMPLETE
399,-9999.0,2026-04-28 14:56:01.605941,2026-04-28 14:56:09.032917,0 days 00:00:07.426976,2,48,12,7,50,0.85,9,81,15,4,2.64,1.7661505899301762,1.7621454582468072,140,-2.6949538603239875,-2.2059145171847843,0.737605839583354,20,0.6666666666666666,1.6061102624141466,-2.0578505350684675,2.5359929721039105,4.633399600000043,25,-1.056127843812445,0.958343224198651,-0.10096393733149966,22,-1.098131302702905,2.0114060641425566,1.724526423783157,20,-1.4702282843249923,1.4669722332934712,1.3222563295897327,26,-2.2059145171847843,0.737605839583354,-1.2752367246113394,24,-1.7941381518657915,2.8865832062591146,4.26889105805075,23,10.902929600000144,140,0.42142857142857143,COMPLETE
400,-9999.0,2026-04-28 14:56:09.038086,2026-04-28 14:56:16.493412,0 days 00:00:07.455326,2,41,12,6,48,0.85,8,79,13,4,2.7800000000000002,1.8766094481105757,1.645491558043612,126,-1.982918238604598,-1.982918238604598,0.9120746994786004,17,0.8333333333333334,1.7127671038914987,-1.982918238604598,0.9120746994786004,-0.20151159999993729,21,-1.582381726378023,1.5465031078414495,1.6316267171037513,26,-1.231189794090224,1.900099925817106,1.8063883595483166,24,-1.1497356699542631,2.5105360307218745,3.013158284864703,18,-1.4766288337196087,1.244131041842932,0.8301071021049378,20,-0.857033064817308,3.1463118829614913,2.793180484639901,17,10.249113400000166,126,0.4444444444444444,COMPLETE
401,-9999.0,2026-04-28 14:56:16.498537,2026-04-28 14:56:23.942223,0 days 00:00:07.443686,3,53,13,5,45,0.9,9,76,10,3,2.62,1.0697498652239787,-0.21383080604479762,75,-3.176413926925429,-2.5639326744936457,0.23353337556515952,9,0.5,0.8702011934788061,-2.5639326744936457,0.23353337556515952,-2.468267799999968,17,-0.4622733119443112,0.9558255992380649,-0.04279899378224483,12,-0.7013500304707485,1.1564034297722359,0.17101222462334587,13,-0.8540620182881119,2.257021410260243,1.2703346320206421,9,-1.3941963176149956,1.1117085682754677,0.2620219781906741,14,-1.507373813763026,0.7040068082327006,-0.47528687732123487,10,-1.314868399999991,75,0.36,COMPLETE
402,-9999.0,2026-04-28 14:56:23.947329,2026-04-28 14:56:31.312552,0 days 00:00:07.365223,2,49,11,7,50,0.8,11,81,15,4,2.72,1.3744611012719046,1.0324260362657212,161,-6.50411147840388,-5.3323202551634985,0.6636951885343857,24,0.8333333333333334,1.2522082940521932,-2.0302067750037955,2.8039114514894914,5.916847600000041,28,-1.2232523204070531,1.0093885869565467,0.02400826740622808,25,-1.769311407733471,1.2984619162272937,0.8260687137736422,25,-2.303847856950031,1.3290352179055132,1.205886690082969,30,-5.3323202551634985,0.6636951885343857,-2.333817344344191,29,-1.876717961378176,1.1422742465181956,0.5555622906756374,24,6.1691208000001385,161,0.37888198757763975,COMPLETE
403,-9999.0,2026-04-28 14:56:31.317668,2026-04-28 14:56:38.715965,0 days 00:00:07.398297,2,48,10,6,51,0.8,8,84,13,5,2.8,1.2854485243578353,0.5432539689843456,155,-5.259081839665802,-4.117125302258249,0.27375156732676015,21,0.6666666666666666,1.155565914479578,-2.0516617237690946,2.116815729653071,3.4489280000000067,26,-1.1338642363037614,0.8141905657420628,-0.5501381319291565,29,-0.9649596358398193,1.2741992262458808,0.6041748752739107,21,-1.086567795412626,1.798305970799466,2.4786797549289252,29,-4.117125302258249,0.27375156732676015,-3.9099300933378656,25,-1.432582462854766,1.4354280863797713,1.187809408970253,25,3.1303300000001366,155,0.3870967741935484,COMPLETE
404,-9999.0,2026-04-28 14:56:38.720986,2026-04-28 14:56:46.147148,0 days 00:00:07.426162,2,36,10,6,28,0.85,8,80,14,4,2.8,2.013063602981119,1.4321510183036381,109,-2.652375927765782,-2.4683853376145763,0.8927162472187373,15,0.6666666666666666,1.717031617718143,-2.4683853376145763,0.9564261315933724,-0.11366199999998106,19,-0.8825484067300369,3.862760881291297,4.14443464730887,23,-0.8377415980659844,1.2828098061991737,0.44468856275650115,18,-1.057490223575414,2.2590863741188287,2.2102438031214255,15,-1.9947347157081032,0.8927162472187373,-0.34854175506552343,18,-0.9674068838114074,2.824582177465304,2.2557428517005373,16,8.826566000000046,109,0.45871559633027525,COMPLETE
405,-9999.0,2026-04-28 14:56:46.152291,2026-04-28 14:56:53.542080,0 days 00:00:07.389789,3,47,13,7,44,0.95,10,85,10,5,2.3400000000000003,2.3199636372108854,0.3513201726746,41,-1.5194474639306796,-1.1894319609867856,0.13287920211903248,5,0.6666666666666666,1.5096621042276654,-1.0782771416175367,0.35017877578009665,-0.5110583999999752,5,-0.5913318406148069,1.1584210725576065,0.16823799440239817,10,-0.4579859016606897,2.278302772808577,0.5736284473952358,6,-0.5216252932359641,5.0,1.9781700312642148,8,-1.1894319609867856,0.13287920211903248,-0.9960753935710609,5,-0.19434575479709967,5.0,0.8950183565567871,7,2.0982534000000497,41,0.4878048780487805,COMPLETE
406,-9999.0,2026-04-28 14:56:53.546965,2026-04-28 14:57:00.944500,0 days 00:00:07.397535,2,52,10,5,36,0.95,14,85,11,4,2.4800000000000004,1.7164678276013887,0.31741167250483965,43,-3.2939355742375027,-2.049475750845189,0.0,4,0.5,1.3016209384175697,-2.049475750845189,4.982204410917297,3.0406520000000103,9,-1.2437539748657727,0.6340893922365559,-0.4107590468274358,8,-0.5800324534542146,0.0,-0.5306312409199543,4,-1.3683321916550126,1.0642494877957047,0.08878792991711126,9,-1.8604522101553191,0.3155154573053291,-1.2535230826971722,7,-0.41406400518324776,3.3027482173534466,0.9699434755564784,6,1.8613752000000483,43,0.37209302325581395,COMPLETE
407,-9999.0,2026-04-28 14:57:00.949897,2026-04-28 14:57:08.356993,0 days 00:00:07.407096,2,46,11,6,48,0.8,9,81,15,3,2.7,1.2424080372943878,0.5122985448457092,181,-3.29532646789936,-3.1966615044860487,0.7863008144884328,23,0.6666666666666666,1.1193500313874711,-3.1966615044860487,0.8837342167075324,-0.5850749999999683,33,-2.323092060363797,1.2161299619622457,0.7618654844834039,32,-0.8806673199898709,1.3831567497512072,0.8263668971351334,23,-1.4298919254673934,1.883260177379,2.7135818169885972,29,-2.8876946638275376,0.7863008144884328,-1.697034567242961,37,-2.0430283095117083,1.301866303477908,1.05408663771005,27,3.055288000000078,181,0.3701657458563536,COMPLETE
408,-9999.0,2026-04-28 14:57:08.362128,2026-04-28 14:57:15.775843,0 days 00:00:07.413715,2,43,12,6,51,0.85,9,83,13,5,2.62,1.882526055083605,1.3899445560924537,121,-2.5187746604614922,-2.247274788861404,0.47947267766529655,17,0.8333333333333334,1.6649119923207971,-2.247274788861404,1.6997076668290467,1.7956248000000175,22,-0.9262800265708045,2.382508844901027,2.7101325871522253,23,-0.5540997160552066,2.9574059665149814,2.045182762677844,18,-0.8807972386021995,2.1784755280698667,2.020035471913495,18,-1.9515438628854846,0.47947267766529655,-1.500332460000331,17,-1.308189016915117,1.597585646521413,1.2690241748114728,23,8.57548300000004,121,0.4628099173553719,COMPLETE
409,-9999.0,2026-04-28 14:57:15.780968,2026-04-28 14:57:23.226659,0 days 00:00:07.445691,2,31,11,6,53,0.95,10,81,15,4,2.7600000000000002,1.3593396967680211,0.252404817294849,31,-1.6481677851317058,-1.6481677851317058,0.0,2,0.3333333333333333,1.3019207285647638,-0.6728713677219029,0.0,-0.5741700000000183,2,-1.6481677851317058,0.7471482872000587,-0.21811314021717987,3,-0.44291358285779225,0.31364708455037976,-0.4429135828577957,5,-1.2304205918359052,5.0,2.374365157640579,6,-0.6197543119612253,0.8763260628201156,-0.06830064641079048,4,-1.1787990680028866,1.2189167460375716,0.44356111561429934,11,1.4938464000000096,31,0.3870967741935484,COMPLETE
410,0.44894394830761897,2026-04-28 14:57:23.231588,2026-04-28 14:57:30.688684,0 days 00:00:07.457096,2,39,12,5,44,0.85,9,83,15,4,2.6,1.9866370601057266,1.3126004654146706,104,-1.7176821669427296,-1.3249306255024358,1.046468361685118,15,1.0,1.708687334907979,-0.9724581965817208,1.046468361685118,0.07378200000005553,16,-1.23513973009585,1.688697404481716,1.707536145680999,23,-0.4575185763455114,2.815939581069593,1.6583722216192864,15,-1.2433553695526929,1.6367236499725373,1.1871788167048036,15,-1.3249306255024358,1.1355491688399364,0.43785563652387616,19,-0.8732083480963132,3.5964441945854593,2.8108779719590027,16,8.113166000000094,104,0.47115384615384615,COMPLETE
411,-9999.0,2026-04-28 14:57:30.693839,2026-04-28 14:57:38.091092,0 days 00:00:07.397253,2,32,11,5,44,0.9,10,83,15,4,2.74,1.9798792358755284,1.283727939131398,62,-2.0433972689005464,-2.001770002896831,0.37745290566587286,4,0.6666666666666666,2.157353877995554,-0.7840065923433828,0.37745290566587286,-0.42796999999999974,4,-2.001770002896831,3.891237009548629,3.3724022699948897,12,-0.5028951744072435,0.762137189432107,-0.18202409510559292,8,-0.8253471738479308,2.1436978261313797,1.0886556722961904,9,-1.399148099513072,1.7344138210722744,1.3076960218224354,13,-0.7486827207678002,2.970336663402908,2.5436077657804645,16,7.895711199999966,62,0.532258064516129,COMPLETE
412,-9999.0,2026-04-28 14:57:38.096224,2026-04-28 14:57:45.517192,0 days 00:00:07.420968,3,38,11,6,44,0.9,12,83,15,5,2.7800000000000002,2.5882686895620797,1.0219576972797406,57,-2.63010777870161,-2.522356257183301,0.29207630145754604,6,0.6666666666666666,1.8568070799987821,-0.9268475524563367,0.8140043021815028,-0.15909699999997473,6,-1.2324961014728495,3.2451720225660003,2.873969599413595,13,-0.5964934071679113,3.6189278300958776,2.3339522865107654,12,-0.5185859233835591,5.0,2.605489379799786,8,-2.522356257183301,0.29207630145754604,-2.122528991889727,11,-0.38097901920932464,2.5594316810715503,0.5999609098439995,7,6.190311199999976,57,0.49122807017543857,COMPLETE
413,0.45449808820965193,2026-04-28 14:57:45.522409,2026-04-28 14:57:52.961206,0 days 00:00:07.438797,2,42,12,5,46,0.85,9,82,15,4,2.58,2.0762857122173033,1.4424360755204295,114,-1.6827642089916586,-1.6827642089916586,1.0206135344533027,15,1.0,1.6935923892465112,-1.4117897665808596,2.1375271494522825,2.1609262000000573,20,-1.2143716647675489,1.2525270212866533,0.6284543649722751,23,-0.7785530137902519,2.610001067684033,2.200234874557716,20,-1.373446679567864,1.2915784091324096,0.683867610946276,18,-1.6827642089916586,1.0206135344533027,0.07009683890573104,18,-0.8677467112869807,4.145467091295139,2.911036563740521,15,8.93907420000013,114,0.4649122807017544,COMPLETE
414,0.46096541850107253,2026-04-28 14:57:52.966274,2026-04-28 14:58:00.407473,0 days 00:00:07.441199,2,42,12,5,47,0.85,9,82,15,4,2.68,2.1516053686940926,1.5496039580877419,115,-1.6674662716666553,-1.6674662716666553,1.0058590670517213,15,1.0,1.7357449276602857,-1.3975471226327583,2.2236415798533558,2.3245152000000546,20,-1.1713412034081487,1.3038186938531775,0.754893192985362,23,-0.7748140530416707,2.717785196204728,2.340838850761018,20,-1.3548444596268547,1.3444708403166872,0.8045107289706088,18,-1.6674662716666553,1.0058590670517213,0.0209072787161535,19,-0.8627153039057147,4.314056834884886,3.0519584970932545,15,9.628083200000193,115,0.4608695652173913,COMPLETE
415,-9999.0,2026-04-28 14:58:00.412515,2026-04-28 14:58:07.823587,0 days 00:00:07.411072,2,43,14,5,47,0.85,9,82,15,4,2.46,1.5457271331537694,0.8415553583752048,100,-2.1374863413870657,-2.1374863413870657,0.720805425545705,13,0.6666666666666666,1.4246977166859887,-2.1374863413870657,1.499653554612443,1.1832045999999874,19,-0.947215874965234,2.2927438397369535,2.3233772929939445,22,-0.8608314610299539,0.9327448710617642,-0.09315310211472916,13,-1.4119668733147426,1.4156703875458498,0.830162316078642,16,-1.2185524017186675,0.720805425545705,-0.847060125430743,17,-0.8988144135122651,2.412744720419902,1.6528011687241273,13,5.122083800000032,100,0.44,COMPLETE
416,-9999.0,2026-04-28 14:58:07.828744,2026-04-28 14:58:15.291563,0 days 00:00:07.462819,2,42,12,5,47,0.85,9,82,15,4,2.6,2.084247020077236,1.4397037330560802,115,-1.6796897652115308,-1.6796897652115308,0.9750469003604596,15,0.8333333333333334,1.6815136896433518,-1.4089398771234574,2.154750035532488,2.193644000000039,20,-1.205753407912303,1.2627853557999644,0.6537745145872798,23,-0.7769039621603435,2.6315578933881763,2.228419968703599,20,-1.3697114686155345,1.3021568953692693,0.7080779997693076,18,-1.6796897652115308,0.9750469003604596,-0.08942900847225266,19,-0.8680023860866859,4.179185040013058,2.943734923748509,15,8.918404000000123,115,0.4608695652173913,COMPLETE
417,-9999.0,2026-04-28 14:58:15.296703,2026-04-28 14:58:22.794205,0 days 00:00:07.497502,2,32,12,5,45,0.85,8,82,15,4,2.7800000000000002,2.1329129502470696,1.6463389598956695,113,-2.313941614153808,-2.313941614153808,0.8191085341305091,15,0.8333333333333334,1.7680545085401813,-2.313941614153808,0.8191085341305091,-0.5409703999999627,19,-1.7932158339550852,1.9162922879819475,2.250742048261478,22,-0.7715621014131204,2.3223733242830176,1.5325329844227964,15,-1.0806422363272155,1.9641053889531894,2.000140524324201,19,-1.4836929951328726,1.4805748190262138,1.6565098685107804,22,-0.7327751261918237,4.295023347107541,2.979078733854723,16,10.255655200000046,113,0.46017699115044247,COMPLETE
418,-9999.0,2026-04-28 14:58:22.799459,2026-04-28 14:58:30.261658,0 days 00:00:07.462199,2,42,13,5,48,0.85,9,82,15,3,2.7600000000000002,1.3440872849332601,0.627725152475217,119,-2.123309666579256,-2.123309666579256,0.853838555559852,15,0.6666666666666666,1.2389708821530487,-2.123309666579256,1.194458418482748,0.623268400000021,22,-1.993607509620978,0.853838555559852,-0.4143967957216166,24,-1.0107001300832168,1.1647092052293333,0.2805025546460671,18,-0.8200298587113232,2.3311273697295802,2.0459283589568944,15,-1.2690943102130263,0.9811957853941977,-0.07570774786379575,20,-1.6614990578202642,1.53919437520385,1.3067561448337317,20,3.8046123999999404,119,0.36134453781512604,COMPLETE
419,-9999.0,2026-04-28 14:58:30.266848,2026-04-28 14:58:37.687112,0 days 00:00:07.420264,2,49,11,6,45,0.9,9,82,15,5,2.74,1.7635414749070086,0.9386001309247068,105,-2.965266054776259,-2.4720422515922214,0.3318923594425859,14,0.6666666666666666,1.4980174735309417,-1.7284657861181618,2.3365640515222608,2.282851400000019,18,-0.9870024092770259,1.39735060831095,0.8605462088242088,22,-1.0629794921032207,0.958262564064972,-0.0662297255664468,14,-0.9018021978750297,3.6879592593469215,3.3047949168453217,16,-2.4720422515922214,0.3318923594425859,-1.9581812275130672,17,-1.1804489775693188,1.8692200067543607,1.2078192129582055,18,5.67744900000009,105,0.41904761904761906,COMPLETE
420,-9999.0,2026-04-28 14:58:37.692119,2026-04-28 14:58:45.048826,0 days 00:00:07.356707,2,38,13,7,33,0.95,9,81,10,4,2.46,2.465562200802791,0.774703434136829,36,-1.573042562853806,-1.573042562853806,0.0,2,0.8333333333333334,2.21850266661846,-0.32795411199890556,0.0,-0.2289100000000044,2,-0.43265962792955104,5.0,1.8970008245875247,7,-0.355051728572833,4.9268409084828395,1.4438700353881506,9,-0.9181590988163886,2.4598276983094367,1.219141274439961,7,-1.573042562853806,1.1191616874760797,0.16411007258876342,5,-0.37682846753852756,1.2875429105483909,0.1530083978165786,6,4.720259999999921,36,0.5277777777777778,COMPLETE
421,-9999.0,2026-04-28 14:58:45.053903,2026-04-28 14:58:52.442846,0 days 00:00:07.388943,2,44,12,5,46,0.85,12,82,15,4,2.74,2.0727030810055798,1.504242410883422,90,-2.536257896465354,-2.324613746337735,0.656969383848811,11,0.8333333333333334,1.8530073567687477,-2.048354562613223,3.485923278760874,5.182379400000059,18,-1.388745363238338,1.1507179373879521,0.27888492509235974,17,-0.4259342022459868,2.1434572685001054,1.2030422107430105,14,-0.9652145064054561,2.248921400490766,1.7737798317406073,15,-2.324613746337735,0.656969383848811,-1.0145255792855967,15,-0.5103203911777401,2.7502292170449714,1.601893677010091,11,9.258499200000148,90,0.45555555555555555,COMPLETE
422,-9999.0,2026-04-28 14:58:52.447916,2026-04-28 14:58:59.910129,0 days 00:00:07.462213,2,43,12,5,50,0.8,9,80,14,4,2.74,1.7935586301963509,1.9931101534622722,155,-3.396028069679839,-3.396028069679839,0.8990981118449392,24,0.8333333333333334,1.6277054521269985,-2.0532760173502123,2.6048013826199274,4.782067400000045,25,-1.109311367216667,1.2972134573618184,0.761407958247684,25,-0.9932796379263354,2.08000761726782,2.014362652316626,25,-2.2845191345944964,0.8990981118449392,-0.4021352509231746,30,-3.396028069679839,1.2670406692988625,1.4097751007183579,26,-1.7700344835995079,2.613190542784737,3.3931830604140956,24,12.477139800000137,155,0.432258064516129,COMPLETE
423,0.48399837371148824,2026-04-28 14:58:59.915228,2026-04-28 14:59:07.339555,0 days 00:00:07.424327,2,41,12,6,48,0.8,10,83,14,4,2.7800000000000002,1.7512794684362438,2.0895375305358006,150,-3.4091367940422397,-3.4091367940422397,1.2698489585953316,23,1.0,1.671956391297674,-2.0530099433428,2.6453017244402206,4.692301800000043,24,-1.4123476554574923,1.9436646507715885,2.486049647635191,26,-1.4006492443949627,1.5517081210527333,1.0950604891348803,23,-1.8177243271212624,1.2698489585953316,0.9396604347643223,28,-3.4091367940422397,1.287007391501242,1.4355874526684742,26,-1.1224125543152184,1.8101459642563456,1.8885653590118956,23,13.158471800000138,150,0.41333333333333333,COMPLETE
424,-9999.0,2026-04-28 14:59:07.344704,2026-04-28 14:59:14.809171,0 days 00:00:07.464467,3,41,12,5,46,0.85,9,82,15,4,2.6,1.8544333078870079,1.2188062191971734,103,-2.153802733918301,-1.7428141510404198,0.6392552866697101,15,0.6666666666666666,1.6569439701825155,-1.2087095211856274,0.6392552866697101,-0.6262419999999658,15,-0.9640412735197511,1.994248562616632,2.1021203605885663,21,-0.5142950057057246,2.724067288599134,2.267684264783232,20,-1.3087445972297491,2.5389289625986162,2.2884255483581972,16,-1.7428141510404198,0.7838353222689199,-0.6638821188843291,16,-0.8783359877354522,2.446264424569036,1.9447312603373401,15,7.483886000000095,103,0.4854368932038835,COMPLETE
425,-9999.0,2026-04-28 14:59:14.814242,2026-04-28 14:59:22.228373,0 days 00:00:07.414131,2,34,12,5,44,0.8,11,83,13,5,2.3000000000000003,2.533522293589814,1.4432600840891172,113,-3.981922830731141,-3.5888541508374763,0.3703302419816594,12,0.6666666666666666,1.793637190127296,-0.9766349084399816,1.5520923003347913,0.9235400000000338,19,-0.7186397392120171,3.352611103381095,4.188372702741083,24,-0.4667994304326968,5.0,3.7808421700404438,22,-0.5014353418307728,4.036405022762519,2.22475319669424,12,-3.5888541508374763,0.3703302419816594,-2.2677805431559173,19,-0.6962750645839566,0.8896950930788204,-0.1901670217851814,17,8.816833000000157,113,0.5486725663716814,COMPLETE
426,-9999.0,2026-04-28 14:59:22.233434,2026-04-28 14:59:29.612779,0 days 00:00:07.379345,3,32,14,7,48,0.95,15,79,13,4,2.54,2.344284580403569,0.6920847284596817,7,-0.5755248528178937,-0.5755248528178937,0.0,0,0.5,5.0,0.0,0.0,0.0,0,-0.5755248528178937,4.065707482421414,1.0943655999999802,3,0.0,5.0,0.47512954569646215,1,-0.3387577530095557,5.0,2.5830132250616478,3,0.0,0.0,0.0,0,0.0,0.0,0.0,0,4.198382600000006,7,0.8571428571428571,COMPLETE
427,-9999.0,2026-04-28 14:59:29.617856,2026-04-28 14:59:36.995705,0 days 00:00:07.377849,2,40,12,6,36,0.8,13,83,13,4,2.7600000000000002,1.4965820709757998,0.6145586177001561,101,-4.2724709146690065,-4.269826582060386,0.4972789983442687,14,0.8333333333333334,1.269577728014968,-1.576226840476197,2.270461135649028,2.076772000000049,17,-1.5444106937664248,1.602012753354766,1.22268835068573,16,-0.783391944142324,1.5532523837117016,0.8131549934324411,17,-1.6575305885747387,1.3626403673156264,0.9121585932416965,18,-4.269826582060386,0.4972789983442687,-2.18947109705383,19,-0.6453992258743211,1.6938467874794085,0.85204886589485,14,3.689750800000069,101,0.40594059405940597,COMPLETE
428,-9999.0,2026-04-28 14:59:37.000706,2026-04-28 14:59:44.374992,0 days 00:00:07.374286,3,48,10,7,46,0.9,13,82,12,5,2.66,1.7881571196558748,0.44467051772405136,64,-4.164059071684098,-3.2917815016764487,0.08551098833776484,6,0.8333333333333334,1.3132631499902523,-1.0709797111769064,1.2110928564505448,0.174227600000032,9,-0.573038546231991,1.2364133413772298,0.27383330680155193,13,-0.7427054966231547,3.2478978426096203,2.3702296194693995,12,-1.0892382851075997,3.470278993723983,2.7330098467268416,12,-3.2917815016764487,0.08551098833776484,-3.108681738231467,12,-0.44762067590892307,1.4777486954361072,0.22540447157795018,6,2.5864478000000135,64,0.453125,COMPLETE
429,-9999.0,2026-04-28 14:59:44.380129,2026-04-28 14:59:51.771351,0 days 00:00:07.391222,2,40,12,5,32,0.85,8,81,15,5,2.46,1.6539606118383656,0.6314083359773662,101,-2.8464269177540165,-2.338686966574085,0.2152307767131889,12,0.8333333333333334,1.3605290597851856,-1.1438300740435554,1.1924590988544173,0.306090800000014,17,-0.5819123121081394,1.7286565638469242,1.3786391125113928,19,-0.5539859448998685,2.9469737426302802,1.8543062974970104,17,-0.71579689345959,2.451111549716363,1.6326350456140393,12,-2.338686966574085,0.2152307767131889,-2.145990960926658,15,-1.3676515472756277,1.3893319392690193,0.7627697211683993,21,3.7922825999999965,101,0.44554455445544555,COMPLETE
430,-9999.0,2026-04-28 14:59:51.776347,2026-04-28 14:59:59.186668,0 days 00:00:07.410321,2,54,11,7,43,0.85,8,83,13,4,2.62,1.5889744379180117,1.5778917749731576,153,-3.7565154393772007,-3.3282526693928753,0.6204733864494323,22,0.5,1.4821281102504023,-2.0174807983088914,3.6551600578555385,7.783442400000018,30,-1.4244158392667292,0.661341660204956,-0.8995682253325366,24,-1.3539070129789679,0.9041480010270592,-0.23765699283313513,22,-0.9593113301284784,2.082555679637611,2.583585622952045,27,-3.3282526693928753,0.6204733864494323,-1.8036329106949966,23,-1.818359221420259,1.6101678423334744,2.0411807557475514,27,9.532502000000086,153,0.40522875816993464,COMPLETE
431,-9999.0,2026-04-28 14:59:59.191932,2026-04-28 15:00:06.653923,0 days 00:00:07.461991,2,42,11,5,49,0.95,8,81,15,4,2.62,2.496647247462455,1.214182119410312,59,-1.3976288551220688,-1.3976288551220688,1.564521845318871,7,1.0,2.1560544666473502,-1.1459723929281422,1.6823999523049928,0.4578425999999691,7,-0.4669432887886528,2.346785748624561,1.2549132724456902,11,-0.4531937095730533,1.9599441076691928,0.6787656035994072,10,-1.1904509121358517,2.4262318308571102,2.162516457695385,13,-1.3976288551220688,1.564521845318871,1.1929989951707132,10,-0.30581976245016274,5.0,1.5380557875507073,8,7.50006519999995,59,0.5254237288135594,COMPLETE
432,-9999.0,2026-04-28 15:00:06.659015,2026-04-28 15:00:14.086583,0 days 00:00:07.427568,2,39,11,6,49,0.8,9,81,15,4,2.7800000000000002,1.522277731674378,0.9976995716130829,157,-3.3691062534828586,-3.3691062534828586,0.5350314461507993,22,0.6666666666666666,1.3016320906331014,-2.393551217232684,0.5350314461507993,-1.4993189999999545,26,-1.596421937769265,1.6225507586627037,2.035214964656018,29,-1.2412216971759076,1.7402044193129893,1.482192869958654,24,-2.533799383131451,1.0895393429179592,0.38645908919916483,30,-3.3691062534828586,0.9298082958468504,-0.36697119790161103,26,-1.1126288410509455,3.216532127154966,3.9486207037662258,22,6.04162140000013,157,0.40764331210191085,COMPLETE
433,-9999.0,2026-04-28 15:00:14.091698,2026-04-28 15:00:21.447750,0 days 00:00:07.356052,2,35,11,7,36,0.85,13,78,11,4,2.72,2.416829253575865,0.9123675773510346,77,-2.476947629324124,-2.0653041752862533,0.4704048204014382,9,0.8333333333333334,1.6524117854871876,-1.1108677305475068,1.2272406307446668,0.24599480000002671,11,-1.6258078514898688,2.6102498259331695,2.5146441062601443,15,-0.44320927372625907,4.844453192472243,1.862580461861274,12,-0.9751853163861188,1.7905049125026316,0.8954268117784325,9,-2.0653041752862533,0.4704048204014382,-1.7408982479859003,19,-0.5114372116012837,3.5581221394010414,1.6964575321922304,11,5.540150400000066,77,0.5064935064935064,COMPLETE
434,-9999.0,2026-04-28 15:00:21.452905,2026-04-28 15:00:28.875139,0 days 00:00:07.422234,3,49,12,7,44,0.85,11,83,15,4,2.74,1.4430725668678737,0.5892928751985752,107,-3.164967755826839,-2.979830057653692,0.5864427197592196,14,0.6666666666666666,1.2533012255558356,-2.979830057653692,0.9267857416721841,-0.2577895999999358,24,-1.276026218706163,1.226431474996355,0.40321344232012724,17,-0.7914442386543893,1.4074413621108808,0.6607104371995298,17,-1.1840887772411905,3.082360344524542,2.937955643788759,19,-2.54057355373398,0.5864427197592196,-1.2498898766034938,14,-1.9244414215257657,1.428973758144062,1.0415572044864652,16,3.537995000000249,107,0.40186915887850466,COMPLETE
435,-9999.0,2026-04-28 15:00:28.880229,2026-04-28 15:00:36.342342,0 days 00:00:07.462113,3,56,12,5,43,0.8,9,77,10,3,2.7,1.1740881388678455,0.35655573050887845,129,-3.0987498018683852,-2.3336646326814194,0.6385567444993583,17,0.5,1.128201295131044,-2.3336646326814194,0.6406546133623768,-1.2930900000000078,27,-1.199153859190469,0.6385567444993583,-0.7121325143295332,17,-0.8820622146273821,0.9947063169765527,-0.009723073916678704,21,-0.9670444985839537,2.319412597434387,3.0815681748203705,20,-2.072465099344473,1.016125885579611,0.07037127831004408,24,-1.6992037491447127,1.4350726753547867,1.0023405181690759,20,2.0985270000000167,129,0.40310077519379844,COMPLETE
436,0.4389212002012412,2026-04-28 15:00:36.347378,2026-04-28 15:00:43.772930,0 days 00:00:07.425552,2,43,12,6,34,0.8,10,80,14,4,2.8,1.4757167928376893,1.2686463658604263,139,-3.498328299705189,-3.498328299705189,1.114190277051747,21,1.0,1.4093154761749522,-2.059253274861715,1.6099031189212958,1.9345700000000354,24,-1.0074743378856257,1.6666035456593602,1.6023925936019978,24,-1.4577003865405287,1.4649123875657164,0.8843429785747592,21,-2.328130770857625,1.114190277051747,0.41814305899765536,25,-3.498328299705189,1.1437958449307326,0.7129876597336882,23,-1.8462865296948339,1.8548955828972853,2.059441904254422,22,7.8450100000000855,139,0.4028776978417266,COMPLETE
437,0.43297501383067033,2026-04-28 15:00:43.778137,2026-04-28 15:00:51.178726,0 days 00:00:07.400589,2,45,12,6,34,0.8,10,81,14,4,2.8,1.392027943275392,1.1238687828309575,136,-3.414440732520655,-3.414440732520655,1.1682439211143811,20,1.0,1.3637232179970071,-2.063638100597586,1.507271444636965,1.718590000000031,26,-1.0096001058222528,1.5230020419659414,1.168348873101821,22,-1.465753797643581,1.3206498027841458,0.6327712265454588,20,-2.076787401276034,1.2471415657099039,0.8157365911321879,24,-3.414440732520655,1.1682439211143811,0.8208025087721449,22,-1.8620112186797537,1.585858883441014,1.5869634974341018,22,6.930324000000088,136,0.3897058823529412,COMPLETE
438,-9999.0,2026-04-28 15:00:51.183861,2026-04-28 15:00:58.546925,0 days 00:00:07.363064,3,49,10,7,34,0.85,13,80,14,3,2.6,1.771152453820239,0.5988751322109909,93,-3.904016377443917,-2.555589635254302,0.10395651705952072,11,0.5,1.2822538956964487,-2.555589635254302,0.10395651705952072,-2.4975420000000192,16,-2.3306387855446404,0.47245182998446317,-1.36360459753736,18,-1.0637710644323521,2.7580038522875254,1.7651893864914614,13,-1.2082489898179294,4.05141706924312,4.646783203738969,16,-1.6495792669471203,0.7729093271293428,-0.7338546356173592,19,-1.8919974881747446,2.468176127217461,1.7762794361902534,11,3.472659999999994,93,0.3978494623655914,COMPLETE
439,-9999.0,2026-04-28 15:00:58.552018,2026-04-28 15:01:05.965586,0 days 00:00:07.413568,2,34,12,5,33,0.85,11,81,15,4,2.54,2.4294929692498175,1.036851019743503,77,-2.6714363710051776,-2.2646432512417145,0.2704578728196401,10,0.6666666666666666,1.770919155013013,-0.9741440848918632,0.9178624736683795,-0.10917719999997688,12,-0.983035058477634,3.758256219483869,4.037916884592918,19,-0.3451785496029668,5.0,2.224195983086541,10,-0.6213097832204302,1.9400176537206033,1.062587444618024,11,-2.2646432512417145,0.2704578728196401,-2.0755714139994774,14,-0.7908045189668238,2.690363595806412,1.0811544201629886,11,6.2729151999999955,77,0.4935064935064935,COMPLETE
440,-9999.0,2026-04-28 15:01:05.970753,2026-04-28 15:01:13.362949,0 days 00:00:07.392196,2,45,13,6,34,0.8,12,81,15,4,2.8,1.2775004448590472,0.6054344347623067,114,-4.635498181440593,-4.222009487956544,0.6110707763438303,17,0.6666666666666666,1.2158595782133443,-2.056301541511468,1.778871610511947,2.235860000000023,23,-1.1562524247402137,1.1041054446808916,0.2019487095819672,17,-1.1320499418801169,0.8663313609467267,-0.2469760447840308,17,-1.9128586085668082,1.749451468299739,1.894550307000764,20,-4.222009487956544,0.6110707763438303,-1.8387242975158702,19,-1.6997775925083725,1.5551720083711484,1.3859479342909875,18,3.627354000000005,114,0.38596491228070173,COMPLETE
441,-9999.0,2026-04-28 15:01:13.368086,2026-04-28 15:01:20.818588,0 days 00:00:07.450502,3,52,11,6,30,0.9,8,81,14,4,2.7800000000000002,1.4759914691580882,0.22368950977816512,94,-3.3877869616529033,-3.22469147455759,0.342498279305219,9,0.5,1.096794631065027,-3.22469147455759,0.342498279305219,-1.9392289999999313,20,-1.3212356001861205,0.9978746490788843,-0.0051494598181101026,20,-0.634037456391314,1.4696788146374438,0.6400766737921559,15,-1.2191566440392356,3.748841065162975,3.1517283302042953,14,-3.148425240789384,0.6709463963338437,-1.3035481634930846,16,-1.4694836403666396,1.6261096104301633,0.7982586779836653,9,1.2686398000001153,94,0.3829787234042553,COMPLETE
442,-9999.0,2026-04-28 15:01:20.823682,2026-04-28 15:01:28.224650,0 days 00:00:07.400968,2,38,12,6,33,0.8,10,79,12,4,2.64,1.429668924620634,0.7089403637268584,117,-2.8601038345142458,-2.090518427139883,0.5045023623979977,17,0.5,1.2936807499534195,-2.090518427139883,0.5045023623979977,-1.2920199999999604,21,-1.040492111297172,2.186188344400072,2.3998002998339762,19,-1.244517532494398,2.1305896009726557,2.0331464000497235,24,-1.99783776310879,0.9170643216344952,-0.24434594154891798,17,-1.6599298999241001,0.9068587758552572,-0.2955763485686158,18,-1.1306990614869439,1.932810142463327,1.6526377725949448,18,4.270931600000116,117,0.42735042735042733,COMPLETE
443,0.46751796492609654,2026-04-28 15:01:28.230153,2026-04-28 15:01:35.659745,0 days 00:00:07.429592,2,45,12,6,55,0.8,9,79,13,4,2.7800000000000002,1.5918803125377707,1.865383956434837,156,-3.400401659962254,-3.1439054623012086,1.1920489479417231,23,1.0,1.5641012479040357,-2.0638593786828507,2.226812931866555,4.156331800000013,27,-0.9875544818440423,1.1920489479417231,0.468912058978721,23,-1.432054356702134,1.8048524159088273,1.7549588405755046,26,-1.6229069379110057,1.3191721448920495,1.0332152006235606,28,-3.1439054623012086,1.2943309689562297,1.5393683524733914,25,-1.7829095559002237,1.7140644656612412,2.2395174859578315,27,11.683851200000174,156,0.40384615384615385,COMPLETE
444,-9999.0,2026-04-28 15:01:35.664921,2026-04-28 15:01:43.103278,0 days 00:00:07.438357,2,42,11,5,53,0.85,10,80,14,3,2.62,1.472432003119456,0.6910688672031391,121,-2.5078300132185736,-2.5078300132185736,0.9539878342811527,16,0.6666666666666666,1.2692286071125032,-2.5078300132185736,1.0307740706085626,0.09899680000000632,21,-1.9688521261648773,0.9539878342811527,-0.12068132934568432,24,-0.8607599417285344,1.1203547383624102,0.21670985141601928,18,-1.2239958372702804,1.56416901842062,1.0973706788582893,16,-1.2338247719116147,0.9753300056433478,-0.11134360445929081,23,-0.8084473410411651,3.189976351400642,2.965360806749495,19,4.181981799999934,121,0.371900826446281,COMPLETE
445,0.4434196359257755,2026-04-28 15:01:43.108465,2026-04-28 15:01:50.539041,0 days 00:00:07.430576,2,45,11,6,55,0.8,10,79,13,4,2.68,1.491178936411809,1.4682785403602943,150,-3.3708560463720385,-3.3708560463720385,1.0416653281559112,23,1.0,1.4502752421019294,-2.0649664813017305,2.354171252857686,4.377399200000043,27,-1.11492808832405,1.4796236720136557,1.0281103076192233,23,-1.4287164579484466,1.0416653281559112,0.09544533846466141,23,-1.6366284666188353,1.3295596029443815,1.0150292841495379,26,-3.3708560463720385,1.0701188788090144,0.39420971645838243,27,-1.8244096277300126,1.671934883690206,1.8994773954699173,24,9.076108000000204,150,0.3933333333333333,COMPLETE
446,-9999.0,2026-04-28 15:01:50.544078,2026-04-28 15:01:57.939805,0 days 00:00:07.395727,2,47,12,6,53,0.8,9,79,13,4,2.72,1.5694738526770398,1.8100645924255847,160,-3.7058823348719883,-3.448809973752899,0.9174730249447689,23,0.8333333333333334,1.5224027283701569,-2.064523497754555,2.5497927629442074,5.009751600000056,28,-1.2301931530532402,0.9174730249447689,-0.21231590076437046,23,-1.3331918115665848,1.1236450006707315,0.2990674420753292,24,-1.7058114866072567,1.2506092859112785,0.8472868264023159,29,-3.448809973752899,1.1398535557734844,0.8530840443009335,27,-1.789474043660793,2.4354694858177672,4.063513542539243,29,11.238559600000176,160,0.4,COMPLETE
447,0.46511870259471644,2026-04-28 15:01:57.944796,2026-04-28 15:02:05.375456,0 days 00:00:07.430660,2,43,11,6,54,0.8,9,80,14,4,2.68,1.6812273598463345,1.8813736601399658,168,-3.440325843495474,-3.440325843495474,1.0454438503919528,26,1.0,1.541603114852103,-2.0540871709701527,2.62910450680415,4.914275200000051,26,-1.4114494958359431,1.3154991559462414,0.9815560351887243,30,-1.4155096611337188,1.6265561710535605,1.3409230287095397,26,-2.2849393285882074,1.0454438503919528,0.18168914668186265,31,-3.440325843495474,1.0510299334284796,0.28955659870069095,28,-1.7812291305286703,2.4197305414536223,3.5802419515589268,27,11.733262800000244,168,0.42857142857142855,COMPLETE
448,-9999.0,2026-04-28 15:02:05.380633,2026-04-28 15:02:12.781578,0 days 00:00:07.400945,2,51,12,5,54,0.9,11,80,14,4,2.7800000000000002,1.3049115818630612,0.5278052322231757,91,-4.020295792401892,-2.662519295361456,0.2005840036493069,10,0.3333333333333333,1.2406509196401696,-2.05704797831278,3.5910395955498027,5.032809399999993,18,-1.425615253087936,0.9733921317651784,-0.05244799250311294,16,-0.6102821554929605,0.48386922609499994,-0.4935601488734065,10,-1.2677105598347311,1.642062063338263,1.4463232604420062,20,-2.662519295361456,0.2005840036493069,-2.662519295361454,15,-1.5883862278433156,0.9385224707808167,-0.10377383036497267,12,3.0418926000000734,91,0.37362637362637363,COMPLETE
449,-9999.0,2026-04-28 15:02:12.786707,2026-04-28 15:02:20.193200,0 days 00:00:07.406493,2,43,10,6,54,0.8,9,81,15,4,2.6,1.6975405990662047,1.9330426391401367,178,-3.4583148684183462,-3.4583148684183462,0.870936855715131,27,0.8333333333333334,1.5421165141979825,-2.0476292511611134,2.691608370512162,5.046626000000054,27,-1.1095824015804798,1.5978636157824833,1.7849064471618936,33,-1.7204933392200066,1.399812751049501,1.114309820063486,31,-2.869618002188272,0.870936855715131,-0.5124358347569968,31,-3.4583148684183462,1.0188733469764288,0.10709281353000755,28,-1.7756106168219175,2.6061486543615224,4.057756588842376,28,12.043384000000067,178,0.43820224719101125,COMPLETE
450,-9999.0,2026-04-28 15:02:20.198369,2026-04-28 15:02:27.661547,0 days 00:00:07.463178,2,48,12,5,55,0.85,8,80,14,4,2.46,1.5083436721971861,1.2451356194117154,143,-2.7449297135523656,-2.4721478342655288,0.746124035883615,19,0.6666666666666666,1.4217103460789347,-2.0384141278513135,3.1226079031917853,5.9392903999999636,30,-1.156741634955797,0.8800421757168742,-0.29639994643573253,24,-0.6997432727559099,1.0454801115817702,0.08335163198194273,19,-1.4909041347860197,1.1427210043842126,0.4064808222457694,25,-2.4721478342655288,0.746124035883615,-1.216857277767236,23,-1.8483842564198958,2.11308680242486,2.5549480864455854,22,7.530321400000006,143,0.4405594405594406,COMPLETE
451,-9999.0,2026-04-28 15:02:27.666545,2026-04-28 15:02:35.125829,0 days 00:00:07.459284,2,51,13,6,54,0.95,8,79,13,4,2.8,1.5950660534682353,0.028144115096382743,70,-3.0209687704376798,-2.658321075726974,0.19249886910937516,6,0.3333333333333333,1.0097728350559394,-2.1432784638316402,0.6371664347887279,-0.7223980000000019,16,-1.6160596589898675,0.9936744772512456,-0.012127609609224876,14,-0.6469808697307466,0.5581519339830969,-0.524294618913268,12,-0.7326896551070243,3.702306813099468,2.7534789112308555,13,-2.658321075726974,0.19249886910937516,-2.392705735245504,9,-0.3277885648841577,3.4865977925774994,1.0669117431154396,6,0.09293799999998686,70,0.4,COMPLETE
452,-9999.0,2026-04-28 15:02:35.131024,2026-04-28 15:02:42.566749,0 days 00:00:07.435725,2,46,12,6,55,0.95,8,80,13,4,2.56,2.191884216011998,0.7252755044680056,58,-2.1496023289090136,-2.1496023289090136,0.7155625328530719,6,0.8333333333333334,1.6517117573441866,-1.4827943043445342,1.2644356418554579,0.3064147999999989,11,-0.6197113610792696,1.824719751809765,0.6360542356858456,9,-0.7291145896184896,2.2051117978549337,1.0507675620062384,12,-0.6848265551957676,4.7375927601809975,2.5912678499441233,11,-2.1496023289090136,0.7155625328530719,-0.7704504821227309,9,-0.31220624345973025,2.403882811517762,0.537599061294558,6,4.4003252000000215,58,0.5,COMPLETE
453,-9999.0,2026-04-28 15:02:42.572045,2026-04-28 15:02:50.044883,0 days 00:00:07.472838,2,44,14,6,52,0.8,8,80,13,4,2.7800000000000002,1.5448898014598764,1.6623616781428538,151,-3.5509289686453873,-3.5509289686453873,0.8973056906940375,20,0.8333333333333334,1.5106531585468768,-2.058065559290652,2.53634581011154,5.243148800000053,30,-0.9775075478247646,1.6551975353676531,1.5701360315057977,26,-1.0967585796247712,0.8973056906940375,-0.21524420066596495,20,-1.9706506927521086,1.25342032889098,0.7956287821241359,27,-3.5509289686453873,1.0842563397278397,0.4649725083158529,26,-1.595081174940276,1.8428131039672078,2.1155281475772503,22,10.299164400000116,151,0.40397350993377484,COMPLETE
454,-9999.0,2026-04-28 15:02:50.050038,2026-04-28 15:02:57.422908,0 days 00:00:07.372870,2,44,11,5,53,0.8,16,80,13,4,2.52,1.8763135170842637,1.2456091775046585,93,-2.308332457713373,-2.0955814666010935,0.9950009952724395,14,0.8333333333333334,1.6889335992023995,-2.0477153711693616,5.0,5.423504000000023,16,-0.7703386198513494,1.62910681583451,0.6875487652165724,15,-0.7280672745638408,0.9950009952724395,-0.0075709142965729725,14,-1.1653672121303396,1.2397546960032813,0.386014339872065,14,-2.0955814666010935,1.2055213517515941,0.6356173229673523,18,-1.7348298148618255,1.188497243643758,0.34854155126851083,16,7.6010044000000665,93,0.41935483870967744,COMPLETE
455,0.4932243839083993,2026-04-28 15:02:57.428190,2026-04-28 15:03:04.881736,0 days 00:00:07.453546,2,43,12,7,55,0.8,9,80,14,4,2.6,1.954121206237936,2.4030448780093083,168,-3.6182079333370374,-3.414032627636198,1.012428509860106,26,1.0,1.7211105430837215,-2.0551697066078476,2.548644643715518,4.671564000000039,26,-0.9830151442908167,1.6990569615271947,1.866808830715505,28,-1.4071904824266275,2.4295403306319536,2.8603923587492863,27,-2.249050905142886,1.012428509860106,0.048643501868195216,31,-3.414032627636198,1.0789269027882464,0.4533867221527821,29,-1.7271137030066515,2.9561298889045973,4.517473854570042,27,15.205784000000012,168,0.44642857142857145,COMPLETE
456,-9999.0,2026-04-28 15:03:04.887134,2026-04-28 15:03:12.298698,0 days 00:00:07.411564,2,48,11,6,54,0.8,11,80,14,4,2.7800000000000002,1.2533654593536425,0.7807884456154822,150,-5.990448438991395,-4.793593708900048,0.7715408951786463,22,0.5,1.2107764390957199,-2.0607235329224505,2.1378092822896124,4.0200849999999955,28,-1.223662126496623,0.9579134475876524,-0.10987243473211672,24,-1.6268805758525142,0.9011662924951835,-0.23726376240754687,22,-1.6602904303321546,1.4670613922016087,1.4156710476688428,26,-4.793593708900048,0.7715408951786463,-1.4342539437088075,27,-1.9038106470480807,1.2847014463691508,1.0303647668725269,23,4.6866078000000755,150,0.36,COMPLETE
457,-9999.0,2026-04-28 15:03:12.303981,2026-04-28 15:03:19.709279,0 days 00:00:07.405298,2,42,12,6,54,0.8,10,79,13,5,2.7800000000000002,1.8741290903242218,1.8392040044189002,147,-3.4615229730693127,-3.357640958225614,0.42673308440993196,21,0.8333333333333334,1.6348002571217066,-2.0486219374928787,3.4550987118034944,6.556095600000034,25,-1.3086543842638232,1.348771197233139,0.976660597537915,25,-0.5385785923526469,2.782388831867722,2.38867114126744,22,-1.019784527642816,1.9173150039821232,2.6451001711036426,27,-3.357640958225614,0.42673308440993196,-2.361076467048795,21,-1.4829087275974293,1.3144677126489202,0.8297729836531653,27,11.327179000000044,147,0.43537414965986393,COMPLETE
458,-9999.0,2026-04-28 15:03:19.714335,2026-04-28 15:03:27.143705,0 days 00:00:07.429370,2,35,12,7,53,0.8,9,79,12,4,2.74,1.963738495270502,1.8831985831794114,140,-2.679462252269166,-2.0658189306321284,0.8107038426291163,18,0.6666666666666666,1.7569316262513721,-1.6403682379326094,0.8107038426291163,-0.35527859999993083,18,-1.7898988792102637,1.962211769774902,2.689410901398759,25,-0.9479133824819176,5.0,7.232939717960529,30,-2.0658189306321284,0.9279210186865723,-0.2301862823100742,23,-1.5396136880064637,1.1403011070883236,0.5387631419410788,26,-1.0715814607920746,1.9412932334440984,1.4235426200861045,18,11.629671599999991,140,0.4785714285714286,COMPLETE
459,-9999.0,2026-04-28 15:03:27.148803,2026-04-28 15:03:34.513470,0 days 00:00:07.364667,3,56,12,6,54,0.85,14,79,12,5,2.72,1.1313178347379187,-0.16781875129981602,91,-5.075824772002367,-3.3254817412646562,0.26997920030714384,10,0.5,0.9182614719434956,-0.7823616346158009,1.7946505920995115,0.6314532000000428,10,-1.6207715692692546,0.705952843477556,-0.6347621739402176,18,-1.019397161388747,1.2898891029117396,0.4650712301920823,15,-2.5559741257951516,2.27779083431256,2.8901293001672546,16,-3.3254817412646562,0.26997920030714384,-3.1273818564469424,17,-1.5836384463243112,0.44964443531900056,-1.2314222077711157,15,-1.1044231999999043,91,0.3956043956043956,COMPLETE
460,0.5267152422325688,2026-04-28 15:03:34.518508,2026-04-28 15:03:41.952841,0 days 00:00:07.434333,2,41,12,7,52,0.8,9,80,14,4,2.64,2.2450991215645275,2.901093976296013,166,-3.0488800021356175,-3.0488800021356175,1.0667966719035031,25,1.0,1.9411059235320667,-2.0481949568239735,2.8960859762067477,5.11290960000006,25,-0.9788396098759709,2.2694954346354512,3.2287721964077587,28,-1.3807817142681054,2.5483870718242665,2.9519692808834153,27,-2.037687934617128,1.0667966719035031,0.2546235572682187,30,-3.0488800021356175,1.1969684313465834,1.0358992224353658,29,-0.9938724872653287,3.4928611434706123,4.822390000781263,27,18.61118840000011,166,0.4578313253012048,COMPLETE
461,0.48272375441797966,2026-04-28 15:03:41.960810,2026-04-28 15:03:49.410066,0 days 00:00:07.449256,2,42,12,7,52,0.8,10,80,14,4,2.72,1.8071678634053636,2.129558961248701,154,-3.1015295101383162,-3.1015295101383162,1.0996559990235508,24,1.0,1.657712002873323,-2.053667097283618,2.86520485359127,5.029636800000059,24,-1.4214644112299695,1.4067599491941551,1.1190216740805559,25,-1.416304145585551,2.307412141192838,2.546577559801899,25,-2.244772303705008,1.0996559990235508,0.3748439562669459,29,-3.1015295101383162,1.247040638192448,1.2906238013271398,27,-1.7554485551032606,1.916933599237919,2.4166499760156057,24,13.404578400000178,154,0.42207792207792205,COMPLETE
462,-9999.0,2026-04-28 15:03:49.415172,2026-04-28 15:03:56.858744,0 days 00:00:07.443572,2,39,12,7,52,0.8,10,80,14,4,2.64,1.6695195237360745,1.1099515553124253,147,-3.4280379516361386,-3.309971704210891,0.5385487980503081,19,0.6666666666666666,1.3633399432233904,-2.2137700514756253,0.5385487980503081,-1.4162767999999382,25,-1.0417954591843472,2.586718256062004,3.569112106733674,24,-1.2299671777925492,2.5445842204580416,2.749737041149203,24,-2.1630175623929717,1.1754386745706629,0.6462879524678611,28,-3.309971704210891,0.7456751333626966,-1.3780502102993863,27,-1.1046778877533798,2.426152059912734,2.4888992418231393,19,6.724557600000058,147,0.4217687074829932,COMPLETE
463,-9999.0,2026-04-28 15:03:56.863854,2026-04-28 15:04:04.336217,0 days 00:00:07.472363,2,46,12,7,51,0.8,8,81,15,4,2.56,1.76919120749754,2.1261540144220397,185,-4.659438317608265,-4.659438317608265,0.815514804258433,28,0.8333333333333334,1.5466750656621715,-2.040997380016835,3.4589877310399086,7.708287200000075,34,-1.1862253054472696,1.1047777396249558,0.32296493523666925,32,-1.7030463305788155,1.5555168249746052,1.5539140007390317,28,-2.2733550389495085,1.0115780232885545,0.04458913742562132,31,-4.659438317608265,0.815514804258433,-1.2622908331539895,31,-1.7578844236627964,2.6687721217987828,4.389459646284832,29,13.156484400000124,185,0.43783783783783786,COMPLETE
464,-9999.0,2026-04-28 15:04:04.341444,2026-04-28 15:04:11.754611,0 days 00:00:07.413167,2,36,14,7,52,0.8,10,81,15,4,2.66,1.4388053550106161,0.6321388940513872,122,-3.71840187683211,-2.7592791672857166,0.5664385900553898,14,0.6666666666666666,1.2484290950566546,-1.6470824519266676,0.6802646123624582,-0.7682473999999662,21,-0.9226291150852485,2.629895211106835,3.222677737932056,22,-0.6179310897095371,2.057498040094036,1.567131833503943,20,-2.329004669864786,1.3222997319639416,1.07143911528238,25,-2.7592791672857166,0.5664385900553898,-1.820866745577876,20,-0.9285685813871714,1.3764359444810363,0.5206988231677867,14,3.7724604000000106,122,0.4262295081967213,COMPLETE
465,-9999.0,2026-04-28 15:04:11.759677,2026-04-28 15:04:19.234110,0 days 00:00:07.474433,2,43,12,6,51,0.95,8,81,15,4,2.7600000000000002,2.4850120761674437,1.2084095915756061,64,-2.1028491748163893,-2.1028491748163893,1.189594839642145,8,1.0,1.9887934883264975,-1.2914962844453568,1.7700092529463298,0.6324547999999819,9,-1.2626033787249504,2.1261369426751813,1.2649847432719241,11,-0.7211670837087016,3.503895795608442,1.614717722625958,11,-1.362269466954243,2.4094344944840294,2.113479523020212,14,-2.1028491748163893,1.189594839642145,0.5359282509924235,11,-0.3181362652652208,3.911001131648533,1.0888925095431379,8,7.46369999999994,64,0.546875,COMPLETE
466,-9999.0,2026-04-28 15:04:19.239324,2026-04-28 15:04:26.667350,0 days 00:00:07.428026,2,39,11,7,52,0.8,8,81,15,4,2.7800000000000002,1.5897304787732587,1.3835490302448814,179,-4.272600808194813,-4.2106380772926535,0.7935131599508245,23,0.8333333333333334,1.3671407501879729,-1.484741924938754,1.199612833760368,0.708192400000085,32,-1.565596083136919,1.4847768362063853,1.6939044970884387,32,-1.2184968536025031,2.0465114152493586,2.369030988733112,27,-2.246984334958315,1.344929455566437,1.4483407511636903,31,-4.2106380772926535,0.7935131599508245,-1.4039191558980924,34,-1.45805507233646,2.669039171906178,3.485744700382054,23,8.520914600000129,179,0.4022346368715084,COMPLETE
467,-9999.0,2026-04-28 15:04:26.672402,2026-04-28 15:04:34.050807,0 days 00:00:07.378405,2,40,13,7,55,0.9,11,80,14,4,2.7600000000000002,1.468925840199799,0.3152994440444608,75,-3.0378664791113428,-2.5048931034210127,0.2255938027915638,9,0.5,1.1980404487369734,-1.3353894731169529,0.5284324393727878,-0.5876391999999786,9,-0.8978292672522293,3.4513172894236934,2.803327048642057,15,-0.736362575231606,1.518704539047076,0.5760811406001931,14,-1.0176533677111752,2.173052701358957,1.5149672464377595,12,-2.5048931034210127,0.2255938027915638,-2.310828213447691,14,-0.9724129203748455,0.9164542692047158,-0.10411135796557502,11,1.8278063999999539,75,0.4266666666666667,COMPLETE
468,-9999.0,2026-04-28 15:04:34.055931,2026-04-28 15:04:41.511702,0 days 00:00:07.455771,2,39,11,7,52,0.8,9,80,14,4,2.4400000000000004,1.6500978403119895,1.1124454805213884,164,-3.995591062467465,-3.4041081646963818,0.5652859198098552,23,0.6666666666666666,1.3396184408455862,-2.103696775960588,0.5652859198098552,-1.3899547999999484,27,-1.117946324663428,2.1794683994693083,3.173379744075011,29,-1.2313248721796648,2.128692089050473,2.306734193861759,27,-2.212749953152314,1.0294628591692185,0.11494475942492866,29,-3.4041081646963818,0.7293794653339163,-1.5484759863723996,29,-1.1036152455687736,3.268298309039167,4.018044972138979,23,6.714412800000091,164,0.43902439024390244,COMPLETE
469,-9999.0,2026-04-28 15:04:41.516874,2026-04-28 15:04:48.921436,0 days 00:00:07.404562,2,42,11,7,51,0.8,8,80,13,5,2.66,1.9761282281944352,2.222284095930497,156,-2.9340627135358006,-2.8692195759580517,0.8176525806593267,24,0.8333333333333334,1.788075838150283,-2.050308987716833,3.1520911927839013,5.730868200000017,25,-1.1660338149638028,1.5223121899362193,1.3940725401137222,27,-0.5420450530298339,2.5111649389305217,2.334743243646975,24,-1.0241790196585712,1.9323322074234277,2.6996536694456674,28,-2.8692195759580517,0.8176525806593267,-0.8103238482565223,25,-1.1341787173249367,1.9212162594332134,1.984690770633124,27,13.974554799999916,156,0.4551282051282051,COMPLETE
470,-9999.0,2026-04-28 15:04:48.926650,2026-04-28 15:04:56.369969,0 days 00:00:07.443319,3,43,12,6,55,0.8,10,80,13,4,2.74,1.6247297901927238,1.4498278872044654,134,-3.2680541375710512,-3.2680541375710512,0.897297818429696,21,0.8333333333333334,1.5411308972713977,-3.2680541375710512,0.897297818429696,-0.3781709999999272,25,-1.0927095435827527,2.1137611561892533,2.178368156641697,22,-1.5380723112686003,1.5951352343240595,1.2107398361185906,22,-2.0220285835103167,1.8573404370380857,2.0773932232264203,23,-1.952326067633339,1.4112990018054818,1.5076755359793692,21,-1.6862576696817992,1.8735450933697662,2.102961571260642,21,8.995072800000203,134,0.44029850746268656,COMPLETE
471,-9999.0,2026-04-28 15:04:56.375190,2026-04-28 15:05:03.830397,0 days 00:00:07.455207,2,33,12,6,55,0.8,10,80,13,4,2.8,1.665123185048647,1.4622539305831275,131,-3.0028386107983485,-3.0028386107983485,0.5674015507181277,18,0.8333333333333334,1.5565099894070475,-1.8012612099561374,0.5674015507181277,-0.9334219999999949,19,-1.6508339060170258,1.9811890907860235,2.633237215481543,23,-1.3805531216220237,2.301952212113611,2.712241553095529,24,-1.8760536368260292,1.9565982866238507,2.5607961106974164,22,-3.0028386107983485,1.003295248269189,0.015033532564223684,25,-1.0967902820077777,2.1803027217810804,1.7856371716600483,18,9.036164000000069,131,0.45038167938931295,COMPLETE
472,-9999.0,2026-04-28 15:05:03.835633,2026-04-28 15:05:11.288798,0 days 00:00:07.453165,2,41,13,5,51,0.85,9,81,14,4,2.74,1.8137326019185924,1.1130790565845095,107,-2.0526268751949623,-1.5673872152155994,0.7766560334746762,15,0.6666666666666666,1.5519626914310998,-1.5673872152155994,0.8610932819253373,-0.2471469999999365,17,-0.9602636666654556,1.9365473625216347,1.9432496832947788,20,-0.9631512382681024,1.9589921964714334,1.4453446853368357,19,-1.227447120499475,1.7443598071629338,1.486228967697456,17,-1.547005970423786,0.7766560334746762,-0.8045108488322517,19,-0.8844893633587925,3.604746929955538,2.8553088520101744,15,6.8173188000000495,107,0.4485981308411215,COMPLETE
473,-9999.0,2026-04-28 15:05:11.294014,2026-04-28 15:05:18.724668,0 days 00:00:07.430654,2,39,12,6,54,0.8,10,80,14,4,2.7600000000000002,1.3743016261581265,0.697314908828378,142,-3.3466885659567955,-3.3466885659567955,0.42819795569008445,18,0.6666666666666666,1.225895574129704,-2.6879225960319464,0.42819795569008445,-1.843809999999968,25,-1.6010269238301216,2.027668492161903,2.6688171168828267,24,-1.2454088196803124,1.6678135887172434,1.3029402003491342,23,-2.2036972786097997,1.2316904502537052,0.8770952175975122,28,-3.3466885659567955,0.8737768404908012,-0.6265155227986874,24,-1.132351123737493,2.016662429635022,1.8053624409394509,18,4.186642400000062,142,0.4014084507042254,COMPLETE
474,-9999.0,2026-04-28 15:05:18.729920,2026-04-28 15:05:26.139781,0 days 00:00:07.409861,2,45,13,7,50,0.8,10,81,15,5,2.68,1.5380510205114977,1.408770557075604,155,-3.1517523654961326,-2.814154563580914,0.5908593546744854,18,0.8333333333333334,1.4312914699827184,-2.051620612187898,3.2426137473942136,6.357832400000052,27,-1.3768587141951458,1.2459629547885642,0.6810717966456492,29,-0.8750050344222459,1.0699548518829005,0.13789667402965833,18,-1.1772838790914004,1.4732701707344007,1.6262674066659155,29,-2.814154563580914,0.5908593546744854,-2.00592229431682,25,-1.3716936514551328,1.6056450435944216,1.6554773594291694,27,8.555632400000013,155,0.41935483870967744,COMPLETE
475,0.48603131807903854,2026-04-28 15:05:26.144908,2026-04-28 15:05:33.583094,0 days 00:00:07.438186,2,42,12,6,54,0.85,9,81,15,4,2.66,2.163670184048469,1.880455238490127,125,-1.5606265229225016,-1.4735313680606539,1.0950452140553635,17,1.0,1.844084445341598,-1.4003942912418919,2.0038089637863146,2.099717400000034,21,-1.4698070802687226,1.4114976340049383,1.1336448615870909,25,-1.2095186167320722,2.556877114944646,2.365972362115687,22,-1.3430319068895868,1.7239262394539188,1.6876900639704484,20,-1.4735313680606539,1.0950452140553635,0.3356061242081765,20,-0.8458511652313547,4.190865938045634,3.6601006190593255,17,11.792045400000074,125,0.48,COMPLETE
476,-9999.0,2026-04-28 15:05:33.589208,2026-04-28 15:05:41.033400,0 days 00:00:07.444192,2,42,10,6,56,0.8,11,79,12,4,2.5,1.519019104715449,1.187520972584568,138,-2.9740940778503866,-2.5166474884598142,0.7919343612423034,21,0.8333333333333334,1.428249777487951,-2.0375084278881572,2.187783492802502,2.775755000000002,21,-0.9973313427175114,1.8176070969682154,1.745971119355949,22,-1.2747039527743638,1.2224144036760658,0.4924969534817025,24,-2.5166474884598142,0.7919343612423034,-0.6912534158594164,25,-2.3775951184329314,1.0609616499404488,0.2388251147795284,23,-1.8550530234141709,2.0334136236631593,2.563331063749641,23,7.289475000000056,138,0.43478260869565216,COMPLETE
477,0.45215207368770766,2026-04-28 15:05:41.038516,2026-04-28 15:05:48.432923,0 days 00:00:07.394407,2,41,12,7,28,0.8,8,81,13,4,2.62,1.7198702520251914,1.526448705225895,146,-4.10871668094207,-4.10871668094207,1.0227170833595376,23,1.0,1.5002980576712739,-1.3646970223687556,1.5415132612767872,1.4714594000000414,27,-1.0138421101476223,1.7419544144402122,1.7884668366167311,24,-1.4636071026368167,1.1497947527499537,0.33924111333827334,23,-2.1242559615062073,1.2889237423307929,1.036465366731587,24,-4.10871668094207,1.0227170833595376,0.12765446617299947,25,-1.0770044344348555,3.574318257993865,4.395405048495737,23,9.452796600000092,146,0.4315068493150685,COMPLETE
478,-9999.0,2026-04-28 15:05:48.438145,2026-04-28 15:05:55.840901,0 days 00:00:07.402756,2,42,13,7,32,0.8,11,81,13,4,2.46,1.4667722956616551,0.9428637569572795,117,-3.8828503575520186,-3.6658507945014724,0.7776284359698528,18,0.8333333333333334,1.374403842056605,-2.0463530439360977,2.0677635037699442,2.5915688000000436,22,-1.0032088666007617,1.5284267104624827,0.9659620294256044,18,-1.0566786908658647,1.0653961730785098,0.10630939737572564,18,-1.7993607583654758,1.3059688726038754,0.7513467507712646,20,-3.6658507945014724,0.7776284359698528,-0.9859107015833368,20,-1.6627375282374321,2.0554500780852667,2.227906265754376,19,5.746361400000044,117,0.4358974358974359,COMPLETE
479,-9999.0,2026-04-28 15:05:55.846158,2026-04-28 15:06:03.273623,0 days 00:00:07.427465,2,43,11,7,29,0.8,8,81,13,4,2.68,1.416758399827235,0.9739031495637152,160,-4.797110570880685,-4.653869380656863,0.7843254636826081,24,0.8333333333333334,1.2722606505319787,-1.677741666138789,1.412501761432865,1.252891600000039,28,-1.2651005684844425,1.30685507944491,0.8619305446088132,28,-1.4799666693423037,1.0118087976587553,0.02832903208822568,24,-2.1959150582416966,1.073716501645758,0.27075445342557014,25,-4.653869380656863,0.7843254636826081,-1.4534423752251335,28,-1.8793584094270885,2.911342795098514,4.882955642484776,27,5.871333600000206,160,0.4125,COMPLETE
480,-9999.0,2026-04-28 15:06:03.278819,2026-04-28 15:06:10.698074,0 days 00:00:07.419255,2,39,12,6,32,0.85,9,81,15,4,2.8,1.9087944927897844,1.4007282476600436,105,-2.146550348535341,-1.6117766185146958,0.7438584162252956,14,0.8333333333333334,1.7356203774200623,-1.6117766185146958,0.7438584162252956,-0.49569799999997777,17,-1.0334621200026968,1.8623536998226893,2.150331148496498,23,-0.9028394425649988,2.197438642528824,1.4635299481698727,17,-1.009575896029108,2.4487337423608695,2.330778189303917,14,-1.266948389964176,1.0304043790267678,0.08800086022375808,17,-0.8697304154497751,3.16997807677426,2.867427339766193,17,8.657016000000084,105,0.45714285714285713,COMPLETE
481,0.4398621056013645,2026-04-28 15:06:10.703057,2026-04-28 15:06:18.126390,0 days 00:00:07.423333,2,42,12,7,28,0.8,8,79,12,4,2.58,1.4626397315584967,1.2068730580618598,141,-2.61635256878767,-2.61635256878767,1.0901422531380571,22,1.0,1.4066889959281605,-1.2411525023592662,1.4630160273475943,1.200054200000067,25,-1.0166199032135437,1.2525142752729532,0.6554688189090108,23,-1.4853008271888715,1.0901422531380571,0.21474310068358982,24,-2.2056044743499075,1.1120412041417296,0.41180977040233824,24,-2.61635256878767,1.2746851263835635,1.2161338343243067,22,-1.851345683892313,2.5834395030670816,3.543028624051847,23,7.424945400000182,141,0.41843971631205673,COMPLETE
482,-9999.0,2026-04-28 15:06:18.131640,2026-04-28 15:06:25.545291,0 days 00:00:07.413651,2,45,11,7,31,0.8,10,78,11,4,2.5,1.099204563580038,0.28136993470018373,128,-3.2807764604692395,-2.6721728681501316,0.4790338714742205,19,0.6666666666666666,1.096900105551122,-2.6721728681501316,0.4790338714742205,-1.6092800000000018,23,-1.1813366072161786,1.398311422023908,0.8391035252105494,21,-1.5320839205460461,0.5484881004129567,-1.0050312287333107,19,-1.5558914042724172,1.1173319362610292,0.3237860961249117,20,-2.0377633878465486,1.1444479335249655,0.6068774950289013,22,-1.9551302529649608,1.9076141177831485,2.5327637205700526,23,1.646045000000096,128,0.3828125,COMPLETE
483,-9999.0,2026-04-28 15:06:25.550487,2026-04-28 15:06:33.003143,0 days 00:00:07.452656,2,37,12,7,28,0.8,8,79,11,3,2.4800000000000004,1.4068369476944522,0.9354094562746681,141,-2.024027702519083,-2.024027702519083,0.995027423684462,17,0.8333333333333334,1.328727564746038,-1.3351485526040339,0.995027423684462,-0.018431599999968462,28,-2.024027702519083,1.3638738547646676,1.0637920738999496,27,-0.4084073758040707,2.066593509758306,2.0238696350718177,28,-1.3271829364098489,1.5470246493765674,1.2545939047614585,17,-1.6296195825922855,1.0534056710654356,0.19237973799510755,19,-1.2291458903641328,1.4150965775172748,1.0962529859196435,22,5.730872000000109,141,0.40425531914893614,COMPLETE
484,-9999.0,2026-04-28 15:06:33.008508,2026-04-28 15:06:40.428127,0 days 00:00:07.419619,2,38,13,7,28,0.85,8,80,13,4,2.4800000000000004,1.9793094168752843,1.281867427873031,102,-2.02087350909122,-1.6096029982974873,0.7936285773837332,14,0.8333333333333334,1.73164198590544,-1.3666891035160984,1.2112900081868316,0.3793860000000038,17,-0.4853931665800699,3.0225228923730754,2.768080689395691,21,-0.8971880922868034,1.827486942286201,1.2347734448015624,19,-1.1856881486063777,1.9692684123583013,1.7024146824578645,14,-1.6096029982974873,0.7936285773837332,-0.605952399209142,15,-1.0322479684169754,3.051659668663562,2.212502149792206,16,7.901667599999995,102,0.4803921568627451,COMPLETE
485,-9999.0,2026-04-28 15:06:40.433317,2026-04-28 15:06:47.829811,0 days 00:00:07.396494,2,43,11,7,30,0.85,9,81,15,4,2.58,1.5642008353233772,0.873874823866827,121,-2.7195123314085285,-1.8087899824065403,0.540948293116882,17,0.6666666666666666,1.3603585277877606,-1.8087899824065403,0.540948293116882,-1.238475599999922,21,-1.2971024242852371,1.4161459467031843,1.1730912488832068,27,-1.2631378336457404,1.1323695711160031,0.22946997588288998,18,-1.2244590703562055,1.5371202891759699,1.2819315301599854,17,-1.7040506025460451,0.8989574689672741,-0.3539016106283155,19,-0.8981265300998811,3.8596634428609504,4.151133398903117,19,5.2699732000002,121,0.4297520661157025,COMPLETE
486,-9999.0,2026-04-28 15:06:47.835193,2026-04-28 15:06:55.295975,0 days 00:00:07.460782,2,43,11,6,28,0.85,8,81,15,4,2.7600000000000002,1.6550487090013881,0.9243408365971503,121,-3.1093529916387577,-2.3280052365256716,0.817671325931705,16,0.5,1.3706471370095872,-2.302662389870087,0.817671325931705,-0.5072875999999837,23,-1.1709053697775065,1.635150312209197,1.6531779668317315,27,-1.2476019911583127,0.9365245850159278,-0.12790982067344414,19,-1.1899756029567814,1.649031394336956,1.5358572212960553,17,-2.3280052365256716,0.8438471901369179,-0.6261217393067398,19,-0.8961295884595908,4.048067446377625,3.6183289914352823,16,5.605037200000074,121,0.4214876033057851,COMPLETE
487,0.471936160746516,2026-04-28 15:06:55.301031,2026-04-28 15:07:02.733565,0 days 00:00:07.432534,3,42,13,7,55,0.8,11,79,13,4,2.62,1.9742778780484214,1.6803837602368663,120,-2.4876895703478876,-2.16772565533741,1.091234557841898,18,1.0,1.7859680393868755,-2.0384087143118435,1.2656279263759311,0.7324026000000705,21,-1.1700850635637103,1.7753174526894338,1.5215270959893168,20,-0.7868983412965028,3.041754739814401,2.5736892494128583,21,-1.33291851650346,2.622724544505619,2.6083127940062845,21,-2.16772565533741,1.091234557841898,0.2704781285594038,18,-1.6644434584854182,2.049008047063245,2.375892693453263,19,10.488389800000197,120,0.48333333333333334,COMPLETE
488,-9999.0,2026-04-28 15:07:02.739063,2026-04-28 15:07:10.118178,0 days 00:00:07.379115,2,44,10,6,28,0.9,8,79,13,4,2.64,1.9369371304266103,1.1431781130861924,94,-2.7200767936945716,-1.970783175184027,0.8530528198250065,12,0.8333333333333334,1.701146961482446,-1.1734622138391135,2.5076231116069745,1.6216748000000392,14,-1.1438698696036698,2.096741786311789,1.9160719441321916,21,-0.8933811623375272,1.152703490986666,0.22950459591613015,18,-0.952405286345657,2.1548524344569038,1.4851938810498844,12,-1.970783175184027,0.8530528198250065,-0.43678982156418744,15,-1.0551636954554724,2.8566491393723235,2.043413278983097,14,7.031389200000171,94,0.48936170212765956,COMPLETE
489,-9999.0,2026-04-28 15:07:10.123441,2026-04-28 15:07:18.805516,0 days 00:00:08.682075,2,49,12,7,55,0.8,9,79,12,4,2.56,1.3891547098891783,1.2310397819626486,164,-5.2535244332839195,-4.250601146883741,0.6078158209255019,23,0.6666666666666666,1.3231467324635326,-2.036550863746366,2.5693664825476255,5.375582400000067,29,-1.539825603425588,0.8174238922018858,-0.4924719637895647,23,-1.5162617959906293,1.2337732430753123,0.6817453039586807,27,-1.7002910629343064,1.0938432782171088,0.3152998905602278,28,-4.250601146883741,0.6078158209255019,-2.2866692346691697,26,-1.8514510408787404,2.0127055423676357,3.792752295715651,31,7.407518400000157,164,0.3902439024390244,COMPLETE
490,-9999.0,2026-04-28 15:07:18.811551,2026-04-28 15:07:26.245097,0 days 00:00:07.433546,3,40,12,6,29,0.85,8,80,14,4,2.66,2.3705679677772,1.7694505565931902,101,-1.736939040367054,-1.4541483874474481,0.9005617205000734,14,0.8333333333333334,2.073384489023759,-1.4541483874474481,1.1696434558567124,0.3015616000000554,16,-1.0229485661979527,2.372976615294867,2.8155848771949765,23,-0.6082079970085643,2.188029330754821,1.572647349421663,19,-1.0806081561533856,4.700945870242637,4.036479180849617,15,-1.334925660629044,0.9005617205000734,-0.246850237461127,14,-0.713385813979128,2.8912508140140893,2.1372805695539565,14,11.029905800000094,101,0.504950495049505,COMPLETE
491,-9999.0,2026-04-28 15:07:26.250138,2026-04-28 15:07:33.625914,0 days 00:00:07.375776,3,42,14,7,55,0.8,13,80,14,4,2.5,2.1681565295891776,1.4942111159142566,95,-2.1173137793424632,-1.8346751923112046,0.8677667488253277,13,0.8333333333333334,1.9364790949355892,-1.58055778025922,2.0882107749487853,1.5664250000000157,14,-1.0091085169792002,2.112217787354963,1.7888096386183383,18,-0.7662078892286814,2.2217525741789617,1.551711638407971,17,-0.928541077852889,4.05146262188515,3.353376519758844,18,-1.8346751923112046,0.8677667488253277,-0.32731200042319664,15,-1.5289641712245607,1.6675286703418766,1.0322558991235686,13,9.269345000000095,95,0.5052631578947369,COMPLETE
492,-9999.0,2026-04-28 15:07:33.631186,2026-04-28 15:07:41.049095,0 days 00:00:07.417909,3,46,12,7,55,0.8,9,79,12,4,2.66,1.6713246461482834,1.5357049414354746,145,-2.4421991475180067,-2.2843000394188957,0.4767770490780694,19,0.8333333333333334,1.581784977049113,-2.2843000394188957,0.4767770490780694,-1.845318399999929,25,-1.2918719070680804,2.124791462057249,2.4502668245627968,26,-1.5349350974015845,1.56189266758731,1.3433382896047563,25,-1.3591443830312526,1.8868589743589799,2.06077993232634,26,-1.9667982332772043,1.5803461811387969,1.8635390277125463,19,-1.6779925736920092,2.3972815426692935,3.341623974406338,24,9.489442400000181,145,0.46206896551724136,COMPLETE
493,0.4607607561935935,2026-04-28 15:07:41.054301,2026-04-28 15:07:48.479832,0 days 00:00:07.425531,3,43,12,7,55,0.8,10,81,14,4,2.5,1.725143791675193,1.5391519761480084,138,-2.715121807165522,-2.715121807165522,1.0476154090305303,21,1.0,1.5885429328442513,-2.715121807165522,1.0476154090305303,0.16202000000002936,25,-1.0231393665650326,3.003417032593271,3.2340851352638644,23,-1.5160807906897442,1.3347745811164404,0.7259625104489409,23,-2.0086477471482187,1.6427567493704542,1.5806945617943047,24,-1.9496997980002737,1.284954967107318,1.0382867592658274,21,-1.6755040684676714,2.0373440108331433,2.493862890115084,22,9.56267500000001,138,0.463768115942029,COMPLETE
494,-9999.0,2026-04-28 15:07:48.484866,2026-04-28 15:07:55.891409,0 days 00:00:07.406543,2,53,12,6,56,0.8,11,82,13,3,2.7800000000000002,1.027965802838869,-0.3731169773556345,147,-5.757774041779381,-4.694255183797997,0.3902385816258661,15,0.5,0.9015929828595199,-2.4936741775075353,1.2320996112220213,0.9940013999999886,31,-2.1260845028897304,0.6410678475476858,-1.2937322829947306,24,-1.534498245258203,0.3902385816258661,-1.2965091657803796,15,-1.2254633444627536,2.375374045862811,3.4812027401445844,25,-4.694255183797997,0.5191116352916619,-4.1526499109791555,34,-2.158803741934329,1.0099030954831678,0.028985355475885655,18,-2.3796715999998663,147,0.30612244897959184,COMPLETE
495,-9999.0,2026-04-28 15:07:55.896707,2026-04-28 15:08:03.281924,0 days 00:00:07.385217,3,45,11,7,55,0.8,12,81,14,4,2.5,1.6388100386345144,1.1582395347604655,125,-3.9421303567955075,-3.4494644508362655,0.7712701530049436,16,0.8333333333333334,1.4586869615616531,-2.669674788211078,1.1465500175390515,0.4219600000000101,21,-1.209766361857169,1.2469275733509877,0.4761856868757075,20,-1.382855495423525,1.8203421840023815,1.8124005855094882,24,-1.175181221009313,2.5093921823969736,2.8432659679796357,23,-3.4494644508362655,0.7712701530049436,-1.0009538595580847,21,-1.7158085139006949,2.338378121512748,2.396578827756035,16,7.098855000000093,125,0.448,COMPLETE
496,-9999.0,2026-04-28 15:08:03.287000,2026-04-28 15:08:10.697643,0 days 00:00:07.410643,3,36,11,7,53,0.8,9,81,15,4,2.4800000000000004,2.134484675763411,1.9191326185249988,150,-2.285930960315024,-2.211543134130208,0.8385853711591682,17,0.6666666666666666,1.7819363718449999,-1.4574682283212717,0.8500292978332826,-0.3209507999999306,22,-0.677572723209868,2.6968620024037717,3.739260386123333,27,-0.6010055380706094,4.810641372178384,5.16708398421073,30,-1.880946597360176,1.7300657419362528,2.26696902983905,31,-2.211543134130208,0.8385853711591682,-0.6538764262654095,23,-1.231253582535251,1.8807242690696075,1.3163095372422218,17,11.941865200000068,150,0.5,COMPLETE
497,-9999.0,2026-04-28 15:08:10.702647,2026-04-28 15:08:18.106205,0 days 00:00:07.403558,3,42,12,7,56,0.8,13,82,13,4,2.2600000000000002,1.6852133412005135,1.0117626519551837,104,-2.3188599449631715,-2.104811254539323,0.7292534721016027,15,0.8333333333333334,1.557782041346232,-1.1672857860687553,1.8344607153757506,1.3943921999999942,17,-1.0112285757204509,1.7135497900768004,1.2135521238422209,18,-1.0282319934311666,1.9315213648148406,1.3758940255278684,20,-1.0580532168253876,2.4123146619842046,1.9327598914029132,18,-2.104811254539323,0.7292534721016027,-0.7349405085968375,15,-1.7876922627351692,1.4901800428498833,0.8889181795549428,16,6.204020000000043,104,0.49038461538461536,COMPLETE
498,-9999.0,2026-04-28 15:08:18.111226,2026-04-28 15:08:25.468697,0 days 00:00:07.357471,3,45,14,7,55,0.8,13,82,13,4,2.72,1.7094363289351941,0.9362134421906662,95,-2.8748647108047907,-2.305485985813671,0.8023835083035966,13,0.8333333333333334,1.5065014097890217,-1.6428544223452328,1.8637702905470026,1.5197520000000075,15,-1.130791974021924,1.4296354526898545,0.752612949645548,18,-0.7783106395099602,1.7977641046073727,1.017891368426893,15,-0.941466195467363,3.314330134052529,2.8237867618502888,18,-2.305485985813671,0.8023835083035966,-0.5894700440021383,16,-1.5795697771166868,1.0487344834108097,0.0927076172233976,13,5.714262800000092,95,0.45263157894736844,COMPLETE
499,-9999.0,2026-04-28 15:08:25.473728,2026-04-28 15:08:32.872014,0 days 00:00:07.398286,2,47,13,7,52,0.8,11,80,13,4,2.8,1.2972369533340986,0.8847540580914804,141,-5.7939990164902095,-5.287953521439977,0.8309888634674223,20,0.6666666666666666,1.253269577586552,-2.064504153379902,2.215349544958987,4.169208000000024,27,-1.8891929373492131,0.8418932290241327,-0.3604731256091953,20,-0.6204114712023281,1.0092764842866402,0.019995432092922982,21,-1.7264757477530701,1.4675452816056973,1.2807830431329048,25,-5.287953521439977,0.8309888634674223,-1.1135670211369408,27,-1.6722014397282718,1.4183683166617123,1.3125780200691661,21,5.337978000000132,141,0.3475177304964539,COMPLETE
