Date,Open,High,Low,Close,Volume
2025-01-13 17:10:00,577.21,577.61,577.21,577.58,42835.0
2025-01-13 17:15:00,577.6,578.22,577.51,578.1,50497.0
2025-01-13 17:20:00,578.11,578.44,577.93,578.19,46056.0
2025-01-13 17:25:00,578.11,578.52,578.11,578.23,58324.0
2025-01-13 17:30:00,578.16,578.44,577.8,578.36,47341.0
2025-01-13 17:35:00,578.34,578.41,577.77,577.77,51516.0
2025-01-13 17:40:00,577.74,578.09,577.62,577.81,41705.0
2025-01-13 17:45:00,577.8,578.5,577.76,578.28,27700.0
2025-01-13 17:50:00,578.28,578.71,578.21,578.37,24573.0
2025-01-13 17:55:00,578.46,579.54,578.46,579.46,53814.0
2025-01-13 18:00:00,579.4,579.52,579.13,579.3,49611.0
2025-01-13 18:05:00,579.26,579.7,578.98,579.37,42945.0
2025-01-13 18:10:00,579.38,579.74,579.34,579.51,37813.0
2025-01-13 18:15:00,579.56,579.59,578.96,579.13,35334.0
2025-01-13 18:20:00,579.13,579.25,578.89,579.13,28072.0
2025-01-13 18:25:00,579.17,579.67,579.08,579.67,39021.0
2025-01-13 18:30:00,579.68,580.08,579.42,579.96,57105.0
2025-01-13 18:35:00,579.92,580.15,579.5,579.98,66092.0
2025-01-13 18:40:00,579.99,579.99,579.39,579.45,52914.0
2025-01-13 18:45:00,579.45,580.27,579.37,580.16,55550.0
2025-01-13 18:50:00,580.16,580.25,579.61,579.68,44317.0
2025-01-13 18:55:00,579.56,580.11,579.47,580.08,50591.0
2025-01-13 19:00:00,580.01,580.19,579.4,579.6,47452.0
2025-01-13 19:05:00,579.61,579.99,579.49,579.67,39632.0
2025-01-13 19:10:00,579.63,580.01,579.26,579.38,70563.0
2025-01-13 19:15:00,579.4,579.48,579.13,579.16,47120.0
2025-01-13 19:20:00,579.18,579.76,578.97,579.52,48270.0
2025-01-13 19:25:00,579.58,580.36,579.41,580.31,48740.0
2025-01-13 19:30:00,580.24,580.51,579.98,580.08,45032.0
2025-01-13 19:35:00,580.21,580.65,579.71,580.47,60722.0
2025-01-13 19:40:00,580.46,580.99,580.44,580.73,62575.0
2025-01-13 19:45:00,580.7,580.73,579.65,579.73,83434.0
2025-01-13 19:50:00,579.73,580.16,579.58,579.98,47390.0
2025-01-13 19:55:00,580.01,580.65,580.01,580.42,48255.0
2025-01-13 20:00:00,580.39,580.46,579.93,580.15,45462.0
2025-01-13 20:05:00,580.26,580.66,580.23,580.35,40566.0
2025-01-13 20:10:00,580.34,580.49,580.23,580.32,40030.0
2025-01-13 20:15:00,580.3,580.9,580.18,580.87,62716.0
2025-01-13 20:20:00,580.86,580.96,579.97,580.01,57592.0
2025-01-13 20:25:00,580.02,580.32,579.89,580.1,75890.0
2025-01-13 20:30:00,580.12,580.32,579.89,580.19,76449.0
2025-01-13 20:35:00,580.16,580.5,579.96,580.01,110199.0
2025-01-13 20:40:00,580.03,580.39,580.03,580.12,71751.0
2025-01-13 20:45:00,580.1,580.37,579.93,580.12,138149.0
2025-01-13 20:50:00,580.16,581.27,580.11,581.14,283847.0
2025-01-13 20:55:00,581.19,581.75,581.13,581.51,642879.0
2025-01-14 14:30:00,584.34,584.55,583.3,583.95,535775.0
2025-01-14 14:35:00,583.96,584.81,583.96,584.67,177879.0
2025-01-14 14:40:00,584.68,584.99,584.24,584.8,115061.0
2025-01-14 14:45:00,584.79,584.91,583.3,584.0,144002.0
2025-01-14 14:50:00,584.05,584.08,582.37,582.76,154157.0
2025-01-14 14:55:00,582.76,583.16,581.98,582.3,146987.0
2025-01-14 15:00:00,582.35,583.4,582.16,583.04,129085.0
2025-01-14 15:05:00,583.03,584.27,582.94,583.79,135151.0
2025-01-14 15:10:00,583.79,584.56,583.63,584.0,180716.0
2025-01-14 15:15:00,584.07,584.64,584.02,584.08,70505.0
2025-01-14 15:20:00,584.04,584.06,583.21,583.65,81641.0
2025-01-14 15:25:00,583.6,584.07,582.9,583.15,80946.0
2025-01-14 15:30:00,583.2,583.37,582.73,582.78,50459.0
2025-01-14 15:35:00,582.8,583.12,582.23,582.27,75029.0
2025-01-14 15:40:00,582.36,583.61,582.15,583.53,72277.0
2025-01-14 15:45:00,583.46,583.54,582.6,582.6,36375.0
2025-01-14 15:50:00,582.58,582.87,581.88,582.84,67601.0
2025-01-14 15:55:00,582.85,582.85,581.79,581.79,55559.0
2025-01-14 16:00:00,581.86,581.92,580.18,580.53,134228.0
2025-01-14 16:05:00,580.47,581.4,580.41,581.11,88755.0
2025-01-14 16:10:00,581.02,581.28,580.51,580.88,47874.0
2025-01-14 16:15:00,580.85,581.29,580.51,580.82,29964.0
2025-01-14 16:20:00,580.83,581.43,580.83,581.06,28028.0
2025-01-14 16:25:00,581.18,581.95,580.85,580.85,87364.0
2025-01-14 16:30:00,580.83,581.39,580.82,581.1,67584.0
2025-01-14 16:35:00,581.08,581.14,580.22,580.47,79433.0
2025-01-14 16:40:00,580.51,580.68,579.45,579.5,113711.0
2025-01-14 16:45:00,579.55,579.75,579.31,579.51,61404.0
2025-01-14 16:50:00,579.51,579.73,579.3,579.46,42859.0
2025-01-14 16:55:00,579.5,579.75,578.77,578.77,58597.0
2025-01-14 17:00:00,578.74,579.17,578.57,579.07,77288.0
2025-01-14 17:05:00,579.03,579.66,578.85,579.4,85712.0
2025-01-14 17:10:00,579.42,579.93,579.39,579.57,61008.0
2025-01-14 17:15:00,579.55,580.12,579.51,579.65,39586.0
2025-01-14 17:20:00,579.64,579.66,579.04,579.38,47389.0
2025-01-14 17:25:00,579.46,579.96,579.4,579.71,33650.0
2025-01-14 17:30:00,579.7,579.7,578.59,578.71,44019.0
2025-01-14 17:35:00,578.74,579.39,578.37,579.32,41837.0
2025-01-14 17:40:00,579.43,580.3,579.23,580.15,55780.0
2025-01-14 17:45:00,580.1,580.22,579.72,579.98,42593.0
2025-01-14 17:50:00,580.03,580.55,580.03,580.26,37449.0
2025-01-14 17:55:00,580.3,580.3,579.78,580.22,25616.0
2025-01-14 18:00:00,580.21,580.84,580.11,580.81,24119.0
2025-01-14 18:05:00,580.83,580.99,580.65,580.82,23823.0
2025-01-14 18:10:00,580.8,580.93,580.57,580.81,12897.0
2025-01-14 18:15:00,580.78,581.46,580.59,581.19,30539.0
2025-01-14 18:20:00,581.22,581.67,581.15,581.66,27248.0
2025-01-14 18:25:00,581.68,582.22,581.63,581.99,40625.0
2025-01-14 18:30:00,582.03,582.19,581.8,582.11,49471.0
2025-01-14 18:35:00,582.14,582.57,582.02,582.57,62968.0
2025-01-14 18:40:00,582.55,583.16,582.49,583.01,69261.0
2025-01-14 18:45:00,583.02,583.4,582.89,583.35,67593.0
2025-01-14 18:50:00,583.34,583.63,583.26,583.6,83922.0
2025-01-14 18:55:00,583.61,583.75,583.4,583.49,68430.0
2025-01-14 19:00:00,583.48,583.49,582.98,583.16,114582.0
2025-01-14 19:05:00,583.19,583.6,583.09,583.26,61004.0
2025-01-14 19:10:00,583.3,583.35,582.88,583.25,46171.0
2025-01-14 19:15:00,583.26,583.75,583.22,583.55,63415.0
2025-01-14 19:20:00,583.58,583.65,583.38,583.6,32531.0
2025-01-14 19:25:00,583.6,583.81,583.01,583.03,38912.0
2025-01-14 19:30:00,583.05,583.68,582.92,583.44,51393.0
2025-01-14 19:35:00,583.43,583.74,583.42,583.52,34696.0
2025-01-14 19:40:00,583.5,583.54,583.02,583.11,39382.0
2025-01-14 19:45:00,583.15,583.15,582.79,582.83,51170.0
2025-01-14 19:50:00,582.85,582.86,581.66,581.74,81351.0
2025-01-14 19:55:00,581.78,581.84,580.39,580.56,147757.0
2025-01-14 20:00:00,580.53,580.86,579.03,579.25,151631.0
2025-01-14 20:05:00,579.26,579.87,578.96,579.67,148297.0
2025-01-14 20:10:00,579.6,579.77,579.24,579.53,65371.0
2025-01-14 20:15:00,579.53,580.28,579.53,579.95,102365.0
2025-01-14 20:20:00,580.01,580.62,579.6,580.41,81810.0
2025-01-14 20:25:00,580.46,580.55,580.02,580.5,52067.0
2025-01-14 20:30:00,580.47,580.84,579.95,580.09,96900.0
2025-01-14 20:35:00,580.15,580.62,579.64,579.69,118512.0
2025-01-14 20:40:00,579.71,580.3,579.59,580.29,118939.0
2025-01-14 20:45:00,580.3,580.99,580.2,580.58,152058.0
2025-01-14 20:50:00,580.62,581.81,580.53,581.58,230726.0
2025-01-14 20:55:00,581.58,582.29,581.37,582.18,682738.0
2025-01-15 14:30:00,590.32,590.94,589.59,590.68,940434.0
2025-01-15 14:35:00,590.68,590.84,589.2,590.09,226218.0
2025-01-15 14:40:00,590.11,591.24,590.11,591.15,150144.0
2025-01-15 14:45:00,591.16,592.14,591.06,592.09,162772.0
2025-01-15 14:50:00,592.12,592.13,591.24,591.43,102061.0
2025-01-15 14:55:00,591.43,592.11,591.02,591.93,128883.0
2025-01-15 15:00:00,591.95,592.44,591.94,592.14,154117.0
2025-01-15 15:05:00,592.17,592.36,591.56,592.1,131361.0
2025-01-15 15:10:00,592.11,592.66,592.01,592.29,86633.0
2025-01-15 15:15:00,592.3,592.96,592.2,592.87,85551.0
2025-01-15 15:20:00,592.9,592.9,592.37,592.51,120058.0
2025-01-15 15:25:00,592.52,592.52,592.09,592.33,83532.0
2025-01-15 15:30:00,592.34,592.53,591.75,592.15,67826.0
2025-01-15 15:35:00,592.13,592.22,591.27,591.72,114073.0
2025-01-15 15:40:00,591.67,592.14,591.48,591.71,67057.0
2025-01-15 15:45:00,591.69,591.93,591.18,591.33,63376.0
2025-01-15 15:50:00,591.35,591.87,591.09,591.74,62495.0
2025-01-15 15:55:00,591.73,591.96,591.16,591.16,51926.0
2025-01-15 16:00:00,591.22,591.96,591.22,591.69,46375.0
2025-01-15 16:05:00,591.7,592.0,590.98,591.4,40681.0
2025-01-15 16:10:00,591.39,591.65,591.13,591.55,42953.0
2025-01-15 16:15:00,591.55,591.6,590.82,591.11,42805.0
2025-01-15 16:20:00,591.15,591.81,590.71,591.33,65365.0
2025-01-15 16:25:00,591.31,591.37,590.99,591.0,39920.0
2025-01-15 16:30:00,590.95,590.95,589.65,589.84,174908.0
2025-01-15 16:35:00,589.84,590.67,589.82,590.29,72738.0
2025-01-15 16:40:00,590.3,590.5,589.78,589.8,58201.0
2025-01-15 16:45:00,589.86,590.13,589.77,590.03,52248.0
2025-01-15 16:50:00,590.01,590.12,589.51,589.9,38582.0
2025-01-15 16:55:00,589.87,590.19,589.73,590.05,35991.0
2025-01-15 17:00:00,590.03,590.58,589.92,590.46,49317.0
2025-01-15 17:05:00,590.42,590.99,590.36,590.9,43796.0
2025-01-15 17:10:00,590.91,591.16,590.81,590.95,46062.0
2025-01-15 17:15:00,590.97,591.37,590.65,590.75,68380.0
2025-01-15 17:20:00,590.75,591.07,590.5,590.68,32143.0
2025-01-15 17:25:00,590.78,591.13,590.73,591.12,14254.0
2025-01-15 17:30:00,591.12,591.54,591.1,591.46,31370.0
2025-01-15 17:35:00,591.47,591.83,591.33,591.78,28459.0
2025-01-15 17:40:00,591.76,591.91,591.71,591.86,31050.0
2025-01-15 17:45:00,591.85,591.95,591.68,591.82,16385.0
2025-01-15 17:50:00,591.81,591.81,591.2,591.61,30565.0
2025-01-15 17:55:00,591.52,591.54,590.9,591.0,28488.0
2025-01-15 18:00:00,591.0,591.72,591.0,591.68,32640.0
2025-01-15 18:05:00,591.67,591.86,591.34,591.44,25529.0
2025-01-15 18:10:00,591.45,591.69,591.41,591.64,8987.0
2025-01-15 18:15:00,591.64,592.03,591.61,592.03,36179.0
2025-01-15 18:20:00,591.98,592.09,591.91,591.98,22461.0
2025-01-15 18:25:00,591.98,592.26,591.88,592.24,23340.0
2025-01-15 18:30:00,592.25,592.5,592.2,592.29,36957.0
2025-01-15 18:35:00,592.27,592.27,591.99,592.19,26970.0
2025-01-15 18:40:00,592.11,592.47,592.11,592.43,43763.0
2025-01-15 18:45:00,592.42,592.54,592.28,592.36,13650.0
2025-01-15 18:50:00,592.42,592.66,592.41,592.62,14827.0
2025-01-15 18:55:00,592.63,592.66,592.44,592.5,19800.0
2025-01-15 19:00:00,592.53,592.79,592.47,592.7,19700.0
2025-01-15 19:05:00,592.67,592.8,592.6,592.64,20003.0
2025-01-15 19:10:00,592.64,592.85,592.56,592.78,30339.0
2025-01-15 19:15:00,592.75,592.84,592.61,592.68,32517.0
2025-01-15 19:20:00,592.68,592.84,592.44,592.5,63616.0
2025-01-15 19:25:00,592.49,593.14,592.49,593.11,54385.0
2025-01-15 19:30:00,593.11,593.39,593.07,593.21,84029.0
2025-01-15 19:35:00,593.2,593.67,593.2,593.6,72171.0
2025-01-15 19:40:00,593.61,593.72,593.1,593.12,76805.0
2025-01-15 19:45:00,593.14,593.4,593.02,593.26,40423.0
2025-01-15 19:50:00,593.28,593.5,593.05,593.49,26119.0
2025-01-15 19:55:00,593.44,593.48,593.27,593.4,34782.0
2025-01-15 20:00:00,593.4,593.6,593.3,593.35,46106.0
2025-01-15 20:05:00,593.4,593.52,593.35,593.49,36190.0
2025-01-15 20:10:00,593.5,593.82,593.5,593.7,94172.0
2025-01-15 20:15:00,593.7,593.74,593.5,593.59,96791.0
2025-01-15 20:20:00,593.6,593.88,593.57,593.78,72332.0
2025-01-15 20:25:00,593.78,593.94,593.65,593.68,67511.0
2025-01-15 20:30:00,593.68,593.84,593.45,593.79,61979.0
2025-01-15 20:35:00,593.77,593.79,593.25,593.41,102407.0
2025-01-15 20:40:00,593.41,593.53,593.09,593.41,123466.0
2025-01-15 20:45:00,593.4,593.69,593.23,593.35,212069.0
2025-01-15 20:50:00,593.32,593.32,592.9,592.94,225045.0
2025-01-15 20:55:00,592.95,593.23,592.68,592.77,925896.0
2025-01-16 14:30:00,594.17,594.3,593.36,593.67,482511.0
2025-01-16 14:35:00,593.67,594.18,593.45,593.94,83076.0
2025-01-16 14:40:00,593.93,594.25,592.99,593.09,71891.0
2025-01-16 14:45:00,593.17,593.19,592.22,592.49,95455.0
2025-01-16 14:50:00,592.46,592.97,592.31,592.64,53550.0
2025-01-16 14:55:00,592.65,592.9,592.08,592.18,60796.0
2025-01-16 15:00:00,592.17,592.32,591.33,591.98,106684.0
2025-01-16 15:05:00,591.98,593.1,591.98,592.87,106351.0
2025-01-16 15:10:00,592.83,593.2,591.94,591.98,76289.0
2025-01-16 15:15:00,591.98,592.7,591.87,592.63,60716.0
2025-01-16 15:20:00,592.6,592.89,592.25,592.87,45109.0
2025-01-16 15:25:00,592.87,592.87,592.03,592.26,26205.0
2025-01-16 15:30:00,592.2,592.97,592.06,592.26,43755.0
2025-01-16 15:35:00,592.23,593.06,591.79,592.9,43738.0
2025-01-16 15:40:00,592.93,593.02,591.85,592.44,52723.0
2025-01-16 15:45:00,592.36,592.6,591.93,592.37,27485.0
2025-01-16 15:50:00,592.4,592.83,592.39,592.45,33576.0
2025-01-16 15:55:00,592.52,593.45,592.52,593.43,63960.0
2025-01-16 16:00:00,593.44,593.99,593.31,593.86,69304.0
2025-01-16 16:05:00,593.86,594.35,593.39,594.19,77012.0
2025-01-16 16:10:00,594.2,594.2,593.41,593.45,64018.0
2025-01-16 16:15:00,593.47,593.68,592.72,593.29,94834.0
2025-01-16 16:20:00,593.26,593.26,592.54,593.0,55071.0
2025-01-16 16:25:00,592.99,593.5,592.91,593.37,28263.0
2025-01-16 16:30:00,593.39,593.53,593.15,593.15,41340.0
2025-01-16 16:35:00,593.06,593.22,592.5,592.68,71896.0
2025-01-16 16:40:00,592.64,592.72,591.82,592.35,66877.0
2025-01-16 16:45:00,592.4,592.93,592.36,592.91,48743.0
2025-01-16 16:50:00,592.91,593.11,592.52,592.96,35456.0
2025-01-16 16:55:00,592.97,593.56,592.88,593.51,33475.0
2025-01-16 17:00:00,593.5,593.65,593.3,593.53,34465.0
2025-01-16 17:05:00,593.56,593.67,593.34,593.52,29642.0
2025-01-16 17:10:00,593.52,593.68,593.45,593.56,20652.0
2025-01-16 17:15:00,593.55,593.55,592.86,593.12,54596.0
2025-01-16 17:20:00,593.12,593.54,592.79,593.47,39165.0
2025-01-16 17:25:00,593.52,593.8,593.4,593.79,24610.0
2025-01-16 17:30:00,593.71,593.79,593.51,593.52,17572.0
2025-01-16 17:35:00,593.53,593.53,593.01,593.13,33693.0
2025-01-16 17:40:00,593.05,593.27,593.01,593.12,17383.0
2025-01-16 17:45:00,593.13,593.38,593.02,593.06,15142.0
2025-01-16 17:50:00,593.13,593.17,592.82,593.01,21704.0
2025-01-16 17:55:00,593.0,593.29,592.93,592.98,16919.0
2025-01-16 18:00:00,592.95,593.33,592.91,593.31,17751.0
2025-01-16 18:05:00,593.32,593.54,593.06,593.15,36434.0
2025-01-16 18:10:00,593.15,593.43,593.02,593.08,16373.0
2025-01-16 18:15:00,593.05,593.1,592.73,592.88,28487.0
2025-01-16 18:20:00,592.86,593.03,592.85,592.9,31217.0
2025-01-16 18:25:00,592.96,593.03,592.16,592.26,26568.0
2025-01-16 18:30:00,592.22,592.38,591.93,592.01,77235.0
2025-01-16 18:35:00,592.03,592.12,591.61,591.9,30194.0
2025-01-16 18:40:00,591.94,592.09,591.68,591.78,45175.0
2025-01-16 18:45:00,591.78,591.78,590.93,591.45,78504.0
2025-01-16 18:50:00,591.46,591.89,591.17,591.77,54732.0
2025-01-16 18:55:00,591.77,591.89,591.21,591.4,74362.0
2025-01-16 19:00:00,591.38,591.77,591.08,591.74,55507.0
2025-01-16 19:05:00,591.71,592.23,591.71,592.01,33730.0
2025-01-16 19:10:00,591.98,592.37,591.94,592.15,31688.0
2025-01-16 19:15:00,592.16,592.4,592.14,592.29,21427.0
2025-01-16 19:20:00,592.3,592.39,591.57,591.66,26158.0
2025-01-16 19:25:00,591.71,592.6,591.71,592.45,23768.0
2025-01-16 19:30:00,592.5,592.5,592.2,592.42,28475.0
2025-01-16 19:35:00,592.43,592.82,592.33,592.78,23692.0
2025-01-16 19:40:00,592.76,592.76,592.48,592.55,28203.0
2025-01-16 19:45:00,592.61,592.72,592.5,592.58,13262.0
2025-01-16 19:50:00,592.62,592.7,592.22,592.65,47899.0
2025-01-16 19:55:00,592.66,593.08,592.66,592.92,50137.0
2025-01-16 20:00:00,592.93,593.11,592.85,593.03,34070.0
2025-01-16 20:05:00,593.03,593.33,593.03,593.26,46920.0
2025-01-16 20:10:00,593.26,593.32,592.74,592.74,45405.0
2025-01-16 20:15:00,592.74,592.94,592.28,592.38,56051.0
2025-01-16 20:20:00,592.33,592.48,591.94,592.16,57353.0
2025-01-16 20:25:00,592.15,592.57,592.11,592.32,55389.0
2025-01-16 20:30:00,592.27,592.79,592.26,592.61,52776.0
2025-01-16 20:35:00,592.54,592.85,592.41,592.6,77878.0
2025-01-16 20:40:00,592.6,593.13,592.58,593.04,71906.0
2025-01-16 20:45:00,593.03,593.06,592.67,592.8,124003.0
2025-01-16 20:50:00,592.79,593.2,592.35,592.46,210457.0
2025-01-16 20:55:00,592.49,592.49,591.48,591.71,500252.0
2025-01-17 14:30:00,596.95,597.22,596.06,596.3,1015545.0
2025-01-17 14:35:00,596.35,596.85,595.97,596.11,202993.0
2025-01-17 14:40:00,596.12,596.67,595.63,596.11,118276.0
2025-01-17 14:45:00,596.14,596.99,595.9,596.94,145745.0
2025-01-17 14:50:00,596.93,597.25,596.36,596.51,129501.0
2025-01-17 14:55:00,596.54,596.92,596.03,596.32,119289.0
2025-01-17 15:00:00,596.33,597.14,596.27,597.06,68638.0
2025-01-17 15:05:00,597.07,597.53,596.73,596.73,122174.0
2025-01-17 15:10:00,596.78,597.33,596.63,597.15,75230.0
2025-01-17 15:15:00,597.11,597.32,597.01,597.15,48928.0
2025-01-17 15:20:00,597.19,597.27,596.2,596.68,69319.0
2025-01-17 15:25:00,596.7,596.99,596.07,596.97,48039.0
2025-01-17 15:30:00,597.0,597.38,596.8,597.21,56968.0
2025-01-17 15:35:00,597.18,597.59,597.11,597.54,57011.0
2025-01-17 15:40:00,597.56,597.71,597.29,597.41,77824.0
2025-01-17 15:45:00,597.43,597.65,597.28,597.65,54454.0
2025-01-17 15:50:00,597.71,597.93,597.53,597.87,60320.0
2025-01-17 15:55:00,597.87,598.18,597.75,598.06,104889.0
2025-01-17 16:00:00,598.14,598.16,597.72,597.96,61284.0
2025-01-17 16:05:00,597.96,598.33,597.81,598.11,58407.0
2025-01-17 16:10:00,598.14,598.27,597.93,598.18,59347.0
2025-01-17 16:15:00,598.2,598.4,598.08,598.23,42051.0
2025-01-17 16:20:00,598.24,598.75,598.21,598.74,49282.0
2025-01-17 16:25:00,598.73,599.08,598.68,598.77,102614.0
2025-01-17 16:30:00,598.78,598.94,598.11,598.29,67349.0
2025-01-17 16:35:00,598.29,598.69,598.29,598.62,30392.0
2025-01-17 16:40:00,598.66,598.69,598.44,598.64,25485.0
2025-01-17 16:45:00,598.68,598.78,598.36,598.57,25629.0
2025-01-17 16:50:00,598.6,598.7,598.26,598.31,43647.0
2025-01-17 16:55:00,598.25,598.47,598.14,598.33,17477.0
2025-01-17 17:00:00,598.21,598.29,597.82,598.1,48972.0
2025-01-17 17:05:00,598.06,598.4,598.04,598.3,21252.0
2025-01-17 17:10:00,598.33,598.63,598.25,598.58,14071.0
2025-01-17 17:15:00,598.61,598.74,598.52,598.74,24088.0
2025-01-17 17:20:00,598.75,598.98,598.72,598.89,22060.0
2025-01-17 17:25:00,598.91,599.04,598.86,598.99,24118.0
2025-01-17 17:30:00,599.0,599.06,598.91,598.91,20187.0
2025-01-17 17:35:00,598.91,599.1,598.64,599.06,32429.0
2025-01-17 17:40:00,599.06,599.06,598.83,598.92,28401.0
2025-01-17 17:45:00,598.94,599.05,598.87,598.99,16837.0
2025-01-17 17:50:00,599.03,599.06,598.78,598.9,14138.0
2025-01-17 17:55:00,598.91,598.95,598.53,598.88,33673.0
2025-01-17 18:00:00,598.89,598.9,598.58,598.84,11500.0
2025-01-17 18:05:00,598.83,599.09,598.81,598.98,24866.0
2025-01-17 18:10:00,598.95,599.29,598.95,599.16,48331.0
2025-01-17 18:15:00,599.17,599.25,599.1,599.17,38740.0
2025-01-17 18:20:00,599.18,599.35,599.17,599.2,30379.0
2025-01-17 18:25:00,599.19,599.28,599.01,599.04,26493.0
2025-01-17 18:30:00,599.03,599.11,598.72,598.78,29290.0
2025-01-17 18:35:00,598.79,599.11,598.75,599.06,20209.0
2025-01-17 18:40:00,599.06,599.06,598.52,598.62,30881.0
2025-01-17 18:45:00,598.66,598.95,598.58,598.59,11211.0
2025-01-17 18:50:00,598.56,598.59,598.41,598.55,24983.0
2025-01-17 18:55:00,598.52,598.58,598.18,598.58,14839.0
2025-01-17 19:00:00,598.58,598.72,598.5,598.6,32540.0
2025-01-17 19:05:00,598.6,598.6,598.16,598.39,39065.0
2025-01-17 19:10:00,598.4,598.57,598.24,598.5,37152.0
2025-01-17 19:15:00,598.54,598.61,598.08,598.08,20332.0
2025-01-17 19:20:00,598.13,598.76,598.13,598.71,30973.0
2025-01-17 19:25:00,598.68,598.73,598.42,598.45,27951.0
2025-01-17 19:30:00,598.47,598.54,598.33,598.52,39159.0
2025-01-17 19:35:00,598.55,598.69,598.49,598.54,22992.0
2025-01-17 19:40:00,598.48,598.6,598.33,598.48,25346.0
2025-01-17 19:45:00,598.51,598.61,598.41,598.41,11067.0
2025-01-17 19:50:00,598.41,598.46,598.14,598.19,17980.0
2025-01-17 19:55:00,598.19,598.34,598.04,598.26,26012.0
2025-01-17 20:00:00,598.17,598.17,597.54,597.76,58377.0
2025-01-17 20:05:00,597.72,598.16,597.56,598.16,52335.0
2025-01-17 20:10:00,598.15,598.33,598.04,598.04,55994.0
2025-01-17 20:15:00,598.04,598.31,597.99,598.3,33070.0
2025-01-17 20:20:00,598.3,598.46,598.25,598.44,67385.0
2025-01-17 20:25:00,598.42,598.42,598.03,598.09,93962.0
2025-01-17 20:30:00,598.1,598.53,598.07,598.5,81408.0
2025-01-17 20:35:00,598.5,598.59,598.4,598.45,93643.0
2025-01-17 20:40:00,598.45,598.49,598.13,598.29,92806.0
2025-01-17 20:45:00,598.28,598.49,598.17,598.23,169757.0
2025-01-17 20:50:00,598.23,598.56,597.8,598.25,224592.0
2025-01-17 20:55:00,598.24,598.24,597.35,597.55,755099.0
2025-01-21 14:30:00,600.67,601.13,600.38,600.82,580645.0
2025-01-21 14:35:00,600.85,601.08,600.04,600.13,137829.0
2025-01-21 14:40:00,600.14,600.42,599.61,600.18,111045.0
2025-01-21 14:45:00,600.17,601.47,600.14,600.84,108905.0
2025-01-21 14:50:00,600.9,601.27,599.53,599.69,113243.0
2025-01-21 14:55:00,599.69,600.62,599.69,600.52,47716.0
2025-01-21 15:00:00,600.52,600.53,599.78,599.94,51614.0
2025-01-21 15:05:00,599.87,600.55,599.65,600.24,51678.0
2025-01-21 15:10:00,600.22,600.32,598.69,598.93,87225.0
2025-01-21 15:15:00,598.96,599.99,598.77,599.93,73752.0
2025-01-21 15:20:00,599.91,600.2,599.47,599.6,52565.0
2025-01-21 15:25:00,599.71,600.39,599.71,600.32,40436.0
2025-01-21 15:30:00,600.33,600.5,599.93,599.96,52302.0
2025-01-21 15:35:00,599.97,600.28,599.71,600.2,40796.0
2025-01-21 15:40:00,600.19,600.62,600.15,600.34,47134.0
2025-01-21 15:45:00,600.37,600.46,599.72,599.97,63185.0
2025-01-21 15:50:00,599.98,600.18,599.45,600.13,42132.0
2025-01-21 15:55:00,600.12,600.56,599.92,600.37,22294.0
2025-01-21 16:00:00,600.3,600.3,599.89,600.18,23533.0
2025-01-21 16:05:00,600.29,600.86,600.24,600.71,32212.0
2025-01-21 16:10:00,600.69,600.84,600.48,600.82,30554.0
2025-01-21 16:15:00,600.81,600.84,600.53,600.71,44939.0
2025-01-21 16:20:00,600.72,600.94,600.64,600.74,22266.0
2025-01-21 16:25:00,600.74,600.85,600.58,600.78,17281.0
2025-01-21 16:30:00,600.77,601.05,600.72,600.88,19232.0
2025-01-21 16:35:00,600.91,601.02,600.41,600.44,24699.0
2025-01-21 16:40:00,600.47,600.81,600.26,600.33,55397.0
2025-01-21 16:45:00,600.33,600.81,600.33,600.81,13609.0
2025-01-21 16:50:00,600.73,601.31,600.69,601.3,24099.0
2025-01-21 16:55:00,601.33,601.45,601.06,601.38,27165.0
2025-01-21 17:00:00,601.29,601.34,601.06,601.3,18042.0
2025-01-21 17:05:00,601.35,601.44,601.23,601.38,20337.0
2025-01-21 17:10:00,601.39,601.5,601.25,601.27,14949.0
2025-01-21 17:15:00,601.29,601.34,600.93,601.07,21954.0
2025-01-21 17:20:00,601.09,601.33,600.96,601.3,21656.0
2025-01-21 17:25:00,601.28,601.78,601.21,601.58,32957.0
2025-01-21 17:30:00,601.56,601.95,601.56,601.95,20237.0
2025-01-21 17:35:00,601.94,602.0,601.68,601.79,25682.0
2025-01-21 17:40:00,601.83,602.12,601.82,601.97,32922.0
2025-01-21 17:45:00,601.95,602.17,601.93,602.06,27038.0
2025-01-21 17:50:00,602.11,602.42,602.11,602.3,54027.0
2025-01-21 17:55:00,602.31,602.48,602.28,602.44,26799.0
2025-01-21 18:00:00,602.43,602.46,602.08,602.39,50427.0
2025-01-21 18:05:00,602.43,602.48,602.32,602.43,18030.0
2025-01-21 18:10:00,602.46,602.58,602.31,602.5,26097.0
2025-01-21 18:15:00,602.51,602.88,602.51,602.67,39338.0
2025-01-21 18:20:00,602.66,602.74,602.58,602.67,23864.0
2025-01-21 18:25:00,602.68,602.76,602.45,602.59,17616.0
2025-01-21 18:30:00,602.6,602.7,602.5,602.52,17863.0
2025-01-21 18:35:00,602.54,602.77,602.52,602.6,23750.0
2025-01-21 18:40:00,602.62,602.66,602.23,602.48,43620.0
2025-01-21 18:45:00,602.46,602.46,602.22,602.24,21380.0
2025-01-21 18:50:00,602.29,602.62,602.29,602.48,16532.0
2025-01-21 18:55:00,602.45,602.68,602.45,602.62,16962.0
2025-01-21 19:00:00,602.61,602.62,602.42,602.58,50641.0
2025-01-21 19:05:00,602.57,602.76,602.54,602.64,39558.0
2025-01-21 19:10:00,602.68,602.8,602.54,602.54,20232.0
2025-01-21 19:15:00,602.57,602.57,602.07,602.16,32401.0
2025-01-21 19:20:00,602.15,602.22,601.91,602.09,32922.0
2025-01-21 19:25:00,602.08,602.52,602.08,602.35,60994.0
2025-01-21 19:30:00,602.38,602.38,602.01,602.03,89705.0
2025-01-21 19:35:00,602.02,602.08,601.7,601.85,49379.0
2025-01-21 19:40:00,601.85,602.18,601.83,601.89,19957.0
2025-01-21 19:45:00,601.89,601.91,601.77,601.88,25815.0
2025-01-21 19:50:00,601.87,601.96,601.68,601.94,36902.0
2025-01-21 19:55:00,601.95,602.18,601.95,602.16,32516.0
2025-01-21 20:00:00,602.12,602.19,602.0,602.15,34222.0
2025-01-21 20:05:00,602.14,602.24,602.11,602.2,38298.0
2025-01-21 20:10:00,602.21,602.29,602.14,602.26,35900.0
2025-01-21 20:15:00,602.22,602.46,602.17,602.4,40633.0
2025-01-21 20:20:00,602.39,602.47,602.28,602.41,44523.0
2025-01-21 20:25:00,602.4,602.78,602.34,602.71,56495.0
2025-01-21 20:30:00,602.72,602.8,602.46,602.5,145077.0
2025-01-21 20:35:00,602.49,602.65,602.15,602.64,103343.0
2025-01-21 20:40:00,602.63,602.67,602.4,602.56,128149.0
2025-01-21 20:45:00,602.57,602.61,602.35,602.56,140688.0
2025-01-21 20:50:00,602.56,602.96,602.44,602.85,143257.0
2025-01-21 20:55:00,602.81,602.96,602.47,602.91,485928.0
2025-01-22 14:30:00,605.89,606.07,605.36,605.8,647194.0
2025-01-22 14:35:00,605.8,605.82,605.5,605.63,77425.0
2025-01-22 14:40:00,605.65,605.83,605.47,605.77,80683.0
2025-01-22 14:45:00,605.79,606.02,605.65,605.99,67310.0
2025-01-22 14:50:00,605.98,606.36,605.79,606.32,57926.0
2025-01-22 14:55:00,606.29,606.55,606.29,606.49,67945.0
2025-01-22 15:00:00,606.5,606.68,606.0,606.5,104306.0
2025-01-22 15:05:00,606.53,606.76,606.41,606.64,57730.0
2025-01-22 15:10:00,606.62,606.9,606.58,606.74,71007.0
2025-01-22 15:15:00,606.73,607.03,606.71,606.96,69107.0
2025-01-22 15:20:00,606.95,606.98,606.57,606.64,73492.0
2025-01-22 15:25:00,606.64,606.83,606.6,606.7,50874.0
2025-01-22 15:30:00,606.72,606.85,606.58,606.72,45635.0
2025-01-22 15:35:00,606.74,607.08,606.65,606.88,41193.0
2025-01-22 15:40:00,606.9,607.01,606.71,606.99,40863.0
2025-01-22 15:45:00,607.01,607.01,606.79,606.88,44488.0
2025-01-22 15:50:00,606.87,606.87,606.49,606.73,37324.0
2025-01-22 15:55:00,606.74,606.81,606.52,606.53,28380.0
2025-01-22 16:00:00,606.55,606.58,606.36,606.53,51673.0
2025-01-22 16:05:00,606.5,606.8,606.5,606.7,44747.0
2025-01-22 16:10:00,606.69,606.69,606.27,606.42,46101.0
2025-01-22 16:15:00,606.44,606.79,606.42,606.71,41356.0
2025-01-22 16:20:00,606.71,606.82,606.6,606.8,21222.0
2025-01-22 16:25:00,606.8,607.23,606.76,607.23,49156.0
2025-01-22 16:30:00,607.23,607.43,607.2,607.34,37999.0
2025-01-22 16:35:00,607.34,607.6,607.31,607.59,39826.0
2025-01-22 16:40:00,607.63,607.7,607.36,607.45,29276.0
2025-01-22 16:45:00,607.47,607.6,607.27,607.38,28954.0
2025-01-22 16:50:00,607.43,607.77,607.43,607.66,29362.0
2025-01-22 16:55:00,607.66,607.77,607.63,607.65,22967.0
2025-01-22 17:00:00,607.65,607.76,607.58,607.76,37464.0
2025-01-22 17:05:00,607.75,607.75,607.67,607.73,23969.0
2025-01-22 17:10:00,607.73,607.82,607.31,607.32,65206.0
2025-01-22 17:15:00,607.31,607.64,607.31,607.62,39079.0
2025-01-22 17:20:00,607.61,607.68,607.5,607.52,31223.0
2025-01-22 17:25:00,607.52,607.6,607.47,607.55,27684.0
2025-01-22 17:30:00,607.54,607.69,607.52,607.54,22808.0
2025-01-22 17:35:00,607.53,607.66,607.47,607.58,22337.0
2025-01-22 17:40:00,607.6,607.63,607.33,607.37,28264.0
2025-01-22 17:45:00,607.39,607.58,607.39,607.44,23071.0
2025-01-22 17:50:00,607.49,607.55,607.37,607.53,37138.0
2025-01-22 17:55:00,607.52,607.55,607.3,607.3,26383.0
2025-01-22 18:00:00,607.3,607.37,607.15,607.2,38907.0
2025-01-22 18:05:00,607.21,607.41,607.19,607.38,21462.0
2025-01-22 18:10:00,607.37,607.42,607.22,607.25,28071.0
2025-01-22 18:15:00,607.25,607.32,607.06,607.09,25842.0
2025-01-22 18:20:00,607.09,607.42,606.97,607.13,36118.0
2025-01-22 18:25:00,607.13,607.13,606.95,607.05,29149.0
2025-01-22 18:30:00,607.09,607.2,607.01,607.09,19068.0
2025-01-22 18:35:00,607.1,607.2,607.08,607.2,8889.0
2025-01-22 18:40:00,607.18,607.49,607.14,607.49,21462.0
2025-01-22 18:45:00,607.5,607.59,607.46,607.51,14523.0
2025-01-22 18:50:00,607.56,607.62,607.31,607.42,10198.0
2025-01-22 18:55:00,607.46,607.46,607.03,607.04,20944.0
2025-01-22 19:00:00,607.03,607.07,606.85,607.03,44547.0
2025-01-22 19:05:00,607.08,607.19,606.83,606.96,33377.0
2025-01-22 19:10:00,606.96,607.11,606.89,607.09,23861.0
2025-01-22 19:15:00,607.09,607.11,607.01,607.07,19382.0
2025-01-22 19:20:00,607.03,607.33,607.03,607.07,27591.0
2025-01-22 19:25:00,607.1,607.1,606.88,606.9,42735.0
2025-01-22 19:30:00,606.91,607.06,606.79,606.98,30687.0
2025-01-22 19:35:00,606.97,607.23,606.95,607.21,20861.0
2025-01-22 19:40:00,607.23,607.27,607.04,607.21,31194.0
2025-01-22 19:45:00,607.21,607.44,607.15,607.4,13398.0
2025-01-22 19:50:00,607.42,607.54,607.36,607.48,14606.0
2025-01-22 19:55:00,607.48,607.61,607.47,607.59,20590.0
2025-01-22 20:00:00,607.59,607.62,607.42,607.44,23374.0
2025-01-22 20:05:00,607.46,607.55,607.4,607.5,26375.0
2025-01-22 20:10:00,607.5,607.52,607.26,607.42,25561.0
2025-01-22 20:15:00,607.4,607.43,607.25,607.32,26468.0
2025-01-22 20:20:00,607.33,607.39,607.09,607.36,66802.0
2025-01-22 20:25:00,607.36,607.36,607.11,607.11,58489.0
2025-01-22 20:30:00,607.12,607.34,607.07,607.29,65716.0
2025-01-22 20:35:00,607.29,607.33,606.87,606.92,99152.0
2025-01-22 20:40:00,606.92,606.97,606.8,606.88,46366.0
2025-01-22 20:45:00,606.87,607.01,606.78,606.81,78089.0
2025-01-22 20:50:00,606.8,606.88,606.23,606.62,283232.0
2025-01-22 20:55:00,606.58,606.72,606.25,606.33,572865.0
2025-01-23 14:30:00,605.8,605.92,605.54,605.9,284141.0
2025-01-23 14:35:00,605.92,606.14,605.79,606.11,70435.0
2025-01-23 14:40:00,606.1,606.28,605.9,606.16,52481.0
2025-01-23 14:45:00,606.17,606.25,606.05,606.19,35690.0
2025-01-23 14:50:00,606.2,606.28,606.13,606.21,30079.0
2025-01-23 14:55:00,606.24,606.26,605.95,606.19,38917.0
2025-01-23 15:00:00,606.24,606.24,605.75,605.85,37994.0
2025-01-23 15:05:00,605.85,606.09,605.62,605.89,44071.0
2025-01-23 15:10:00,605.9,606.09,605.8,606.05,58407.0
2025-01-23 15:15:00,606.05,606.11,605.92,605.96,34069.0
2025-01-23 15:20:00,605.95,606.12,605.83,606.03,26994.0
2025-01-23 15:25:00,606.01,606.01,605.68,605.71,28707.0
2025-01-23 15:30:00,605.72,606.17,605.65,606.15,38525.0
2025-01-23 15:35:00,606.16,606.38,606.07,606.25,29468.0
2025-01-23 15:40:00,606.25,606.53,606.18,606.53,28498.0
2025-01-23 15:45:00,606.53,606.79,606.49,606.69,39661.0
2025-01-23 15:50:00,606.7,606.91,606.66,606.82,34928.0
2025-01-23 15:55:00,606.8,606.9,606.77,606.87,35172.0
2025-01-23 16:00:00,606.9,607.31,606.9,607.19,95520.0
2025-01-23 16:05:00,607.18,607.23,606.8,606.85,26821.0
2025-01-23 16:10:00,606.85,607.22,606.39,607.2,128983.0
2025-01-23 16:15:00,607.14,607.3,606.89,607.18,35776.0
2025-01-23 16:20:00,607.16,607.55,607.07,607.35,35948.0
2025-01-23 16:25:00,607.33,607.51,607.06,607.5,57141.0
2025-01-23 16:30:00,607.5,607.61,607.39,607.4,37041.0
2025-01-23 16:35:00,607.44,607.45,607.1,607.29,39619.0
2025-01-23 16:40:00,607.3,607.55,607.3,607.5,20572.0
2025-01-23 16:45:00,607.54,607.86,607.31,607.65,68628.0
2025-01-23 16:50:00,607.63,607.69,607.15,607.39,27811.0
2025-01-23 16:55:00,607.37,607.46,607.24,607.27,30072.0
2025-01-23 17:00:00,607.23,607.23,606.95,607.0,42465.0
2025-01-23 17:05:00,607.0,607.29,606.99,607.2,21852.0
2025-01-23 17:10:00,607.21,607.38,607.17,607.38,33448.0
2025-01-23 17:15:00,607.38,607.42,607.28,607.33,28851.0
2025-01-23 17:20:00,607.32,607.35,607.1,607.21,23852.0
2025-01-23 17:25:00,607.23,607.25,607.13,607.17,17377.0
2025-01-23 17:30:00,607.17,607.22,606.93,607.03,30147.0
2025-01-23 17:35:00,607.07,607.14,606.96,607.05,22747.0
2025-01-23 17:40:00,606.99,607.22,606.92,607.2,30585.0
2025-01-23 17:45:00,607.2,607.41,607.16,607.37,29306.0
2025-01-23 17:50:00,607.4,607.63,607.38,607.5,21827.0
2025-01-23 17:55:00,607.5,607.69,607.45,607.67,17642.0
2025-01-23 18:00:00,607.69,607.79,607.6,607.7,18940.0
2025-01-23 18:05:00,607.68,607.76,607.65,607.73,16888.0
2025-01-23 18:10:00,607.72,608.08,607.7,608.02,26874.0
2025-01-23 18:15:00,608.03,608.16,608.02,608.13,23948.0
2025-01-23 18:20:00,608.13,608.25,608.08,608.24,54297.0
2025-01-23 18:25:00,608.26,608.29,607.93,607.95,31792.0
2025-01-23 18:30:00,608.01,608.24,608.01,608.2,14251.0
2025-01-23 18:35:00,608.19,608.23,608.07,608.1,11194.0
2025-01-23 18:40:00,608.11,608.11,607.8,607.94,22151.0
2025-01-23 18:45:00,607.94,608.0,607.79,607.82,11867.0
2025-01-23 18:50:00,607.81,607.93,607.76,607.83,18192.0
2025-01-23 18:55:00,607.82,607.83,607.7,607.74,21732.0
2025-01-23 19:00:00,607.73,607.81,607.57,607.57,23397.0
2025-01-23 19:05:00,607.57,607.57,607.35,607.48,31441.0
2025-01-23 19:10:00,607.47,607.53,607.32,607.38,21409.0
2025-01-23 19:15:00,607.39,607.46,607.34,607.39,22058.0
2025-01-23 19:20:00,607.39,607.63,607.32,607.6,32714.0
2025-01-23 19:25:00,607.61,607.8,607.61,607.66,23294.0
2025-01-23 19:30:00,607.67,607.96,607.67,607.83,22289.0
2025-01-23 19:35:00,607.8,607.94,607.7,607.76,18761.0
2025-01-23 19:40:00,607.77,607.88,607.76,607.81,13571.0
2025-01-23 19:45:00,607.8,607.89,607.7,607.72,14805.0
2025-01-23 19:50:00,607.72,607.85,607.7,607.72,13867.0
2025-01-23 19:55:00,607.71,608.0,607.71,607.83,16161.0
2025-01-23 20:00:00,607.77,607.84,607.62,607.71,20145.0
2025-01-23 20:05:00,607.71,607.97,607.67,607.86,16319.0
2025-01-23 20:10:00,607.88,608.08,607.78,608.05,40418.0
2025-01-23 20:15:00,608.04,608.2,607.94,608.07,27322.0
2025-01-23 20:20:00,608.09,608.2,607.92,608.2,30993.0
2025-01-23 20:25:00,608.2,608.27,608.03,608.1,51348.0
2025-01-23 20:30:00,608.09,608.09,607.8,607.94,109146.0
2025-01-23 20:35:00,607.89,607.99,607.76,607.81,79277.0
2025-01-23 20:40:00,607.8,607.87,607.69,607.78,85686.0
2025-01-23 20:45:00,607.78,608.19,607.76,608.13,95548.0
2025-01-23 20:50:00,608.08,608.77,608.06,608.74,236424.0
2025-01-23 20:55:00,608.74,609.74,608.74,609.71,563994.0
2025-01-24 14:30:00,609.79,610.14,609.66,609.86,322028.0
2025-01-24 14:35:00,609.87,610.21,609.8,610.19,64458.0
2025-01-24 14:40:00,610.17,610.36,610.08,610.2,82061.0
2025-01-24 14:45:00,610.25,610.78,610.17,610.42,107292.0
2025-01-24 14:50:00,610.44,610.53,610.17,610.32,32062.0
2025-01-24 14:55:00,610.26,610.38,610.02,610.33,49654.0
2025-01-24 15:00:00,610.35,610.53,609.62,609.7,76912.0
2025-01-24 15:05:00,609.8,609.95,609.6,609.74,39260.0
2025-01-24 15:10:00,609.79,609.89,609.43,609.53,39637.0
2025-01-24 15:15:00,609.55,609.9,609.4,609.75,44451.0
2025-01-24 15:20:00,609.73,609.73,609.34,609.58,23305.0
2025-01-24 15:25:00,609.61,609.64,609.25,609.34,22368.0
2025-01-24 15:30:00,609.35,609.57,609.34,609.5,28500.0
2025-01-24 15:35:00,609.48,609.64,609.06,609.17,34731.0
2025-01-24 15:40:00,609.17,609.36,609.17,609.28,15434.0
2025-01-24 15:45:00,609.22,609.61,609.21,609.58,17649.0
2025-01-24 15:50:00,609.55,609.62,609.27,609.35,27059.0
2025-01-24 15:55:00,609.31,609.49,609.19,609.19,20788.0
2025-01-24 16:00:00,609.16,609.4,609.09,609.16,24678.0
2025-01-24 16:05:00,609.12,609.66,609.12,609.58,26009.0
2025-01-24 16:10:00,609.62,609.72,609.48,609.55,26993.0
2025-01-24 16:15:00,609.55,609.68,609.43,609.58,13506.0
2025-01-24 16:20:00,609.61,609.75,609.61,609.68,12473.0
2025-01-24 16:25:00,609.7,609.88,609.69,609.88,23678.0
2025-01-24 16:30:00,609.88,609.93,609.83,609.91,17824.0
2025-01-24 16:35:00,609.91,610.08,609.77,609.98,20678.0
2025-01-24 16:40:00,609.96,610.14,609.96,610.12,18376.0
2025-01-24 16:45:00,610.11,610.2,610.08,610.18,15098.0
2025-01-24 16:50:00,610.18,610.32,610.12,610.2,27543.0
2025-01-24 16:55:00,610.18,610.19,609.4,609.53,35300.0
2025-01-24 17:00:00,609.42,609.65,609.3,609.5,25235.0
2025-01-24 17:05:00,609.53,609.8,609.36,609.62,15756.0
2025-01-24 17:10:00,609.62,609.66,609.38,609.48,22405.0
2025-01-24 17:15:00,609.46,609.66,609.42,609.65,25623.0
2025-01-24 17:20:00,609.64,610.02,609.63,609.91,34722.0
2025-01-24 17:25:00,609.94,610.04,609.32,609.42,28455.0
2025-01-24 17:30:00,609.45,609.6,609.37,609.56,16276.0
2025-01-24 17:35:00,609.56,609.62,609.39,609.42,25446.0
2025-01-24 17:40:00,609.4,609.49,609.32,609.39,20185.0
2025-01-24 17:45:00,609.38,609.51,609.31,609.34,14391.0
2025-01-24 17:50:00,609.34,609.38,608.87,609.05,46619.0
2025-01-24 17:55:00,609.09,609.09,608.52,608.7,83941.0
2025-01-24 18:00:00,608.64,608.91,608.58,608.79,30578.0
2025-01-24 18:05:00,608.75,608.75,608.48,608.48,26086.0
2025-01-24 18:10:00,608.47,608.58,608.08,608.51,54526.0
2025-01-24 18:15:00,608.55,608.69,608.39,608.56,21398.0
2025-01-24 18:20:00,608.52,608.68,608.49,608.61,21982.0
2025-01-24 18:25:00,608.6,608.63,608.39,608.44,23943.0
2025-01-24 18:30:00,608.44,608.74,608.24,608.24,30221.0
2025-01-24 18:35:00,608.19,608.46,608.18,608.4,15562.0
2025-01-24 18:40:00,608.36,608.36,608.14,608.15,13327.0
2025-01-24 18:45:00,608.14,608.36,607.95,608.16,23786.0
2025-01-24 18:50:00,608.12,608.2,607.99,608.02,34711.0
2025-01-24 18:55:00,608.04,608.04,607.2,607.45,38329.0
2025-01-24 19:00:00,607.42,607.85,607.26,607.29,59449.0
2025-01-24 19:05:00,607.36,607.41,607.01,607.1,51524.0
2025-01-24 19:10:00,607.17,607.36,606.94,607.12,41417.0
2025-01-24 19:15:00,607.17,607.48,607.02,607.06,45273.0
2025-01-24 19:20:00,607.08,607.44,607.08,607.41,29488.0
2025-01-24 19:25:00,607.4,607.79,607.4,607.43,54115.0
2025-01-24 19:30:00,607.51,607.61,607.33,607.33,21880.0
2025-01-24 19:35:00,607.32,607.53,607.32,607.44,18841.0
2025-01-24 19:40:00,607.42,607.56,607.36,607.45,29440.0
2025-01-24 19:45:00,607.46,607.68,607.44,607.63,25088.0
2025-01-24 19:50:00,607.63,607.91,607.63,607.86,24860.0
2025-01-24 19:55:00,607.85,607.85,607.37,607.38,44784.0
2025-01-24 20:00:00,607.38,607.84,607.27,607.78,75151.0
2025-01-24 20:05:00,607.73,607.78,607.36,607.39,48380.0
2025-01-24 20:10:00,607.4,607.64,607.34,607.62,50351.0
2025-01-24 20:15:00,607.59,607.61,607.25,607.28,27315.0
2025-01-24 20:20:00,607.26,607.39,607.08,607.38,40697.0
2025-01-24 20:25:00,607.35,607.42,606.95,607.07,42245.0
2025-01-24 20:30:00,607.09,607.42,607.0,607.02,58204.0
2025-01-24 20:35:00,607.01,607.16,607.0,607.05,55746.0
2025-01-24 20:40:00,607.02,607.18,606.82,607.12,64570.0
2025-01-24 20:45:00,607.09,607.23,607.01,607.13,86831.0
2025-01-24 20:50:00,607.18,607.67,607.18,607.53,172547.0
2025-01-24 20:55:00,607.5,608.15,607.35,607.93,478298.0
2025-01-27 14:30:00,594.83,597.88,594.65,597.38,1123475.0
2025-01-27 14:35:00,597.38,598.44,596.9,598.3,332011.0
2025-01-27 14:40:00,598.3,598.33,597.31,597.54,161737.0
2025-01-27 14:45:00,597.61,598.27,597.47,598.01,158344.0
2025-01-27 14:50:00,597.99,598.58,597.58,598.2,174170.0
2025-01-27 14:55:00,598.19,598.65,597.89,598.62,145634.0
2025-01-27 15:00:00,598.59,598.69,597.46,597.61,162277.0
2025-01-27 15:05:00,597.64,598.3,597.38,597.74,120584.0
2025-01-27 15:10:00,597.67,598.16,597.39,597.67,109126.0
2025-01-27 15:15:00,597.65,597.99,596.67,596.88,164734.0
2025-01-27 15:20:00,596.88,598.28,596.88,598.2,114196.0
2025-01-27 15:25:00,598.18,599.21,597.9,599.01,155813.0
2025-01-27 15:30:00,598.98,599.5,598.73,599.43,106858.0
2025-01-27 15:35:00,599.47,599.57,598.83,599.2,106341.0
2025-01-27 15:40:00,599.3,599.68,599.04,599.46,96525.0
2025-01-27 15:45:00,599.44,599.53,598.53,598.72,83290.0
2025-01-27 15:50:00,598.73,599.2,598.48,599.15,61339.0
2025-01-27 15:55:00,599.06,599.3,598.04,598.08,68528.0
2025-01-27 16:00:00,598.09,598.25,597.56,597.71,71051.0
2025-01-27 16:05:00,597.77,597.82,597.03,597.13,77702.0
2025-01-27 16:10:00,597.14,597.64,597.14,597.45,58380.0
2025-01-27 16:15:00,597.45,597.93,597.41,597.57,41414.0
2025-01-27 16:20:00,597.6,597.68,596.73,596.86,45947.0
2025-01-27 16:25:00,596.82,596.82,596.29,596.56,63531.0
2025-01-27 16:30:00,596.5,596.64,596.36,596.47,53227.0
2025-01-27 16:35:00,596.53,597.13,596.3,596.39,65692.0
2025-01-27 16:40:00,596.33,596.73,596.24,596.73,42667.0
2025-01-27 16:45:00,596.68,597.77,596.56,597.31,54242.0
2025-01-27 16:50:00,597.22,597.5,596.35,596.4,44365.0
2025-01-27 16:55:00,596.49,597.38,596.41,596.78,32439.0
2025-01-27 17:00:00,596.85,597.77,596.25,597.52,248778.0
2025-01-27 17:05:00,597.52,597.55,596.62,596.8,39756.0
2025-01-27 17:10:00,596.79,597.5,596.74,597.1,24067.0
2025-01-27 17:15:00,597.17,597.5,596.78,596.83,37927.0
2025-01-27 17:20:00,596.83,596.99,596.39,596.9,53555.0
2025-01-27 17:25:00,596.83,598.03,596.69,597.65,47288.0
2025-01-27 17:30:00,597.63,598.02,597.42,597.98,35553.0
2025-01-27 17:35:00,597.91,598.2,597.64,597.78,52052.0
2025-01-27 17:40:00,597.82,597.82,597.36,597.68,37879.0
2025-01-27 17:45:00,597.71,597.71,596.85,596.87,33325.0
2025-01-27 17:50:00,596.81,596.84,596.3,596.43,60560.0
2025-01-27 17:55:00,596.42,596.51,596.16,596.2,85793.0
2025-01-27 18:00:00,596.19,596.63,596.13,596.37,43405.0
2025-01-27 18:05:00,596.4,596.78,596.28,596.35,39315.0
2025-01-27 18:10:00,596.37,596.61,596.22,596.39,38570.0
2025-01-27 18:15:00,596.43,596.66,596.1,596.34,69390.0
2025-01-27 18:20:00,596.38,596.62,596.15,596.24,40616.0
2025-01-27 18:25:00,596.24,596.54,596.03,596.12,41805.0
2025-01-27 18:30:00,596.1,597.13,596.08,596.8,82096.0
2025-01-27 18:35:00,596.81,597.43,596.45,596.52,29215.0
2025-01-27 18:40:00,596.6,597.42,596.6,597.21,35690.0
2025-01-27 18:45:00,597.19,597.25,596.68,596.79,35456.0
2025-01-27 18:50:00,596.76,597.18,596.65,596.97,30781.0
2025-01-27 18:55:00,596.96,597.03,596.4,596.61,50293.0
2025-01-27 19:00:00,596.61,597.36,596.61,597.14,54730.0
2025-01-27 19:05:00,597.13,597.19,596.76,596.83,49942.0
2025-01-27 19:10:00,596.83,597.33,596.78,597.01,53128.0
2025-01-27 19:15:00,597.05,597.92,596.96,597.85,102211.0
2025-01-27 19:20:00,597.85,598.03,597.63,597.95,68655.0
2025-01-27 19:25:00,597.95,599.12,597.95,599.01,73469.0
2025-01-27 19:30:00,598.97,598.97,598.22,598.57,57944.0
2025-01-27 19:35:00,598.6,598.74,597.91,598.42,74848.0
2025-01-27 19:40:00,598.41,598.54,597.56,597.63,69424.0
2025-01-27 19:45:00,597.64,597.66,596.66,596.79,95114.0
2025-01-27 19:50:00,596.78,596.96,596.28,596.84,115017.0
2025-01-27 19:55:00,596.82,597.33,596.6,596.95,89186.0
2025-01-27 20:00:00,596.94,597.45,596.85,597.17,89970.0
2025-01-27 20:05:00,597.19,597.32,596.34,597.23,114988.0
2025-01-27 20:10:00,597.24,597.6,596.87,596.97,63074.0
2025-01-27 20:15:00,596.93,597.6,596.75,597.41,77762.0
2025-01-27 20:20:00,597.41,598.01,597.28,597.84,108271.0
2025-01-27 20:25:00,597.85,598.13,597.36,597.41,84535.0
2025-01-27 20:30:00,597.48,597.76,597.16,597.38,114222.0
2025-01-27 20:35:00,597.39,597.98,597.33,597.77,93608.0
2025-01-27 20:40:00,597.78,598.32,597.58,598.32,101250.0
2025-01-27 20:45:00,598.28,598.56,597.68,598.11,165650.0
2025-01-27 20:50:00,598.1,598.34,597.41,597.99,297513.0
2025-01-27 20:55:00,597.99,599.57,597.92,599.42,951671.0
2025-01-28 14:30:00,600.62,600.78,599.4,599.56,619564.0
2025-01-28 14:35:00,599.62,599.69,598.79,599.11,157166.0
2025-01-28 14:40:00,599.12,599.32,598.26,598.34,93880.0
2025-01-28 14:45:00,598.46,598.83,597.26,597.78,135923.0
2025-01-28 14:50:00,597.83,598.7,597.54,598.69,99702.0
2025-01-28 14:55:00,598.73,598.98,598.44,598.94,72933.0
2025-01-28 15:00:00,598.9,600.49,598.86,600.47,141759.0
2025-01-28 15:05:00,600.45,600.67,599.86,599.96,132434.0
2025-01-28 15:10:00,600.0,600.91,599.94,600.83,94958.0
2025-01-28 15:15:00,600.82,601.06,600.64,601.03,60113.0
2025-01-28 15:20:00,601.0,602.01,600.88,602.01,114741.0
2025-01-28 15:25:00,602.0,602.79,601.93,602.46,99082.0
2025-01-28 15:30:00,602.49,602.52,601.8,601.94,125927.0
2025-01-28 15:35:00,601.93,602.56,601.73,602.45,76435.0
2025-01-28 15:40:00,602.31,602.55,602.16,602.42,41171.0
2025-01-28 15:45:00,602.35,602.68,601.8,602.63,84388.0
2025-01-28 15:50:00,602.63,602.72,602.42,602.42,54574.0
2025-01-28 15:55:00,602.43,603.08,602.43,603.05,66907.0
2025-01-28 16:00:00,603.09,603.46,602.56,603.05,74701.0
2025-01-28 16:05:00,603.06,603.28,603.01,603.24,33928.0
2025-01-28 16:10:00,603.25,603.56,602.86,603.0,42991.0
2025-01-28 16:15:00,603.01,603.23,602.63,602.69,28464.0
2025-01-28 16:20:00,602.68,602.77,601.98,602.02,39940.0
2025-01-28 16:25:00,602.09,602.09,601.04,601.37,73077.0
2025-01-28 16:30:00,601.42,601.73,601.31,601.67,37905.0
2025-01-28 16:35:00,601.63,601.89,601.05,601.87,49074.0
2025-01-28 16:40:00,601.88,601.96,600.96,601.58,73543.0
2025-01-28 16:45:00,601.7,602.14,601.53,602.1,29673.0
2025-01-28 16:50:00,602.14,602.16,601.07,602.0,54448.0
2025-01-28 16:55:00,602.05,602.58,601.96,602.58,38964.0
2025-01-28 17:00:00,602.57,602.77,602.4,602.74,58676.0
2025-01-28 17:05:00,602.77,603.55,602.73,603.46,63146.0
2025-01-28 17:10:00,603.49,603.69,603.42,603.53,38420.0
2025-01-28 17:15:00,603.56,603.9,603.52,603.73,35290.0
2025-01-28 17:20:00,603.75,603.92,603.55,603.81,34028.0
2025-01-28 17:25:00,603.82,603.84,603.59,603.72,28276.0
2025-01-28 17:30:00,603.75,603.88,603.65,603.82,20751.0
2025-01-28 17:35:00,603.81,603.87,603.5,603.67,25262.0
2025-01-28 17:40:00,603.67,603.72,603.3,603.55,35880.0
2025-01-28 17:45:00,603.57,603.64,603.3,603.53,18196.0
2025-01-28 17:50:00,603.53,603.8,603.47,603.8,19410.0
2025-01-28 17:55:00,603.81,604.07,603.71,603.85,34355.0
2025-01-28 18:00:00,603.85,604.27,603.77,604.22,39350.0
2025-01-28 18:05:00,604.25,604.53,604.21,604.3,35518.0
2025-01-28 18:10:00,604.3,604.55,604.25,604.52,19469.0
2025-01-28 18:15:00,604.54,604.78,604.53,604.77,35643.0
2025-01-28 18:20:00,604.76,604.76,604.26,604.43,44647.0
2025-01-28 18:25:00,604.42,604.44,604.05,604.17,30018.0
2025-01-28 18:30:00,604.18,604.44,604.15,604.41,27935.0
2025-01-28 18:35:00,604.39,604.44,603.92,603.97,18012.0
2025-01-28 18:40:00,603.99,603.99,603.6,603.88,32771.0
2025-01-28 18:45:00,603.87,604.01,603.62,603.93,15998.0
2025-01-28 18:50:00,604.02,604.18,603.9,603.97,31368.0
2025-01-28 18:55:00,603.92,603.98,603.72,603.76,15650.0
2025-01-28 19:00:00,603.84,603.9,603.5,603.5,40384.0
2025-01-28 19:05:00,603.48,603.63,603.34,603.38,21916.0
2025-01-28 19:10:00,603.4,603.47,603.23,603.42,38174.0
2025-01-28 19:15:00,603.4,603.88,603.38,603.8,33418.0
2025-01-28 19:20:00,603.82,604.06,603.77,603.95,27558.0
2025-01-28 19:25:00,603.96,604.14,603.78,604.06,31834.0
2025-01-28 19:30:00,604.07,604.45,604.07,604.39,30071.0
2025-01-28 19:35:00,604.39,604.64,604.38,604.55,22656.0
2025-01-28 19:40:00,604.55,604.9,604.55,604.8,40889.0
2025-01-28 19:45:00,604.82,605.11,604.81,605.07,44099.0
2025-01-28 19:50:00,605.04,605.15,604.9,605.15,26874.0
2025-01-28 19:55:00,605.15,605.26,605.06,605.14,43863.0
2025-01-28 20:00:00,605.13,605.13,604.74,604.89,43115.0
2025-01-28 20:05:00,604.88,604.94,604.68,604.86,36205.0
2025-01-28 20:10:00,604.84,605.04,604.77,604.95,48268.0
2025-01-28 20:15:00,604.95,605.32,604.87,605.25,40516.0
2025-01-28 20:20:00,605.25,605.37,605.2,605.29,41909.0
2025-01-28 20:25:00,605.26,605.26,605.0,605.09,45697.0
2025-01-28 20:30:00,605.07,605.21,604.93,605.07,71953.0
2025-01-28 20:35:00,605.06,605.09,604.75,604.85,102759.0
2025-01-28 20:40:00,604.86,605.21,604.85,605.2,66083.0
2025-01-28 20:45:00,605.23,605.23,604.56,604.71,144566.0
2025-01-28 20:50:00,604.72,605.11,604.38,605.04,261576.0
2025-01-28 20:55:00,605.04,605.06,604.38,604.49,567538.0
2025-01-29 14:30:00,603.69,603.99,603.09,603.25,309547.0
2025-01-29 14:35:00,603.28,603.44,602.9,603.3,64039.0
2025-01-29 14:40:00,603.34,603.5,602.45,602.69,104683.0
2025-01-29 14:45:00,602.71,603.21,602.51,602.76,55779.0
2025-01-29 14:50:00,602.79,603.48,602.69,603.32,51794.0
2025-01-29 14:55:00,603.3,603.58,602.98,603.28,39808.0
2025-01-29 15:00:00,603.32,603.8,603.21,603.52,54159.0
2025-01-29 15:05:00,603.57,604.13,603.55,604.02,65945.0
2025-01-29 15:10:00,603.98,604.03,602.84,603.39,54318.0
2025-01-29 15:15:00,603.33,603.58,602.99,603.35,35408.0
2025-01-29 15:20:00,603.31,603.81,603.08,603.49,23439.0
2025-01-29 15:25:00,603.47,603.51,602.75,602.96,31416.0
2025-01-29 15:30:00,602.94,603.29,602.81,603.17,21285.0
2025-01-29 15:35:00,603.14,603.32,603.05,603.19,23905.0
2025-01-29 15:40:00,603.17,603.49,602.53,602.78,47863.0
2025-01-29 15:45:00,602.82,602.96,602.48,602.96,31933.0
2025-01-29 15:50:00,602.95,603.25,602.94,603.19,34990.0
2025-01-29 15:55:00,603.16,603.16,602.68,602.78,20017.0
2025-01-29 16:00:00,602.82,603.15,602.75,603.01,22368.0
2025-01-29 16:05:00,603.04,603.04,602.28,602.6,32868.0
2025-01-29 16:10:00,602.62,602.75,602.39,602.73,23521.0
2025-01-29 16:15:00,602.66,602.73,602.23,602.52,38318.0
2025-01-29 16:20:00,602.59,602.71,602.29,602.68,25426.0
2025-01-29 16:25:00,602.7,602.75,602.44,602.46,34798.0
2025-01-29 16:30:00,602.44,602.73,602.33,602.73,13357.0
2025-01-29 16:35:00,602.7,602.96,602.08,602.1,33790.0
2025-01-29 16:40:00,602.14,602.58,601.94,602.56,25050.0
2025-01-29 16:45:00,602.58,602.83,602.39,602.8,16990.0
2025-01-29 16:50:00,602.85,602.95,602.55,602.89,20164.0
2025-01-29 16:55:00,602.83,602.84,602.05,602.28,14818.0
2025-01-29 17:00:00,602.26,603.04,602.23,603.01,23129.0
2025-01-29 17:05:00,603.07,603.23,602.78,602.91,27187.0
2025-01-29 17:10:00,602.95,603.06,602.7,602.87,11070.0
2025-01-29 17:15:00,602.85,603.21,602.85,603.18,7667.0
2025-01-29 17:20:00,603.19,603.4,603.14,603.28,18685.0
2025-01-29 17:25:00,603.3,603.45,602.95,603.06,18256.0
2025-01-29 17:30:00,603.13,603.31,603.05,603.08,10879.0
2025-01-29 17:35:00,603.08,603.15,602.88,602.88,15025.0
2025-01-29 17:40:00,602.88,603.01,602.74,602.81,10807.0
2025-01-29 17:45:00,602.79,602.79,602.41,602.51,38811.0
2025-01-29 17:50:00,602.53,602.53,602.28,602.32,17497.0
2025-01-29 17:55:00,602.34,602.38,601.96,602.07,28035.0
2025-01-29 18:00:00,602.14,602.35,599.67,600.05,179302.0
2025-01-29 18:05:00,600.07,601.69,599.81,601.66,153003.0
2025-01-29 18:10:00,601.69,601.97,600.9,601.62,36706.0
2025-01-29 18:15:00,601.57,601.82,601.37,601.52,20496.0
2025-01-29 18:20:00,601.48,601.7,601.2,601.67,13777.0
2025-01-29 18:25:00,601.66,602.36,601.66,602.31,43708.0
2025-01-29 18:30:00,602.34,602.63,602.04,602.13,56164.0
2025-01-29 18:35:00,602.18,602.32,601.37,601.49,32595.0
2025-01-29 18:40:00,601.51,601.8,601.43,601.56,33558.0
2025-01-29 18:45:00,601.55,602.21,601.44,602.1,21792.0
2025-01-29 18:50:00,602.15,602.15,601.64,601.87,37445.0
2025-01-29 18:55:00,601.79,601.87,601.47,601.48,21912.0
2025-01-29 19:00:00,601.48,601.48,599.92,600.26,219594.0
2025-01-29 19:05:00,600.26,600.94,599.97,600.49,112550.0
2025-01-29 19:10:00,600.47,600.52,599.6,600.0,77750.0
2025-01-29 19:15:00,600.05,600.3,599.22,599.79,98469.0
2025-01-29 19:20:00,599.78,600.11,599.58,599.84,47434.0
2025-01-29 19:25:00,599.87,599.87,599.42,599.51,32931.0
2025-01-29 19:30:00,599.39,601.22,599.25,600.69,101762.0
2025-01-29 19:35:00,600.62,601.66,599.45,601.57,225592.0
2025-01-29 19:40:00,601.51,603.1,601.36,602.56,204699.0
2025-01-29 19:45:00,602.56,603.24,601.76,602.5,74199.0
2025-01-29 19:50:00,602.45,603.27,601.94,602.95,47888.0
2025-01-29 19:55:00,602.91,602.99,601.73,602.18,87623.0
2025-01-29 20:00:00,602.23,602.63,601.17,601.31,85656.0
2025-01-29 20:05:00,601.25,602.05,601.05,601.81,84339.0
2025-01-29 20:10:00,601.99,602.58,601.16,601.73,82537.0
2025-01-29 20:15:00,601.77,601.92,600.6,601.51,70839.0
2025-01-29 20:20:00,601.57,603.13,601.55,603.05,97545.0
2025-01-29 20:25:00,603.01,603.64,602.97,603.34,104083.0
2025-01-29 20:30:00,603.37,603.66,603.0,603.18,85284.0
2025-01-29 20:35:00,603.19,603.19,601.72,601.81,125247.0
2025-01-29 20:40:00,601.81,602.42,601.63,601.98,102985.0
2025-01-29 20:45:00,602.02,602.13,601.41,601.9,120793.0
2025-01-29 20:50:00,601.9,602.28,600.75,601.89,152600.0
2025-01-29 20:55:00,601.89,602.4,601.43,601.77,385524.0
2025-01-30 14:30:00,603.98,604.29,603.71,603.72,283455.0
2025-01-30 14:35:00,603.72,604.59,603.38,604.49,99906.0
2025-01-30 14:40:00,604.53,604.7,603.95,604.43,100309.0
2025-01-30 14:45:00,604.45,605.79,604.32,605.71,91609.0
2025-01-30 14:50:00,605.8,605.97,605.1,605.51,80252.0
2025-01-30 14:55:00,605.51,605.9,604.59,604.93,93571.0
2025-01-30 15:00:00,604.94,604.95,603.11,603.85,115219.0
2025-01-30 15:05:00,603.85,603.95,603.28,603.65,66382.0
2025-01-30 15:10:00,603.68,604.15,603.52,603.76,35409.0
2025-01-30 15:15:00,603.7,603.78,603.26,603.47,59402.0
2025-01-30 15:20:00,603.53,603.98,603.25,603.94,47830.0
2025-01-30 15:25:00,603.93,603.94,602.41,602.63,63912.0
2025-01-30 15:30:00,602.65,602.95,602.1,602.93,125189.0
2025-01-30 15:35:00,602.93,603.81,602.93,603.72,43651.0
2025-01-30 15:40:00,603.73,603.88,603.24,603.24,31968.0
2025-01-30 15:45:00,603.25,603.63,603.18,603.34,29609.0
2025-01-30 15:50:00,603.37,603.4,602.18,602.25,99117.0
2025-01-30 15:55:00,602.26,602.26,601.43,601.53,64380.0
2025-01-30 16:00:00,601.46,601.82,600.85,601.62,90947.0
2025-01-30 16:05:00,601.56,601.86,601.37,601.38,40575.0
2025-01-30 16:10:00,601.36,601.72,600.73,600.79,52338.0
2025-01-30 16:15:00,600.93,601.54,600.82,601.46,29576.0
2025-01-30 16:20:00,601.53,602.42,601.49,602.42,61137.0
2025-01-30 16:25:00,602.46,602.96,602.27,602.96,82603.0
2025-01-30 16:30:00,602.94,603.14,602.47,602.62,32632.0
2025-01-30 16:35:00,602.58,603.12,602.28,603.1,33454.0
2025-01-30 16:40:00,603.12,603.18,602.89,603.11,42966.0
2025-01-30 16:45:00,603.13,603.27,603.05,603.27,18183.0
2025-01-30 16:50:00,603.27,604.08,603.27,604.02,51559.0
2025-01-30 16:55:00,603.93,604.34,603.74,604.04,52792.0
2025-01-30 17:00:00,604.01,604.04,603.57,603.8,43643.0
2025-01-30 17:05:00,603.81,603.97,603.39,603.69,29103.0
2025-01-30 17:10:00,603.69,603.8,602.96,603.03,17868.0
2025-01-30 17:15:00,603.04,603.14,602.48,602.66,19705.0
2025-01-30 17:20:00,602.75,603.1,602.67,602.72,16355.0
2025-01-30 17:25:00,602.82,602.85,602.11,602.36,26421.0
2025-01-30 17:30:00,602.4,602.62,602.17,602.55,53979.0
2025-01-30 17:35:00,602.56,602.76,602.46,602.73,24311.0
2025-01-30 17:40:00,602.76,603.2,602.45,602.56,21804.0
2025-01-30 17:45:00,602.52,602.96,602.52,602.9,34853.0
2025-01-30 17:50:00,602.9,603.23,602.9,603.18,32818.0
2025-01-30 17:55:00,603.22,603.35,603.08,603.32,17881.0
2025-01-30 18:00:00,603.34,603.49,603.19,603.48,15153.0
2025-01-30 18:05:00,603.43,603.95,603.33,603.87,23720.0
2025-01-30 18:10:00,603.8,603.85,603.57,603.71,20446.0
2025-01-30 18:15:00,603.78,603.9,603.78,603.83,7402.0
2025-01-30 18:20:00,603.85,604.28,603.77,604.23,18031.0
2025-01-30 18:25:00,604.25,604.31,603.72,604.0,17683.0
2025-01-30 18:30:00,604.0,604.57,603.96,604.52,25188.0
2025-01-30 18:35:00,604.54,604.99,604.45,604.88,23027.0
2025-01-30 18:40:00,604.89,605.06,604.73,604.74,30102.0
2025-01-30 18:45:00,604.72,605.05,604.72,604.95,20140.0
2025-01-30 18:50:00,604.94,605.0,604.76,604.89,25616.0
2025-01-30 18:55:00,604.85,605.07,604.66,604.94,36370.0
2025-01-30 19:00:00,604.93,604.95,604.55,604.59,76477.0
2025-01-30 19:05:00,604.64,604.95,604.62,604.85,40842.0
2025-01-30 19:10:00,604.9,605.21,604.88,605.12,22697.0
2025-01-30 19:15:00,605.13,605.17,604.93,604.97,23679.0
2025-01-30 19:20:00,605.0,605.17,604.86,605.02,22104.0
2025-01-30 19:25:00,604.99,605.03,604.82,604.91,22348.0
2025-01-30 19:30:00,604.95,604.95,604.6,604.63,22559.0
2025-01-30 19:35:00,604.66,604.88,604.6,604.87,34694.0
2025-01-30 19:40:00,604.86,604.92,604.73,604.88,24183.0
2025-01-30 19:45:00,604.88,605.16,604.81,605.14,12864.0
2025-01-30 19:50:00,605.16,605.31,605.09,605.28,25228.0
2025-01-30 19:55:00,605.31,605.71,605.23,605.66,41544.0
2025-01-30 20:00:00,605.67,606.15,605.61,606.09,81825.0
2025-01-30 20:05:00,606.09,606.12,605.65,605.99,49529.0
2025-01-30 20:10:00,606.0,606.14,605.97,606.09,28359.0
2025-01-30 20:15:00,606.08,606.35,606.01,606.34,51849.0
2025-01-30 20:20:00,606.34,606.59,606.29,606.52,58475.0
2025-01-30 20:25:00,606.51,606.58,606.23,606.3,61316.0
2025-01-30 20:30:00,606.29,606.31,605.95,606.28,57913.0
2025-01-30 20:35:00,606.28,606.29,603.63,603.69,330755.0
2025-01-30 20:40:00,603.5,603.85,601.9,602.29,476075.0
2025-01-30 20:45:00,602.13,604.09,601.84,603.8,327631.0
2025-01-30 20:50:00,603.88,604.96,603.36,604.9,327950.0
2025-01-30 20:55:00,604.93,605.6,604.61,604.97,580569.0
2025-01-31 14:30:00,607.5,607.88,607.18,607.38,486550.0
2025-01-31 14:35:00,607.42,607.83,607.07,607.66,112581.0
2025-01-31 14:40:00,607.67,607.97,607.51,607.72,40693.0
2025-01-31 14:45:00,607.76,607.99,607.51,607.55,38411.0
2025-01-31 14:50:00,607.52,608.09,607.36,607.97,47898.0
2025-01-31 14:55:00,607.95,608.15,607.69,608.11,54034.0
2025-01-31 15:00:00,608.12,608.8,608.04,608.67,90080.0
2025-01-31 15:05:00,608.7,608.8,608.25,608.65,74713.0
2025-01-31 15:10:00,608.68,608.99,608.47,608.77,74104.0
2025-01-31 15:15:00,608.8,608.88,608.69,608.79,32030.0
2025-01-31 15:20:00,608.8,609.02,608.31,608.9,82929.0
2025-01-31 15:25:00,608.88,609.0,608.79,608.96,31056.0
2025-01-31 15:30:00,608.96,609.53,608.95,609.51,77939.0
2025-01-31 15:35:00,609.49,609.54,609.21,609.44,110460.0
2025-01-31 15:40:00,609.47,609.48,609.01,609.04,57490.0
2025-01-31 15:45:00,609.03,609.51,608.85,609.46,30997.0
2025-01-31 15:50:00,609.44,609.54,609.19,609.29,31794.0
2025-01-31 15:55:00,609.26,609.63,609.24,609.45,41361.0
2025-05-06 17:30:00,559.68,560.05,559.62,560.0,40438.0
2025-05-06 17:35:00,559.96,560.13,559.09,559.12,38855.0
2025-05-06 17:40:00,559.09,559.17,558.49,558.64,90802.0
2025-05-06 17:45:00,558.51,558.66,558.34,558.49,66899.0
2025-05-06 17:50:00,558.48,558.92,558.37,558.69,31030.0
2025-05-06 17:55:00,558.68,558.72,558.32,558.44,26719.0
2025-05-06 18:00:00,558.45,559.71,558.44,559.36,164660.0
2025-05-06 18:05:00,559.29,559.36,558.78,559.21,58195.0
2025-05-06 18:10:00,559.19,559.22,558.62,559.04,40675.0
2025-05-06 18:15:00,559.04,559.74,559.03,559.72,59713.0
2025-05-06 18:20:00,559.73,560.13,559.61,560.07,42735.0
2025-05-06 18:25:00,560.04,560.51,560.04,560.5,69671.0
2025-05-06 18:30:00,560.45,560.6,560.39,560.44,49720.0
2025-05-06 18:35:00,560.44,560.51,560.05,560.4,51717.0
2025-05-06 18:40:00,560.44,560.8,560.14,560.16,103369.0
2025-05-06 18:45:00,560.28,560.61,560.2,560.42,37016.0
2025-05-06 18:50:00,560.43,560.64,559.95,560.6,48094.0
2025-05-06 18:55:00,560.53,561.08,560.53,561.04,62419.0
2025-05-06 19:00:00,561.06,561.11,560.65,560.74,55859.0
2025-05-06 19:05:00,560.71,560.78,560.03,560.21,61518.0
2025-05-06 19:10:00,560.22,560.7,559.88,560.61,61436.0
2025-05-06 19:15:00,560.6,560.8,560.23,560.24,72900.0
2025-05-06 19:20:00,560.28,560.44,560.12,560.4,38291.0
2025-05-06 19:25:00,560.41,560.87,560.35,560.79,61034.0
2025-05-06 19:30:00,560.8,561.25,560.7,561.09,104553.0
2025-05-06 19:35:00,561.12,561.22,560.56,560.68,72870.0
2025-05-06 19:40:00,560.68,561.15,560.63,561.1,100677.0
2025-05-06 19:45:00,561.1,561.39,560.87,561.02,173490.0
2025-05-06 19:50:00,561.03,561.12,559.8,560.0,346429.0
2025-05-06 19:55:00,559.97,559.97,558.72,558.8,1085664.0
2025-05-07 13:30:00,560.13,560.82,559.59,560.25,358720.0
2025-05-07 13:35:00,560.18,560.33,559.53,560.07,157243.0
2025-05-07 13:40:00,560.09,561.18,560.09,561.01,106502.0
2025-05-07 13:45:00,561.02,561.3,559.7,560.0,178556.0
2025-05-07 13:50:00,559.98,560.85,559.93,560.63,56675.0
2025-05-07 13:55:00,560.6,561.59,560.59,561.39,63400.0
2025-05-07 14:00:00,561.48,561.53,560.99,561.37,70556.0
2025-05-07 14:05:00,561.36,561.74,560.98,561.6,77421.0
2025-05-07 14:10:00,561.62,561.83,561.25,561.5,84038.0
2025-05-07 14:15:00,561.52,561.7,561.07,561.5,51968.0
2025-05-07 14:20:00,561.52,561.76,561.06,561.68,44881.0
2025-05-07 14:25:00,561.71,561.94,561.3,561.81,46987.0
2025-05-07 14:30:00,561.87,561.98,561.44,561.52,33816.0
2025-05-07 14:35:00,561.61,561.79,561.46,561.72,27489.0
2025-05-07 14:40:00,561.73,561.75,561.44,561.71,47659.0
2025-05-07 14:45:00,561.65,561.83,560.85,560.96,57668.0
2025-05-07 14:50:00,560.85,561.04,559.18,559.36,115635.0
2025-05-07 14:55:00,559.3,559.74,559.04,559.51,251304.0
2025-05-07 15:00:00,559.44,559.54,558.67,559.15,129100.0
2025-05-07 15:05:00,559.18,559.5,558.68,559.3,112179.0
2025-05-07 15:10:00,559.35,559.55,558.38,558.56,118132.0
2025-05-07 15:15:00,558.56,559.17,558.54,558.95,96058.0
2025-05-07 15:20:00,558.96,559.51,558.65,559.23,106972.0
2025-05-07 15:25:00,559.28,559.28,558.77,559.19,62998.0
2025-05-07 15:30:00,559.1,559.38,558.86,558.93,52242.0
2025-05-07 15:35:00,558.98,559.51,558.74,559.34,95660.0
2025-05-07 15:40:00,559.37,560.11,559.33,559.95,110114.0
2025-05-07 15:45:00,559.97,560.14,558.77,558.83,107649.0
2025-05-07 15:50:00,558.85,559.82,558.6,559.64,93019.0
2025-05-07 15:55:00,559.62,560.06,559.49,559.94,59865.0
2025-05-07 16:00:00,559.91,560.09,559.67,559.91,44069.0
2025-05-07 16:05:00,559.92,560.23,559.42,559.91,58820.0
2025-05-07 16:10:00,559.9,560.14,559.8,559.96,33009.0
2025-05-07 16:15:00,560.02,560.33,559.71,560.33,46463.0
2025-05-07 16:20:00,560.36,560.4,559.29,559.39,48571.0
2025-05-07 16:25:00,559.43,559.78,559.11,559.18,31978.0
2025-05-07 16:30:00,559.19,559.65,559.09,559.58,19392.0
2025-05-07 16:35:00,559.51,559.9,559.46,559.9,12713.0
2025-05-07 16:40:00,559.87,560.54,559.87,560.48,39962.0
2025-05-07 16:45:00,560.53,560.69,560.26,560.48,27184.0
2025-05-07 16:50:00,560.56,561.05,560.34,560.94,31186.0
2025-05-07 16:55:00,561.03,561.37,560.92,561.25,25883.0
2025-05-07 17:00:00,561.24,561.55,561.07,561.39,35827.0
2025-05-07 17:05:00,561.4,561.45,561.28,561.35,16932.0
2025-05-07 17:10:00,561.38,561.85,561.32,561.73,27152.0
2025-05-07 17:15:00,561.74,561.8,561.33,561.33,36086.0
2025-05-07 17:20:00,561.32,561.62,560.83,561.57,42823.0
2025-05-07 17:25:00,561.58,561.66,561.22,561.24,19940.0
2025-05-07 17:30:00,561.26,561.38,560.87,560.92,23569.0
2025-05-07 17:35:00,560.88,560.88,560.17,560.44,46139.0
2025-05-07 17:40:00,560.4,560.63,560.16,560.2,28070.0
2025-05-07 17:45:00,560.21,560.68,560.15,560.68,26559.0
2025-05-07 17:50:00,560.7,560.74,558.81,559.41,192943.0
2025-05-07 17:55:00,559.32,559.68,558.87,559.2,112205.0
2025-05-07 18:00:00,559.18,560.5,558.6,559.52,193779.0
2025-05-07 18:05:00,559.53,559.53,556.05,556.63,249152.0
2025-05-07 18:10:00,556.58,557.55,556.3,556.69,192431.0
2025-05-07 18:15:00,556.65,557.31,556.12,557.23,141587.0
2025-05-07 18:20:00,557.2,558.14,557.15,557.45,89654.0
2025-05-07 18:25:00,557.47,558.37,557.44,557.98,60260.0
2025-05-07 18:30:00,557.96,559.58,557.55,559.34,126846.0
2025-05-07 18:35:00,559.39,560.26,558.7,559.94,205304.0
2025-05-07 18:40:00,559.94,560.33,559.39,559.53,126872.0
2025-05-07 18:45:00,559.63,559.94,557.33,557.96,144141.0
2025-05-07 18:50:00,558.17,558.63,557.37,558.36,91576.0
2025-05-07 18:55:00,558.5,561.22,558.5,560.86,200924.0
2025-05-07 19:00:00,560.84,560.93,559.81,560.4,192956.0
2025-05-07 19:05:00,560.41,560.98,559.8,560.67,133461.0
2025-05-07 19:10:00,560.68,560.77,559.32,560.0,70776.0
2025-05-07 19:15:00,560.15,560.5,559.25,560.5,74846.0
2025-05-07 19:20:00,560.52,560.53,559.43,559.56,71121.0
2025-05-07 19:25:00,559.47,559.47,557.72,557.92,173462.0
2025-05-07 19:30:00,557.87,558.52,557.52,557.6,164440.0
2025-05-07 19:35:00,557.63,559.27,557.52,558.88,119207.0
2025-05-07 19:40:00,558.83,563.78,558.63,561.96,571299.0
2025-05-07 19:45:00,561.98,562.91,560.39,560.6,418885.0
2025-05-07 19:50:00,560.5,561.22,559.06,560.51,254011.0
2025-05-07 19:55:00,560.53,561.94,560.18,561.23,681937.0
2025-05-08 13:30:00,565.22,565.64,564.6,564.76,410212.0
2025-05-08 13:35:00,564.72,565.14,564.15,564.21,149009.0
2025-05-08 13:40:00,564.24,565.02,564.24,564.83,75029.0
2025-05-08 13:45:00,564.83,564.83,563.56,563.85,84236.0
2025-05-08 13:50:00,563.85,564.19,563.6,563.94,73568.0
2025-05-08 13:55:00,563.91,564.68,563.87,564.14,105028.0
2025-05-08 14:00:00,564.16,564.82,563.95,564.41,104329.0
2025-05-08 14:05:00,564.4,564.4,563.19,563.48,115546.0
2025-05-08 14:10:00,563.37,563.53,562.33,562.83,79019.0
2025-05-08 14:15:00,562.78,563.64,562.7,563.57,74850.0
2025-05-08 14:20:00,563.52,564.48,563.39,563.86,178001.0
2025-05-08 14:25:00,563.79,564.6,563.74,564.41,103723.0
2025-05-08 14:30:00,564.45,565.16,564.29,564.7,109085.0
2025-05-08 14:35:00,564.77,564.87,563.58,563.67,94073.0
2025-05-08 14:40:00,563.7,564.12,563.33,563.99,55821.0
2025-05-08 14:45:00,563.91,564.06,563.17,563.35,57723.0
2025-05-08 14:50:00,563.36,564.26,562.11,562.74,187121.0
2025-05-08 14:55:00,562.71,563.07,561.7,562.6,211307.0
2025-05-08 15:00:00,562.55,563.12,562.03,562.25,147563.0
2025-05-08 15:05:00,562.25,563.79,562.17,563.75,102842.0
2025-05-08 15:10:00,563.73,564.44,563.66,564.31,98771.0
2025-05-08 15:15:00,564.32,564.67,564.15,564.6,67819.0
2025-05-08 15:20:00,564.61,566.05,564.61,565.96,259966.0
2025-05-08 15:25:00,565.98,567.07,565.9,566.13,340282.0
2025-05-08 15:30:00,566.23,566.72,565.44,566.62,375802.0
2025-05-08 15:35:00,566.62,567.24,566.46,567.24,156371.0
2025-05-08 15:40:00,567.28,569.65,567.26,569.02,446379.0
2025-05-08 15:45:00,569.07,569.59,568.93,569.4,214053.0
2025-05-08 15:50:00,569.36,569.49,568.27,568.88,186199.0
2025-05-08 15:55:00,568.86,568.91,568.11,568.38,94858.0
2025-05-08 16:00:00,568.43,568.91,568.34,568.86,54252.0
2025-05-08 16:05:00,568.84,569.26,568.74,569.25,47294.0
2025-05-08 16:10:00,569.26,569.35,568.58,569.24,83304.0
2025-05-08 16:15:00,569.23,569.71,569.23,569.43,55140.0
2025-05-08 16:20:00,569.45,569.68,569.01,569.23,98622.0
2025-05-08 16:25:00,569.22,569.28,568.75,568.77,47871.0
2025-05-08 16:30:00,568.78,569.17,568.71,568.99,34972.0
2025-05-08 16:35:00,568.97,569.47,568.91,569.39,48620.0
2025-05-08 16:40:00,569.38,569.8,569.16,569.69,80323.0
2025-05-08 16:45:00,569.69,570.06,569.46,569.98,78134.0
2025-05-08 16:50:00,569.96,570.31,569.85,570.15,88527.0
2025-05-08 16:55:00,570.16,570.24,570.02,570.11,61486.0
2025-05-08 17:00:00,570.12,570.17,569.53,569.54,82014.0
2025-05-08 17:05:00,569.59,569.79,569.33,569.33,53266.0
2025-05-08 17:10:00,569.36,569.46,569.04,569.28,78989.0
2025-05-08 17:15:00,569.3,569.44,569.09,569.21,30556.0
2025-05-08 17:20:00,569.21,569.59,568.89,569.55,36293.0
2025-05-08 17:25:00,569.54,569.54,569.03,569.19,33780.0
2025-05-08 17:30:00,569.2,569.37,568.58,568.6,41436.0
2025-05-08 17:35:00,568.61,568.91,568.31,568.75,65311.0
2025-05-08 17:40:00,568.78,568.81,568.45,568.72,17875.0
2025-05-08 17:45:00,568.75,568.79,568.19,568.56,50505.0
2025-05-08 17:50:00,568.51,568.85,568.31,568.71,34742.0
2025-05-08 17:55:00,568.7,568.7,567.62,567.69,58362.0
2025-05-08 18:00:00,567.68,567.97,567.43,567.64,115416.0
2025-05-08 18:05:00,567.66,568.26,567.62,568.22,47908.0
2025-05-08 18:10:00,568.15,568.41,567.93,568.29,54609.0
2025-05-08 18:15:00,568.28,568.69,568.2,568.49,62630.0
2025-05-08 18:20:00,568.56,568.69,567.99,568.1,48823.0
2025-05-08 18:25:00,568.12,568.39,567.96,568.03,30952.0
2025-05-08 18:30:00,568.03,568.94,568.03,568.85,54518.0
2025-05-08 18:35:00,568.85,569.02,568.72,568.8,26432.0
2025-05-08 18:40:00,568.81,569.12,568.81,569.06,24626.0
2025-05-08 18:45:00,569.05,569.05,568.75,568.75,26099.0
2025-05-08 18:50:00,568.72,568.88,568.33,568.68,44530.0
2025-05-08 18:55:00,568.61,568.75,568.29,568.35,100287.0
2025-05-08 19:00:00,568.34,568.39,567.76,568.28,146469.0
2025-05-08 19:05:00,568.29,568.33,567.72,567.82,61530.0
2025-05-08 19:10:00,567.83,568.03,567.63,567.9,60786.0
2025-05-08 19:15:00,567.89,568.3,567.73,568.27,148916.0
2025-05-08 19:20:00,568.26,569.37,568.13,568.87,410315.0
2025-05-08 19:25:00,568.91,569.34,568.59,569.02,237388.0
2025-05-08 19:30:00,569.03,569.13,568.5,568.68,126672.0
2025-05-08 19:35:00,568.7,568.7,567.85,567.92,163495.0
2025-05-08 19:40:00,567.93,567.98,567.46,567.58,190072.0
2025-05-08 19:45:00,567.6,567.6,566.69,566.97,193177.0
2025-05-08 19:50:00,567.02,567.22,565.42,565.44,439883.0
2025-05-08 19:55:00,565.48,565.61,564.54,564.91,1043248.0
2025-05-09 13:30:00,566.41,567.28,566.41,567.2,292796.0
2025-05-09 13:35:00,567.27,567.5,567.01,567.02,87591.0
2025-05-09 13:40:00,567.0,567.07,566.12,566.25,114341.0
2025-05-09 13:45:00,566.28,566.73,566.07,566.49,114872.0
2025-05-09 13:50:00,566.45,566.6,565.82,566.5,55981.0
2025-05-09 13:55:00,566.48,567.1,566.42,566.98,52314.0
2025-05-09 14:00:00,566.95,567.25,566.83,567.05,52447.0
2025-05-09 14:05:00,567.1,567.34,566.55,567.2,51308.0
2025-05-09 14:10:00,567.19,567.27,566.47,566.73,59510.0
2025-05-09 14:15:00,566.71,566.71,565.73,565.76,52776.0
2025-05-09 14:20:00,565.75,565.85,565.16,565.24,68584.0
2025-05-09 14:25:00,565.2,565.43,563.83,564.47,133729.0
2025-05-09 14:30:00,564.46,564.75,564.02,564.12,115508.0
2025-05-09 14:35:00,564.12,564.14,562.81,563.31,157061.0
2025-05-09 14:40:00,563.26,564.17,562.97,564.12,111553.0
2025-05-09 14:45:00,564.15,564.36,563.6,564.25,78694.0
2025-05-09 14:50:00,564.28,564.66,563.64,564.01,69841.0
2025-05-09 14:55:00,564.04,564.88,563.92,564.52,66554.0
2025-05-09 15:00:00,564.58,565.14,564.3,565.04,57818.0
2025-05-09 15:05:00,565.1,565.26,565.03,565.22,38274.0
2025-05-09 15:10:00,565.18,565.18,564.25,564.76,67125.0
2025-05-09 15:15:00,564.72,565.13,564.35,564.82,33192.0
2025-05-09 15:20:00,564.82,564.83,564.07,564.26,57364.0
2025-05-09 15:25:00,564.23,564.63,563.99,564.55,46694.0
2025-05-09 15:30:00,564.54,564.77,563.91,564.77,57910.0
2025-05-09 15:35:00,564.79,565.03,564.45,564.51,52999.0
2025-05-09 15:40:00,564.61,564.77,564.25,564.7,68432.0
2025-05-09 15:45:00,564.72,565.09,564.51,564.9,40285.0
2025-05-09 15:50:00,564.92,565.52,564.78,565.17,55130.0
2025-05-09 15:55:00,565.13,565.58,565.1,565.58,29935.0
2025-05-09 16:00:00,565.53,565.62,564.14,564.14,32758.0
2025-05-09 16:05:00,564.07,564.63,564.0,564.02,31715.0
2025-05-09 16:10:00,564.06,564.32,563.48,564.3,44898.0
2025-05-09 16:15:00,564.37,564.55,563.88,564.24,47619.0
2025-05-09 16:20:00,564.22,564.51,564.17,564.31,37112.0
2025-05-09 16:25:00,564.32,564.33,563.82,563.88,25564.0
2025-05-09 16:30:00,563.81,564.19,563.62,563.8,34040.0
2025-05-09 16:35:00,563.91,564.52,563.89,563.9,39560.0
2025-05-09 16:40:00,563.88,564.23,563.78,563.78,18265.0
2025-05-09 16:45:00,563.72,563.77,563.1,563.36,20275.0
2025-05-09 16:50:00,563.36,563.84,563.21,563.84,24126.0
2025-05-09 16:55:00,563.88,563.98,563.3,563.44,50371.0
2025-05-09 17:00:00,563.3,563.66,563.3,563.4,32557.0
2025-05-09 17:05:00,563.47,563.76,563.06,563.76,60074.0
2025-05-09 17:10:00,563.74,564.12,563.4,563.44,52558.0
2025-05-09 17:15:00,563.45,564.16,563.43,564.01,23496.0
2025-05-09 17:20:00,564.01,564.43,562.87,564.07,151432.0
2025-05-09 17:25:00,564.06,564.35,563.91,564.0,29756.0
2025-05-09 17:30:00,563.96,564.11,563.55,563.81,24367.0
2025-05-09 17:35:00,563.83,564.35,563.83,564.32,24625.0
2025-05-09 17:40:00,564.29,564.9,564.14,564.78,39358.0
2025-05-09 17:45:00,564.8,565.07,564.78,565.02,33930.0
2025-05-09 17:50:00,565.02,565.02,564.5,564.87,44943.0
2025-05-09 17:55:00,564.85,565.35,564.79,565.24,24065.0
2025-05-09 18:00:00,565.22,565.29,564.78,564.81,29748.0
2025-05-09 18:05:00,564.78,565.1,564.62,564.67,29314.0
2025-05-09 18:10:00,564.62,564.88,564.6,564.79,16353.0
2025-05-09 18:15:00,564.77,565.0,564.1,564.35,39985.0
2025-05-09 18:20:00,564.42,564.68,564.27,564.62,26507.0
2025-05-09 18:25:00,564.58,564.66,564.2,564.28,14210.0
2025-05-09 18:30:00,564.3,564.78,564.25,564.72,22763.0
2025-05-09 18:35:00,564.71,564.72,564.3,564.58,18248.0
2025-05-09 18:40:00,564.59,564.7,564.45,564.56,16038.0
2025-05-09 18:45:00,564.54,564.97,564.53,564.85,24680.0
2025-05-09 18:50:00,564.86,565.1,564.57,564.84,32746.0
2025-05-09 18:55:00,564.86,564.95,564.77,564.83,19455.0
2025-05-09 19:00:00,564.87,565.31,564.87,565.19,44781.0
2025-05-09 19:05:00,565.24,565.85,565.09,565.68,44392.0
2025-05-09 19:10:00,565.71,565.88,565.14,565.47,55412.0
2025-05-09 19:15:00,565.48,565.52,565.16,565.47,49654.0
2025-05-09 19:20:00,565.49,565.54,564.87,565.21,59677.0
2025-05-09 19:25:00,565.2,565.26,564.93,564.95,41836.0
2025-05-09 19:30:00,564.97,565.15,564.19,565.01,119033.0
2025-05-09 19:35:00,564.96,565.17,564.57,564.72,91973.0
2025-05-09 19:40:00,564.75,564.89,564.59,564.77,63550.0
2025-05-09 19:45:00,564.74,564.79,564.13,564.44,131214.0
2025-05-09 19:50:00,564.42,565.06,564.41,564.95,164431.0
2025-05-09 19:55:00,564.94,564.94,564.11,564.28,607431.0
2025-05-12 13:30:00,581.48,581.73,579.22,579.24,902835.0
2025-05-12 13:35:00,579.24,579.61,578.89,579.24,372479.0
2025-05-12 13:40:00,579.24,579.49,578.44,578.82,309399.0
2025-05-12 13:45:00,578.84,579.31,578.36,579.17,245849.0
2025-05-12 13:50:00,579.16,580.31,578.97,579.73,183411.0
2025-05-12 13:55:00,579.74,579.85,578.64,578.83,180863.0
2025-05-12 14:00:00,578.83,579.5,578.53,579.29,177299.0
2025-05-12 14:05:00,579.27,579.65,578.91,579.04,95900.0
2025-05-12 14:10:00,579.02,580.19,578.95,580.13,176992.0
2025-05-12 14:15:00,580.14,580.49,579.82,579.84,144534.0
2025-05-12 14:20:00,579.86,580.05,579.22,579.59,161682.0
2025-05-12 14:25:00,579.59,579.59,577.9,578.26,256584.0
2025-05-12 14:30:00,578.27,578.28,577.04,577.82,336301.0
2025-05-12 14:35:00,577.8,578.32,577.47,578.28,172305.0
2025-05-12 14:40:00,578.27,579.32,578.17,579.32,147534.0
2025-05-12 14:45:00,579.31,579.7,579.18,579.57,160773.0
2025-05-12 14:50:00,579.57,580.16,579.39,580.05,154727.0
2025-05-12 14:55:00,580.09,580.17,578.96,579.05,121580.0
2025-05-12 15:00:00,579.06,579.72,578.9,579.63,139782.0
2025-05-12 15:05:00,579.62,579.73,578.96,579.05,146361.0
2025-05-12 15:10:00,579.08,579.61,578.9,579.33,111481.0
2025-05-12 15:15:00,579.33,579.44,578.94,579.23,132271.0
2025-05-12 15:20:00,579.22,579.27,578.16,578.61,141383.0
2025-05-12 15:25:00,578.65,579.16,578.36,578.85,128625.0
2025-05-12 15:30:00,578.87,579.31,578.78,579.07,118799.0
2025-05-12 15:35:00,579.06,579.32,578.46,578.73,122852.0
2025-05-12 15:40:00,578.73,578.8,578.24,578.48,102741.0
2025-05-12 15:45:00,578.49,578.8,578.38,578.58,69332.0
2025-05-12 15:50:00,578.61,578.68,578.04,578.34,119065.0
2025-05-12 15:55:00,578.38,578.72,578.05,578.16,83313.0
2025-05-12 16:00:00,578.18,578.6,577.98,578.52,79843.0
2025-05-12 16:05:00,578.56,579.07,578.56,579.07,65534.0
2025-05-12 16:10:00,579.08,579.19,578.8,579.14,40347.0
2025-05-12 16:15:00,579.13,579.36,578.83,579.07,130575.0
2025-05-12 16:20:00,579.07,579.77,578.89,579.77,69339.0
2025-05-12 16:25:00,579.79,579.82,579.26,579.33,70607.0
2025-05-12 16:30:00,579.31,579.72,579.25,579.66,41642.0
2025-05-12 16:35:00,579.66,579.93,579.66,579.75,48453.0
2025-05-12 16:40:00,579.74,580.31,579.7,580.25,65401.0
2025-05-12 16:45:00,580.25,580.84,580.15,580.73,85793.0
2025-05-12 16:50:00,580.71,581.2,580.6,581.04,103404.0
2025-05-12 16:55:00,581.04,581.17,580.8,581.07,109211.0
2025-05-12 17:00:00,581.08,581.45,580.97,581.42,119899.0
2025-05-12 17:05:00,581.41,582.42,581.25,582.24,187467.0
2025-05-12 17:10:00,582.24,582.3,581.69,581.88,129227.0
2025-05-12 17:15:00,581.89,581.89,581.61,581.7,77635.0
2025-05-12 17:20:00,581.68,581.68,581.06,581.28,95815.0
2025-05-12 17:25:00,581.3,581.6,581.14,581.32,53994.0
2025-05-12 17:30:00,581.31,581.82,581.31,581.46,63294.0
2025-05-12 17:35:00,581.45,581.61,581.16,581.58,60556.0
2025-05-12 17:40:00,581.6,581.66,581.37,581.48,53464.0
2025-05-12 17:45:00,581.52,581.87,581.49,581.63,45027.0
2025-05-12 17:50:00,581.65,581.96,581.65,581.95,53986.0
2025-05-12 17:55:00,581.95,582.0,581.5,581.5,83977.0
2025-05-12 18:00:00,581.51,582.07,581.48,582.04,81802.0
2025-05-12 18:05:00,582.06,582.08,581.73,581.77,57356.0
2025-05-12 18:10:00,581.83,581.85,581.34,581.65,66734.0
2025-05-12 18:15:00,581.64,582.12,581.54,582.1,71438.0
2025-05-12 18:20:00,582.1,582.17,581.84,581.99,57735.0
2025-05-12 18:25:00,581.97,582.14,581.74,581.95,60776.0
2025-05-12 18:30:00,581.98,582.23,581.98,582.11,67926.0
2025-05-12 18:35:00,582.12,582.42,581.99,582.32,54744.0
2025-05-12 18:40:00,582.32,582.58,582.12,582.18,75516.0
2025-05-12 18:45:00,582.21,582.35,581.91,582.0,37912.0
2025-05-12 18:50:00,582.0,582.06,581.53,581.62,86847.0
2025-05-12 18:55:00,581.62,581.91,581.5,581.55,92784.0
2025-05-12 19:00:00,581.54,582.03,581.15,582.03,115443.0
2025-05-12 19:05:00,582.02,582.19,581.83,582.09,86037.0
2025-05-12 19:10:00,582.1,582.1,581.58,581.67,64631.0
2025-05-12 19:15:00,581.69,582.11,581.47,581.97,89893.0
2025-05-12 19:20:00,581.98,582.02,581.64,581.73,142644.0
2025-05-12 19:25:00,581.72,581.75,581.34,581.5,159923.0
2025-05-12 19:30:00,581.51,581.83,581.38,581.63,196990.0
2025-05-12 19:35:00,581.63,581.67,581.2,581.27,176262.0
2025-05-12 19:40:00,581.3,581.4,580.92,581.11,178840.0
2025-05-12 19:45:00,581.12,581.43,580.8,581.33,283029.0
2025-05-12 19:50:00,581.32,582.28,581.32,582.07,440659.0
2025-05-12 19:55:00,582.06,583.0,581.58,582.83,1421178.0
2025-05-13 13:30:00,583.46,583.59,582.84,583.48,567863.0
2025-05-13 13:35:00,583.48,584.25,583.37,584.21,276859.0
2025-05-13 13:40:00,584.23,584.67,583.87,584.38,160248.0
2025-05-13 13:45:00,584.41,584.52,584.05,584.13,94661.0
2025-05-13 13:50:00,584.14,584.91,584.14,584.78,111940.0
2025-05-13 13:55:00,584.75,585.46,584.67,585.27,170114.0
2025-05-13 14:00:00,585.29,585.76,585.23,585.7,306630.0
2025-05-13 14:05:00,585.72,586.34,585.54,586.2,140949.0
2025-05-13 14:10:00,586.18,587.29,585.88,587.26,186802.0
2025-05-13 14:15:00,587.25,587.9,586.93,587.19,279596.0
2025-05-13 14:20:00,587.22,587.32,586.81,587.22,154352.0
2025-05-13 14:25:00,587.23,587.63,586.8,586.82,147754.0
2025-05-13 14:30:00,586.85,587.26,586.55,586.96,94870.0
2025-05-13 14:35:00,586.98,587.17,586.78,586.92,81067.0
2025-05-13 14:40:00,586.96,587.08,586.16,586.16,107558.0
2025-05-13 14:45:00,586.19,586.86,586.11,586.43,93388.0
2025-05-13 14:50:00,586.46,587.34,586.44,587.03,87434.0
2025-05-13 14:55:00,587.0,587.36,586.93,587.08,79899.0
2025-05-13 15:00:00,587.11,587.25,586.87,587.09,69561.0
2025-05-13 15:05:00,587.1,587.16,586.75,587.07,73774.0
2025-05-13 15:10:00,587.08,587.36,586.97,586.97,71064.0
2025-05-13 15:15:00,587.0,587.5,586.99,587.5,82798.0
2025-05-13 15:20:00,587.48,587.54,587.21,587.42,69231.0
2025-05-13 15:25:00,587.43,588.09,587.43,587.7,128861.0
2025-05-13 15:30:00,587.69,588.05,587.61,587.95,99793.0
2025-05-13 15:35:00,587.94,588.17,587.69,588.07,105450.0
2025-05-13 15:40:00,588.09,588.15,587.86,588.03,102652.0
2025-05-13 15:45:00,588.04,588.43,587.7,587.8,107971.0
2025-05-13 15:50:00,587.8,587.8,587.33,587.51,92445.0
2025-05-13 15:55:00,587.5,587.87,587.49,587.65,58079.0
2025-05-13 16:00:00,587.67,587.71,587.01,587.1,64498.0
2025-05-13 16:05:00,587.1,587.32,586.98,587.2,58111.0
2025-05-13 16:10:00,587.2,587.64,586.97,587.61,59602.0
2025-05-13 16:15:00,587.58,587.62,587.06,587.06,51373.0
2025-05-13 16:20:00,587.04,587.35,586.96,587.28,46393.0
2025-05-13 16:25:00,587.31,587.81,587.3,587.67,65943.0
2025-05-13 16:30:00,587.66,587.76,587.3,587.54,55317.0
2025-05-13 16:35:00,587.58,588.04,587.57,588.0,47717.0
2025-05-13 16:40:00,588.02,588.03,587.85,588.01,48391.0
2025-05-13 16:45:00,588.02,588.35,588.02,588.21,46766.0
2025-05-13 16:50:00,588.19,588.19,587.93,588.11,36538.0
2025-05-13 16:55:00,588.13,588.22,587.91,587.96,47100.0
2025-05-13 17:00:00,587.96,588.13,587.75,587.95,83830.0
2025-05-13 17:05:00,587.96,588.02,587.7,587.85,45575.0
2025-05-13 17:10:00,587.88,587.96,587.66,587.74,74337.0
2025-05-13 17:15:00,587.77,588.31,587.69,588.2,66043.0
2025-05-13 17:20:00,588.2,588.37,588.03,588.31,44711.0
2025-05-13 17:25:00,588.32,588.39,588.17,588.33,44799.0
2025-05-13 17:30:00,588.34,589.06,588.31,588.88,123635.0
2025-05-13 17:35:00,588.88,589.01,588.53,588.6,93384.0
2025-05-13 17:40:00,588.63,588.81,588.37,588.46,59329.0
2025-05-13 17:45:00,588.44,588.73,588.39,588.68,35031.0
2025-05-13 17:50:00,588.64,588.85,588.12,588.15,63858.0
2025-05-13 17:55:00,588.12,588.31,587.86,587.92,70130.0
2025-05-13 18:00:00,587.92,588.07,587.49,588.03,73981.0
2025-05-13 18:05:00,588.03,588.26,587.85,587.89,82556.0
2025-05-13 18:10:00,587.91,588.23,587.91,588.17,54692.0
2025-05-13 18:15:00,588.18,588.29,587.85,588.15,69902.0
2025-05-13 18:20:00,588.19,588.33,588.0,588.16,68640.0
2025-05-13 18:25:00,588.16,588.2,587.86,587.86,51065.0
2025-05-13 18:30:00,587.92,588.06,587.78,587.84,46668.0
2025-05-13 18:35:00,587.83,588.07,587.77,587.9,46129.0
2025-05-13 18:40:00,587.9,587.94,587.49,587.66,53979.0
2025-05-13 18:45:00,587.65,587.79,587.49,587.76,47425.0
2025-05-13 18:50:00,587.74,588.06,587.62,588.01,65288.0
2025-05-13 18:55:00,588.01,588.7,587.88,588.59,112792.0
2025-05-13 19:00:00,588.59,588.62,588.26,588.45,84585.0
2025-05-13 19:05:00,588.45,588.62,588.23,588.31,83556.0
2025-05-13 19:10:00,588.32,588.76,588.27,588.72,105055.0
2025-05-13 19:15:00,588.72,588.95,588.64,588.64,62430.0
2025-05-13 19:20:00,588.63,588.74,588.27,588.36,73477.0
2025-05-13 19:25:00,588.37,588.65,588.31,588.46,55978.0
2025-05-13 19:30:00,588.44,588.83,588.4,588.74,83790.0
2025-05-13 19:35:00,588.72,589.07,588.52,588.89,165136.0
2025-05-13 19:40:00,588.9,588.92,588.57,588.67,133151.0
2025-05-13 19:45:00,588.69,588.7,588.08,588.16,219210.0
2025-05-13 19:50:00,588.17,588.6,587.3,587.3,395904.0
2025-05-13 19:55:00,587.31,587.57,586.73,586.8,948391.0
2025-05-14 13:30:00,587.83,588.79,587.82,588.79,467923.0
2025-05-14 13:35:00,588.8,588.97,588.28,588.3,233794.0
2025-05-14 13:40:00,588.31,588.43,587.67,587.75,204010.0
2025-05-14 13:45:00,587.81,587.82,586.47,586.97,217546.0
2025-05-14 13:50:00,587.0,587.45,586.51,586.98,199767.0
2025-05-14 13:55:00,586.96,587.56,586.48,587.53,176009.0
2025-05-14 14:00:00,587.54,587.63,586.99,587.38,179772.0
2025-05-14 14:05:00,587.4,587.81,586.73,587.14,188458.0
2025-05-14 14:10:00,587.15,587.46,586.39,587.17,201373.0
2025-05-14 14:15:00,587.2,587.3,586.7,587.02,144437.0
2025-05-14 14:20:00,587.02,587.55,586.75,587.3,155926.0
2025-05-14 14:25:00,587.29,587.55,587.22,587.5,87559.0
2025-05-14 14:30:00,587.49,587.91,587.14,587.4,141160.0
2025-05-14 14:35:00,587.38,587.58,587.18,587.29,87704.0
2025-05-14 14:40:00,587.28,587.53,586.99,587.01,81412.0
2025-05-14 14:45:00,587.05,587.42,586.85,587.4,97934.0
2025-05-14 14:50:00,587.4,587.85,587.34,587.66,113816.0
2025-05-14 14:55:00,587.7,587.78,587.43,587.54,64068.0
2025-05-14 15:00:00,587.54,587.62,585.98,586.12,149215.0
2025-05-14 15:05:00,586.14,586.67,585.8,586.62,180556.0
2025-05-14 15:10:00,586.6,587.19,586.5,587.08,128372.0
2025-05-14 15:15:00,587.1,587.11,586.81,587.0,90772.0
2025-05-14 15:20:00,586.98,587.68,586.91,587.57,114169.0
2025-05-14 15:25:00,587.57,588.09,587.46,587.9,113270.0
2025-05-14 15:30:00,587.87,588.2,587.74,588.11,91693.0
2025-05-14 15:35:00,588.1,588.35,587.98,588.24,100611.0
2025-05-14 15:40:00,588.24,588.26,587.99,588.17,93840.0
2025-05-14 15:45:00,588.17,588.23,587.83,587.9,96586.0
2025-05-14 15:50:00,587.87,588.16,587.71,587.91,69838.0
2025-05-14 15:55:00,587.91,588.2,587.71,588.02,46908.0
2025-05-14 16:00:00,588.0,588.31,587.86,588.21,47781.0
2025-05-14 16:05:00,588.21,588.54,588.11,588.32,79398.0
2025-05-14 16:10:00,588.35,588.42,587.98,588.06,53644.0
2025-05-14 16:15:00,588.09,588.16,587.85,587.86,47886.0
2025-05-14 16:20:00,587.87,588.08,587.69,587.91,53952.0
2025-05-14 16:25:00,587.91,588.12,587.83,587.93,43647.0
2025-05-14 16:30:00,587.95,588.56,587.92,588.41,84152.0
2025-05-14 16:35:00,588.43,588.51,587.64,587.72,63536.0
2025-05-14 16:40:00,587.7,587.7,587.11,587.36,118107.0
2025-05-14 16:45:00,587.36,587.77,587.29,587.38,72310.0
2025-05-14 16:50:00,587.39,587.75,587.32,587.61,47700.0
2025-05-14 16:55:00,587.6,587.65,587.4,587.46,39837.0
2025-05-14 17:00:00,587.47,587.51,587.11,587.25,78290.0
2025-05-14 17:05:00,587.23,587.47,587.04,587.37,70400.0
2025-05-14 17:10:00,587.38,587.38,586.8,587.04,110323.0
2025-05-14 17:15:00,587.06,587.1,586.32,586.73,163680.0
2025-05-14 17:20:00,586.72,586.72,585.56,585.86,149066.0
2025-05-14 17:25:00,585.85,586.5,585.63,586.33,151166.0
2025-05-14 17:30:00,586.32,586.66,586.23,586.35,87642.0
2025-05-14 17:35:00,586.32,586.9,586.32,586.82,67676.0
2025-05-14 17:40:00,586.82,587.14,586.71,586.79,84766.0
2025-05-14 17:45:00,586.79,586.86,586.55,586.8,63511.0
2025-05-14 17:50:00,586.8,587.41,586.8,587.21,103463.0
2025-05-14 17:55:00,587.21,587.36,587.06,587.33,60350.0
2025-05-14 18:00:00,587.35,587.43,587.08,587.32,70518.0
2025-05-14 18:05:00,587.32,587.69,587.25,587.36,71765.0
2025-05-14 18:10:00,587.39,587.39,586.92,587.15,86365.0
2025-05-14 18:15:00,587.16,587.57,587.02,587.54,87621.0
2025-05-14 18:20:00,587.52,587.52,587.09,587.15,59785.0
2025-05-14 18:25:00,587.14,587.4,586.58,586.86,88752.0
2025-05-14 18:30:00,586.87,588.22,586.87,587.98,182136.0
2025-05-14 18:35:00,587.99,588.1,587.23,587.58,112255.0
2025-05-14 18:40:00,587.58,587.91,587.51,587.81,64905.0
2025-05-14 18:45:00,587.83,587.87,587.43,587.61,99021.0
2025-05-14 18:50:00,587.61,587.88,587.45,587.74,98753.0
2025-05-14 18:55:00,587.74,587.74,587.41,587.62,79323.0
2025-05-14 19:00:00,587.62,587.65,587.12,587.12,114823.0
2025-05-14 19:05:00,587.12,587.55,587.03,587.28,103363.0
2025-05-14 19:10:00,587.3,587.7,587.28,587.58,97988.0
2025-05-14 19:15:00,587.55,587.79,587.41,587.49,73520.0
2025-05-14 19:20:00,587.45,587.56,586.54,586.71,189539.0
2025-05-14 19:25:00,586.69,587.15,586.48,586.98,135641.0
2025-05-14 19:30:00,587.0,587.3,586.86,587.0,126288.0
2025-05-14 19:35:00,586.98,587.18,586.64,586.79,153669.0
2025-05-14 19:40:00,586.78,587.09,586.51,586.75,170179.0
2025-05-14 19:45:00,586.73,587.0,586.39,586.93,271660.0
2025-05-14 19:50:00,586.96,588.14,586.96,587.73,519120.0
2025-05-14 19:55:00,587.7,587.9,587.22,587.55,1246367.0
2025-05-15 13:30:00,585.56,586.45,585.53,586.36,468186.0
2025-05-15 13:35:00,586.36,586.45,585.7,585.79,199915.0
2025-05-15 13:40:00,585.77,586.31,585.51,586.24,212370.0
2025-05-15 13:45:00,586.23,586.27,585.1,585.37,195562.0
2025-05-15 13:50:00,585.35,586.13,585.14,585.94,148586.0
2025-05-15 13:55:00,585.93,586.21,585.7,586.14,166026.0
2025-05-15 14:00:00,586.13,587.13,586.11,586.81,248954.0
2025-05-15 14:05:00,586.8,586.81,586.24,586.26,129001.0
2025-05-15 14:10:00,586.23,586.3,585.55,586.24,182127.0
2025-05-15 14:15:00,586.24,586.56,585.69,586.48,151498.0
2025-05-15 14:20:00,586.49,586.69,586.24,586.55,111422.0
2025-05-15 14:25:00,586.56,586.65,585.8,585.88,116728.0
2025-05-15 14:30:00,585.87,585.98,585.47,585.62,135237.0
2025-05-15 14:35:00,585.59,585.89,585.32,585.75,162885.0
2025-05-15 14:40:00,585.74,586.25,585.72,585.99,107842.0
2025-05-15 14:45:00,585.95,586.33,585.87,585.88,71648.0
2025-05-15 14:50:00,585.86,586.36,585.65,586.33,89687.0
2025-05-15 14:55:00,586.32,586.63,586.3,586.63,97197.0
2025-05-15 15:00:00,586.65,587.3,586.48,587.22,148038.0
2025-05-15 15:05:00,587.25,587.47,587.11,587.14,152947.0
2025-05-15 15:10:00,587.17,587.65,587.16,587.62,137853.0
2025-05-15 15:15:00,587.61,588.28,587.6,588.13,190271.0
2025-05-15 15:20:00,588.14,588.89,588.1,588.3,199805.0
2025-05-15 15:25:00,588.31,588.52,587.97,588.35,132491.0
2025-05-15 15:30:00,588.37,588.4,588.07,588.3,79781.0
2025-05-15 15:35:00,588.32,588.57,588.17,588.56,88142.0
2025-05-15 15:40:00,588.59,589.42,588.59,589.28,124201.0
2025-05-15 15:45:00,589.3,589.37,588.96,589.02,106571.0
2025-05-15 15:50:00,589.03,589.04,588.62,588.77,81210.0
2025-05-15 15:55:00,588.78,589.09,588.71,589.08,54752.0
2025-05-15 16:00:00,589.09,589.3,588.87,589.24,88069.0
2025-05-15 16:05:00,589.24,590.0,589.23,589.9,137376.0
2025-05-15 16:10:00,589.88,589.88,589.28,589.39,122356.0
2025-05-15 16:15:00,589.4,589.57,589.11,589.26,98040.0
2025-05-15 16:20:00,589.3,589.31,588.95,589.16,89161.0
2025-05-15 16:25:00,589.16,589.23,588.78,589.17,69103.0
2025-05-15 16:30:00,589.16,589.27,588.83,589.01,80926.0
2025-05-15 16:35:00,589.02,589.64,588.9,589.51,72654.0
2025-05-15 16:40:00,589.52,589.65,589.33,589.58,71771.0
2025-05-15 16:45:00,589.58,590.01,589.58,590.0,83051.0
2025-05-15 16:50:00,590.0,590.02,589.75,589.91,66796.0
2025-05-15 16:55:00,589.91,590.2,589.74,590.17,65984.0
2025-05-15 17:00:00,590.19,590.62,590.05,590.57,130271.0
2025-05-15 17:05:00,590.57,590.66,590.2,590.2,78840.0
2025-05-15 17:10:00,590.2,590.37,590.01,590.28,74357.0
2025-05-15 17:15:00,590.27,590.64,590.2,590.61,65257.0
2025-05-15 17:20:00,590.62,590.97,590.56,590.8,101964.0
2025-05-15 17:25:00,590.79,590.86,590.42,590.67,81246.0
2025-05-15 17:30:00,590.68,590.69,590.0,590.04,99559.0
2025-05-15 17:35:00,590.06,590.34,589.83,590.21,89529.0
2025-05-15 17:40:00,590.2,590.55,590.02,590.48,56494.0
2025-05-15 17:45:00,590.46,590.52,590.07,590.14,77727.0
2025-05-15 17:50:00,590.12,590.38,590.01,590.08,55101.0
2025-05-15 17:55:00,590.1,590.1,589.73,589.89,86204.0
2025-05-15 18:00:00,589.9,589.94,589.42,589.61,96217.0
2025-05-15 18:05:00,589.64,589.89,589.34,589.58,113191.0
2025-05-15 18:10:00,589.56,589.69,589.21,589.31,68478.0
2025-05-15 18:15:00,589.3,589.49,588.81,588.84,131285.0
2025-05-15 18:20:00,588.84,589.2,588.69,589.1,99368.0
2025-05-15 18:25:00,589.07,589.51,589.02,589.51,66004.0
2025-05-15 18:30:00,589.5,590.25,589.41,590.11,137370.0
2025-05-15 18:35:00,590.09,590.33,589.79,590.08,85351.0
2025-05-15 18:40:00,590.08,590.32,589.99,590.04,69577.0
2025-05-15 18:45:00,590.05,590.11,589.64,589.92,74594.0
2025-05-15 18:50:00,589.92,589.98,589.6,589.76,64766.0
2025-05-15 18:55:00,589.75,590.0,589.57,589.72,81149.0
2025-05-15 19:00:00,589.73,590.08,589.6,590.01,101252.0
2025-05-15 19:05:00,590.02,590.3,589.42,589.5,115172.0
2025-05-15 19:10:00,589.46,589.79,589.3,589.69,91901.0
2025-05-15 19:15:00,589.67,590.14,589.5,589.85,86207.0
2025-05-15 19:20:00,589.87,589.88,589.18,589.32,126471.0
2025-05-15 19:25:00,589.31,589.31,588.31,588.77,218032.0
2025-05-15 19:30:00,588.75,589.54,588.74,589.4,141084.0
2025-05-15 19:35:00,589.39,589.55,588.87,589.03,195235.0
2025-05-15 19:40:00,589.03,589.6,588.98,589.3,146262.0
2025-05-15 19:45:00,589.29,589.69,589.02,589.39,187117.0
2025-05-15 19:50:00,589.43,590.25,589.18,589.37,559056.0
2025-05-15 19:55:00,589.34,590.44,589.17,590.4,1123563.0
2025-05-16 13:30:00,591.21,591.3,590.3,590.45,658926.0
2025-05-16 13:35:00,590.45,590.92,590.38,590.78,231384.0
2025-05-16 13:40:00,590.81,590.86,590.01,590.32,196777.0
2025-05-16 13:45:00,590.34,590.86,590.3,590.84,131876.0
2025-05-16 13:50:00,590.84,591.06,590.62,590.81,118902.0
2025-05-16 13:55:00,590.77,591.4,590.72,591.39,115878.0
2025-05-16 14:00:00,591.31,591.31,590.29,591.11,172943.0
2025-05-16 14:05:00,591.11,591.37,590.47,590.91,139460.0
2025-05-16 14:10:00,590.89,591.0,590.36,590.74,83285.0
2025-05-16 14:15:00,590.74,591.47,590.59,591.4,85392.0
2025-05-16 14:20:00,591.4,591.42,591.03,591.28,64727.0
2025-05-16 14:25:00,591.31,591.62,590.78,590.89,90775.0
2025-05-16 14:30:00,590.89,590.9,590.33,590.51,89097.0
2025-05-16 14:35:00,590.52,590.55,590.18,590.33,101811.0
2025-05-16 14:40:00,590.34,590.37,589.28,589.45,113493.0
2025-05-16 14:45:00,589.43,590.25,589.31,590.21,123611.0
2025-05-16 14:50:00,590.21,590.57,590.19,590.54,69365.0
2025-05-16 14:55:00,590.59,590.8,590.27,590.45,77488.0
2025-05-16 15:00:00,590.46,590.82,590.46,590.53,58541.0
2025-05-16 15:05:00,590.5,590.91,590.39,590.52,64390.0
2025-05-16 15:10:00,590.52,591.08,590.52,590.87,57513.0
2025-05-16 15:15:00,590.87,591.05,590.61,590.83,59833.0
2025-05-16 15:20:00,590.86,590.92,590.4,590.59,51016.0
2025-05-16 15:25:00,590.59,590.93,590.56,590.89,41805.0
2025-05-16 15:30:00,590.89,591.41,590.88,591.3,89980.0
2025-05-16 15:35:00,591.31,591.45,591.08,591.21,64493.0
2025-05-16 15:40:00,591.23,591.62,591.21,591.48,68906.0
2025-05-16 15:45:00,591.49,591.55,591.15,591.24,49972.0
2025-05-16 15:50:00,591.25,591.47,590.92,591.35,53447.0
2025-05-16 15:55:00,591.35,591.35,590.98,591.03,34214.0
2025-05-16 16:00:00,591.04,591.59,590.92,591.49,54174.0
2025-05-16 16:05:00,591.5,591.69,591.47,591.57,47136.0
2025-05-16 16:10:00,591.54,591.95,591.49,591.88,50546.0
2025-05-16 16:15:00,591.91,592.27,591.85,591.88,98989.0
2025-05-16 16:20:00,591.9,592.21,591.9,592.13,44168.0
2025-05-16 16:25:00,592.14,592.21,591.96,592.06,62030.0
2025-05-16 16:30:00,592.05,592.38,591.9,591.92,86370.0
2025-05-16 16:35:00,591.93,592.19,591.93,592.19,64380.0
2025-05-16 16:40:00,592.21,592.38,591.88,592.03,80022.0
2025-05-16 16:45:00,592.05,592.19,591.78,591.78,46723.0
2025-05-16 16:50:00,591.78,592.4,591.78,592.35,67769.0
2025-05-16 16:55:00,592.37,592.51,592.23,592.26,86627.0
2025-05-16 17:00:00,592.25,592.75,592.11,592.64,62938.0
2025-05-16 17:05:00,592.67,592.72,592.53,592.64,55476.0
2025-05-16 17:10:00,592.63,592.79,592.38,592.76,60500.0
2025-05-16 17:15:00,592.77,593.27,592.72,593.14,117408.0
2025-05-16 17:20:00,593.15,593.23,592.88,593.07,84449.0
2025-05-16 17:25:00,593.1,593.14,593.01,593.09,43791.0
2025-05-16 17:30:00,593.1,593.39,593.09,593.35,69546.0
2025-05-16 17:35:00,593.36,593.47,593.06,593.09,68696.0
2025-05-16 17:40:00,593.09,593.19,592.92,593.03,55479.0
2025-05-16 17:45:00,593.04,593.12,592.96,592.99,55678.0
2025-05-16 17:50:00,593.0,593.1,592.64,592.73,89376.0
2025-05-16 17:55:00,592.75,592.9,592.58,592.82,77222.0
2025-05-16 18:00:00,592.82,593.08,592.66,592.93,74992.0
2025-05-16 18:05:00,592.96,592.96,592.67,592.75,50286.0
2025-05-16 18:10:00,592.73,593.1,592.67,593.02,47552.0
2025-05-16 18:15:00,593.02,593.16,592.92,593.1,57175.0
2025-05-16 18:20:00,593.06,593.29,593.02,593.22,59861.0
2025-05-16 18:25:00,593.23,593.43,593.12,593.26,74266.0
2025-05-16 18:30:00,593.26,593.47,593.13,593.39,54939.0
2025-05-16 18:35:00,593.39,593.54,593.18,593.5,51442.0
2025-05-16 18:40:00,593.5,593.82,593.39,593.65,112023.0
2025-05-16 18:45:00,593.67,593.86,593.65,593.75,51703.0
2025-05-16 18:50:00,593.75,594.02,593.63,593.84,70126.0
2025-05-16 18:55:00,593.83,593.99,593.52,593.55,73733.0
2025-05-16 19:00:00,593.56,593.92,593.53,593.86,57930.0
2025-05-16 19:05:00,593.86,594.35,593.86,594.07,111629.0
2025-05-16 19:10:00,594.07,594.2,593.97,594.08,62629.0
2025-05-16 19:15:00,594.11,594.18,593.83,594.07,66792.0
2025-05-16 19:20:00,594.06,594.07,593.78,593.94,71221.0
2025-05-16 19:25:00,593.94,593.98,593.68,593.86,76773.0
2025-05-16 19:30:00,593.85,593.89,593.53,593.61,148840.0
2025-05-16 19:35:00,593.62,593.74,593.41,593.48,174549.0
2025-05-16 19:40:00,593.46,593.72,593.31,593.41,140597.0
2025-05-16 19:45:00,593.42,594.14,593.19,593.98,327897.0
2025-05-16 19:50:00,593.95,594.28,593.76,593.89,258177.0
2025-05-16 19:55:00,593.89,594.5,593.86,594.3,803521.0
2025-05-19 13:30:00,588.1,589.55,588.09,589.2,640896.0
2025-05-19 13:35:00,589.21,589.97,588.9,589.92,272100.0
2025-05-19 13:40:00,589.93,590.5,589.82,590.48,216026.0
2025-05-19 13:45:00,590.48,591.3,590.19,591.06,236959.0
2025-05-19 13:50:00,591.02,591.23,590.7,591.04,110673.0
2025-05-19 13:55:00,591.07,591.41,590.97,591.26,108736.0
2025-05-19 14:00:00,591.24,592.29,591.05,592.0,228986.0
2025-05-19 14:05:00,592.02,593.08,591.84,592.78,275944.0
2025-05-19 14:10:00,592.78,592.84,592.22,592.4,171886.0
2025-05-19 14:15:00,592.4,593.3,592.4,593.03,158482.0
2025-05-19 14:20:00,593.03,593.17,592.53,592.7,125509.0
2025-05-19 14:25:00,592.68,592.68,591.52,592.24,175301.0
2025-05-19 14:30:00,592.26,592.53,591.77,592.48,101780.0
2025-05-19 14:35:00,592.46,592.79,592.34,592.54,69332.0
2025-05-19 14:40:00,592.51,592.9,592.31,592.53,76545.0
2025-05-19 14:45:00,592.56,592.78,591.75,591.9,90091.0
2025-05-19 14:50:00,591.88,592.54,591.62,592.18,79018.0
2025-05-19 14:55:00,592.17,592.25,591.88,592.0,58352.0
2025-05-19 15:00:00,592.02,592.65,591.95,592.63,105241.0
2025-05-19 15:05:00,592.63,592.69,592.04,592.52,56113.0
2025-05-19 15:10:00,592.54,592.77,592.37,592.51,72708.0
2025-05-19 15:15:00,592.49,592.87,592.48,592.7,48040.0
2025-05-19 15:20:00,592.71,592.81,592.43,592.54,57152.0
2025-05-19 15:25:00,592.53,592.57,592.21,592.35,64848.0
2025-05-19 15:30:00,592.35,592.83,592.26,592.56,65765.0
2025-05-19 15:35:00,592.6,593.26,592.53,593.18,61221.0
2025-05-19 15:40:00,593.22,593.77,593.22,593.31,113792.0
2025-05-19 15:45:00,593.31,593.56,592.78,592.86,88340.0
2025-05-19 15:50:00,592.84,593.08,592.63,592.93,56626.0
2025-05-19 15:55:00,592.91,593.19,592.78,593.1,62197.0
2025-05-19 16:00:00,593.15,593.37,592.93,593.36,51082.0
2025-05-19 16:05:00,593.33,593.33,593.05,593.19,38273.0
2025-05-19 16:10:00,593.17,593.53,593.12,593.4,56424.0
2025-05-19 16:15:00,593.41,593.62,593.15,593.18,49093.0
2025-05-19 16:20:00,593.14,593.61,593.14,593.59,50578.0
2025-05-19 16:25:00,593.59,594.13,593.52,593.98,149964.0
2025-05-19 16:30:00,593.97,594.05,593.63,593.72,86914.0
2025-05-19 16:35:00,593.71,593.98,593.65,593.86,62500.0
2025-05-19 16:40:00,593.86,593.9,593.57,593.75,75797.0
2025-05-19 16:45:00,593.76,594.0,593.63,593.86,59156.0
2025-05-19 16:50:00,593.85,594.5,593.85,594.31,106147.0
2025-05-19 16:55:00,594.31,594.76,594.22,594.54,123038.0
2025-05-19 17:00:00,594.54,595.04,594.45,595.01,151848.0
2025-05-19 17:05:00,595.01,595.46,594.88,595.44,132158.0
2025-05-19 17:10:00,595.44,595.54,595.17,595.3,159613.0
2025-05-19 17:15:00,595.32,595.41,594.99,595.01,104279.0
2025-05-19 17:20:00,595.0,595.25,594.96,595.25,76823.0
2025-05-19 17:25:00,595.25,595.48,595.1,595.11,81135.0
2025-05-19 17:30:00,595.1,595.46,594.77,595.46,140294.0
2025-05-19 17:35:00,595.47,595.47,595.05,595.09,60010.0
2025-05-19 17:40:00,595.11,595.13,594.84,594.94,56756.0
2025-05-19 17:45:00,594.96,594.97,594.53,594.68,93998.0
2025-05-19 17:50:00,594.67,594.85,594.41,594.47,110537.0
2025-05-19 17:55:00,594.45,594.55,594.31,594.36,54143.0
2025-05-19 18:00:00,594.36,594.54,594.18,594.39,106492.0
2025-05-19 18:05:00,594.39,594.46,594.19,594.37,77578.0
2025-05-19 18:10:00,594.36,594.38,593.95,594.07,100525.0
2025-05-19 18:15:00,594.08,594.08,593.35,593.58,121455.0
2025-05-19 18:20:00,593.55,593.83,593.38,593.57,108295.0
2025-05-19 18:25:00,593.6,594.13,593.6,593.75,123411.0
2025-05-19 18:30:00,593.76,594.14,593.59,594.04,107403.0
2025-05-19 18:35:00,594.03,594.5,594.02,594.39,76672.0
2025-05-19 18:40:00,594.4,594.48,594.05,594.18,77459.0
2025-05-19 18:45:00,594.18,594.26,593.86,594.03,81393.0
2025-05-19 18:50:00,594.02,594.27,594.02,594.25,74693.0
2025-05-19 18:55:00,594.22,594.45,594.16,594.39,67299.0
2025-05-19 19:00:00,594.4,594.66,594.07,594.19,123394.0
2025-05-19 19:05:00,594.18,594.43,594.01,594.12,67958.0
2025-05-19 19:10:00,594.09,594.14,593.77,593.86,83761.0
2025-05-19 19:15:00,593.84,593.9,593.53,593.6,95177.0
2025-05-19 19:20:00,593.59,593.96,593.52,593.67,120423.0
2025-05-19 19:25:00,593.66,593.66,593.16,593.55,147438.0
2025-05-19 19:30:00,593.56,593.95,593.53,593.69,139578.0
2025-05-19 19:35:00,593.67,594.02,593.59,593.91,141130.0
2025-05-19 19:40:00,593.91,593.94,593.59,593.75,129091.0
2025-05-19 19:45:00,593.74,594.42,593.69,594.28,268592.0
2025-05-19 19:50:00,594.3,594.91,594.3,594.51,411352.0
2025-05-19 19:55:00,594.49,595.24,594.37,594.94,823035.0
2025-05-20 13:30:00,593.11,593.6,592.92,593.33,431306.0
2025-05-20 13:35:00,593.33,593.45,592.83,593.42,176425.0
2025-05-20 13:40:00,593.45,593.62,592.76,593.0,157100.0
2025-05-20 13:45:00,593.02,593.2,592.07,592.36,180067.0
2025-05-20 13:50:00,592.4,593.54,592.04,593.23,144488.0
2025-05-20 13:55:00,593.21,593.38,592.57,592.84,104222.0
2025-05-20 14:00:00,592.85,593.18,592.56,593.12,131466.0
2025-05-20 14:05:00,593.13,593.36,592.49,592.51,119833.0
2025-05-20 14:10:00,592.46,592.87,592.37,592.82,136998.0
2025-05-20 14:15:00,592.81,593.16,592.6,592.98,102450.0
2025-05-20 14:20:00,592.98,593.46,592.86,592.89,90553.0
2025-05-20 14:25:00,592.89,593.32,592.54,592.92,85859.0
2025-05-20 14:30:00,592.87,593.13,592.64,593.02,85000.0
2025-05-20 14:35:00,592.99,593.75,592.9,593.73,132469.0
2025-05-20 14:40:00,593.74,593.95,593.64,593.93,85545.0
2025-05-20 14:45:00,593.95,594.05,593.73,593.9,69025.0
2025-05-20 14:50:00,593.9,593.91,593.56,593.72,63198.0
2025-05-20 14:55:00,593.71,593.78,592.88,592.97,99101.0
2025-05-20 15:00:00,592.97,593.2,592.49,592.99,114493.0
2025-05-20 15:05:00,593.01,593.14,592.78,593.07,46421.0
2025-05-20 15:10:00,593.04,593.4,592.96,593.29,54699.0
2025-05-20 15:15:00,593.31,593.64,593.23,593.49,57376.0
2025-05-20 15:20:00,593.5,593.6,593.14,593.14,40900.0
2025-05-20 15:25:00,593.09,593.48,593.02,593.44,76910.0
2025-05-20 15:30:00,593.44,593.53,593.05,593.25,83394.0
2025-05-20 15:35:00,593.25,593.27,592.98,593.12,77754.0
2025-05-20 15:40:00,593.13,593.14,592.56,592.67,50215.0
2025-05-20 15:45:00,592.66,593.08,592.48,592.96,64318.0
2025-05-20 15:50:00,593.0,593.06,592.76,592.82,35317.0
2025-05-20 15:55:00,592.85,593.42,592.85,593.15,76367.0
2025-05-20 16:00:00,593.22,593.33,592.94,593.02,39395.0
2025-05-20 16:05:00,593.04,593.04,592.58,592.72,53847.0
2025-05-20 16:10:00,592.74,592.77,592.24,592.58,72388.0
2025-05-20 16:15:00,592.58,592.68,592.39,592.57,30567.0
2025-05-20 16:20:00,592.56,592.84,592.42,592.45,35307.0
2025-05-20 16:25:00,592.41,592.9,592.24,592.68,54122.0
2025-05-20 16:30:00,592.69,592.92,592.65,592.74,44444.0
2025-05-20 16:35:00,592.77,593.24,592.77,593.2,79917.0
2025-05-20 16:40:00,593.19,593.42,593.09,593.39,57536.0
2025-05-20 16:45:00,593.39,593.5,593.21,593.32,60284.0
2025-05-20 16:50:00,593.33,593.46,593.19,593.37,65848.0
2025-05-20 16:55:00,593.39,593.57,593.35,593.38,68069.0
2025-05-20 17:00:00,593.37,593.72,593.29,593.67,73771.0
2025-05-20 17:05:00,593.67,593.77,593.6,593.72,56561.0
2025-05-20 17:10:00,593.73,593.8,593.54,593.75,70343.0
2025-05-20 17:15:00,593.75,593.75,593.44,593.54,51113.0
2025-05-20 17:20:00,593.54,593.54,593.2,593.29,59924.0
2025-05-20 17:25:00,593.29,593.67,593.29,593.45,55264.0
2025-05-20 17:30:00,593.47,593.53,592.86,592.98,84500.0
2025-05-20 17:35:00,592.98,593.14,592.81,592.95,57591.0
2025-05-20 17:40:00,592.99,593.24,592.86,593.03,65025.0
2025-05-20 17:45:00,593.02,593.07,592.67,592.67,37065.0
2025-05-20 17:50:00,592.67,593.01,592.47,592.99,99966.0
2025-05-20 17:55:00,592.98,593.07,592.77,593.0,41805.0
2025-05-20 18:00:00,592.95,593.14,592.76,593.05,54661.0
2025-05-20 18:05:00,593.05,593.17,592.89,592.95,57179.0
2025-05-20 18:10:00,592.94,593.12,592.91,592.97,46935.0
2025-05-20 18:15:00,592.98,593.06,592.37,592.54,108395.0
2025-05-20 18:20:00,592.56,592.56,591.22,591.82,225278.0
2025-05-20 18:25:00,591.79,592.1,590.63,590.81,182700.0
2025-05-20 18:30:00,590.82,591.06,590.59,591.01,156719.0
2025-05-20 18:35:00,591.01,591.59,590.97,591.46,160538.0
2025-05-20 18:40:00,591.45,591.52,590.67,591.0,125239.0
2025-05-20 18:45:00,590.98,591.17,590.75,590.96,66322.0
2025-05-20 18:50:00,590.93,591.22,590.73,590.93,114265.0
2025-05-20 18:55:00,590.92,591.1,590.83,590.88,67484.0
2025-05-20 19:00:00,590.88,590.88,589.66,589.79,260451.0
2025-05-20 19:05:00,589.78,590.7,589.61,590.63,239481.0
2025-05-20 19:10:00,590.62,590.98,590.43,590.93,109313.0
2025-05-20 19:15:00,590.91,591.3,590.69,591.16,85539.0
2025-05-20 19:20:00,591.14,591.43,591.12,591.3,106017.0
2025-05-20 19:25:00,591.31,591.65,591.22,591.32,158719.0
2025-05-20 19:30:00,591.32,592.16,591.32,591.99,176666.0
2025-05-20 19:35:00,591.99,592.29,591.8,592.12,149117.0
2025-05-20 19:40:00,592.13,592.25,591.58,591.66,174970.0
2025-05-20 19:45:00,591.67,592.08,591.48,591.6,174165.0
2025-05-20 19:50:00,591.64,592.6,591.36,592.34,278219.0
2025-05-20 19:55:00,592.34,592.96,592.13,592.83,714384.0
2025-05-21 13:30:00,588.47,589.69,588.42,589.29,531120.0
2025-05-21 13:35:00,589.29,589.58,589.0,589.58,209290.0
2025-05-21 13:40:00,589.56,589.96,589.17,589.78,214023.0
2025-05-21 13:45:00,589.79,590.17,589.68,590.15,139426.0
2025-05-21 13:50:00,590.14,590.5,589.95,590.19,169586.0
2025-05-21 13:55:00,590.18,590.47,589.75,589.84,152870.0
2025-05-21 14:00:00,589.84,591.41,589.8,590.51,342100.0
2025-05-21 14:05:00,590.55,590.94,590.29,590.56,165398.0
2025-05-21 14:10:00,590.58,590.61,589.81,589.99,123006.0
2025-05-21 14:15:00,589.99,590.29,589.93,590.07,78499.0
2025-05-21 14:20:00,590.06,590.55,590.04,590.17,101505.0
2025-05-21 14:25:00,590.17,590.28,589.59,589.63,137345.0
2025-05-21 14:30:00,589.63,590.04,589.18,589.29,116676.0
2025-05-21 14:35:00,589.29,589.87,589.17,589.85,104341.0
2025-05-21 14:40:00,589.84,590.12,589.28,589.3,74916.0
2025-05-21 14:45:00,589.32,589.52,588.89,589.52,85767.0
2025-05-21 14:50:00,589.49,589.92,589.49,589.61,46698.0
2025-05-21 14:55:00,589.65,590.7,589.65,590.65,104956.0
2025-05-21 15:00:00,590.66,590.97,590.37,590.75,117234.0
2025-05-21 15:05:00,590.76,591.84,590.57,591.7,181587.0
2025-05-21 15:10:00,591.71,592.06,591.41,591.99,145012.0
2025-05-21 15:15:00,591.99,592.14,591.61,591.75,119980.0
2025-05-21 15:20:00,591.76,592.23,591.48,592.22,99072.0
2025-05-21 15:25:00,592.22,592.24,591.74,591.78,79144.0
2025-05-21 15:30:00,591.77,591.87,591.55,591.7,79379.0
2025-05-21 15:35:00,591.75,591.75,591.25,591.65,107102.0
2025-05-21 15:40:00,591.66,591.91,591.4,591.81,67165.0
2025-05-21 15:45:00,591.81,591.88,591.44,591.63,59415.0
2025-05-21 15:50:00,591.6,592.19,591.48,592.11,58987.0
2025-05-21 15:55:00,592.12,592.17,591.66,591.75,73334.0
2025-05-21 16:00:00,591.73,591.99,591.56,591.77,69525.0
2025-05-21 16:05:00,591.77,592.29,591.66,592.15,80874.0
2025-05-21 16:10:00,592.13,592.21,591.73,591.95,53320.0
2025-05-21 16:15:00,591.95,592.04,591.71,591.81,52738.0
2025-05-21 16:20:00,591.78,591.82,591.43,591.62,91127.0
2025-05-21 16:25:00,591.62,591.83,591.55,591.77,48461.0
2025-05-21 16:30:00,591.8,592.13,591.68,592.06,63805.0
2025-05-21 16:35:00,592.04,592.25,591.87,591.92,55000.0
2025-05-21 16:40:00,591.95,592.14,591.83,592.03,46685.0
2025-05-21 16:45:00,592.05,592.57,591.95,592.49,70324.0
2025-05-21 16:50:00,592.49,592.58,592.24,592.35,79209.0
2025-05-21 16:55:00,592.34,592.38,591.56,591.61,103287.0
2025-05-21 17:00:00,591.63,591.77,590.95,591.4,125944.0
2025-05-21 17:05:00,591.42,591.67,590.51,590.62,110779.0
2025-05-21 17:10:00,590.62,590.62,589.9,590.16,177053.0
2025-05-21 17:15:00,590.16,590.19,587.53,588.26,469971.0
2025-05-21 17:20:00,588.24,588.28,585.8,586.02,628676.0
2025-05-21 17:25:00,586.03,586.23,584.55,584.69,546460.0
2025-05-21 17:30:00,584.69,586.6,583.79,586.0,691954.0
2025-05-21 17:35:00,585.97,587.75,585.44,587.72,484099.0
2025-05-21 17:40:00,587.7,587.72,586.3,586.37,277801.0
2025-05-21 17:45:00,586.33,587.17,585.99,586.61,233712.0
2025-05-21 17:50:00,586.58,587.04,585.61,586.14,214372.0
2025-05-21 17:55:00,586.14,586.21,585.54,586.13,126012.0
2025-05-21 18:00:00,586.16,586.39,584.95,585.06,130974.0
2025-05-21 18:05:00,585.05,586.27,584.92,586.19,186583.0
2025-05-21 18:10:00,586.2,586.34,584.79,585.33,96402.0
2025-05-21 18:15:00,585.3,585.81,585.03,585.1,93982.0
2025-05-21 18:20:00,585.08,585.13,584.15,584.74,132419.0
2025-05-21 18:25:00,584.7,585.65,584.7,585.24,104576.0
2025-05-21 18:30:00,585.28,585.95,585.07,585.9,111846.0
2025-05-21 18:35:00,585.93,586.28,585.28,585.48,127422.0
2025-05-21 18:40:00,585.54,586.04,585.44,585.85,87534.0
2025-05-21 18:45:00,585.85,586.03,584.55,584.71,112861.0
2025-05-21 18:50:00,584.69,584.98,584.25,584.33,91892.0
2025-05-21 18:55:00,584.29,584.67,583.78,584.02,216386.0
2025-05-21 19:00:00,584.03,584.6,583.74,584.18,159182.0
2025-05-21 19:05:00,584.17,584.54,582.71,582.74,226871.0
2025-05-21 19:10:00,582.72,583.64,582.3,583.5,311786.0
2025-05-21 19:15:00,583.51,583.69,582.77,582.91,212449.0
2025-05-21 19:20:00,582.91,583.23,582.24,582.34,191162.0
2025-05-21 19:25:00,582.37,582.62,581.83,582.26,220146.0
2025-05-21 19:30:00,582.29,583.62,582.28,583.46,296035.0
2025-05-21 19:35:00,583.46,584.29,583.13,584.25,301912.0
2025-05-21 19:40:00,584.23,584.62,583.89,584.44,285881.0
2025-05-21 19:45:00,584.42,584.58,583.67,583.92,282166.0
2025-05-21 19:50:00,583.94,584.57,583.4,583.43,471194.0
2025-05-21 19:55:00,583.45,583.86,582.94,582.98,1373001.0
2025-05-22 13:30:00,582.66,583.52,581.67,581.74,508278.0
2025-05-22 13:35:00,581.74,582.6,581.41,582.31,240885.0
2025-05-22 13:40:00,582.29,583.22,582.1,582.47,175634.0
2025-05-22 13:45:00,582.78,583.07,582.08,582.49,236772.0
2025-05-22 13:50:00,582.51,584.03,582.15,583.52,262003.0
2025-05-22 13:55:00,583.54,584.33,583.29,584.17,194238.0
2025-05-22 14:00:00,584.19,584.86,584.12,584.65,203550.0
2025-05-22 14:05:00,584.67,585.17,584.32,584.89,200852.0
2025-05-22 14:10:00,584.87,584.88,583.68,583.83,160172.0
2025-05-22 14:15:00,583.83,584.17,583.59,583.89,103949.0
2025-05-22 14:20:00,583.87,583.87,582.8,582.82,132818.0
2025-05-22 14:25:00,582.81,583.33,582.51,582.84,191243.0
2025-05-22 14:30:00,582.84,583.35,582.63,582.91,178610.0
2025-05-22 14:35:00,582.91,583.13,582.11,582.39,138512.0
2025-05-22 14:40:00,582.36,583.18,582.16,582.32,140515.0
2025-05-22 14:45:00,582.31,583.11,582.26,582.58,122489.0
2025-05-22 14:50:00,582.59,582.91,582.15,582.23,104524.0
2025-05-22 14:55:00,582.17,583.11,581.51,582.93,198575.0
2025-05-22 15:00:00,582.92,583.47,582.81,583.28,202650.0
2025-05-22 15:05:00,583.29,583.7,582.83,583.43,117161.0
2025-05-22 15:10:00,583.44,583.6,582.93,582.93,73829.0
2025-05-22 15:15:00,582.93,583.04,582.36,582.95,111533.0
2025-05-22 15:20:00,582.99,583.74,582.84,583.6,117019.0
2025-05-22 15:25:00,583.61,583.84,582.55,582.55,119102.0
2025-05-22 15:30:00,582.54,583.35,582.47,583.25,154505.0
2025-05-22 15:35:00,583.27,584.08,583.13,583.67,143619.0
2025-05-22 15:40:00,583.66,584.18,583.55,583.96,104115.0
2025-05-22 15:45:00,583.95,584.37,583.62,583.76,99235.0
2025-05-22 15:50:00,583.75,584.09,583.62,584.05,80932.0
2025-05-22 15:55:00,584.09,584.26,583.84,584.24,79613.0
2025-05-22 16:00:00,584.28,584.56,584.08,584.38,103618.0
2025-05-22 16:05:00,584.37,584.6,583.78,584.45,113800.0
2025-05-22 16:10:00,584.44,585.06,584.38,584.99,104925.0
2025-05-22 16:15:00,584.98,585.61,584.69,584.75,118073.0
2025-05-22 16:20:00,584.7,584.84,584.38,584.44,94979.0
2025-05-22 16:25:00,584.43,584.61,584.25,584.32,67736.0
2025-05-22 16:30:00,584.32,584.45,583.78,583.98,103138.0
2025-05-22 16:35:00,584.03,584.43,583.88,584.18,45426.0
2025-05-22 16:40:00,584.19,584.39,583.96,584.01,58669.0
2025-05-22 16:45:00,584.0,584.11,583.45,583.48,79453.0
2025-05-22 16:50:00,583.53,583.84,583.38,583.75,59653.0
2025-05-22 16:55:00,583.76,583.78,583.05,583.11,67012.0
2025-05-22 17:00:00,583.13,583.33,582.79,582.85,83334.0
2025-05-22 17:05:00,582.88,583.18,582.68,582.72,69933.0
2025-05-22 17:10:00,582.73,583.08,582.63,582.82,72215.0
2025-05-22 17:15:00,582.8,584.01,582.8,583.64,111241.0
2025-05-22 17:20:00,583.63,584.56,583.63,584.49,88430.0
2025-05-22 17:25:00,584.5,584.86,584.33,584.67,121911.0
2025-05-22 17:30:00,584.67,585.0,584.31,584.95,104780.0
2025-05-22 17:35:00,584.97,585.1,584.46,584.71,70342.0
2025-05-22 17:40:00,584.73,585.3,584.71,585.29,85137.0
2025-05-22 17:45:00,585.29,585.37,584.81,585.08,77432.0
2025-05-22 17:50:00,585.08,585.19,584.9,585.04,50400.0
2025-05-22 17:55:00,585.07,585.83,585.04,585.38,85290.0
2025-05-22 18:00:00,585.38,585.71,585.23,585.46,82618.0
2025-05-22 18:05:00,585.47,585.6,585.11,585.36,81357.0
2025-05-22 18:10:00,585.36,585.58,585.04,585.53,91493.0
2025-05-22 18:15:00,585.53,585.89,585.4,585.79,97267.0
2025-05-22 18:20:00,585.79,586.0,585.31,585.87,84902.0
2025-05-22 18:25:00,585.85,585.99,585.47,585.57,65444.0
2025-05-22 18:30:00,585.58,585.73,585.28,585.59,58105.0
2025-05-22 18:35:00,585.56,585.73,585.07,585.1,64227.0
2025-05-22 18:40:00,585.11,585.34,584.89,585.16,88876.0
2025-05-22 18:45:00,585.2,585.51,585.09,585.15,64645.0
2025-05-22 18:50:00,585.15,585.78,585.13,585.52,65114.0
2025-05-22 18:55:00,585.51,586.09,585.5,585.82,87606.0
2025-05-22 19:00:00,585.85,586.23,585.75,586.09,118794.0
2025-05-22 19:05:00,586.07,586.4,585.84,585.85,93491.0
2025-05-22 19:10:00,585.84,586.21,585.78,586.19,93537.0
2025-05-22 19:15:00,586.19,586.23,585.82,585.9,67562.0
2025-05-22 19:20:00,585.92,586.1,585.67,585.92,81284.0
2025-05-22 19:25:00,585.93,586.62,585.9,586.51,129263.0
2025-05-22 19:30:00,586.5,586.56,585.74,586.01,168552.0
2025-05-22 19:35:00,586.02,586.04,585.47,585.61,138934.0
2025-05-22 19:40:00,585.59,585.7,585.05,585.08,155627.0
2025-05-22 19:45:00,585.09,585.2,584.41,585.04,269000.0
2025-05-22 19:50:00,585.05,585.76,584.03,584.06,417974.0
2025-05-22 19:55:00,584.07,584.31,582.58,583.03,1300638.0
2025-05-23 13:30:00,575.95,577.57,575.62,577.26,884352.0
2025-05-23 13:35:00,577.25,578.16,577.08,577.17,510550.0
2025-05-23 13:40:00,577.16,577.58,576.41,577.16,401171.0
2025-05-23 13:45:00,577.17,577.26,576.07,576.48,270657.0
2025-05-23 13:50:00,576.49,577.43,576.21,576.65,392914.0
2025-05-23 13:55:00,576.65,577.08,576.4,576.81,202368.0
2025-05-23 14:00:00,576.86,578.11,576.7,577.85,373752.0
2025-05-23 14:05:00,577.84,578.22,577.5,577.55,263420.0
2025-05-23 14:10:00,577.54,578.87,577.28,578.29,265684.0
2025-05-23 14:15:00,578.25,578.54,577.36,577.38,177187.0
2025-05-23 14:20:00,577.37,578.32,576.93,578.27,208142.0
2025-05-23 14:25:00,578.29,578.6,577.43,577.72,176519.0
2025-05-23 14:30:00,577.71,578.63,577.58,578.58,113617.0
2025-05-23 14:35:00,578.6,578.68,578.03,578.32,143721.0
2025-05-23 14:40:00,578.32,578.73,577.96,578.44,120567.0
2025-05-23 14:45:00,578.46,578.92,578.22,578.45,112727.0
2025-05-23 14:50:00,578.44,578.51,577.3,577.31,139178.0
2025-05-23 14:55:00,577.33,577.57,577.01,577.12,129890.0
2025-05-23 15:00:00,577.13,578.03,577.04,577.61,159868.0
2025-05-23 15:05:00,577.62,577.69,576.82,577.59,140537.0
2025-05-23 15:10:00,577.58,577.8,576.95,577.44,120860.0
2025-05-23 15:15:00,577.43,578.0,576.87,577.68,89804.0
2025-05-23 15:20:00,577.69,578.44,577.62,578.38,93148.0
2025-05-23 15:25:00,578.36,578.53,578.15,578.48,111643.0
2025-05-23 15:30:00,578.48,579.17,578.35,579.17,130905.0
2025-05-23 15:35:00,579.16,579.73,578.74,578.95,193866.0
2025-05-23 15:40:00,578.98,579.3,578.85,579.1,84083.0
2025-05-23 15:45:00,579.15,579.25,578.66,579.03,68780.0
2025-05-23 15:50:00,579.03,579.12,578.08,578.39,91552.0
2025-05-23 15:55:00,578.4,578.5,577.98,578.03,90859.0
2025-05-23 16:00:00,578.04,578.85,577.79,577.83,181070.0
2025-05-23 16:05:00,577.82,578.43,577.53,578.04,159197.0
2025-05-23 16:10:00,578.04,578.32,577.78,578.11,77370.0
2025-05-23 16:15:00,578.08,578.36,577.88,578.05,76278.0
